shrid2,pc01_state_id,pc01_district_id,pc01_subdistrict_id,pc01_town_id,pc01_land_area,pc01_pca_tot_p
01-05-05-00-40508000,05,05,0003,40508000,5.2,5424.0
01-05-07-00-40701000,05,07,0002,40701000,5.64,3739.0
01-08-10-00-41004000,08,10,0006,41004000,4.96,5247.0
01-08-21-00-42104000,08,21,0002,42104000,5.48,4945.0
01-08-25-00-42504000,08,25,0006,42504000,5.57,2833.0
01-08-30-00-43002000,08,30,0003,43002000,4.51,8834.0
01-09-25-00-42514000,09,25,0005,42514000,6.27,3575.0
01-09-46-00-44608000,09,46,0004,44608000,2.62,11323.0
01-09-69-00-46905000,09,69,0004,46905000,1.87,3979.0
01-10-02-00-40204000,10,02,0011,40204000,2.49,7745.0
01-10-19-00-41902000,10,19,0011,41902000,8.08,13769.0
01-10-34-00-43402000,10,34,0006,43402000,5.73,8608.0
01-16-01-00-40105000,16,01,0001,40105000,5.0,7343.0
01-18-17-00-41701000,18,17,0002,41701000,9.0,3697.0
01-19-01-00-40101000,19,01,0001,40101000,2.2,1633.0
01-19-09-00-40903000,19,09,0001,40903000,1.51,3861.0
01-19-09-00-40923000,19,09,0005,40923000,3.49,3843.0
01-19-09-00-40957000,19,09,0017,40957000,3.48,4454.0
01-19-15-00-41512000,19,15,0023,41512000,1.59,8288.0
01-20-02-00-40201000,20,02,0001,40201000,9.3,3930.0
01-20-07-00-40701000,20,07,0001,40701000,8.26,14137.0
01-20-12-00-41205000,20,12,0003,41205000,1.18,8913.0
01-20-12-00-41206000,20,12,0003,41206000,5.0,51233.0
01-20-12-00-41208000,20,12,0003,41208000,1.03,6966.0
01-20-12-00-41209000,20,12,0003,41209000,2.37,8305.0
01-20-12-00-41211000,20,12,0003,41211000,2.12,13761.0
01-20-12-00-41214000,20,12,0005,41214000,7.82,32721.0
01-20-12-00-41216000,20,12,0005,41216000,4.78,8359.0
01-20-12-00-41217000,20,12,0005,41217000,3.33,11536.0
01-20-12-00-41218000,20,12,0005,41218000,0.57,6727.0
01-20-12-00-41219000,20,12,0005,41219000,3.23,32173.0
01-20-12-00-41220000,20,12,0005,41220000,1.29,4022.0
01-20-12-00-41221000,20,12,0005,41221000,11.74,89534.0
01-20-12-00-41222000,20,12,0005,41222000,2.8,9552.0
01-20-12-00-41223000,20,12,0005,41223000,1.25,9214.0
01-20-12-00-41224000,20,12,0005,41224000,1.8,12280.0
01-20-12-00-41225000,20,12,0006,41225000,6.55,34092.0
01-20-12-00-41226000,20,12,0006,41226000,4.42,81983.0
01-20-12-00-41227000,20,12,0006,41227000,1.21,19831.0
01-20-12-00-41228000,20,12,0006,41228000,7.09,33507.0
01-20-12-00-41230000,20,12,0005,41230000,1.62,24189.0
01-20-12-00-41232000,20,12,0006,41232000,14.02,53572.0
01-20-12-00-41233000,20,12,0006,41233000,16.4,85100.0
01-20-12-00-41234000,20,12,0006,41234000,15.73,44295.0
01-20-12-00-41235000,20,12,0006,41235000,7.8,39541.0
01-20-12-00-41236000,20,12,0006,41236000,4.67,4285.0
01-20-12-00-41237000,20,12,0006,41237000,46.65,76746.0
01-20-12-00-41239000,20,12,0008,41239000,1.56,2983.0
01-20-17-00-41703000,20,17,0009,41703000,1.02,3775.0
01-20-17-00-41706000,20,17,0005,41706000,6.96,6792.0
01-20-17-00-41711000,20,17,0014,41711000,1.12,3951.0
01-21-06-00-40609000,21,06,0020,40609000,7.45,5168.0
01-22-02-00-40202000,22,02,0005,40202000,6.59,7149.0
01-22-02-00-40207000,22,02,0006,40207000,5.13,8918.0
01-23-29-00-42902000,23,29,0001,42902000,4.76,15871.0
01-23-35-00-43501000,23,35,0003,43501000,1.06,3997.0
01-23-43-00-44307000,23,43,0005,44307000,3.35,3449.0
01-23-43-00-44311000,23,43,0004,44311000,4.88,10692.0
01-23-43-00-44314000,23,43,0005,44314000,2.5,3968.0
01-24-06-00-40607000,24,06,0003,40607000,10.48,55504.0
01-24-06-00-40608000,24,06,0003,40608000,5.09,21141.0
01-24-07-00-40703000,24,07,0005,40703000,3.55,34220.0
01-24-07-00-40705000,24,07,0005,40705000,7.68,92498.0
01-24-07-00-40706000,24,07,0005,40706000,19.1,68417.0
01-24-07-00-40707000,24,07,0005,40707000,,109467.0
01-24-07-00-40708000,24,07,0005,40708000,2.1,37284.0
01-24-07-00-40709000,24,07,0005,40709000,4.22,24656.0
01-24-07-00-40711000,24,07,0005,40711000,10.09,116086.0
01-24-07-00-40712000,24,07,0005,40712000,10.94,18047.0
01-24-07-00-40714000,24,07,0006,40714000,6.01,13843.0
01-24-07-00-40715000,24,07,0006,40715000,8.51,42713.0
01-24-07-00-40718000,24,07,0006,40718000,11.37,41919.0
01-24-07-00-40719000,24,07,0006,40719000,7.26,27550.0
01-24-07-00-40720000,24,07,0006,40720000,6.37,16722.0
01-24-10-00-41002000,24,10,0001,41002000,13.54,15011.0
01-24-10-00-41004000,24,10,0001,41004000,2.77,16796.0
01-24-10-00-41010000,24,10,0003,41010000,4.83,19112.0
01-24-10-00-41011000,24,10,0003,41011000,4.27,39500.0
01-24-11-00-41103000,24,11,0002,41103000,35.9,17238.0
01-24-12-00-41204000,24,12,0003,41204000,3.62,28767.0
01-24-20-00-42002000,24,20,0002,42002000,3.5,4480.0
01-24-22-00-42207000,24,22,0010,42207000,2.96,23415.0
01-24-22-00-42208000,24,22,0010,42208000,2.91,12894.0
01-24-22-00-42209000,24,22,0010,42209000,2.12,20693.0
01-24-24-00-42403000,24,24,0002,42403000,9.89,16248.0
01-24-25-00-42503000,24,25,0001,42503000,2.83,17525.0
01-24-25-00-42505000,24,25,0001,42505000,6.24,20967.0
01-24-25-00-42510000,24,25,0003,42510000,5.11,16247.0
01-24-25-00-42514000,24,25,0003,42514000,9.66,24524.0
01-27-01-00-40102000,27,01,0004,40102000,2.41,3594.0
01-27-09-00-40911000,27,09,0006,40911000,10.7,2336.0
01-27-09-00-40914000,27,09,0006,40914000,6.39,6459.0
01-27-10-00-41002000,27,10,0001,41002000,22.01,5759.0
01-27-16-00-41604000,27,16,0005,41604000,8.44,6601.0
01-27-25-00-42519000,27,25,0006,42519000,6.39,7976.0
01-27-26-00-42604000,27,26,0003,42604000,7.04,10860.0
01-27-26-00-42608000,27,26,0005,42608000,4.59,7506.0
01-27-26-00-42615000,27,26,0009,42615000,23.17,7620.0
01-27-31-00-43104000,27,31,0003,43104000,76.15,11836.0
01-27-31-00-43114000,27,31,0011,43114000,4.3,3942.0
01-27-32-00-43206000,27,32,0005,43206000,4.34,3207.0
01-27-35-00-43502000,27,35,0001,43502000,13.24,3922.0
01-28-01-00-40105000,28,01,0028,40105000,18.66,6691.0
01-28-04-00-40408000,28,04,0044,40408000,14.0,40273.0
01-28-04-00-40410000,28,04,0045,40410000,25.87,52363.0
01-28-06-00-40602000,28,06,0005,40602000,98.0,153364.0
01-28-06-00-40603000,28,06,0006,40603000,72.0,292289.0
01-28-06-00-40604000,28,06,0007,40604000,46.87,231108.0
01-28-06-00-40605000,28,06,0010,40605000,46.8,94372.0
01-28-06-00-40606000,28,06,0010,40606000,18.0,193863.0
01-28-06-00-40607000,28,06,0011,40607000,65.0,159002.0
01-28-06-00-40609000,28,06,0013,40609000,19.7,118085.0
01-28-06-00-40611000,28,06,0015,40611000,2.19,52835.0
01-28-10-00-41006000,28,10,0016,41006000,13.74,2701.0
01-28-12-00-41208000,28,12,0030,41208000,5.08,13081.0
01-28-13-00-41305000,28,13,0022,41305000,7.92,26998.0
01-28-13-00-41308000,28,13,0029,41308000,128.04,276552.0
01-28-14-00-41411000,28,14,0036,41411000,21.65,47638.0
01-28-17-00-41703000,28,17,0019,41703000,21.88,51404.0
01-28-17-00-41704000,28,17,0023,41704000,37.53,52519.0
01-28-18-00-41804000,28,18,0035,41804000,2.22,6526.0
01-28-19-00-41902000,28,19,0007,41902000,8.01,8529.0
01-28-20-00-42008000,28,20,0032,42008000,33.79,148039.0
01-28-20-00-42009000,28,20,0032,42009000,11.0,31431.0
01-28-20-00-42010000,28,20,0032,42010000,27.6,64729.0
01-28-20-00-42011000,28,20,0032,42011000,6.0,18307.0
01-28-21-00-42104000,28,21,0015,42104000,21.69,6861.0
01-28-21-00-42107000,28,21,0030,42107000,32.6,11679.0
01-28-23-00-42311000,28,23,0040,42311000,1.04,6797.0
01-29-04-00-40415000,29,04,0006,40415000,6.91,4702.0
01-29-20-00-42002000,29,20,0001,42002000,28.27,94234.0
01-29-20-00-42005000,29,20,0001,42005000,53.54,200530.0
01-29-20-00-42006000,29,20,0001,42006000,5.71,18069.0
01-29-20-00-42011000,29,20,0002,42011000,52.9,154223.0
01-29-20-00-42012000,29,20,0002,42012000,2.85,10467.0
01-29-20-00-42014000,29,20,0002,42014000,1.27,13316.0
01-29-20-00-42015000,29,20,0002,42015000,6.31,20874.0
01-29-20-00-42016000,29,20,0002,42016000,2.5,11201.0
01-29-21-00-42102000,29,21,0002,42102000,0.11,6172.0
01-29-22-00-42205000,29,22,0000,42205000,3.47,8493.0
01-29-24-00-42409000,29,24,0001,42409000,3.26,7233.0
01-29-24-00-42410000,29,24,0001,42410000,4.68,9956.0
01-29-26-00-42605000,29,26,0004,42605000,7.68,1527.0
01-32-09-00-40901000,32,09,0002,40901000,,2311.0
01-33-03-00-40341000,33,03,0003,40341000,13.4,5151.0
01-33-09-00-40905000,33,09,0001,40905000,20.03,6812.0
01-33-10-00-41053000,33,10,0005,41053000,23.4,16255.0
01-33-12-00-41221000,33,12,0004,41221000,5.32,3844.0
01-33-13-00-41317000,33,13,0005,41317000,9.36,11834.0
01-33-26-00-42618000,33,26,0003,42618000,3.0,8785.0
11-01-001-00001-800001,01,01,0001,40101000,4.1,14857.0
11-01-001-00002-800002,01,01,0002,40102000,8.5,10638.0
11-01-002-00005-800016,01,04,0001,40401000,2.3,4312.0
11-01-002-00005-800017,01,04,0001,40402000,5.1,6295.0
11-01-002-00006-800018,01,04,0002,40404000,4.3,2038.0
11-01-002-00007-800019,01,04,0002,40403000,10.1,11767.0
11-01-002-00009-800021,01,04,0003,40405000,0.8,7374.0
11-01-003-00010-800047,01,07,0001,40701000,9.2,28639.0
11-01-004-00013-800048,01,08,0001,40801000,2.1,10657.0
11-01-005-00016-800062,01,11,0001,41101000,10.36,23978.0
11-01-006-00020-800064,01,12,0001,41201000,4.18,3475.0
11-01-006-00022-800065,01,12,0002,41202000,12.89,21580.0
11-01-006-00025-800066,01,12,0005,41203000,4.63,4512.0
11-01-006-00026-800067,01,12,0006,41204000,0.19,4088.0
11-01-007-00027-800081,01,14,0001,41401000,6.35,4640.0
11-01-007-00028-800082,01,14,0002,41402000,2.61,5945.0
11-01-007-00030-800083,01,14,0003,41403000,0.74,1597.0
11-01-007-00030-800084,01,14,0003,41404000,28.31,51034.0
11-01-007-00030-800085,01,14,0003,41405000,1.14,7075.0
11-01-007-00031-800086,01,14,0004,41406000,4.0,8437.0
11-01-008-00032-800003,01,02,0004,40204000,28.7,59624.0
11-01-008-00034-800005,01,02,0005,40205000,0.3,11355.0
11-01-008-00035-800006,01,02,0006,40206000,32.8,71896.0
11-01-008-00037-800007,01,02,0007,40207000,4.9,4246.0
11-01-008-00039-800008,01,02,0008,40208000,1.4,1901.0
11-01-008-00039-800009,01,02,0008,40209000,8.1,878.0
11-01-009-00041-800010,01,02,0002,40201000,13.4,25795.0
11-01-009-00042-800011,01,02,0003,40202000,18.3,9972.0
11-01-009-00042-800012,01,02,0003,40203000,17.9,10655.0
11-01-010-00043-800013,01,03,0003,40302000,234.48,952324.0
11-01-010-00043-800014,01,03,0003,40303000,4.23,18923.0
11-01-011-00047-800015,01,03,0002,40301000,7.72,13721.0
11-01-012-00048-800022,01,05,0001,40501000,3.9,16963.0
11-01-012-00048-800023,01,05,0001,40502000,21.9,7166.0
11-01-012-00049-800024,01,05,0003,40504000,13.9,6252.0
11-01-012-00050-800025,01,05,0002,40503000,0.6,11651.0
11-01-012-00051-800026,01,05,0003,40505000,8.3,14229.0
11-01-013-00052-800027,01,05,0004,40506000,5.4,12246.0
11-01-014-00053-800028,01,06,0001,40601000,18.0,6066.0
11-01-014-00054-800030,01,06,0002,40602000,2.4,19794.0
11-01-014-00055-800032,01,06,0003,40603000,1.4,6537.0
11-01-014-00055-800033,01,06,0003,40604000,37.9,91359.0
11-01-014-00055-800034,01,06,0003,40605000,2.1,5834.0
11-01-014-00057-800037,01,06,0003,40606000,3.4,4863.0
11-01-014-00058-800038,01,06,0005,40608000,1.2,3537.0
11-01-014-00058-800039,01,06,0005,40609000,12.3,17237.0
11-01-015-00059-800040,01,06,0004,40607000,12.8,13136.0
11-01-016-00062-800049,01,09,0003,40904000,14.25,11320.0
11-01-016-00065-800050,01,09,0007,40906000,5.5,10516.0
11-01-017-00066-800051,01,09,0001,40901000,4.07,2795.0
11-01-017-00067-800052,01,09,0002,40902000,4.53,4329.0
11-01-017-00067-800053,01,09,0002,40903000,6.48,3799.0
11-01-018-00068-800054,01,09,0004,40905000,0.63,14936.0
11-01-019-00072-004954,01,10,0003,41005000,5.03,7000.0
11-01-019-00072-800055,01,10,0003,41004000,30.32,79299.0
11-01-019-00073-800056,01,10,0004,41006000,1.09,1243.0
11-01-019-00073-800057,01,10,0004,41007000,0.7,2054.0
11-01-019-00074-800058,01,10,0005,41008000,4.71,6776.0
11-01-020-00077-005415,01,10,0002,41002000,6.34,4199.0
11-01-020-00077-800059,01,10,0002,41001000,4.19,7973.0
11-01-020-00077-800061,01,10,0002,41003000,1.48,8083.0
11-01-021-00078-800068,01,13,0001,41301000,3.5,3630.0
11-01-021-00078-800069,01,13,0001,41302000,1.85,10896.0
11-01-021-00078-800070,01,13,0001,41303000,3.38,6518.0
11-01-021-00079-800071,01,13,0002,41304000,150.43,549791.0
11-01-021-00079-800072,01,13,0002,41305000,6.45,28791.0
11-01-021-00079-800073,01,13,0002,41306000,2.0,3709.0
11-01-021-00080-800074,01,13,0003,41307000,1.06,14324.0
11-01-021-00081-800075,01,13,0004,41308000,2.8,9139.0
11-01-021-00081-800076,01,13,0004,41309000,12.55,9057.0
11-01-022-00082-006671,01,13,0005,41311000,5.37,4122.0
11-01-022-00082-800077,01,13,0005,41310000,44.71,33581.0
11-01-022-00082-800078,01,13,0005,41312000,1.44,6726.0
11-01-022-00082-800079,01,13,0005,41313000,1.65,15914.0
11-01-022-00082-800080,01,13,0005,41314000,3.0,5020.0
11-02-023-00087-800087,02,01,0005,40102000,4.1,1964.0
11-02-023-00087-800088,02,01,0005,40103000,7.6,7425.0
11-02-023-00088-800089,02,01,0006,40104000,2.6,1810.0
11-02-023-00088-800090,02,01,0006,40105000,2.1,3016.0
11-02-023-00090-800091,02,01,0008,40101000,4.3,20327.0
11-02-024-00093-800092,02,02,0001,40201000,4.8,9066.0
11-02-024-00099-800093,02,02,0007,40203000,0.9,5234.0
11-02-024-00099-800093,02,02,0007,40202000,10.6,19124.0
11-02-024-00099-800094,02,02,0007,40204000,6.2,10775.0
11-02-024-00100-800095,02,02,0008,40205000,3.1,9156.0
11-02-024-00101-800096,02,02,0008,40208000,1.2,5657.0
11-02-024-00103-800097,02,02,0010,40206000,3.3,4336.0
11-02-024-00104-800098,02,02,0010,40207000,4.5,4931.0
11-02-024-00111-800099,02,02,0017,40209000,0.7,4006.0
11-02-026-00117-800100,02,04,0001,40401000,3.0,6265.0
11-02-026-00118-800101,02,04,0002,40402000,6.7,18306.0
11-02-026-00118-800102,02,04,0002,40403000,2.0,4260.0
11-02-026-00120-800103,02,04,0004,40404000,2.2,1262.0
11-02-027-00124-800104,02,05,0002,40501000,4.3,5048.0
11-02-027-00129-800105,02,05,0007,40502000,3.0,3706.0
11-02-027-00132-800106,02,05,0009,40505000,11.5,23986.0
11-02-027-00133-800107,02,05,0010,40503000,4.3,26873.0
11-02-027-00133-800108,02,05,0010,40504000,4.0,1369.0
11-02-028-00140-800109,02,06,0001,40601000,3.0,7077.0
11-02-028-00141-800110,02,06,0002,40602000,2.3,4405.0
11-02-028-00143-800111,02,06,0003,40603000,5.2,17252.0
11-02-028-00144-800112,02,06,0004,40604000,1.1,1472.0
11-02-029-00148-800113,02,07,0002,40701000,5.1,3354.0
11-02-029-00148-800114,02,07,0002,40702000,3.8,3181.0
11-02-029-00150-800115,02,07,0004,40703000,5.0,15900.0
11-02-029-00150-800116,02,07,0004,40704000,3.8,8681.0
11-02-029-00150-800117,02,07,0004,40705000,2.8,8308.0
11-02-030-00152-800118,02,08,0001,40801000,3.1,5721.0
11-02-030-00154-800119,02,08,0002,40802000,2.9,2011.0
11-02-030-00155-800120,02,08,0003,40803000,0.8,1161.0
11-02-030-00156-800121,02,08,0004,40804000,10.6,13058.0
11-02-031-00158-800122,02,09,0001,40901000,1.5,2877.0
11-02-031-00161-800123,02,09,0003,40902000,1.9,9443.0
11-02-031-00162-800124,02,09,0003,40903000,7.0,22601.0
11-02-031-00164-800125,02,09,0005,40904000,2.6,4990.0
11-02-031-00164-800126,02,09,0005,40905000,8.4,8609.0
11-02-031-00165-800127,02,09,0006,40906000,3.3,2750.0
11-02-031-00165-800128,02,09,0006,40907000,6.2,34206.0
11-02-031-00165-800129,02,09,0006,40908000,2.4,5719.0
11-02-032-00167-800130,02,10,0001,41001000,2.1,2527.0
11-02-032-00172-800131,02,10,0006,41002000,8.8,26053.0
11-02-032-00173-800132,02,10,0007,41003000,6.2,19090.0
11-02-033-00177-800133,02,11,0001,41101000,2.1,5653.0
11-02-033-00179-800134,02,11,0003,41102000,1.0,713.0
11-02-033-00180-800135,02,11,0004,41103000,1.8,1529.0
11-02-033-00181-800136,02,11,0005,41104000,1.4,2420.0
11-02-033-00182-800137,02,11,0006,41105000,28.5,142555.0
11-02-033-00184-800138,02,11,0008,41106000,4.0,3754.0
11-02-033-00185-800139,02,11,0009,41107000,4.0,1507.0
11-02-033-00188-800140,02,11,0012,41109000,0.9,1346.0
11-02-033-00189-800141,02,11,0013,41108000,0.4,1149.0
11-02-033-00191-800142,02,11,0015,41110000,1.1,6607.0
11-03-035-00201-027772,03,01,0002,40102000,7.89,16668.0
11-03-035-00201-027775,03,01,0002,40104000,4.66,4565.0
11-03-035-00201-800143,03,01,0002,40101000,5.08,21815.0
11-03-035-00201-800144,03,01,0002,40103000,22.1,168485.0
11-03-035-00202-800145,03,01,0003,40106000,14.36,21502.0
11-03-035-00202-800146,03,01,0003,40107000,10.85,68441.0
11-03-035-00202-800147,03,01,0003,40114000,14.37,18710.0
11-03-035-00203-800148,03,01,0004,40110000,1.5,15915.0
11-03-035-00203-800149,03,01,0004,40111000,8.75,147872.0
11-03-035-00203-800150,03,01,0004,40113000,9.06,22001.0
11-03-035-00203-800151,03,01,0004,40112000,0.52,5450.0
11-03-035-00204-800152,03,01,0005,40109000,2.0,7494.0
11-03-036-00205-800153,03,03,0001,40302000,10.0,10091.0
11-03-036-00205-800154,03,03,0001,40301000,7.18,9616.0
11-03-036-00206-029355,03,03,0002,40305000,3.36,15337.0
11-03-036-00206-800155,03,03,0002,40304000,56.0,85686.0
11-03-036-00206-800156,03,03,0002,40303000,2.0,7973.0
11-03-036-00207-800157,03,03,0003,40306000,10.52,15571.0
11-03-036-00208-800158,03,03,0004,40307000,16.0,102253.0
11-03-037-00209-800159,03,04,0001,40408000,3.0,8548.0
11-03-037-00209-800160,03,04,0001,40409000,3.0,12607.0
11-03-037-00210-800161,03,04,0002,40410000,12.5,31408.0
11-03-037-00211-030248,03,04,0003,40411000,13.76,7705.0
11-03-037-00211-800162,03,04,0003,40413000,5.0,15158.0
11-03-037-00211-800163,03,04,0003,40414000,0.75,22302.0
11-03-037-00211-800164,03,04,0003,40412000,6.15,12632.0
11-03-037-00212-030390,03,04,0004,40406000,1.34,4060.0
11-03-037-00212-800165,03,04,0004,40407000,15.21,40531.0
11-03-037-00212-800166,03,04,0004,40405000,102.0,714077.0
11-03-037-00212-800167,03,04,0004,40403000,6.0,7172.0
11-03-037-00212-800168,03,04,0004,40402000,8.2,16707.0
11-03-037-00213-800169,03,04,0005,40404000,10.0,25157.0
11-03-037-00213-800170,03,04,0005,40401000,4.65,13919.0
11-03-038-00214-800171,03,05,0001,40506000,16.5,22048.0
11-03-038-00214-800172,03,05,0001,40504000,19.9,20114.0
11-03-038-00214-800173,03,05,0001,40505000,2.0,6264.0
11-03-038-00215-031343,03,05,0002,40502000,1.64,5360.0
11-03-038-00215-031344,03,05,0002,40503000,25.42,22574.0
11-03-038-00215-800174,03,05,0002,40501000,2.61,21384.0
11-03-038-00216-031760,03,05,0003,40508000,8.89,7433.0
11-03-038-00216-800175,03,05,0003,40507000,1.5,7818.0
11-03-038-00216-800176,03,05,0003,40509000,35.0,149668.0
11-03-038-00216-800177,03,05,0003,40510000,5.71,4245.0
11-03-038-00217-800178,03,05,0004,40511000,6.56,10018.0
11-03-038-00217-800179,03,05,0004,40512000,7.0,15148.0
11-03-039-00218-800180,03,06,0001,40601000,11.0,18809.0
11-03-039-00218-800181,03,06,0001,40602000,9.59,31967.0
11-03-039-00218-800182,03,06,0001,40603000,5.41,12134.0
11-03-039-00219-800183,03,06,0002,40604000,6.0,18156.0
11-03-040-00220-800184,03,08,0001,40805000,3.0,19058.0
11-03-040-00221-800185,03,08,0002,40804000,28.4,49825.0
11-03-040-00222-800186,03,08,0003,40803000,7.0,12689.0
11-03-040-00222-800187,03,08,0003,40802000,32.0,60677.0
11-03-040-00223-800188,03,08,0004,40801000,7.27,8842.0
11-03-041-00224-800189,03,09,0001,40912000,3.5,18364.0
11-03-041-00224-800190,03,09,0001,40911000,9.0,17590.0
11-03-041-00225-800191,03,09,0002,40908000,24.75,103099.0
11-03-041-00226-800192,03,09,0003,40907000,3.5,7267.0
11-03-041-00226-800193,03,09,0003,40906000,7.0,7186.0
11-03-041-00226-800194,03,09,0003,40909000,6.0,18986.0
11-03-041-00227-800195,03,09,0004,40910000,5.0,17293.0
11-03-041-00227-800196,03,09,0004,40901000,159.37,1398467.0
11-03-041-00228-800197,03,09,0005,40902000,2.05,13949.0
11-03-041-00229-033755,03,09,0006,40904000,5.48,6603.0
11-03-041-00229-800198,03,09,0006,40905000,10.65,24769.0
11-03-041-00230-800199,03,09,0007,40903000,14.0,60080.0
11-03-042-00231-800200,03,10,0001,41004000,3.4,6366.0
11-03-042-00232-800201,03,10,0002,41003000,6.0,21596.0
11-03-042-00233-800202,03,10,0003,41002000,16.1,135279.0
11-03-042-00233-800203,03,10,0003,41001000,19.5,15399.0
11-03-043-00234-800204,03,11,0001,41101000,7.66,12175.0
11-03-043-00234-800205,03,11,0001,41102000,7.06,31783.0
11-03-043-00235-800207,03,11,0002,41104000,11.33,95475.0
11-03-043-00235-800208,03,11,0002,41105000,20.1,57678.0
11-03-043-00235-800209,03,11,0002,41103000,3.0,14573.0
11-03-043-00236-800211,03,11,0003,41106000,2.45,14351.0
11-03-043-00236-800212,03,11,0003,41107000,7.56,32924.0
11-03-043-00237-800213,03,11,0004,41108000,10.04,67427.0
11-03-043-00238-800214,03,11,0005,41109000,23.07,124339.0
11-03-044-00239-800215,03,12,0001,41203000,20.0,70765.0
11-03-044-00240-800216,03,12,0002,41204000,8.25,36598.0
11-03-044-00241-800217,03,12,0003,41202000,17.73,83655.0
11-03-044-00241-800218,03,12,0003,41201000,5.0,7546.0
11-03-045-00242-800219,03,13,0001,41301000,18.14,79321.0
11-03-045-00242-800220,03,13,0001,41302000,17.25,80785.0
11-03-045-00243-800221,03,13,0002,41303000,9.6,33465.0
11-03-046-00244-800223,03,14,0001,41403000,8.88,44665.0
11-03-046-00245-035831,03,14,0002,41402000,6.84,4775.0
11-03-046-00245-800224,03,14,0002,41404000,4.16,13246.0
11-03-046-00245-800225,03,14,0002,41401000,4.0,12813.0
11-03-046-00245-800226,03,14,0002,41405000,110.0,217256.0
11-03-046-00245-800227,03,14,0002,41406000,2.0,5401.0
11-03-046-00245-800228,03,14,0002,41408000,2.0,6504.0
11-03-046-00246-800229,03,14,0003,41407000,3.99,19551.0
11-03-046-00246-800231,03,14,0003,41409000,14.08,27543.0
11-03-047-00247-800232,03,15,0001,41505000,8.0,16315.0
11-03-047-00248-800233,03,15,0002,41504000,4.0,14886.0
11-03-047-00248-800234,03,15,0002,41503000,8.06,23521.0
11-03-047-00249-800235,03,15,0003,41501000,9.0,15080.0
11-03-047-00249-800236,03,15,0003,41502000,21.67,72627.0
11-03-048-00250-800237,03,17,0001,41704000,5.5,46592.0
11-03-048-00251-800238,03,17,0001,41703000,6.0,22175.0
11-03-048-00251-800239,03,17,0001,41702000,3.0,8212.0
11-03-048-00252-800240,03,17,0002,41701000,15.48,62000.0
11-03-048-00253-036830,03,17,0003,41708000,1.97,8179.0
11-03-048-00253-800242,03,17,0003,41706000,65.0,323884.0
11-03-048-00253-800243,03,17,0003,41705000,5.18,17935.0
11-03-048-00254-800244,03,17,0004,41709000,5.0,5754.0
11-03-048-00254-800245,03,17,0004,41710000,25.0,82956.0
11-03-049-00255-800246,03,02,0001,40201000,2.5,5779.0
11-03-049-00255-800247,03,02,0001,40202000,9.0,18589.0
11-03-049-00255-800248,03,02,0001,40204000,4.0,12176.0
11-03-049-00256-800249,03,02,0002,40203000,3.0,12992.0
11-03-049-00256-800250,03,02,0002,40206000,2.85,12162.0
11-03-049-00256-800251,03,02,0002,40211000,4.2,23834.0
11-03-049-00257-800252,03,02,0003,40205000,136.0,1003917.0
11-03-049-00258-037850,03,02,0007,40213000,7.47,8731.0
11-03-049-00258-800253,03,02,0007,40212000,7.0,12631.0
11-03-050-00259-800254,03,02,0004,40210000,20.0,55787.0
11-03-050-00260-038244,03,02,0005,40207000,8.0,10293.0
11-03-050-00260-800255,03,02,0005,40209000,9.33,34444.0
11-03-050-00260-800256,03,02,0005,40208000,4.5,11940.0
11-03-051-00262-800257,03,07,0001,40702000,3.0,13889.0
11-03-051-00263-800258,03,07,0001,40701000,22.82,45368.0
11-03-051-00264-038763,03,07,0002,40703000,1.04,10162.0
11-03-051-00264-800259,03,07,0002,40704000,25.0,49159.0
11-03-051-00265-800261,03,07,0002,40706000,4.5,22635.0
11-03-052-00266-039141,03,07,0003,40707000,8.49,6147.0
11-03-052-00266-800262,03,07,0003,40705000,9.0,23047.0
11-03-052-00266-800263,03,07,0003,40708000,14.97,20361.0
11-03-052-00266-800263,03,07,0003,40709000,18.0,42289.0
11-03-052-00267-800265,03,17,0004,41711000,6.5,15013.0
11-03-052-00267-800266,03,07,0004,40710000,23.86,123484.0
11-03-052-00268-039383,03,17,0005,41713000,5.92,9216.0
11-03-052-00268-800267,03,17,0005,41714000,8.55,25022.0
11-03-052-00268-800268,03,17,0005,41712000,20.0,15841.0
11-03-053-00269-800269,03,16,0002,41601000,6.1,28022.0
11-03-053-00269-800270,03,16,0002,41602000,21.12,107009.0
11-03-053-00270-800271,03,16,0003,41603000,32.0,49406.0
11-03-053-00271-800272,03,16,0004,41617000,6.0,17792.0
11-03-053-00271-800273,03,16,0004,41616000,18.0,77989.0
11-03-053-00271-800274,03,16,0004,41609000,3.25,20239.0
11-03-053-00272-800275,03,16,0005,41610000,7.5,9245.0
11-03-053-00272-800276,03,16,0005,41615000,37.25,56251.0
11-03-053-00272-800277,03,16,0005,41614000,27.05,13079.0
11-03-053-00273-800278,03,16,0006,41611000,8.5,19336.0
11-03-053-00274-800279,03,16,0006,41612000,6.11,14924.0
11-03-053-00274-800280,03,16,0006,41613000,5.0,10960.0
11-03-054-00275-800281,03,16,0001,41605000,26.0,96624.0
11-03-054-00275-800282,03,16,0001,41606000,3.0,9733.0
11-03-054-00275-800283,03,16,0001,41608000,5.0,18485.0
11-03-054-00276-800284,03,16,0001,41607000,10.75,18917.0
11-03-054-00276-800285,03,16,0001,41604000,6.0,16808.0
11-04-055-00277-800286,04,01,0001,40101000,79.34,808515.0
11-05-056-00280-800287,05,01,0002,40101000,5.0,6095.0
11-05-056-00283-800288,05,01,0004,40102000,12.02,16218.0
11-05-056-00283-800289,05,01,0004,40103000,8.0,605.0
11-05-057-00284-800290,05,02,0001,40201000,2.01,1682.0
11-05-057-00284-800291,05,02,0001,40202000,11.49,13204.0
11-05-057-00285-800292,05,02,0002,40203000,15.02,19833.0
11-05-057-00285-800293,05,02,0002,40204000,2.75,1704.0
11-05-057-00287-800294,05,02,0004,40205000,15.0,7303.0
11-05-057-00287-800295,05,02,0004,40206000,25.0,6977.0
11-05-058-00290-800296,05,03,0001,40301000,2.75,482.0
11-05-058-00291-800297,05,03,0002,40302000,1.0,2250.0
11-05-059-00294-800298,05,04,0002,40403000,1.56,1040.0
11-05-059-00294-800299,05,06,0002,40604000,1.0,594.0
11-05-059-00294-800299,05,04,0002,40404000,8.75,2175.0
11-05-059-00297-800300,05,04,0004,40401000,37.05,25423.0
11-05-059-00297-800301,05,04,0004,40402000,4.0,6580.0
11-05-059-00299-044604,05,04,0005,40406000,1.64,11444.0
11-05-059-00299-800302,05,04,0005,40405000,10.36,5304.0
11-05-059-00299-800303,05,04,0005,40407000,1.81,7880.0
11-05-060-00300-800304,05,05,0001,40501000,15.98,3496.0
11-05-060-00303-800305,05,05,0002,40502000,9.0,12486.0
11-05-060-00303-800306,05,05,0002,40503000,8.8,9243.0
11-05-060-00304-045267,05,05,0003,40510000,14.59,24921.0
11-05-060-00304-800307,05,05,0003,40504000,64.75,26075.0
11-05-060-00304-800308,05,05,0003,40505000,3.0,3254.0
11-05-060-00304-800309,05,05,0003,40506000,52.0,426674.0
11-05-060-00304-800310,05,05,0003,40507000,23.91,53675.0
11-05-060-00304-800311,05,05,0003,40509000,7.07,19569.0
11-05-060-00304-800312,05,05,0003,40511000,8.0,8043.0
11-05-060-00305-045363,05,05,0004,40514000,3.69,7077.0
11-05-060-00305-800313,05,05,0004,40512000,10.0,66189.0
11-05-060-00305-800314,05,05,0004,40513000,3.6,12616.0
11-05-061-00306-800315,05,06,0001,40601000,9.0,19658.0
11-05-061-00307-800316,05,06,0002,40602000,42.0,24743.0
11-05-061-00310-800317,05,06,0005,40603000,6.88,7902.0
11-05-061-00313-048598,05,06,0006,40607000,5.69,9033.0
11-05-061-00313-800318,05,06,0006,40605000,2.0,2998.0
11-05-061-00313-800319,05,06,0006,40606000,2.59,24947.0
11-05-062-00316-800320,05,07,0002,40702000,15.19,6324.0
11-05-062-00317-800321,05,07,0003,40703000,4.0,4806.0
11-05-062-00320-800322,05,07,0005,40704000,9.0,44964.0
11-05-063-00323-800323,05,08,0002,40801000,5.5,7803.0
11-05-064-00328-800324,05,09,0002,40902000,21.75,19055.0
11-05-064-00329-800325,05,09,0002,40901000,2.87,3092.0
11-05-064-00330-800326,05,09,0003,40903000,0.67,2204.0
11-05-064-00330-800327,05,09,0003,40904000,7.36,30154.0
11-05-065-00334-800328,05,10,0001,41002000,5.0,3959.0
11-05-065-00336-800329,05,10,0001,41001000,5.0,5829.0
11-05-065-00337-054471,05,10,0001,41004000,2.34,8179.0
11-05-065-00337-800330,05,10,0001,41003000,1.2,15811.0
11-05-066-00340-800331,05,11,0002,41102000,11.73,38630.0
11-05-066-00340-800332,05,11,0002,41103000,2.59,1281.0
11-05-066-00340-800333,05,11,0002,41104000,21.16,5512.0
11-05-066-00340-800334,05,11,0002,41105000,3.95,5874.0
11-05-066-00342-800335,05,11,0004,41107000,10.61,158896.0
11-05-066-00343-800336,05,11,0004,41101000,2.42,46205.0
11-05-066-00344-800337,05,11,0004,41106000,1.16,6128.0
11-05-066-00345-800338,05,11,0004,41108000,4.25,6524.0
11-05-067-00346-055697,05,12,0001,41204000,4.06,4200.0
11-05-067-00346-800339,05,12,0001,41203000,5.46,92967.0
11-05-067-00346-800340,05,12,0001,41205000,0.27,8858.0
11-05-067-00347-800341,05,12,0001,41201000,5.0,6103.0
11-05-067-00347-800342,05,12,0001,41202000,4.02,38937.0
11-05-067-00348-800343,05,12,0001,41206000,4.0,7714.0
11-05-067-00348-800344,05,12,0001,41207000,2.4,21792.0
11-05-067-00348-800345,05,12,0001,41208000,4.5,7782.0
11-05-067-00349-056015,05,12,0002,41212000,28.0,22947.0
11-05-067-00349-056016,05,12,0002,41213000,4.76,8896.0
11-05-067-00349-800346,05,12,0002,41211000,12.43,88676.0
11-05-067-00349-800347,05,12,0002,41214000,4.02,30503.0
11-05-067-00350-800348,05,12,0002,41209000,3.4,13645.0
11-05-067-00350-800349,05,12,0002,41210000,5.0,8856.0
11-05-067-00351-800350,05,12,0003,41215000,1.8,4776.0
11-05-067-00351-800351,05,12,0003,41216000,2.0,22027.0
11-05-067-00352-800352,05,12,0004,41217000,8.4,14335.0
11-05-068-00353-056638,05,13,0001,41303000,4.41,15288.0
11-05-068-00353-056639,05,13,0001,41304000,2.71,8696.0
11-05-068-00353-800353,05,13,0001,41301000,8.11,97516.0
11-05-068-00353-800354,05,13,0001,41302000,9.3,17762.0
11-05-068-00353-800355,05,13,0001,41305000,3.0,9384.0
11-05-068-00353-800356,05,13,0001,41306000,1.32,42584.0
11-05-068-00353-800357,05,13,0001,41307000,0.82,16036.0
11-05-068-00354-800358,05,13,0002,41308000,26.94,43258.0
11-05-068-00354-800359,05,13,0002,41309000,15.07,177509.0
11-05-068-00355-800360,05,13,0003,41310000,5.0,18242.0
11-06-069-00356-800361,06,01,0001,40101000,3.39,30830.0
11-06-069-00356-800362,06,01,0001,40102000,10.53,29609.0
11-06-069-00357-057170,06,01,0002,40104000,6.63,7031.0
11-06-069-00357-800363,06,01,0002,40103000,25.5,140925.0
11-06-070-00358-800364,06,02,0001,40201000,7.93,18210.0
11-06-070-00359-057509,06,02,0002,40205000,2.21,21644.0
11-06-070-00359-057512,06,02,0002,40206000,2.36,9579.0
11-06-070-00359-800365,06,02,0002,40202000,16.94,139279.0
11-06-070-00359-800366,06,02,0002,40204000,33.36,61748.0
11-06-070-00359-800367,06,02,0002,40203000,6.33,106568.0
11-06-071-00361-057958,06,03,0001,40303000,7.16,8516.0
11-06-071-00361-057959,06,03,0001,40310000,1.94,9830.0
11-06-071-00361-057960,06,03,0001,40309000,2.42,14952.0
11-06-071-00361-057961,06,03,0001,40308000,2.88,15754.0
11-06-071-00361-057962,06,03,0001,40305000,1.35,8740.0
11-06-071-00361-057964,06,03,0001,40304000,2.59,11737.0
11-06-071-00361-800368,06,03,0001,40307000,24.8,101290.0
11-06-071-00361-800369,06,03,0001,40306000,16.32,189696.0
11-06-071-00362-058145,06,03,0001,40301000,6.75,13176.0
11-06-071-00362-058146,06,03,0001,40302000,8.51,9621.0
11-06-071-00363-058298,06,03,0002,40311000,10.54,9710.0
11-06-072-00364-800370,06,04,0001,40401000,16.0,37289.0
11-06-072-00365-800371,06,04,0002,40402000,7.5,33564.0
11-06-072-00366-800372,06,04,0003,40403000,35.7,122319.0
11-06-072-00366-800372,06,04,0003,00000000,0.0,122319.0
11-06-072-00366-800373,06,04,0003,40404000,2.0,22339.0
11-06-073-00367-800374,06,05,0001,40501000,30.72,32128.0
11-06-073-00368-800375,06,05,0002,40502000,43.75,117285.0
11-06-073-00368-800376,06,05,0002,40503000,6.5,17051.0
11-06-073-00369-800377,06,05,0002,40504000,3.89,17018.0
11-06-074-00370-800378,06,06,0001,40601000,4.69,16405.0
11-06-074-00370-800379,06,06,0001,40602000,6.25,22201.0
11-06-074-00371-800380,06,06,0002,40603000,0.95,14511.0
11-06-074-00372-059310,06,06,0003,40605000,6.17,10610.0
11-06-074-00372-800381,06,06,0003,40604000,25.1,221236.0
11-06-074-00373-800383,06,06,0004,40606000,3.95,22707.0
11-06-074-00374-800384,06,06,0005,40607000,12.98,30172.0
11-06-075-00375-059499,06,07,0001,40705000,4.92,8066.0
11-06-075-00375-059500,06,07,0001,40702000,7.88,31279.0
11-06-075-00375-059501,06,07,0001,40703000,6.54,35155.0
11-06-075-00375-059503,06,07,0001,40704000,5.1,18815.0
11-06-075-00375-800385,06,07,0001,40701000,24.29,268899.0
11-06-075-00377-800386,06,07,0003,40706000,4.48,29866.0
11-06-076-00378-800387,06,08,0001,40801000,6.57,48532.0
11-06-076-00379-800388,06,08,0002,40802000,9.06,29006.0
11-06-076-00380-800389,06,08,0003,40803000,47.75,225074.0
11-06-076-00381-800390,06,08,0004,40804000,1.63,18763.0
11-06-077-00382-800391,06,09,0001,40901000,6.0,50435.0
11-06-077-00382-800392,06,09,0001,40902000,0.57,14111.0
11-06-077-00383-800393,06,09,0002,40903000,15.3,135855.0
11-06-077-00384-800394,06,09,0003,40904000,1.22,13635.0
11-06-077-00385-800395,06,09,0004,40905000,9.48,27541.0
11-06-078-00386-800396,06,10,0001,41001000,4.0,23826.0
11-06-078-00387-060411,06,10,0002,41002000,1.42,6895.0
11-06-078-00387-800397,06,10,0002,41003000,13.76,51519.0
11-06-078-00388-800398,06,10,0003,41004000,10.36,59917.0
11-06-079-00389-800399,06,11,0001,41101000,22.33,53811.0
11-06-079-00390-800400,06,11,0002,41102000,40.22,25163.0
11-06-079-00390-800401,06,11,0002,41103000,26.43,160735.0
11-06-079-00391-800402,06,11,0003,41104000,10.63,20961.0
11-06-079-00392-800403,06,11,0004,41105000,2.72,32795.0
11-06-080-00394-061014,06,12,0002,41201000,1.86,10937.0
11-06-080-00394-800404,06,12,0002,41202000,1.5,33132.0
11-06-080-00394-800405,06,12,0002,41203000,49.43,263186.0
11-06-080-00395-800406,06,12,0003,41204000,0.28,15116.0
11-06-080-00396-800407,06,12,0004,41205000,10.05,75747.0
11-06-081-00397-800408,06,13,0001,41301000,6.0,17424.0
11-06-081-00398-800409,06,13,0002,41302000,27.64,169531.0
11-06-081-00399-061274,06,13,0003,41303000,4.91,11272.0
11-06-081-00400-800410,06,13,0004,41304000,4.88,15850.0
11-06-081-00401-800411,06,13,0005,41305000,2.59,11421.0
11-06-081-00402-800412,06,13,0006,41306000,5.42,44895.0
11-06-082-00404-800413,06,14,0001,41401000,3.35,18174.0
11-06-082-00405-800414,06,14,0002,41403000,29.58,294577.0
11-06-082-00405-800415,06,14,0002,41402000,5.7,16853.0
11-06-083-00407-800417,06,15,0001,41501000,2.59,16162.0
11-06-083-00408-061808,06,15,0002,41502000,8.73,8008.0
11-06-083-00408-800418,06,15,0002,41503000,28.81,126746.0
11-06-083-00409-800419,06,15,0003,41505000,6.0,39002.0
11-06-084-00411-800420,06,16,0001,41601000,2.36,10195.0
11-06-084-00411-800421,06,16,0001,41602000,10.6,24323.0
11-06-084-00412-062334,06,16,0002,41605000,5.7,7368.0
11-06-084-00412-800422,06,16,0002,41603000,1.65,5673.0
11-06-084-00412-800423,06,16,0002,41604000,9.67,62077.0
11-06-085-00414-800424,06,17,0002,41701000,11.49,18892.0
11-06-085-00414-800425,06,17,0002,41702000,11.78,100684.0
11-06-085-00415-800426,06,17,0003,41704000,0.36,12144.0
11-06-086-00416-800427,06,18,0001,41801000,16.27,17081.0
11-06-086-00416-800428,06,18,0001,41802000,13.51,16085.0
11-06-086-00417-800429,06,18,0002,41804000,5.75,10626.0
11-06-086-00417-800429,06,18,0002,41805000,29.3,201322.0
11-06-086-00417-800429,06,18,0002,41807000,4.78,10388.0
11-06-086-00417-800429,06,18,0002,41806000,7.56,17110.0
11-06-086-00418-800430,06,18,0002,41803000,3.28,9521.0
11-06-086-00420-800431,06,18,0003,41808000,9.7,27570.0
11-06-087-00421-800432,06,18,0004,41809000,4.52,17328.0
11-06-087-00422-800433,06,18,0005,41810000,0.3,11039.0
11-06-087-00423-800434,06,18,0006,41811000,8.86,17755.0
11-06-087-00424-800435,06,18,0007,41812000,3.5,13179.0
11-06-088-00425-063498,06,19,0001,41901000,9.92,6369.0
11-06-088-00425-800436,06,19,0001,41902000,198.75,1055938.0
11-06-089-00427-800437,06,19,0003,41903000,8.3,100722.0
11-06-089-00428-800438,06,19,0004,41904000,1.99,10916.0
11-06-089-00429-800439,06,19,0005,41905000,0.93,9090.0
11-06-089-00429-800440,06,19,0005,41906000,2.25,38309.0
11-07-090-00431-800441,07,06,0003,40601000,,1136.0
11-07-090-00431-800441,07,09,0002,40903000,,714784.0
11-07-090-00431-800441,07,01,0001,40107000,16.97,23094.0
11-07-090-00431-800441,07,01,0002,40118000,6.97,50596.0
11-07-090-00431-800441,07,07,0002,40703000,,968505.0
11-07-090-00431-800441,07,08,0003,40849000,3.42,21617.0
11-07-090-00431-800441,07,03,0001,40332000,1.8,48043.0
11-07-090-00431-800441,07,08,0003,40848000,2.98,11061.0
11-07-090-00431-800441,07,08,0001,40845000,2.76,38581.0
11-07-090-00431-800441,07,01,0002,40117000,1.9,22839.0
11-07-090-00431-800441,07,06,0002,40603000,,195556.0
11-07-090-00431-800441,07,08,0003,40803000,,334821.0
11-07-090-00431-800441,07,06,0003,40603000,,307191.0
11-07-090-00431-800441,07,04,0003,40436000,1.49,34412.0
11-07-090-00431-800441,07,01,0001,40105000,2.59,3766.0
11-07-090-00431-800441,07,04,0001,40403000,,362275.0
11-07-090-00431-800441,07,03,0001,40329000,0.94,45087.0
11-07-090-00431-800441,07,09,0002,40961000,15.52,15888.0
11-07-090-00431-800441,07,09,0002,40960000,11.95,5003.0
11-07-090-00431-800441,07,01,0001,40114000,4.27,15043.0
11-07-090-00431-800441,07,06,0002,40601000,,2254.0
11-07-090-00431-800441,07,08,0003,40802000,,9226.0
11-07-090-00431-800441,07,02,0003,40203000,,122102.0
11-07-090-00431-800441,07,01,0002,40121000,4.74,154633.0
11-07-090-00431-800441,07,09,0001,40901000,,43791.0
11-07-090-00431-800441,07,08,0002,40803000,,168990.0
11-07-090-00431-800441,07,03,0001,40326000,,13009.0
11-07-090-00431-800441,07,09,0002,40952000,2.86,11364.0
11-07-090-00431-800441,07,03,0001,40327000,0.98,20770.0
11-07-090-00431-800441,07,03,0001,40328000,1.29,90171.0
11-07-090-00431-800441,07,03,0001,40330000,1.05,43221.0
11-07-090-00431-800441,07,08,0001,40846000,7.14,9047.0
11-07-090-00431-800441,07,03,0002,40303000,,217397.0
11-07-090-00431-800441,07,04,0003,40403000,,541277.0
11-07-090-00431-800441,07,01,0001,40108000,5.34,3558.0
11-07-090-00431-800441,07,05,0002,40503000,,13919.0
11-07-090-00431-800441,07,05,0002,40501000,,31067.0
11-07-090-00431-800441,07,07,0003,40703000,,469963.0
11-07-090-00431-800441,07,01,0001,40109000,9.98,8164.0
11-07-090-00431-800441,07,07,0001,40703000,,312034.0
11-07-090-00431-800441,07,03,0001,40303000,,353401.0
11-07-090-00431-800441,07,01,0003,40113000,6.7,152339.0
11-07-090-00431-800441,07,09,0003,40955000,4.12,40524.0
11-07-090-00431-800441,07,09,0003,40958000,2.16,52856.0
11-07-090-00431-800441,07,01,0002,40119000,8.94,8700.0
11-07-090-00431-800441,07,03,0002,40335000,0.9,57450.0
11-07-090-00431-800441,07,09,0003,40957000,1.22,59643.0
11-07-090-00431-800441,07,01,0001,40104000,6.78,21089.0
11-07-090-00431-800441,07,06,0001,40603000,,140248.0
11-07-090-00431-800441,07,03,0001,40333000,2.32,91159.0
11-07-090-00431-800441,07,01,0002,40120000,7.33,5917.0
11-07-090-00431-800441,07,04,0003,40437000,3.56,69444.0
11-07-090-00431-800441,07,02,0001,40224000,2.56,13302.0
11-07-090-00431-800441,07,09,0002,40962000,8.47,7419.0
11-07-090-00431-800441,07,04,0003,40440000,2.58,66700.0
11-07-090-00431-800441,07,01,0001,40110000,8.78,8817.0
11-07-090-00431-800441,07,05,0001,40501000,,59132.0
11-07-090-00431-800441,07,08,0001,40803000,,695488.0
11-07-090-00431-800441,07,04,0002,40403000,,210055.0
11-07-090-00431-800441,07,01,0002,40103000,,1279582.0
11-07-090-00431-800441,07,02,0002,40203000,,132947.0
11-07-090-00431-800441,07,07,0001,40741000,11.89,43873.0
11-07-090-00431-800441,07,07,0001,40742000,6.67,150948.0
11-07-090-00431-800441,07,02,0001,40203000,,397256.0
11-07-090-00431-800441,07,08,0003,40850000,8.64,12761.0
11-07-090-00431-800441,07,03,0001,40331000,0.45,28258.0
11-07-090-00431-800441,07,02,0001,40223000,11.19,69333.0
11-07-090-00431-800441,07,01,0003,40103000,,404787.0
11-07-090-00431-800441,07,09,0002,40954000,1.05,44897.0
11-07-090-00431-800441,07,04,0003,40439000,2.29,132621.0
11-07-090-00431-800441,07,03,0001,40325000,4.75,148624.0
11-07-090-00431-800441,07,01,0001,40112000,2.3,27940.0
11-07-090-00431-800441,07,08,0003,40851000,4.27,9152.0
11-07-090-00431-800441,07,01,0001,40111000,8.55,16631.0
11-07-090-00431-800441,07,08,0003,40847000,7.2,13163.0
11-07-090-00431-800441,07,08,0003,40801000,,89773.0
11-07-090-00431-800441,07,01,0001,40115000,5.68,35980.0
11-07-090-00431-800441,07,03,0002,40334000,0.79,43375.0
11-07-090-00431-800441,07,09,0003,40956000,1.81,40642.0
11-07-090-00431-800441,07,01,0001,40106000,4.23,2909.0
11-07-090-00431-800441,07,04,0003,40438000,1.88,28576.0
11-07-090-00431-800441,07,07,0002,40744000,6.75,86556.0
11-07-090-00431-800441,07,07,0001,40743000,2.38,10235.0
11-07-090-00431-800441,07,09,0001,40903000,,556765.0
11-07-090-00431-800441,07,03,0003,40303000,,426549.0
11-07-090-00431-800441,07,09,0002,40953000,1.21,14080.0
11-07-090-00431-800441,07,08,0002,40802000,,115691.0
11-07-090-00431-800441,07,08,0002,40801000,,216.0
11-07-090-00431-800441,07,01,0001,40116000,4.67,10554.0
11-07-090-00431-800441,07,09,0002,40959000,10.12,119468.0
11-07-090-00431-800441,07,09,0003,40903000,,379138.0
11-07-090-00431-800441,07,01,0001,40103000,,174142.0
11-07-090-00431-800441,07,05,0003,40501000,,74994.0
11-07-090-00431-800441,07,01,0002,40122000,2.77,164426.0
11-08-099-00457-800444,08,01,0001,40101000,2.18,13155.0
11-08-099-00457-800445,08,01,0001,40102000,4.85,20694.0
11-08-099-00458-800446,08,01,0002,40103000,20.87,222858.0
11-08-099-00459-800447,08,01,0003,40104000,1.99,22326.0
11-08-099-00460-800448,08,01,0004,40106000,1.5,9630.0
11-08-099-00460-800449,08,01,0004,40105000,3.46,16956.0
11-08-099-00461-800450,08,01,0005,40107000,4.36,27736.0
11-08-099-00462-800451,08,01,0006,40108000,4.68,29565.0
11-08-099-00463-066362,08,01,0007,40109000,2.99,10925.0
11-08-099-00464-800452,08,01,0008,40110000,3.25,17873.0
11-08-099-00465-800453,08,01,0009,40112000,11.0,58119.0
11-08-100-00466-800454,08,02,0001,40201000,4.0,34537.0
11-08-100-00468-800455,08,02,0003,40202000,13.42,129556.0
11-08-100-00469-800456,08,02,0004,40203000,29.53,33608.0
11-08-100-00470-800457,08,02,0005,40204000,11.41,28387.0
11-08-100-00471-800458,08,02,0006,40205000,9.0,42309.0
11-08-100-00472-800459,08,02,0007,40206000,2.5,35141.0
11-08-101-00473-800460,08,03,0001,40301000,165.75,529690.0
11-08-101-00473-800461,08,03,0001,40302000,5.0,15658.0
11-08-101-00477-800462,08,03,0005,40303000,11.16,49688.0
11-08-101-00480-800463,08,04,0005,40406000,5.5,45020.0
11-08-102-00481-800464,08,04,0001,40401000,6.25,27066.0
11-08-102-00482-800465,08,04,0002,40402000,12.8,51640.0
11-08-102-00483-800466,08,04,0003,40403000,16.2,81394.0
11-08-102-00484-800467,08,04,0004,40405000,5.0,11018.0
11-08-102-00484-800468,08,04,0004,40404000,28.0,101874.0
11-08-102-00485-800469,08,04,0006,40407000,50.2,63486.0
11-08-102-00485-800470,08,04,0006,40408000,5.0,22836.0
11-08-102-00486-800471,08,04,0007,40409000,9.0,30107.0
11-08-102-00486-800472,08,04,0007,40410000,10.0,17909.0
11-08-102-00486-800473,08,04,0007,40411000,5.18,83846.0
11-08-103-00487-800474,08,05,0001,40501000,16.0,21133.0
11-08-103-00487-800475,08,05,0001,40502000,2.0,20830.0
11-08-103-00487-800476,08,05,0001,40503000,37.02,100485.0
11-08-103-00487-800477,08,05,0001,40504000,4.0,14658.0
11-08-103-00488-800478,08,05,0002,40505000,4.0,26224.0
11-08-103-00488-800479,08,05,0002,40506000,5.0,14366.0
11-08-103-00488-800480,08,05,0002,40508000,12.0,18865.0
11-08-103-00488-800481,08,05,0002,40507000,9.0,37227.0
11-08-103-00490-071567,08,05,0004,40509000,9.31,21820.0
11-08-103-00490-800482,08,05,0004,40510000,11.31,17382.0
11-08-103-00491-800483,08,05,0005,40511000,13.0,17792.0
11-08-103-00491-800484,08,05,0005,40512000,18.0,56491.0
11-08-103-00492-800485,08,05,0006,40513000,35.0,27843.0
11-08-104-00493-800486,08,06,0001,40601000,15.12,22856.0
11-08-104-00496-800487,08,06,0004,40602000,20.0,33877.0
11-08-104-00496-800488,08,06,0004,40603000,10.0,19921.0
11-08-104-00497-072517,08,06,0005,40604000,4.04,9473.0
11-08-104-00497-800489,08,06,0005,40605000,21.09,32005.0
11-08-104-00499-800490,08,06,0007,40606000,48.4,266203.0
11-08-104-00502-800491,08,06,0010,40607000,25.0,25009.0
11-08-104-00503-073683,08,06,0011,40608000,5.0,10089.0
11-08-104-00504-800492,08,06,0012,40609000,5.0,15506.0
11-08-105-00506-800493,08,07,0002,40701000,6.0,30793.0
11-08-105-00507-800494,08,07,0003,40702000,3.61,21350.0
11-08-105-00508-800495,08,07,0004,40703000,3.29,40859.0
11-08-105-00509-800496,08,07,0005,40704000,14.91,21649.0
11-08-105-00510-800497,08,07,0006,40705000,14.35,20296.0
11-08-105-00511-800498,08,07,0007,40706000,56.83,205235.0
11-08-105-00512-800499,08,07,0008,40707000,21.44,17723.0
11-08-105-00512-800500,08,07,0008,40708000,9.0,17339.0
11-08-105-00513-800501,08,07,0009,40709000,9.0,33716.0
11-08-106-00516-800502,08,08,0002,40801000,22.27,50474.0
11-08-106-00518-800503,08,08,0004,40802000,32.03,97795.0
11-08-106-00519-800504,08,08,0005,40803000,10.0,28349.0
11-08-107-00520-800505,08,09,0001,40901000,5.0,20845.0
11-08-107-00522-800506,08,09,0003,40902000,48.0,84861.0
11-08-107-00523-800507,08,09,0004,40903000,35.0,66239.0
11-08-108-00526-077198,08,10,0001,41002000,2.3,8551.0
11-08-108-00526-800508,08,10,0001,41001000,9.55,96845.0
11-08-108-00531-800509,08,10,0006,41003000,59.0,101997.0
11-08-109-00533-800510,08,11,0001,41101000,2.0,16295.0
11-08-109-00534-078281,08,11,0002,41102000,6.98,10109.0
11-08-109-00534-078282,08,11,0002,41103000,3.06,19564.0
11-08-109-00536-800511,08,11,0004,41104000,16.0,61601.0
11-08-109-00537-800512,08,11,0005,41105000,9.42,28249.0
11-08-110-00538-800513,08,12,0001,41201000,20.0,40164.0
11-08-110-00539-800514,08,12,0002,41202000,31.07,17242.0
11-08-110-00540-800515,08,12,0003,41203000,64.0,28174.0
11-08-110-00541-800516,08,12,0004,41204000,22.53,50708.0
11-08-110-00542-800517,08,12,0005,41205000,39.27,27565.0
11-08-110-00542-800518,08,12,0005,41207000,10.24,22293.0
11-08-110-00542-800519,08,12,0005,41208000,10.0,21643.0
11-08-110-00542-800520,08,12,0005,41206000,10.0,10498.0
11-08-110-00545-800521,08,12,0008,41209000,32.59,22092.0
11-08-110-00546-800522,08,12,0008,41210000,552.37964,419778.0
11-08-110-00550-800523,08,12,0013,41211000,13.25,29113.0
11-08-111-00551-800524,08,13,0001,41301000,2.57,28458.0
11-08-111-00551-800525,08,13,0001,41302000,9.06,78462.0
11-08-111-00552-800526,08,13,0002,41303000,16.26,47345.0
11-08-111-00553-800527,08,13,0003,41304000,22.57,185925.0
11-08-111-00554-800528,08,13,0004,41305000,71.23,25361.0
11-08-111-00555-800529,08,13,0005,41306000,4.0,26015.0
11-08-111-00555-800530,08,13,0005,41307000,16.0,28492.0
11-08-111-00555-800531,08,13,0005,41308000,30.0,22932.0
11-08-111-00556-800532,08,13,0006,41309000,20.0,29548.0
11-08-112-00557-800533,08,14,0001,41401000,61.26,57070.0
11-08-112-00558-800534,08,14,0002,41402000,14.5,44675.0
11-08-112-00560-082987,08,14,0004,41404000,18.02,21558.0
11-08-112-00560-800535,08,14,0004,41403000,37.81,93915.0
11-08-112-00560-800536,08,14,0004,41405000,47.93,16017.0
11-08-112-00560-800537,08,14,0004,41406000,62.44,19521.0
11-08-112-00562-800538,08,14,0006,41407000,24.0,40252.0
11-08-112-00563-083491,08,14,0007,41408000,4.63,9838.0
11-08-112-00564-800539,08,14,0008,41409000,16.24,13821.0
11-08-112-00565-800540,08,14,0009,41410000,36.0,91853.0
11-08-112-00566-800541,08,14,0010,41411000,24.52,50587.0
11-08-112-00566-800542,08,14,0010,41412000,35.0,18230.0
11-08-113-00567-800543,08,15,0001,41501000,9.0,44868.0
11-08-113-00570-800544,08,15,0004,41502000,78.6,860818.0
11-08-113-00573-800545,08,15,0007,41503000,10.0,32735.0
11-08-113-00573-800546,08,15,0007,41504000,110.0,38661.0
11-08-114-00574-800547,08,16,0001,41601000,126.27,57537.0
11-08-114-00575-800548,08,16,0002,41602000,8.0,18857.0
11-08-115-00579-800549,08,17,0003,41701000,29.01,61813.0
11-08-115-00582-800550,08,17,0006,41702000,16.0,83591.0
11-08-116-00587-800551,08,18,0003,41801000,16.99,44830.0
11-08-116-00588-800552,08,18,0004,41802000,15.44,39280.0
11-08-116-00590-800553,08,18,0006,41803000,16.0,25884.0
11-08-117-00592-800554,08,19,0001,41901000,4.8,24789.0
11-08-117-00593-800555,08,19,0002,41902000,20.72,35544.0
11-08-117-00594-800556,08,19,0003,41903000,10.0,20765.0
11-08-117-00595-800557,08,19,0004,41904000,21.41,22152.0
11-08-117-00595-800558,08,19,0004,41905000,12.35,47640.0
11-08-118-00597-800559,08,20,0001,42001000,36.23,19328.0
11-08-118-00599-090726,08,20,0003,42003000,9.14,11178.0
11-08-118-00599-800560,08,20,0003,42002000,21.56,38883.0
11-08-118-00601-800561,08,20,0005,42004000,159.0,187641.0
11-08-118-00602-091065,08,20,0006,42005000,13.81,10536.0
11-08-118-00603-800562,08,20,0007,42006000,8.0,12392.0
11-08-118-00603-800563,08,20,0007,42007000,85.52,24413.0
11-08-118-00604-800564,08,20,0008,42008000,24.0,15809.0
11-08-118-00604-800565,08,20,0008,42009000,9.3,31482.0
11-08-118-00605-800566,08,20,0009,42010000,5.0,21024.0
11-08-118-00605-800567,08,20,0009,42011000,8.0,18201.0
11-08-119-00606-800568,08,21,0001,42101000,25.1,116222.0
11-08-119-00607-800569,08,21,0002,42102000,16.34,14791.0
11-08-119-00607-800570,08,21,0002,42103000,218.0,485575.0
11-08-119-00609-800571,08,21,0004,42105000,17.69,125981.0
11-08-119-00610-800572,08,21,0005,42106000,10.0,27695.0
11-08-119-00611-800573,08,21,0006,42107000,22.93,49130.0
11-08-119-00613-800574,08,21,0008,42108000,5.0,16202.0
11-08-119-00614-800575,08,21,0009,42109000,7.0,34135.0
11-08-120-00615-800576,08,22,0001,42201000,45.35,27360.0
11-08-120-00617-092991,08,22,0003,42202000,7.57,6677.0
11-08-120-00617-800577,08,22,0003,42203000,44.76,31365.0
11-08-120-00618-800578,08,22,0004,42204000,60.5,135689.0
11-08-120-00619-800579,08,22,0005,42205000,54.14,21217.0
11-08-120-00620-800580,08,22,0006,42206000,3.75,20026.0
11-08-120-00621-800581,08,22,0007,42207000,4.0,10834.0
11-08-121-00623-800582,08,23,0002,42301000,14.0,15174.0
11-08-121-00624-800583,08,23,0003,42302000,13.39,5265.0
11-08-121-00624-800584,08,23,0003,42303000,25.0,26918.0
11-08-121-00625-800585,08,23,0004,42305000,25.9,21163.0
11-08-121-00625-800586,08,23,0004,42304000,64.0,17784.0
11-08-121-00626-094557,08,23,0005,42307000,6.64,4387.0
11-08-121-00626-800587,08,23,0005,42306000,27.9,88871.0
11-08-122-00627-800588,08,24,0001,42401000,25.0,14123.0
11-08-122-00628-800589,08,24,0002,42402000,12.0,24362.0
11-08-122-00629-800590,08,24,0003,42403000,56.52,27792.0
11-08-122-00633-800591,08,24,0007,42404000,6.0,17073.0
11-08-122-00634-800592,08,24,0008,42405000,118.49,280128.0
11-08-122-00636-800593,08,24,0010,42406000,20.0,18815.0
11-08-122-00637-800594,08,24,0011,42407000,84.0,20169.0
11-08-122-00638-096393,08,24,0012,42408000,13.6,12389.0
11-08-123-00640-800595,08,25,0002,42501000,24.0,16505.0
11-08-123-00641-800596,08,25,0003,42502000,20.0,16672.0
11-08-123-00643-800597,08,25,0005,42503000,55.0,55687.0
11-08-123-00645-800598,08,25,0007,42505000,18.16,37026.0
11-08-124-00646-800599,08,27,0001,42701000,13.24,43108.0
11-08-124-00648-098173,08,27,0003,42703000,10.03,6621.0
11-08-124-00648-800600,08,27,0003,42702000,8.0,31127.0
11-08-125-00651-098875,08,28,0002,42801000,3.97,9947.0
11-08-125-00652-800601,08,28,0003,42802000,16.01,87308.0
11-08-125-00654-800602,08,28,0005,42803000,1.0,10108.0
11-08-126-00657-800603,08,29,0003,42901000,6.62,19335.0
11-08-126-00658-800604,08,29,0004,42902000,21.53,34690.0
11-08-126-00659-800605,08,29,0005,42903000,41.76,96219.0
11-08-126-00660-800606,08,29,0006,42904000,26.75,18663.0
11-08-126-00663-800607,08,29,0009,42905000,5.0,53327.0
11-08-126-00664-800608,08,29,0011,42907000,13.0,15004.0
11-08-127-00667-800609,08,30,0003,43001000,221.36,694316.0
11-08-127-00667-800610,08,30,0003,43003000,17.23,20372.0
11-08-127-00668-102329,08,30,0004,43004000,5.0,10259.0
11-08-127-00668-102330,08,30,0004,43005000,11.19,8589.0
11-08-127-00668-102332,08,30,0004,43006000,2.59,8760.0
11-08-127-00668-102333,08,30,0004,43008000,4.87,14976.0
11-08-127-00668-102334,08,30,0004,43009000,9.52,16992.0
11-08-127-00668-102335,08,30,0004,43010000,4.89,5857.0
11-08-127-00668-800611,08,30,0004,43007000,10.82,30973.0
11-08-127-00669-800612,08,30,0005,43011000,18.07,18649.0
11-08-128-00670-800613,08,31,0001,43101000,27.45,21842.0
11-08-128-00671-800614,08,31,0002,43102000,23.48,26784.0
11-08-128-00672-800615,08,31,0003,43103000,13.88,78665.0
11-08-128-00673-102950,08,31,0004,43104000,2.97,5901.0
11-08-128-00676-800616,08,31,0007,43105000,9.0,22796.0
11-08-128-00677-103778,08,31,0008,43106000,6.0,16027.0
11-08-129-00679-104376,08,32,0002,43203000,5.13,7938.0
11-08-129-00679-800617,08,32,0002,43201000,12.95,48054.0
11-08-129-00679-800618,08,32,0002,43202000,20.17,30103.0
11-08-129-00680-800619,08,32,0003,43204000,2.0,18172.0
11-08-129-00681-104837,08,32,0004,43205000,12.44,9228.0
11-08-129-00682-800620,08,32,0005,43206000,6.2,35695.0
11-08-129-00683-800621,08,32,0006,43207000,7.0,11185.0
11-08-129-00684-105388,08,32,0007,43208000,3.33,7867.0
11-08-130-00685-800622,08,26,0001,42601000,15.0,19648.0
11-08-130-00689-800623,08,26,0005,42602000,56.92,389438.0
11-08-130-00690-800624,08,26,0006,42603000,3.89,16368.0
11-08-130-00690-800625,08,26,0006,42604000,6.0,12618.0
11-08-130-00692-800626,08,26,0008,42606000,4.0,15878.0
11-08-130-00693-107554,08,26,0009,42607000,3.0,6530.0
11-08-130-00693-107555,08,26,0009,42608000,3.0,4669.0
11-08-130-00694-107683,08,26,0010,42609000,1.12,8026.0
11-08-130-00695-107879,08,26,0010,42610000,2.03,6649.0
11-08-131-00696-108047,08,26,0007,42605000,3.56,10493.0
11-08-131-00698-800627,08,29,0010,42906000,7.0,16609.0
11-08-131-00699-800628,08,29,0012,42908000,12.56,35422.0
11-09-132-00701-109208,09,01,0001,40102000,2.0,10281.0
11-09-132-00701-800629,09,01,0001,40101000,1.56,17162.0
11-09-132-00702-109636,09,01,0002,40103000,2.0,9743.0
11-09-132-00702-800630,09,01,0002,40104000,25.75,455754.0
11-09-132-00703-800631,09,01,0003,40105000,0.37,16115.0
11-09-132-00703-800632,09,01,0003,40106000,19.04,16801.0
11-09-132-00703-800633,09,01,0003,40107000,17.98,20715.0
11-09-132-00703-800634,09,01,0003,40108000,1.0,13130.0
11-09-132-00703-800635,09,01,0003,40109000,6.0,53913.0
11-09-132-00703-800636,09,01,0003,40110000,0.98,10501.0
11-09-132-00704-800637,09,01,0004,40113000,7.9,81641.0
11-09-132-00705-800638,09,01,0004,40111000,4.0,16972.0
11-09-132-00705-800639,09,01,0004,40112000,1.5,24844.0
11-09-133-00706-800640,09,02,0001,40201000,4.5,14582.0
11-09-133-00706-800641,09,02,0001,40202000,1.33,17670.0
11-09-133-00706-800642,09,02,0001,40203000,3.11,73011.0
11-09-133-00706-800643,09,02,0001,40204000,5.96,40136.0
11-09-133-00707-800644,09,02,0002,40205000,4.5,13064.0
11-09-133-00707-800645,09,02,0002,40206000,26.23,90055.0
11-09-133-00707-800646,09,02,0002,40207000,22.0,19081.0
11-09-133-00707-800647,09,02,0002,40208000,0.97,12082.0
11-09-133-00707-800648,09,02,0002,40209000,1.11,31161.0
11-09-133-00707-800649,09,02,0002,40210000,4.1,23588.0
11-09-133-00708-800650,09,02,0003,40211000,4.0,23599.0
11-09-133-00708-800651,09,02,0003,40212000,8.75,19610.0
11-09-133-00708-800652,09,02,0003,40213000,12.05,331668.0
11-09-133-00709-800653,09,02,0004,40214000,2.01,15245.0
11-09-133-00709-800654,09,02,0004,40215000,6.9,32950.0
11-09-133-00709-800655,09,02,0004,40216000,2.63,17187.0
11-09-133-00710-111302,09,02,0005,40218000,5.23,10738.0
11-09-133-00710-800656,09,02,0005,40217000,3.76,58622.0
11-09-133-00711-800657,09,02,0005,40219000,2.5,17771.0
11-09-133-00711-800658,09,02,0005,40220000,3.0,15976.0
11-09-133-00711-800659,09,02,0005,40221000,5.04,26086.0
11-09-134-00712-112010,09,03,0001,40303000,0.78,5985.0
11-09-134-00712-800660,09,03,0001,40301000,2.0,18349.0
11-09-134-00712-800661,09,03,0001,40302000,4.3,79025.0
11-09-134-00712-800662,09,03,0001,40304000,1.22,16115.0
11-09-134-00712-800663,09,03,0001,40305000,4.45,55769.0
11-09-134-00713-112563,09,03,0002,40308000,1.46,6365.0
11-09-134-00713-112564,09,03,0002,40309000,0.77,11125.0
11-09-134-00713-800664,09,03,0002,40306000,1.45,19558.0
11-09-134-00713-800665,09,03,0002,40307000,3.65,79346.0
11-09-134-00713-800666,09,03,0002,40310000,3.25,18704.0
11-09-134-00713-800667,09,03,0002,40311000,6.0,17692.0
11-09-134-00714-800668,09,03,0003,40312000,10.34,71350.0
11-09-134-00714-800669,09,03,0003,40313000,19.5,20866.0
11-09-134-00715-800670,09,03,0003,40314000,2.43,24975.0
11-09-134-00715-800671,09,03,0004,40315000,17.56,52880.0
11-09-134-00715-800672,09,03,0004,40316000,3.37,46869.0
11-09-134-00715-800673,09,03,0004,40317000,8.03,44320.0
11-09-134-00715-800674,09,03,0004,40318000,9.71,47575.0
11-09-134-00715-800675,09,03,0004,40319000,11.19,22606.0
11-09-134-00716-800676,09,03,0005,40320000,1.55,33590.0
11-09-134-00716-800677,09,03,0005,40321000,23.4,68287.0
11-09-135-00717-800678,09,04,0001,40401000,8.3,35371.0
11-09-135-00718-800679,09,04,0002,40402000,0.8,23587.0
11-09-135-00718-800680,09,04,0002,40403000,3.36,15294.0
11-09-135-00719-800681,09,04,0002,40404000,3.05,24396.0
11-09-135-00719-800682,09,04,0002,40405000,88.68,641583.0
11-09-135-00720-115652,09,04,0003,40408000,4.64,14204.0
11-09-135-00720-800683,09,04,0003,40406000,1.48,24669.0
11-09-135-00720-800684,09,04,0003,40407000,6.7,30276.0
11-09-135-00721-800685,09,04,0004,40409000,3.39,21373.0
11-09-135-00721-800686,09,04,0004,40410000,15.65,182478.0
11-09-135-00722-800687,09,04,0005,40411000,6.55,30000.0
11-09-135-00722-800688,09,04,0005,40412000,1.84,16711.0
11-09-135-00722-800689,09,04,0005,40413000,8.8,103749.0
11-09-136-00723-800690,09,05,0001,40501000,1.3,15229.0
11-09-136-00723-800691,09,05,0001,40502000,4.4,26149.0
11-09-136-00724-800692,09,05,0001,40503000,9.07,40013.0
11-09-136-00725-800693,09,05,0002,40505000,16.0,35751.0
11-09-136-00725-800694,09,05,0002,40506000,2.7,23871.0
11-09-136-00726-800695,09,05,0003,40504000,20.2,281494.0
11-09-136-00727-800696,09,05,0004,40508000,8.2,32370.0
11-09-136-00728-800697,09,05,0005,40507000,11.8,25576.0
11-09-137-00729-800698,09,06,0001,40601000,4.69,24468.0
11-09-137-00729-800699,09,06,0001,40602000,9.48,26361.0
11-09-137-00729-800700,09,06,0001,40603000,14.2,39790.0
11-09-137-00730-800701,09,06,0002,40604000,2.06,27066.0
11-09-137-00730-800702,09,06,0002,40605000,6.32,165129.0
11-09-137-00730-800703,09,06,0002,40606000,8.26,13326.0
11-09-137-00731-800704,09,06,0003,40607000,9.71,53326.0
11-09-137-00731-800705,09,06,0003,40608000,3.25,18721.0
11-09-138-00732-800706,09,07,0001,40701000,3.0,12609.0
11-09-138-00732-800707,09,07,0001,40702000,14.05,48314.0
11-09-138-00732-800708,09,07,0001,40703000,1.5,10685.0
11-09-138-00732-800709,09,07,0001,40704000,8.0,18035.0
11-09-138-00733-800710,09,07,0002,40705000,4.0,17206.0
11-09-138-00733-800711,09,07,0002,40706000,9.5,10561.0
11-09-138-00733-800712,09,07,0002,40707000,3.06,21249.0
11-09-138-00733-800713,09,07,0002,40708000,6.0,69191.0
11-09-138-00733-800714,09,07,0002,40709000,4.7,17369.0
11-09-138-00733-800715,09,07,0002,40710000,4.0,23614.0
11-09-138-00734-119236,09,07,0003,40713000,2.26,5500.0
11-09-138-00734-119237,09,07,0003,40714000,3.8,4890.0
11-09-138-00734-800716,09,07,0003,40711000,141.89,1068772.0
11-09-138-00734-800717,09,07,0003,40712000,35.69,92944.0
11-09-138-00734-800718,09,07,0003,40715000,4.0,18451.0
11-09-138-00734-800719,09,07,0003,40716000,1.75,12593.0
11-09-139-00735-800720,09,08,0001,40801000,10.0,17798.0
11-09-139-00735-800721,09,08,0001,40802000,3.0,13427.0
11-09-139-00735-800722,09,08,0001,40803000,0.92,13263.0
11-09-139-00735-800723,09,08,0001,40804000,10.36,85708.0
11-09-139-00736-800724,09,08,0002,40805000,2.88,36384.0
11-09-139-00736-800725,09,08,0002,40806000,0.92,12405.0
11-09-139-00736-800726,09,08,0003,40807000,5.2,10112.0
11-09-139-00737-800727,09,08,0003,40808000,1.21,40335.0
11-09-140-00738-119677,09,09,0001,40903000,2.95,10476.0
11-09-140-00738-119678,09,09,0001,40904000,4.0,16235.0
11-09-140-00738-119679,09,09,0001,40908000,6.63,10756.0
11-09-140-00738-800728,09,09,0001,40901000,4.0,9733.0
11-09-140-00738-800729,09,09,0001,40902000,4.0,9921.0
11-09-140-00738-800730,09,09,0001,40905000,16.0,113218.0
11-09-140-00738-800731,09,09,0001,40906000,0.44,11272.0
11-09-140-00738-800732,09,09,0001,40907000,1.6,74151.0
11-09-140-00739-800733,09,09,0002,40911000,6.93,94298.0
11-09-140-00739-800733,09,09,0002,40909000,6.5,120945.0
11-09-140-00739-800733,09,09,0002,40910000,3.28,34044.0
11-09-140-00739-800734,09,09,0002,40912000,144.5,968256.0
11-09-140-00739-800735,09,09,0002,40913000,3.25,24434.0
11-09-140-00740-800736,09,09,0003,40914000,5.4,66907.0
11-09-140-00740-800737,09,09,0003,40915000,14.2,211983.0
11-09-140-00740-800738,09,09,0003,40916000,5.0,5939.0
11-09-140-00741-800739,09,09,0004,40917000,32.0,33847.0
11-09-141-00742-120227,09,10,0001,41001000,90.43,305058.0
11-09-141-00742-120228,09,10,0001,41002000,3.24,10750.0
11-09-141-00742-800740,09,10,0001,41003000,25.0,57416.0
11-09-141-00743-800741,09,10,0002,41004000,10.0,7481.0
11-09-141-00743-800742,09,10,0002,41005000,15.84,11999.0
11-09-141-00744-800743,09,10,0003,41007000,10.37,13046.0
11-09-141-00744-800744,09,10,0003,41008000,10.03,9510.0
11-09-141-00744-800745,09,10,0003,41009000,18.24,27016.0
11-09-142-00745-800746,09,11,0001,41110000,8.78,69867.0
11-09-142-00745-800747,09,10,0003,41006000,10.0,7139.0
11-09-142-00746-800748,09,11,0002,41107000,12.2,20097.0
11-09-142-00746-800749,09,11,0002,41108000,12.22,176425.0
11-09-142-00746-800750,09,11,0002,41109000,2.33,42903.0
11-09-142-00747-800751,09,11,0003,41101000,8.34,9322.0
11-09-142-00747-800752,09,11,0003,41102000,5.17,38999.0
11-09-142-00747-800753,09,11,0003,41103000,1.8,12789.0
11-09-142-00747-800754,09,11,0003,41104000,6.0,13761.0
11-09-142-00748-800755,09,11,0004,41105000,4.35,23795.0
11-09-142-00748-800756,09,11,0004,41106000,14.46,51394.0
11-09-142-00749-800757,09,11,0005,41115000,2.33,34877.0
11-09-142-00749-800758,09,11,0005,41116000,5.44,20407.0
11-09-142-00750-800759,09,11,0006,41112000,8.0,33187.0
11-09-142-00750-800760,09,11,0006,41113000,20.03,17122.0
11-09-142-00750-800761,09,11,0006,41114000,10.0,10903.0
11-09-142-00751-800762,09,11,0007,41111000,10.36,98610.0
11-09-143-00752-800763,09,12,0001,41201000,7.5,16973.0
11-09-143-00752-800764,09,12,0001,41202000,15.45,27667.0
11-09-143-00754-800765,09,12,0003,41204000,16.72,43744.0
11-09-143-00754-800766,09,12,0003,41205000,10.5,20831.0
11-09-143-00755-122709,09,12,0002,41203000,3.0,13752.0
11-09-143-00755-800767,09,12,0004,41206000,15.4,11582.0
11-09-143-00755-800768,09,12,0004,41207000,40.43,669087.0
11-09-143-00755-800769,09,12,0004,41208000,17.62,17451.0
11-09-143-00755-800770,09,12,0004,41209000,7.0,10589.0
11-09-143-00755-800771,09,12,0004,41210000,12.62,9719.0
11-09-143-00755-800772,09,12,0004,41211000,17.47,5947.0
11-09-143-00756-800773,09,12,0005,41212000,3.0,11891.0
11-09-143-00756-800774,09,12,0005,41213000,13.5,5461.0
11-09-144-00757-800775,09,13,0001,41301000,0.19,15258.0
11-09-144-00758-800776,09,13,0002,41302000,2.83,37938.0
11-09-144-00758-800777,09,13,0002,41303000,17.8,16146.0
11-09-144-00758-800778,09,13,0002,41304000,3.9,5533.0
11-09-144-00759-800779,09,13,0003,41305000,10.42,11985.0
11-09-144-00759-800780,09,13,0003,41306000,8.33,126355.0
11-09-144-00759-800781,09,13,0003,41307000,1.14,11556.0
11-09-144-00760-800782,09,13,0004,41308000,0.93,31742.0
11-09-144-00760-800783,09,13,0004,41309000,3.0,7967.0
11-09-145-00761-800784,09,14,0001,41401000,3.0,45721.0
11-09-145-00761-800785,09,14,0001,41402000,5.0,9960.0
11-09-145-00761-800786,09,14,0001,41403000,8.73,9260.0
11-09-145-00761-800787,09,14,0001,41404000,1.12,20273.0
11-09-145-00761-800788,09,14,0001,41405000,1.25,9851.0
11-09-145-00762-800789,09,14,0002,41406000,4.0,7049.0
11-09-145-00763-800790,09,14,0002,41407000,5.0,18032.0
11-09-145-00763-800791,09,14,0003,41416000,1.47,4021.0
11-09-145-00763-800792,09,14,0003,41417000,2.01,8576.0
11-09-145-00763-800793,09,14,0003,41418000,1.37,9684.0
11-09-145-00764-124460,09,14,0003,41414000,2.87,8758.0
11-09-145-00764-124461,09,14,0003,41415000,11.75,14718.0
11-09-145-00764-800794,09,14,0003,41419000,1.0,8201.0
11-09-145-00764-800795,09,14,0003,41408000,2.25,56692.0
11-09-145-00764-800796,09,14,0003,41409000,4.0,5932.0
11-09-145-00764-800797,09,14,0003,41410000,12.45,18494.0
11-09-145-00764-800798,09,14,0003,41411000,0.14,8486.0
11-09-145-00764-800799,09,14,0003,41412000,9.37,302770.0
11-09-145-00764-800800,09,14,0003,41413000,12.44,20545.0
11-09-146-00765-800801,09,15,0001,41501000,2.59,19423.0
11-09-146-00766-124697,09,15,0002,41506000,2.0,9921.0
11-09-146-00766-124698,09,15,0002,41507000,4.37,23573.0
11-09-146-00766-124699,09,15,0002,41508000,2.01,9660.0
11-09-146-00766-800802,09,15,0002,41502000,8.55,3326.0
11-09-146-00766-800803,09,15,0002,41503000,0.31,1911.0
11-09-146-00766-800804,09,15,0002,41504000,120.57,1275134.0
11-09-146-00766-800805,09,15,0002,41505000,11.56,50968.0
11-09-146-00767-800806,09,15,0003,41509000,1.58,20004.0
11-09-146-00767-800807,09,15,0003,41510000,3.14,18943.0
11-09-146-00767-800808,09,15,0003,41511000,8.0,28804.0
11-09-146-00768-800809,09,15,0004,41512000,13.0,9695.0
11-09-146-00768-800810,09,15,0004,41513000,3.0,17905.0
11-09-146-00769-800811,09,15,0005,41514000,4.0,27338.0
11-09-146-00769-800812,09,15,0005,41515000,1.86,19468.0
11-09-146-00770-800813,09,15,0006,41516000,0.7,17049.0
11-09-146-00770-800814,09,15,0006,41517000,3.64,14587.0
11-09-147-00771-125502,09,16,0001,41604000,6.52,9275.0
11-09-147-00771-125503,09,16,0001,41605000,1.63,4843.0
11-09-147-00771-800815,09,16,0001,41603000,7.09,40458.0
11-09-147-00772-800816,09,16,0002,41607000,25.38,397606.0
11-09-147-00772-800816,09,16,0002,41606000,4.38,35260.0
11-09-147-00773-800817,09,16,0003,41601000,6.39,6761.0
11-09-147-00773-800818,09,16,0003,41602000,11.02,11977.0
11-09-147-00774-800819,09,16,0004,41608000,10.36,88161.0
11-09-147-00774-800820,09,16,0004,41609000,0.78,28212.0
11-09-148-00775-800821,09,18,0001,41801000,16.1,20682.0
11-09-148-00775-800822,09,18,0001,41802000,4.0,4946.0
11-09-148-00775-800823,09,18,0001,41803000,13.0,12111.0
11-09-148-00775-800824,09,18,0001,41804000,10.0,104851.0
11-09-148-00776-800825,09,18,0002,41809000,9.58,24514.0
11-09-148-00777-800826,09,18,0003,41805000,4.34,26805.0
11-09-148-00777-800827,09,18,0003,41806000,12.0,21058.0
11-09-148-00777-800828,09,18,0003,41807000,11.0,9215.0
11-09-148-00777-800829,09,18,0003,41808000,19.0,8911.0
11-09-149-00778-800830,09,19,0001,41901000,3.5,7750.0
11-09-149-00778-800831,09,19,0001,41902000,4.0,14451.0
11-09-149-00778-800832,09,19,0001,41903000,9.0,19108.0
11-09-149-00779-800833,09,19,0002,41904000,20.0,26066.0
11-09-149-00779-800834,09,19,0002,41905000,15.0,10042.0
11-09-149-00779-800835,09,19,0002,41906000,10.75,6238.0
11-09-149-00779-800836,09,19,0002,41907000,5.74,28398.0
11-09-149-00779-800837,09,19,0002,41908000,4.35,13722.0
11-09-149-00779-800838,09,19,0002,41909000,10.21,17423.0
11-09-149-00780-800839,09,19,0003,41910000,10.0,7118.0
11-09-149-00780-800840,09,19,0003,41911000,13.6,23563.0
11-09-149-00781-800841,09,19,0004,41912000,7.5,58184.0
11-09-149-00782-800842,09,19,0005,41913000,7.9,7835.0
11-09-149-00782-800843,09,19,0005,41914000,6.51,51051.0
11-09-149-00782-800844,09,19,0005,41915000,4.39,148029.0
11-09-149-00782-800845,09,19,0005,41916000,10.0,6760.0
11-09-149-00782-800846,09,19,0005,41917000,16.68,4888.0
11-09-149-00782-800847,09,19,0005,41918000,9.8,8813.0
11-09-149-00783-800848,09,19,0006,41919000,2.59,32390.0
11-09-149-00783-800849,09,19,0006,41920000,17.5,20722.0
11-09-149-00783-800850,09,19,0006,41921000,0.49,21685.0
11-09-149-00783-800851,09,19,0006,41922000,15.19,10709.0
11-09-149-00783-800852,09,19,0006,41923000,10.5,12191.0
11-09-150-00784-800853,09,20,0001,42001000,5.98,58492.0
11-09-150-00784-800854,09,20,0001,42002000,10.34,6773.0
11-09-150-00784-800855,09,20,0001,42003000,1.9,17508.0
11-09-150-00784-800856,09,20,0001,42004000,1.22,17462.0
11-09-150-00784-800857,09,20,0001,42005000,6.37,12651.0
11-09-150-00785-800858,09,20,0002,42006000,6.8,20684.0
11-09-150-00785-800859,09,20,0002,42007000,4.03,13336.0
11-09-150-00785-800860,09,20,0002,42008000,4.5,20800.0
11-09-150-00785-800861,09,20,0002,42009000,3.4,13898.0
11-09-150-00786-800862,09,20,0003,42021000,3.56,12988.0
11-09-150-00786-800863,09,20,0003,42022000,10.36,45268.0
11-09-150-00786-800864,09,20,0003,42023000,2.2,19023.0
11-09-150-00787-130476,09,20,0004,42011000,2.35,7964.0
11-09-150-00787-130477,09,20,0004,42014000,2.48,9626.0
11-09-150-00787-800865,09,20,0004,42010000,3.5,20493.0
11-09-150-00787-800866,09,20,0004,42012000,106.43,720315.0
11-09-150-00787-800867,09,20,0004,42013000,17.12,28038.0
11-09-150-00787-800868,09,20,0004,42015000,3.6,19251.0
11-09-150-00787-800869,09,20,0004,42016000,10.0,14037.0
11-09-150-00788-800870,09,20,0005,42017000,6.1,13387.0
11-09-150-00788-800871,09,20,0005,42018000,2.05,30606.0
11-09-150-00789-800872,09,20,0006,42019000,2.4,7711.0
11-09-150-00789-800873,09,20,0006,42020000,7.93,61139.0
11-09-151-00790-800874,09,21,0001,42101000,1.0,6497.0
11-09-151-00790-800875,09,21,0001,42102000,2.0,19775.0
11-09-151-00790-800876,09,21,0001,42103000,3.05,12421.0
11-09-151-00790-800877,09,21,0001,42104000,9.97,124245.0
11-09-151-00791-800878,09,21,0002,42107000,2.25,9903.0
11-09-151-00791-800879,09,21,0002,42108000,4.6,60681.0
11-09-151-00791-800880,09,21,0002,42109000,2.2,13472.0
11-09-151-00792-800881,09,21,0003,42105000,7.82,9997.0
11-09-151-00792-800882,09,21,0003,42106000,4.0,37233.0
11-09-152-00793-800883,09,22,0001,42204000,0.92,14220.0
11-09-152-00793-800884,09,22,0001,42205000,14.99,23406.0
11-09-152-00794-800885,09,22,0002,42201000,0.56,11852.0
11-09-152-00794-800886,09,22,0002,42202000,4.0,26367.0
11-09-152-00794-800887,09,22,0002,42203000,3.48,52911.0
11-09-152-00795-800888,09,22,0003,42206000,14.64,10495.0
11-09-152-00795-800889,09,22,0003,42207000,12.41,301393.0
11-09-152-00795-800890,09,22,0003,42208000,9.74,20492.0
11-09-152-00795-800891,09,22,0003,42209000,3.25,21306.0
11-09-152-00796-800892,09,22,0004,42210000,5.66,31131.0
11-09-152-00796-800893,09,22,0004,42211000,1.72,11953.0
11-09-153-00797-800894,09,23,0001,42302000,6.89,17105.0
11-09-153-00798-800895,09,23,0001,42301000,12.0,35029.0
11-09-153-00799-800896,09,23,0002,42303000,3.5,12791.0
11-09-153-00799-800897,09,23,0002,42304000,10.88,53842.0
11-09-153-00800-800898,09,23,0003,42305000,7.25,38451.0
11-09-153-00800-800899,09,23,0003,42306000,1.8,11808.0
11-09-153-00801-800900,09,23,0004,42307000,6.99,121486.0
11-09-153-00801-800901,09,23,0004,42308000,5.0,25044.0
11-09-153-00801-800902,09,23,0004,42309000,5.4,11079.0
11-09-153-00802-800903,09,23,0005,42310000,6.5,18902.0
11-09-154-00803-800904,09,24,0001,42407000,4.25,18411.0
11-09-154-00803-800905,09,24,0001,42408000,8.0,15365.0
11-09-154-00804-800906,09,24,0002,42404000,5.71,38386.0
11-09-154-00804-800907,09,24,0002,42405000,25.9,151908.0
11-09-154-00804-800908,09,24,0002,42406000,4.09,17968.0
11-09-154-00805-800909,09,24,0003,42401000,12.98,50092.0
11-09-154-00805-800910,09,24,0003,42402000,5.37,19684.0
11-09-154-00806-800911,09,24,0004,42403000,7.77,48234.0
11-09-154-00807-800912,09,24,0005,42410000,8.9,41920.0
11-09-154-00807-800913,09,24,0005,42411000,1.71,11181.0
11-09-154-00808-800914,09,24,0006,42409000,12.0,19539.0
11-09-155-00809-800915,09,25,0001,42501000,10.36,67751.0
11-09-155-00809-800916,09,25,0001,42502000,10.36,27545.0
11-09-155-00810-800917,09,25,0002,42505000,5.7,15527.0
11-09-155-00811-800918,09,25,0003,42503000,2.42,12615.0
11-09-155-00811-800919,09,25,0003,42504000,6.42,112486.0
11-09-155-00812-800920,09,25,0004,42506000,9.0,23234.0
11-09-155-00812-800921,09,25,0004,42507000,5.18,25292.0
11-09-155-00812-800922,09,25,0004,42508000,4.0,9863.0
11-09-155-00812-800923,09,25,0004,42509000,11.43,31860.0
11-09-155-00812-800924,09,25,0004,42510000,3.75,5652.0
11-09-155-00813-800925,09,25,0005,42511000,6.6,13509.0
11-09-155-00813-800926,09,25,0005,42512000,1.75,9505.0
11-09-155-00813-800927,09,25,0005,42513000,10.0,48899.0
11-09-156-00814-800928,09,26,0001,42601000,5.0,9372.0
11-09-156-00814-800929,09,26,0001,42602000,1.28,31871.0
11-09-156-00814-800930,09,26,0001,42603000,2.5,5417.0
11-09-156-00814-800931,09,26,0001,42604000,3.0,6350.0
11-09-156-00814-800932,09,26,0001,42605000,8.5,22378.0
11-09-156-00814-800933,09,26,0001,42606000,4.27,5854.0
11-09-156-00815-800934,09,26,0002,42607000,4.0,5662.0
11-09-156-00815-800935,09,26,0002,42608000,2.24,6917.0
11-09-156-00815-800936,09,26,0002,42609000,0.91,7236.0
11-09-156-00815-800937,09,26,0002,42610000,4.0,13547.0
11-09-156-00815-800938,09,26,0002,42611000,3.0,7119.0
11-09-156-00815-800939,09,26,0002,42612000,3.0,9840.0
11-09-156-00816-142396,09,26,0003,42615000,8.0,16720.0
11-09-156-00816-800940,09,26,0003,42613000,21.2,144662.0
11-09-156-00816-800941,09,26,0003,42614000,4.91,70803.0
11-09-156-00817-800942,09,26,0004,42616000,3.74,21271.0
11-09-156-00817-800943,09,26,0004,42617000,4.0,14063.0
11-09-156-00818-800944,09,26,0005,42618000,0.23,6294.0
11-09-156-00818-800945,09,26,0005,42619000,0.42,6167.0
11-09-157-00819-800946,09,27,0001,42703000,6.24,15808.0
11-09-157-00820-800947,09,27,0002,42701000,4.06,6967.0
11-09-157-00820-800948,09,27,0002,42702000,0.9,6249.0
11-09-157-00821-800950,09,27,0003,42704000,0.67,16860.0
11-09-157-00821-800951,09,27,0003,42705000,310.1,2185927.0
11-09-157-00821-800952,09,27,0003,42706000,27.4,59582.0
11-09-157-00822-800953,09,27,0004,42707000,5.9,8987.0
11-09-157-00822-800954,09,27,0004,42708000,2.4,11360.0
11-09-157-00822-800955,09,27,0004,42709000,6.8,9221.0
11-09-158-00823-800956,09,28,0001,42801000,2.34,11893.0
11-09-158-00823-800957,09,28,0001,42802000,3.11,6015.0
11-09-158-00824-800958,09,28,0002,42803000,0.8,24363.0
11-09-158-00825-800959,09,28,0003,42806000,50.12,169333.0
11-09-158-00826-800960,09,28,0004,42807000,4.12,21142.0
11-09-158-00827-800961,09,28,0005,42808000,8.38,9036.0
11-09-158-00828-800962,09,28,0006,42809000,1.65,9288.0
11-09-158-00829-800963,09,28,0007,42804000,3.0,9739.0
11-09-158-00829-800964,09,28,0007,42805000,1.64,13189.0
11-09-159-00830-800965,09,29,0001,42901000,2.88,8557.0
11-09-159-00830-800966,09,29,0001,42902000,2.12,31150.0
11-09-159-00830-800967,09,29,0001,42903000,4.0,23596.0
11-09-159-00832-800968,09,29,0003,42904000,19.11,228333.0
11-09-159-00832-800969,09,29,0003,42905000,4.29,14664.0
11-09-159-00832-800970,09,29,0003,42906000,9.4,20600.0
11-09-159-00832-800971,09,29,0003,42907000,2.59,14644.0
11-09-160-00833-800972,09,30,0001,43001000,20.54,25327.0
11-09-160-00833-800973,09,30,0001,43002000,12.0,35597.0
11-09-160-00833-800974,09,30,0001,43003000,2.0,7566.0
11-09-160-00833-800975,09,30,0001,43004000,20.0,50268.0
11-09-160-00833-800976,09,30,0001,43005000,10.0,10893.0
11-09-160-00833-800977,09,30,0001,43006000,4.01,10363.0
11-09-160-00834-800978,09,30,0002,43007000,14.9,71727.0
11-09-160-00835-800979,09,30,0003,43008000,6.26,20231.0
11-09-161-00836-800980,09,31,0001,43101000,5.76,25333.0
11-09-161-00838-800981,09,31,0003,43102000,40.94,210453.0
11-09-161-00838-800982,09,31,0003,43103000,3.0,9965.0
11-09-161-00839-800983,09,31,0004,43104000,6.0,38779.0
11-09-161-00839-800984,09,31,0004,43105000,2.24,13082.0
11-09-161-00839-800985,09,31,0004,43106000,2.87,10470.0
11-09-162-00841-800986,09,32,0001,43201000,10.0,24789.0
11-09-162-00841-800987,09,32,0001,43202000,6.0,8361.0
11-09-162-00842-800988,09,32,0002,43203000,5.0,24549.0
11-09-162-00842-800989,09,32,0002,43204000,8.0,10593.0
11-09-162-00842-800990,09,32,0002,43205000,5.0,15340.0
11-09-162-00842-800991,09,32,0002,43206000,3.25,20595.0
11-09-162-00842-800992,09,32,0002,43207000,9.0,64740.0
11-09-163-00844-800994,09,33,0002,43301000,5.88,20433.0
11-09-163-00845-800996,09,33,0003,43302000,4.0,7845.0
11-09-163-00845-800997,09,33,0003,43303000,5.0,14448.0
11-09-163-00845-800998,09,33,0003,43304000,5.0,17379.0
11-09-163-00846-149674,09,33,0004,43308000,8.5,7740.0
11-09-163-00846-800999,09,33,0004,43306000,9.5,8937.0
11-09-163-00846-801000,09,33,0004,43307000,15.0,20107.0
11-09-163-00847-801001,09,33,0005,43305000,5.25,10878.0
11-09-164-00848-150291,09,34,0001,43403000,1.92,8381.0
11-09-164-00848-801002,09,34,0001,43401000,6.0,18067.0
11-09-164-00848-801003,09,34,0001,43402000,4.49,10218.0
11-09-164-00849-150571,09,34,0002,43407000,5.21,8581.0
11-09-164-00849-150572,09,34,0002,43408000,4.66,29783.0
11-09-164-00849-150573,09,34,0002,43409000,6.29,20584.0
11-09-164-00849-801004,09,34,0002,43404000,8.68,9652.0
11-09-164-00849-801005,09,34,0002,43405000,266.74,2555811.0
11-09-164-00849-801006,09,34,0002,43406000,17.19,100796.0
11-09-164-00850-801007,09,34,0003,43410000,4.0,35638.0
11-09-165-00851-801008,09,35,0001,43501000,7.0,10619.0
11-09-165-00851-801009,09,35,0001,43502000,2.5,8810.0
11-09-165-00851-801010,09,35,0001,43503000,55.45,10082.0
11-09-165-00852-801011,09,35,0002,43504000,36.0,50057.0
11-09-165-00853-801012,09,35,0003,43505000,10.45,42893.0
11-09-165-00853-801013,09,35,0003,43506000,5.7,12654.0
11-09-165-00854-801014,09,35,0004,43507000,20.29,139318.0
11-09-165-00854-801015,09,35,0004,43508000,3.1,8075.0
11-09-165-00855-801016,09,35,0005,43509000,4.66,50844.0
11-09-165-00855-801017,09,35,0005,43510000,5.0,7174.0
11-09-166-00856-801018,09,36,0001,43601000,14.3,20217.0
11-09-166-00856-801019,09,36,0001,43602000,2.27,13033.0
11-09-166-00856-801020,09,36,0001,43603000,3.83,14090.0
11-09-166-00857-801021,09,36,0002,43604000,2.0,8524.0
11-09-166-00857-801022,09,36,0002,43605000,2.64,22940.0
11-09-166-00857-801023,09,36,0002,43606000,3.39,8739.0
11-09-166-00858-801024,09,36,0003,43607000,5.8,10104.0
11-09-166-00859-801025,09,36,0004,43608000,5.53,50882.0
11-09-166-00859-801026,09,36,0004,43609000,1.61,18033.0
11-09-166-00859-801027,09,36,0004,43610000,0.5,6393.0
11-09-166-00860-152869,09,36,0005,43612000,5.8,6865.0
11-09-166-00860-152870,09,36,0005,43617000,18.11,12241.0
11-09-166-00860-801028,09,36,0005,43611000,5.98,22090.0
11-09-166-00860-801029,09,36,0005,43613000,5.5,8039.0
11-09-166-00860-801030,09,36,0005,43614000,46.32,426198.0
11-09-166-00860-801031,09,36,0005,43615000,19.43,18582.0
11-09-166-00860-801032,09,36,0005,43616000,6.8,15498.0
11-09-166-00860-801033,09,36,0005,43618000,13.7,29292.0
11-09-167-00861-801034,09,37,0001,43701000,2.0,12665.0
11-09-167-00862-801035,09,37,0002,43702000,17.35,111892.0
11-09-167-00862-801036,09,37,0002,43703000,1.0,8719.0
11-09-167-00863-801037,09,37,0003,43704000,1.28,8668.0
11-09-168-00864-801038,09,38,0001,43801000,1.07,11480.0
11-09-168-00864-801039,09,38,0001,43802000,13.3,32046.0
11-09-168-00864-801040,09,38,0001,43803000,6.05,24661.0
11-09-168-00865-801042,09,38,0002,43806000,6.28,55950.0
11-09-168-00866-801041,09,38,0002,43805000,1.35,7087.0
11-09-168-00866-801043,09,38,0002,43804000,6.12,7854.0
11-09-168-00867-801044,09,38,0003,43807000,6.34,34730.0
11-09-169-00868-801045,09,39,0001,43903000,26.2,17442.0
11-09-169-00869-801046,09,39,0002,43901000,8.52,13471.0
11-09-169-00869-801047,09,39,0002,43902000,7.77,23940.0
11-09-169-00870-801048,09,39,0003,43904000,12.15,78782.0
11-09-169-00870-801049,09,39,0003,43905000,10.0,21260.0
11-09-170-00871-801050,09,40,0001,44001000,3.0,8278.0
11-09-170-00871-801051,09,40,0001,44002000,16.29,139436.0
11-09-170-00871-801052,09,40,0001,44003000,1.04,9543.0
11-09-170-00872-801053,09,40,0002,44004000,5.0,14499.0
11-09-170-00873-801054,09,40,0003,44005000,3.0,6205.0
11-09-170-00873-801055,09,40,0003,44006000,4.3,10561.0
11-09-170-00873-801056,09,40,0003,44007000,10.0,42384.0
11-09-170-00874-801057,09,40,0004,44008000,2.0,13112.0
11-09-171-00875-801058,09,41,0001,44102000,3.57,14916.0
11-09-171-00875-801059,09,41,0001,44103000,7.77,48892.0
11-09-171-00876-801060,09,41,0002,44101000,0.45,12752.0
11-09-172-00877-801061,09,42,0001,44201000,3.13,24200.0
11-09-172-00877-801062,09,42,0001,44202000,10.36,34200.0
11-09-172-00878-801063,09,42,0002,44203000,0.95,9318.0
11-09-172-00878-801064,09,42,0002,44204000,56.98,152078.0
11-09-172-00879-801065,09,42,0003,44205000,3.35,12021.0
11-09-172-00879-801066,09,42,0003,44206000,8.0,5933.0
11-09-173-00881-801068,09,43,0002,44306000,6.16,13469.0
11-09-173-00881-801069,09,43,0002,44307000,10.01,22311.0
11-09-173-00882-801070,09,43,0003,44301000,3.1,7708.0
11-09-173-00882-801071,09,43,0003,44302000,12.2,71999.0
11-09-173-00882-801072,09,43,0003,44303000,7.53,12411.0
11-09-173-00882-801073,09,43,0003,44304000,2.17,7860.0
11-09-173-00883-801074,09,43,0004,44305000,11.2,8797.0
11-09-174-00885-801075,09,44,0001,44401000,16.31,14432.0
11-09-174-00885-801076,09,44,0001,44402000,12.1,12203.0
11-09-174-00886-801077,09,44,0002,44403000,1.44,14148.0
11-09-174-00886-801078,09,44,0002,44404000,0.53,12754.0
11-09-174-00887-801079,09,44,0003,44405000,1.38,14774.0
11-09-174-00887-801080,09,44,0003,44406000,4.34,7727.0
11-09-174-00887-801081,09,44,0003,44407000,1.89,15747.0
11-09-175-00888-801082,09,45,0001,44501000,12.33,17976.0
11-09-175-00888-801083,09,45,0001,44502000,12.66,22992.0
11-09-175-00889-161736,09,45,0002,44506000,1.78,16322.0
11-09-175-00889-801084,09,45,0002,44505000,5.05,13644.0
11-09-175-00889-801085,09,45,0002,44507000,2.62,20986.0
11-09-175-00890-801086,09,45,0003,44503000,63.38,1018092.0
11-09-175-00890-801087,09,45,0003,44504000,18.31,24137.0
11-09-175-00891-801088,09,45,0004,44512000,2.94,13102.0
11-09-175-00892-162518,09,45,0005,44511000,0.5,4217.0
11-09-175-00893-801089,09,45,0006,44508000,5.42,16439.0
11-09-175-00894-801090,09,45,0007,44509000,1.73,11492.0
11-09-175-00894-801091,09,45,0007,44510000,5.0,15244.0
11-09-175-00895-801092,09,45,0008,44513000,7.0,12142.0
11-09-176-00896-801093,09,46,0001,44601000,6.5,29981.0
11-09-176-00897-801094,09,46,0002,44602000,5.22,12356.0
11-09-176-00898-801095,09,46,0003,44603000,0.83,12822.0
11-09-176-00898-801096,09,46,0003,44604000,4.34,75676.0
11-09-176-00898-801097,09,46,0003,44605000,4.33,17011.0
11-09-176-00898-801098,09,46,0003,44606000,2.0,10132.0
11-09-176-00898-801099,09,46,0003,44607000,3.0,30639.0
11-09-176-00899-801100,09,46,0004,44609000,5.0,8259.0
11-09-176-00900-801101,09,46,0005,44610000,6.33,15667.0
11-09-176-00901-801102,09,46,0006,44611000,4.87,10827.0
11-09-176-00901-801103,09,46,0006,44612000,4.84,14052.0
11-09-177-00902-801105,09,47,0001,44701000,23.0,36776.0
11-09-177-00904-801106,09,47,0003,44702000,3.0,11382.0
11-09-177-00905-801107,09,47,0004,44703000,19.68,14040.0
11-09-177-00905-801108,09,47,0004,44704000,33.47,144705.0
11-09-177-00905-801109,09,47,0004,44705000,10.24,49417.0
11-09-177-00905-801110,09,47,0004,44706000,3.0,12590.0
11-09-177-00906-801111,09,47,0005,44707000,9.83,12363.0
11-09-178-00907-167328,09,48,0001,44804000,0.63,5415.0
11-09-178-00907-801112,09,48,0001,44801000,3.0,11348.0
11-09-178-00907-801113,09,48,0001,44803000,10.46,83467.0
11-09-178-00907-801114,09,48,0001,44805000,5.0,13438.0
11-09-178-00909-801115,09,48,0003,44807000,1.24,29636.0
11-09-178-00910-801116,09,48,0004,44806000,5.0,33906.0
11-09-179-00912-801117,09,49,0001,44901000,12.0,7366.0
11-09-179-00914-169575,09,49,0003,44903000,3.01,6056.0
11-09-179-00914-801118,09,49,0003,44902000,0.72,12836.0
11-09-179-00915-801119,09,49,0004,44904000,12.01,100065.0
11-09-179-00917-801120,09,49,0005,44907000,5.0,7277.0
11-09-179-00918-801121,09,49,0006,44905000,4.64,11864.0
11-09-179-00918-801122,09,49,0006,44906000,0.76,6794.0
11-09-180-00919-801123,09,50,0001,45001000,4.23,42773.0
11-09-180-00921-801124,09,50,0003,45002000,7.55,11122.0
11-09-180-00921-801125,09,50,0003,45003000,13.3,168323.0
11-09-180-00922-801126,09,50,0004,45004000,10.0,15780.0
11-09-181-00923-801127,09,51,0001,45101000,5.5,20415.0
11-09-181-00924-801128,09,51,0002,45102000,0.72,12941.0
11-09-182-00925-801129,09,52,0001,45201000,36.14,72501.0
11-09-182-00926-801130,09,52,0002,45202000,2.06,21243.0
11-09-182-00926-801131,09,52,0002,45203000,3.0,14334.0
11-09-182-00927-801132,09,52,0003,45204000,4.86,27502.0
11-09-183-00928-801133,09,53,0001,45301000,1.0,8906.0
11-09-183-00928-801134,09,53,0001,45302000,15.0,120301.0
11-09-183-00929-801135,09,53,0002,45303000,0.32,6428.0
11-09-183-00929-801136,09,53,0002,45304000,1.79,24142.0
11-09-183-00930-801137,09,53,0003,45305000,3.51,16096.0
11-09-183-00931-175980,09,53,0004,45307000,5.0,9552.0
11-09-183-00931-801138,09,53,0004,45306000,7.0,8894.0
11-09-184-00932-801139,09,54,0001,45401000,6.0,11824.0
11-09-184-00932-801140,09,54,0001,45402000,2.75,8335.0
11-09-184-00933-801141,09,54,0002,45403000,9.0,21931.0
11-09-184-00934-801143,09,54,0003,45404000,12.07,35711.0
11-09-185-00938-801145,09,55,0002,45501000,34.0,8384.0
11-09-185-00939-801147,09,55,0003,45502000,19.43,107601.0
11-09-186-00941-801148,09,56,0001,45601000,3.0,24662.0
11-09-186-00942-182984,09,56,0002,45602000,2.0,11231.0
11-09-186-00942-801149,09,56,0002,45603000,7.04,39559.0
11-09-186-00942-801150,09,56,0002,45604000,4.0,15850.0
11-09-186-00943-801151,09,56,0003,45605000,3.0,9249.0
11-09-187-00944-801152,09,57,0001,45701000,8.51,29302.0
11-09-187-00945-801153,09,57,0002,45702000,6.57,15498.0
11-09-187-00945-801154,09,57,0002,45703000,8.0,18920.0
11-09-187-00946-801155,09,57,0003,45706000,4.0,10214.0
11-09-187-00947-801156,09,57,0004,45704000,10.0,10318.0
11-09-187-00947-801157,09,57,0004,45705000,18.0,26348.0
11-09-188-00948-801158,09,58,0001,45801000,6.0,11398.0
11-09-188-00949-801159,09,58,0002,45802000,16.85,25107.0
11-09-188-00950-185905,09,58,0003,45804000,1.12,9592.0
11-09-188-00950-801160,09,58,0003,45803000,141.01,622701.0
11-09-188-00950-801161,09,58,0003,45805000,8.0,14829.0
11-09-188-00951-801162,09,58,0004,45806000,6.0,11228.0
11-09-188-00952-801163,09,58,0005,45807000,7.0,14074.0
11-09-188-00954-801164,09,58,0007,45808000,4.0,10617.0
11-09-188-00954-801165,09,58,0007,45809000,10.0,19045.0
11-09-189-00955-801166,09,59,0001,45901000,19.5,14254.0
11-09-189-00955-801167,09,59,0001,45902000,7.04,44383.0
11-09-189-00956-801168,09,59,0002,45903000,9.0,13330.0
11-09-189-00956-801169,09,59,0002,45904000,5.0,11494.0
11-09-189-00956-801170,09,59,0002,45905000,7.34,11254.0
11-09-189-00957-801171,09,59,0003,45906000,21.0,17983.0
11-09-189-00958-801172,09,59,0004,45907000,8.0,19825.0
11-09-190-00959-801173,09,60,0001,46001000,2.04,6201.0
11-09-190-00959-801174,09,60,0001,46002000,16.7,9586.0
11-09-190-00959-801175,09,60,0001,46003000,16.19,104227.0
11-09-190-00960-801176,09,60,0002,46004000,20.05,26683.0
11-09-190-00961-801177,09,60,0003,46005000,9.0,35285.0
11-09-190-00962-801178,09,60,0004,46006000,6.0,14278.0
11-09-190-00962-801179,09,60,0004,46007000,12.2,17235.0
11-09-190-00962-801180,09,60,0004,46008000,4.23,16924.0
11-09-190-00962-801181,09,60,0004,46009000,10.0,25363.0
11-09-190-00963-801182,09,60,0005,46010000,4.0,12523.0
11-09-191-00964-801183,09,61,0001,46101000,0.52,11281.0
11-09-191-00965-801184,09,61,0002,46102000,11.5,6855.0
11-09-191-00965-801185,09,61,0002,46103000,1.49,11888.0
11-09-191-00965-801186,09,61,0002,46104000,1.8,10305.0
11-09-191-00965-801187,09,61,0002,46105000,3.13,11049.0
11-09-191-00966-194086,09,61,0003,46106000,0.5,6419.0
11-09-191-00966-194087,09,61,0003,46108000,3.19,21897.0
11-09-191-00966-194088,09,61,0003,46109000,4.0,6170.0
11-09-191-00966-801188,09,61,0003,46107000,1.95,56892.0
11-09-191-00966-801189,09,61,0003,46110000,12.71,93521.0
11-09-191-00967-801190,09,61,0004,46111000,1.84,12070.0
11-09-191-00967-801191,09,61,0004,46112000,1.86,15415.0
11-09-191-00968-801192,09,61,0005,46113000,5.5,8292.0
11-09-191-00969-801193,09,61,0006,46114000,2.99,11926.0
11-09-191-00970-801194,09,61,0007,46115000,4.67,13321.0
11-09-192-00971-801195,09,62,0001,46201000,5.0,10248.0
11-09-192-00971-801196,09,62,0001,46202000,6.1,4760.0
11-09-192-00971-801197,09,62,0001,46203000,11.0,35903.0
11-09-192-00973-197190,09,62,0003,46207000,6.0,11947.0
11-09-192-00973-801198,09,62,0003,46204000,7.7,30762.0
11-09-192-00973-801199,09,62,0003,46205000,4.86,11977.0
11-09-192-00973-801200,09,62,0003,46206000,25.61,212657.0
11-09-192-00974-197679,09,62,0004,46209000,1.2,12055.0
11-09-192-00974-801201,09,62,0004,46208000,3.81,30060.0
11-09-193-00975-801202,09,63,0001,46301000,0.38,17234.0
11-09-193-00976-801203,09,63,0002,46302000,3.31,21783.0
11-09-193-00977-801204,09,63,0003,46304000,6.0,29238.0
11-09-193-00978-801205,09,63,0004,46305000,6.14,20229.0
11-09-193-00978-801206,09,63,0004,46306000,16.11,101465.0
11-09-193-00979-801207,09,63,0002,46303000,3.7,18787.0
11-09-193-00979-801208,09,63,0005,46307000,3.25,20111.0
11-09-193-00979-801209,09,63,0005,46308000,6.0,19015.0
11-09-193-00979-801210,09,63,0005,46309000,4.12,22082.0
11-09-194-00981-801211,09,64,0001,46401000,3.63,24602.0
11-09-194-00981-801212,09,64,0001,46402000,6.0,16347.0
11-09-194-00983-801213,09,64,0003,46403000,2.15,17785.0
11-09-194-00983-801214,09,64,0003,46404000,2.36,22963.0
11-09-194-00984-801215,09,64,0004,46405000,25.25,160055.0
11-09-194-00984-801216,09,64,0004,46406000,1.43,8796.0
11-09-194-00985-203003,09,64,0005,46409000,1.13,6219.0
11-09-194-00985-801217,09,64,0005,46408000,4.43,20156.0
11-09-194-00986-801218,09,64,0006,46407000,0.75,12488.0
11-09-195-00987-801219,09,65,0001,46501000,4.0,10336.0
11-09-195-00988-801220,09,65,0002,46502000,5.54,21568.0
11-09-195-00989-801221,09,65,0003,46503000,2.54,11105.0
11-09-195-00989-801222,09,65,0003,46504000,18.25,103298.0
11-09-195-00990-801223,09,65,0004,46505000,2.78,16215.0
11-09-195-00990-801224,09,65,0004,46506000,6.35,30261.0
11-09-195-00991-801225,09,65,0005,46507000,1.59,11196.0
11-09-195-00991-801226,09,65,0005,46508000,9.45,29391.0
11-09-196-00993-207810,09,66,0002,46601000,0.6,7753.0
11-09-196-00993-801227,09,66,0002,46602000,14.43,88387.0
11-09-196-00993-801228,09,66,0002,46603000,15.0,27921.0
11-09-196-00993-801229,09,66,0002,46604000,5.2,20093.0
11-09-196-00993-801230,09,66,0002,46605000,2.17,15706.0
11-09-196-00994-801231,09,66,0003,46606000,2.25,13698.0
11-09-197-00995-208865,09,67,0001,46701000,1.74,10532.0
11-09-197-00996-209752,09,67,0002,46703000,3.0,12431.0
11-09-197-00996-209756,09,67,0002,46704000,2.0,19706.0
11-09-197-00996-209757,09,67,0002,46706000,3.0,11972.0
11-09-197-00996-209758,09,67,0002,46707000,1.5,11420.0
11-09-197-00996-209759,09,67,0002,46709000,3.0,7555.0
11-09-197-00996-801232,09,67,0002,46702000,2.75,6386.0
11-09-197-00996-801233,09,67,0002,46705000,4.77,17259.0
11-09-197-00996-801234,09,67,0002,46708000,3.94,18739.0
11-09-197-00996-801235,09,67,0002,46710000,91.9,1103952.0
11-09-197-00996-801236,09,67,0002,46711000,4.25,40619.0
11-09-198-00997-801237,09,68,0001,46801000,3.54,17423.0
11-09-198-00997-801238,09,68,0001,46802000,8.0,11888.0
11-09-198-00997-801239,09,68,0001,46803000,10.36,74522.0
11-09-198-00998-801240,09,68,0002,46804000,2.25,12066.0
11-09-198-00998-801241,09,68,0002,46805000,2.0,17935.0
11-09-198-00999-801242,09,68,0002,46806000,5.1,23546.0
11-09-198-00999-801243,09,68,0002,46807000,5.0,16105.0
11-09-199-01000-211676,09,69,0001,46902000,1.83,5710.0
11-09-199-01000-801244,09,69,0001,46901000,38.85,205053.0
11-09-199-01000-801245,09,69,0001,46903000,5.18,14689.0
11-09-199-01003-801246,09,69,0004,46904000,8.0,33933.0
11-09-199-01003-801247,09,69,0004,46906000,4.0,23142.0
11-09-200-01004-801248,09,70,0001,47001000,3.23,6472.0
11-09-200-01005-801249,09,70,0002,47002000,3.5,32243.0
11-09-200-01005-801250,09,70,0002,47003000,4.22,8677.0
11-09-200-01005-801251,09,70,0002,47004000,4.0,12400.0
11-09-200-01005-801252,09,70,0002,47005000,9.63,51014.0
11-09-200-01006-214381,09,70,0003,47009000,3.24,21206.0
11-09-200-01006-214382,09,70,0003,47010000,5.46,22358.0
11-09-200-01006-214383,09,70,0003,47011000,5.74,10272.0
11-09-200-01006-214384,09,70,0003,47012000,3.01,9828.0
11-09-200-01006-214385,09,70,0003,47013000,3.01,13543.0
11-09-200-01006-214386,09,70,0003,47014000,8.13,9228.0
11-09-200-01006-801253,09,70,0003,47006000,14.8,11592.0
11-09-200-01006-801254,09,70,0003,47007000,10.0,53412.0
11-09-200-01006-801257,09,70,0003,47008000,6.0,13185.0
11-09-201-01007-801258,09,17,0003,41711000,0.79,10721.0
11-09-201-01007-801259,09,17,0003,41712000,1.63,24260.0
11-09-201-01007-801260,09,17,0003,41713000,0.6,10165.0
11-09-201-01008-801261,09,17,0004,41714000,1.5,6941.0
11-09-201-01008-801262,09,17,0004,41715000,13.49,107110.0
11-09-201-01008-801263,09,17,0004,41716000,5.18,17777.0
11-09-201-01008-801264,09,17,0004,41717000,0.78,7501.0
11-09-201-01009-801265,09,17,0005,41718000,3.67,35653.0
11-09-201-01009-801266,09,17,0005,41719000,1.5,10768.0
11-09-202-01010-801267,09,17,0001,41701000,1.0,26678.0
11-09-202-01010-801268,09,17,0001,41702000,2.5,12143.0
11-09-202-01010-801269,09,17,0001,41703000,7.54,92541.0
11-09-202-01011-801270,09,17,0001,41704000,6.82,20470.0
11-09-202-01011-801271,09,17,0001,41705000,2.19,9121.0
11-09-202-01012-801272,09,17,0002,41706000,2.0,5300.0
11-09-202-01012-801273,09,17,0002,41707000,2.59,41293.0
11-09-202-01012-801274,09,17,0002,41708000,4.0,12245.0
11-09-202-01012-801275,09,17,0002,41709000,2.12,12995.0
11-09-202-01012-801276,09,17,0002,41710000,0.76,19981.0
11-10-203-01014-801277,10,01,0002,40102000,16.2,38554.0
11-10-203-01017-801278,10,01,0005,40103000,10.96,40830.0
11-10-203-01019-801279,10,01,0007,40101000,46.83,91467.0
11-10-203-01025-801280,10,01,0013,40104000,7.57,22038.0
11-10-203-01028-801281,10,01,0016,40105000,8.01,116670.0
11-10-204-01031-801282,10,02,0001,40201000,5.82,41610.0
11-10-204-01034-801283,10,02,0004,40202000,19.25,31432.0
11-10-204-01039-801284,10,02,0009,40205000,12.93,32632.0
11-10-204-01041-801285,10,02,0011,40203000,13.89,100683.0
11-10-204-01045-801286,10,02,0015,40206000,13.7,20356.0
11-10-204-01051-801288,10,02,0021,40207000,6.23,16628.0
11-10-205-01060-801292,10,03,0003,40301000,9.33,21262.0
11-10-206-01063-801293,10,04,0001,40401000,14.32,34836.0
11-10-206-01072-801294,10,04,0010,40404000,10.09,17840.0
11-10-206-01074-801295,10,04,0012,40402000,7.77,72744.0
11-10-206-01074-801296,10,04,0012,40403000,2.28,14535.0
11-10-206-01077-801297,10,04,0015,40405000,3.1,13358.0
11-10-207-01083-801298,10,05,0004,40501000,1.55,19567.0
11-10-207-01093-801299,10,05,0014,40502000,2.52,66340.0
11-10-207-01097-801300,10,05,0018,40503000,12.44,24112.0
11-10-207-01098-801301,10,05,0019,40504000,8.73,14526.0
11-10-208-01101-801302,10,06,0001,40601000,5.3,16141.0
11-10-208-01102-801303,10,06,0002,40602000,8.67,17982.0
11-10-208-01109-801304,10,06,0009,40603000,22.37,54085.0
11-10-209-01113-801305,10,07,0002,40701000,15.12,29991.0
11-10-209-01113-801306,10,07,0002,40702000,4.98,41499.0
11-10-209-01116-801307,10,07,0005,40703000,30.97,60861.0
11-10-210-01123-801308,10,08,0003,40801000,10.46,15300.0
11-10-210-01125-801309,10,08,0005,40802000,29.17,28118.0
11-10-210-01127-801310,10,08,0007,40803000,30.12,85590.0
11-10-211-01128-801311,10,09,0001,40901000,20.15,25187.0
11-10-211-01134-801312,10,09,0007,40903000,44.52,171687.0
11-10-211-01135-801313,10,09,0008,40902000,15.74,25524.0
11-10-212-01147-225104,10,10,0006,41002000,5.35,5601.0
11-10-212-01151-801314,10,10,0010,41001000,24.54,190873.0
11-10-212-01156-801315,10,10,0015,41003000,11.31,21803.0
11-10-213-01161-801316,10,11,0004,41101000,25.84,45031.0
11-10-213-01164-801317,10,11,0007,41102000,14.07,22936.0
11-10-214-01174-801318,10,12,0004,41201000,21.13,125167.0
11-10-215-01184-801319,10,13,0004,41301000,19.18,267348.0
11-10-216-01200-801322,10,14,0002,41403000,12.77,21957.0
11-10-216-01204-801323,10,14,0006,41401000,16.16,20871.0
11-10-216-01212-801324,10,14,0014,41402000,26.43,305525.0
11-10-217-01215-801325,10,15,0001,41501000,12.06,17912.0
11-10-217-01222-801326,10,15,0008,41502000,5.48,23576.0
11-10-217-01224-801327,10,15,0010,41503000,11.11,54449.0
11-10-217-01226-801328,10,15,0012,41504000,22.21,34653.0
11-10-218-01230-801329,10,16,0002,41602000,13.05,109919.0
11-10-218-01236-801330,10,16,0008,41603000,7.6,20860.0
11-10-218-01240-801331,10,16,0012,41601000,6.23,18710.0
11-10-219-01257-801332,10,17,0010,41702000,12.48,34042.0
11-10-219-01258-801333,10,17,0011,41703000,16.96,179190.0
11-10-219-01260-801334,10,17,0013,41701000,12.62,24548.0
11-10-219-01266-801335,10,17,0019,41704000,13.27,27367.0
11-10-219-01267-801336,10,17,0020,41705000,8.27,33490.0
11-10-220-01270-801337,10,18,0003,41801000,7.86,29873.0
11-10-220-01278-801338,10,18,0011,41802000,19.64,119412.0
11-10-220-01283-801339,10,18,0016,41803000,10.02,37370.0
11-10-221-01288-801340,10,19,0005,41901000,3.45,61998.0
11-10-221-01297-801341,10,19,0014,41903000,2.94,20196.0
11-10-221-01300-801342,10,19,0017,41904000,1.03,27492.0
11-10-222-01311-801343,10,20,0011,42001000,2.53,13882.0
11-10-222-01314-801346,10,20,0011,42002000,8.98,93741.0
11-10-223-01323-801349,10,21,0002,42101000,2.97,45221.0
11-10-223-01327-801350,10,21,0006,42102000,9.49,31106.0
11-10-224-01332-801351,10,22,0004,42201000,11.24,38287.0
11-10-224-01336-801352,10,22,0008,42205000,0.63,22049.0
11-10-224-01340-801353,10,22,0012,42202000,12.29,41958.0
11-10-224-01343-240182,10,22,0015,42204000,0.67,9366.0
11-10-224-01343-801354,10,22,0015,42203000,30.17,340767.0
11-10-225-01346-801355,10,23,0002,42301000,11.18,20965.0
11-10-225-01350-801356,10,23,0006,42302000,18.87,35455.0
11-10-226-01356-801357,10,24,0001,42401000,17.5,188050.0
11-10-226-01358-801358,10,24,0003,42402000,10.65,96983.0
11-10-226-01360-801359,10,24,0005,42404000,9.74,27075.0
11-10-226-01361-243123,10,24,0006,42403000,0.28,5739.0
11-10-227-01365-801360,10,25,0001,42501000,26.54,39865.0
11-10-227-01368-801361,10,25,0004,42502000,24.79,77875.0
11-10-228-01372-801362,10,26,0001,42601000,15.6,38200.0
11-10-228-01374-801363,10,26,0003,42602000,15.58,43113.0
11-10-229-01386-801364,10,27,0009,42702000,23.5,232071.0
11-10-229-01390-801365,10,27,0013,42701000,12.67,37775.0
11-10-229-01392-801366,10,27,0015,42703000,6.0,29868.0
11-10-229-01394-801367,10,27,0017,42705000,50.18,33738.0
11-10-229-01395-801368,10,27,0018,42704000,9.0,20177.0
11-10-230-01398-801369,10,28,0001,42801000,12.0,30082.0
11-10-230-01399-801370,10,28,0002,42802000,11.63,131176.0
11-10-230-01399-801371,10,28,0002,42803000,3.42,28234.0
11-10-230-01399-801372,10,28,0002,42804000,5.32,52906.0
11-10-230-01400-801373,10,28,0003,42807000,108.34,1432209.0
11-10-230-01402-801374,10,28,0005,42805000,6.48,53451.0
11-10-230-01408-801378,10,28,0011,42806000,9.43,45248.0
11-10-230-01411-801379,10,28,0014,42808000,4.9,38672.0
11-10-230-01413-801380,10,28,0016,42809000,4.23,12204.0
11-10-230-01414-801381,10,28,0017,42810000,13.18,32293.0
11-10-230-01417-801382,10,28,0020,42811000,4.5,48442.0
11-10-230-01420-801383,10,28,0023,42812000,14.18,56615.0
11-10-231-01421-801384,10,29,0001,42901000,11.04,14469.0
11-10-231-01422-801385,10,29,0002,42903000,30.97,203380.0
11-10-231-01424-801386,10,29,0004,42904000,5.6,19928.0
11-10-231-01427-801387,10,29,0007,42902000,4.06,20741.0
11-10-231-01428-801388,10,29,0008,42905000,25.63,28085.0
11-10-231-01429-801389,10,29,0009,42906000,6.47,25811.0
11-10-232-01440-801390,10,30,0006,43002000,15.33,45806.0
11-10-232-01441-801391,10,30,0007,43001000,5.16,83168.0
11-10-233-01453-801392,10,31,0008,43101000,7.12,41775.0
11-10-234-01459-801393,10,32,0003,43201000,5.87,15815.0
11-10-234-01461-801394,10,32,0005,43202000,15.64,38408.0
11-10-234-01466-801396,10,32,0010,43203000,13.45,22354.0
11-10-234-01471-801397,10,32,0015,43204000,10.9,131172.0
11-10-234-01473-801398,10,32,0017,43205000,21.32,119057.0
11-10-235-01476-801399,10,34,0001,43401000,13.96,38014.0
11-10-235-01479-801400,10,34,0004,43405000,4.56,24992.0
11-10-235-01481-801401,10,34,0006,43403000,21.33,79393.0
11-10-235-01483-801402,10,34,0008,43404000,17.42,19050.0
11-10-236-01488-801403,10,35,0002,43501000,2.66,17621.0
11-10-236-01495-255396,10,35,0009,43503000,1.32,5753.0
11-10-236-01495-801404,10,35,0009,43502000,50.17,389192.0
11-10-236-01503-801405,10,35,0017,43505000,10.79,32526.0
11-10-236-01505-801406,10,35,0019,43504000,19.58,30857.0
11-10-237-01512-801407,10,36,0002,43602000,5.68,81891.0
11-10-237-01513-801408,10,36,0003,43603000,13.11,31347.0
11-10-237-01520-801409,10,36,0010,43601000,6.33,25205.0
11-10-238-01527-801411,10,37,0003,43701000,26.45,66797.0
11-10-238-01530-801412,10,37,0006,43702000,9.87,36447.0
11-10-239-01536-801413,10,33,0007,43301000,20.23,81503.0
11-10-239-01540-801414,10,33,0011,43302000,23.47,30109.0
11-11-241-01548-801416,11,01,0002,40101000,1.76,1248.0
11-11-242-01549-801417,11,02,0001,40201000,3.6,828.0
11-11-242-01550-801418,11,02,0002,40202000,0.115,996.0
11-11-243-01551-801419,11,03,0001,40301000,7.15,979.0
11-11-243-01551-801420,11,03,0001,40302000,0.45,2967.0
11-11-244-01553-801421,11,04,0001,40401000,51.83294,29354.0
11-11-244-01553-801422,11,04,0001,40402000,0.176,5432.0
11-11-244-01553-801423,11,04,0001,40403000,1.79,3709.0
11-12-245-01559-801424,12,01,0004,40101000,3.66,8376.0
11-12-246-01569-801426,12,02,0003,40201000,10.13,6693.0
11-12-247-01584-801427,12,03,0004,40301000,9.2,15002.0
11-12-248-01596-801428,12,04,0002,40401000,13.402473,35022.0
11-12-248-01597-801429,12,04,0003,40402000,4.196478,27020.0
11-12-249-01615-801431,12,06,0008,40601000,6.0,15756.0
11-12-250-01634-801432,12,07,0013,40701000,10.5,17033.0
11-12-250-01636-801433,12,07,0015,40702000,7.0,4079.0
11-12-251-01655-801435,12,08,0011,40801000,10.11,21965.0
11-12-253-01671-801437,12,12,0002,41201000,3.3,6469.0
11-12-253-01678-801438,12,12,0006,41202000,1.96,5919.0
11-12-254-01684-801440,12,13,0001,41302000,3.3,6061.0
11-12-254-01686-801441,12,13,0002,41301000,2.58,9233.0
11-12-255-01695-801443,12,05,0001,40501000,2.5,12384.0
11-12-258-01724-801446,12,10,0008,41001000,4.95,10107.0
11-12-259-01729-801447,12,11,0002,41101000,10.59,15015.0
11-12-259-01732-801448,12,11,0012,41102000,4.5,11747.0
11-13-261-01748-801451,13,01,0005,40101000,9.0,16590.0
11-13-262-01766-801454,13,03,0000,40301000,32.0,31214.0
11-13-263-01772-801455,13,04,0006,40401000,6.0,23081.0
11-13-264-01789-801456,13,05,0010,40501000,5.92,37636.0
11-13-265-01796-801457,13,06,0004,40601000,25.54,98096.0
11-13-265-01797-801458,13,06,0005,40602000,10.2,16504.0
11-13-266-01801-801460,13,08,0002,40801000,3.6,12864.0
11-13-267-01817-801462,13,02,0007,40201000,31.98,29772.0
11-13-270-01849-801466,13,07,0005,40701000,23.0,77030.0
11-14-275-01873-801469,14,04,0001,40402000,7.33,14931.0
11-14-275-01873-801470,14,04,0001,40401000,5.2,6282.0
11-14-275-01874-801471,14,04,0002,40403000,6.18,10264.0
11-14-275-01874-801472,14,04,0002,40404000,4.65,10877.0
11-14-275-01875-801473,14,04,0003,40405000,6.59,17178.0
11-14-275-01875-801474,14,04,0003,40406000,2.6,6484.0
11-14-275-01875-801475,14,04,0003,40407000,4.57,8725.0
11-14-276-01876-801476,14,05,0001,40504000,1.2,18699.0
11-14-276-01876-801488,14,05,0001,40503000,0.89,5048.0
11-14-276-01877-801477,14,05,0002,40507000,1.55,2450.0
11-14-276-01877-801478,14,05,0002,40506000,2.53,6970.0
11-14-276-01877-801479,14,05,0002,40501000,2.84,41174.0
11-14-276-01877-801480,14,05,0002,40505000,2.29,6120.0
11-14-276-01877-801481,14,05,0002,40502000,8.0,8261.0
11-14-276-01878-801482,14,05,0003,40510000,2.59,4508.0
11-14-276-01878-801483,14,05,0003,40509000,2.54,9318.0
11-14-276-01878-801484,14,05,0003,40508000,7.02,28724.0
11-14-277-01879-801485,14,06,0001,40605000,4.99,6260.0
11-14-277-01879-801486,14,06,0001,40604000,1.16,4314.0
11-14-277-01880-270116,14,06,0002,40606000,1.49,9067.0
11-14-277-01880-801469,14,06,0002,40602000,2.05,3853.0
11-14-277-01881-270122,14,06,0003,40607000,0.74,6631.0
11-14-277-01881-801487,14,07,0003,40701000,6.4,72744.0
11-14-277-01881-801487,14,06,0003,40601000,26.9,155675.0
11-14-277-01882-801488,14,06,0004,40603000,1.61,9382.0
11-14-277-01882-801489,14,06,0004,40611000,3.45,20532.0
11-14-277-01882-801490,14,06,0004,40610000,5.37,12680.0
11-14-277-01882-801491,14,06,0004,40609000,3.2,7868.0
11-14-277-01882-801492,14,07,0004,40704000,3.11,1558.0
11-14-277-01882-801492,14,06,0004,40608000,3.1,10421.0
11-14-278-01883-801493,14,07,0001,40703000,3.2,6423.0
11-14-278-01884-801494,14,07,0002,40702000,4.67,4085.0
11-14-278-01885-270312,14,07,0003,40705000,1.54,5160.0
11-14-278-01885-270313,14,07,0003,40706000,0.86,4559.0
11-14-278-01885-270314,14,07,0003,40708000,1.06,5465.0
11-14-278-01886-801495,14,07,0004,40707000,1.7,8316.0
11-14-280-01893-801496,14,09,0002,40901000,1.0,14962.0
11-15-281-01896-801497,15,01,0001,40101000,11.0,3120.0
11-15-281-01896-801498,15,01,0001,40102000,13.0,5110.0
11-15-281-01898-801499,15,01,0003,40103000,17.0,2423.0
11-15-282-01899-801500,15,02,0001,40204000,22.0,6472.0
11-15-282-01900-801501,15,02,0001,40201000,20.0,7715.0
11-15-282-01900-801502,15,02,0001,40202000,26.0,3304.0
11-15-282-01900-801503,15,02,0001,40203000,36.0,19008.0
11-15-283-01902-801504,15,03,0001,40304000,16.0,3865.0
11-15-284-01907-801508,15,04,0002,40401000,19.0,10954.0
11-15-284-01907-801509,15,04,0002,40403000,7.0,2403.0
11-15-284-01908-801510,15,04,0002,40402000,52.0,26465.0
11-15-284-01911-801511,15,04,0092,40404000,2.0,2227.0
11-15-285-01910-801512,15,05,0001,40501000,23.0,17096.0
11-15-285-01910-801513,15,05,0001,40502000,36.0,5507.0
11-15-286-01913-801515,15,06,0002,40601000,12.0,3681.0
11-15-286-01914-801516,15,06,0003,40602000,44.0,47137.0
11-15-286-01915-801517,15,06,0004,40603000,10.0,7138.0
11-15-288-01921-801519,15,08,0002,40801000,53.0,19826.0
11-16-289-01922-271864,16,01,0001,40103000,6.2,6820.0
11-16-289-01922-271866,16,01,0001,40104000,8.8,10669.0
11-16-289-01931-272002,16,01,0000,40111000,1.7,11003.0
11-16-289-01934-272081,16,01,0012,40112000,10.6,9659.0
11-16-289-99999-801520,16,01,0000,40101000,4.4,17689.0
11-16-289-99999-801521,16,01,0000,40102000,3.8,19605.0
11-16-289-99999-801523,16,01,0010,40110000,12.5,47713.0
11-16-289-99999-801523,16,01,0000,40107000,16.0,189998.0
11-16-289-99999-801523,16,01,0010,40109000,3.3,26837.0
11-16-289-99999-801523,16,01,0010,40108000,7.7,34850.0
11-16-289-99999-801523,16,01,0001,40106000,7.4,17807.0
11-16-289-99999-801525,16,01,0000,40113000,3.4,10074.0
11-16-290-99999-801526,16,02,0000,40201000,4.14,21758.0
11-16-290-99999-801527,16,02,0000,40202000,3.57,10861.0
11-16-290-99999-801529,16,02,0000,40203000,4.13,15760.0
11-16-290-99999-801530,16,02,0000,40204000,1.53,5768.0
11-16-291-99999-801531,16,03,0000,40301000,2.41,5143.0
11-16-291-99999-801531,16,03,0003,40302000,4.78,7679.0
11-16-291-99999-801532,16,03,0003,40303000,10.78,6045.0
11-16-292-99999-801533,16,04,0000,40402000,6.19,20286.0
11-16-292-99999-801534,16,04,0000,40401000,7.77,30790.0
11-16-292-99999-801535,16,04,0000,40403000,3.41,11593.0
11-17-293-01965-801536,17,01,0004,40101000,18.3,58978.0
11-17-294-01970-801537,17,02,0001,40201000,7.62,17660.0
11-17-294-01974-801538,17,02,0004,40202000,9.72,18247.0
11-17-295-01977-801539,17,03,0002,40301000,8.8,8643.0
11-17-296-01980-801540,17,04,0002,40401000,76.0,23106.0
11-17-296-01982-801541,17,04,0003,40402000,20.63,11492.0
11-17-297-01985-801542,17,05,0001,40501000,46.0,13180.0
11-17-298-01989-278353,17,06,0002,40601000,6.14,38303.0
11-17-298-01989-278354,17,06,0002,40604000,2.02,22115.0
11-17-298-01989-278355,17,06,0002,40605000,1.65,11371.0
11-17-298-01989-278358,17,06,0002,40606000,2.93,34292.0
11-17-298-01989-278359,17,06,0002,40607000,2.11,16318.0
11-17-298-01989-801543,17,06,0002,40602000,1.84,12396.0
11-17-298-01989-801544,17,06,0002,40603000,10.36,132867.0
11-17-298-01994-278901,17,06,0006,40608000,7.8,10086.0
11-17-299-01996-801545,17,07,0001,40701000,7.8,25057.0
11-18-300-02001-801546,18,01,0001,40101000,4.0,13508.0
11-18-300-02004-280388,18,01,0004,40104000,1.14,6829.0
11-18-300-02004-801547,18,01,0004,40102000,8.24,31164.0
11-18-301-02005-801550,18,02,0004,40204000,2.95,12126.0
11-18-301-02007-280885,18,02,0002,40201000,3.5,7612.0
11-18-301-02008-801548,18,02,0003,40202000,2.95,25002.0
11-18-301-02008-801549,18,02,0003,40203000,4.23,64168.0
11-18-301-02009-281338,18,02,0005,40206000,2.05,5026.0
11-18-301-02009-801551,18,02,0005,40205000,5.19,31171.0
11-18-301-02010-801552,18,02,0006,40207000,3.79,18558.0
11-18-301-02012-281759,18,02,0008,40208000,4.63,28780.0
11-18-302-02013-801553,18,03,0001,40301000,5.2,12547.0
11-18-302-02014-801554,18,03,0002,40302000,12.76,49037.0
11-18-302-02015-282403,18,03,0003,40303000,1.36,5318.0
11-18-303-02018-801555,18,05,0001,40501000,4.52,35725.0
11-18-303-02018-801556,18,05,0001,40502000,1.59,7687.0
11-18-303-02021-283005,18,05,0004,40505000,3.47,8086.0
11-18-303-02022-801557,18,05,0004,40503000,3.86,41038.0
11-18-303-02022-801558,18,05,0004,40504000,3.75,16730.0
11-18-303-02023-801559,18,05,0005,40506000,2.9,7628.0
11-18-303-02024-801560,18,05,0006,40507000,2.74,9974.0
11-18-304-02026-283613,18,09,0001,40901000,2.47,17177.0
11-18-304-02029-801561,18,09,0004,40902000,4.0,20811.0
11-18-305-02034-801562,18,10,0004,41001000,4.0,17844.0
11-18-305-02035-284816,18,10,0005,41003000,2.89,9222.0
11-18-305-02035-284817,18,10,0005,41004000,1.06,5257.0
11-18-305-02035-801563,18,10,0005,41002000,9.22,108786.0
11-18-305-02037-801565,18,10,0007,41005000,1.54,5409.0
11-18-305-02038-801566,18,10,0008,41006000,5.28,35718.0
11-18-305-02039-801567,18,10,0008,41007000,4.0,11058.0
11-18-305-02040-285495,18,10,0009,41009000,4.16,25367.0
11-18-305-02040-801568,18,10,0009,41008000,7.77,25203.0
11-18-305-02040-801569,18,10,0009,41010000,3.6,34423.0
11-18-306-02041-801570,18,11,0001,41101000,5.18,25349.0
11-18-306-02042-801571,18,11,0002,41102000,9.07,18824.0
11-18-306-02043-286340,18,11,0003,41104000,3.83,6827.0
11-18-306-02043-801572,18,11,0003,41103000,7.1,98550.0
11-18-306-02045-801573,18,11,0005,41105000,6.02,16825.0
11-18-306-02047-801574,18,11,0007,41106000,7.81,9419.0
11-18-307-02049-801576,18,12,0002,41201000,2.0,10868.0
11-18-307-02052-801577,18,12,0005,41202000,13.74,54285.0
11-18-308-02055-801579,18,13,0001,41301000,3.5,11863.0
11-18-308-02056-801580,18,13,0002,41302000,9.86,22516.0
11-18-308-02057-289621,18,13,0003,41303000,0.87,4453.0
11-18-309-02060-801581,18,14,0002,41401000,4.3,19806.0
11-18-309-02060-801582,18,14,0002,41402000,3.68,15118.0
11-18-309-02061-290741,18,14,0003,41404000,2.25,6166.0
11-18-309-02061-801583,18,14,0003,41403000,10.54,101957.0
11-18-309-02062-291062,18,14,0004,41406000,5.3,16590.0
11-18-309-02062-291063,18,14,0004,41408000,0.72,4383.0
11-18-309-02062-291064,18,14,0004,41409000,2.09,8571.0
11-18-309-02062-291065,18,14,0004,41410000,4.21,6764.0
11-18-309-02062-801584,18,14,0004,41405000,4.03,20553.0
11-18-309-02062-801585,18,14,0004,41407000,4.7,24049.0
11-18-310-02064-291355,18,15,0002,41502000,0.63,4090.0
11-18-310-02064-801586,18,15,0002,41501000,15.5,133571.0
11-18-310-02065-801587,18,15,0003,41503000,0.94,17433.0
11-18-310-02066-291703,18,15,0004,41504000,2.11,23763.0
11-18-310-02066-291704,18,15,0004,41506000,4.9,6609.0
11-18-310-02067-292012,18,15,0005,41507000,1.14,6826.0
11-18-310-02069-292421,18,15,0007,41509000,5.8,19021.0
11-18-310-02069-801588,18,15,0007,41508000,5.34,15523.0
11-18-311-02071-801589,18,16,0002,41601000,10.95,53854.0
11-18-311-02072-801590,18,16,0003,41602000,1.6,6997.0
11-18-311-02073-801591,18,16,0004,41603000,8.0,13047.0
11-18-311-02074-801593,18,16,0005,41605000,8.0,17502.0
11-18-311-02075-801594,18,16,0006,41604000,1.6,5779.0
11-18-312-02077-293676,18,17,0002,41702000,3.38,4964.0
11-18-312-02078-293752,18,17,0003,41704000,1.76,6347.0
11-18-312-02078-293753,18,17,0003,41705000,1.16,7355.0
11-18-312-02078-801595,18,17,0003,41703000,64.01,120415.0
11-18-312-02080-801597,18,17,0005,41707000,3.33,7545.0
11-18-312-02081-801598,18,17,0005,41706000,3.5,20997.0
11-18-313-02082-294283,18,18,0004,41804000,4.41,8783.0
11-18-313-02082-801599,18,18,0001,41801000,6.0,8844.0
11-18-313-02084-801600,18,18,0003,41802000,4.92,13446.0
11-18-313-02085-801601,18,18,0004,41803000,7.32,33064.0
11-18-313-02087-801602,18,18,0005,41805000,3.8,9922.0
11-18-313-02087-801603,18,18,0005,41806000,5.07,7079.0
11-18-314-02088-801604,18,19,0001,41901000,10.0,8445.0
11-18-314-02088-801605,18,19,0001,41902000,4.0,8240.0
11-18-314-02089-801606,18,19,0002,41903000,16.48,52310.0
11-18-314-02089-801607,18,19,0002,41906000,3.0,14219.0
11-18-314-02090-801608,18,19,0003,41904000,1.51,4052.0
11-18-314-02090-801609,18,19,0003,41905000,2.0,4664.0
11-18-315-02092-801610,18,20,0001,42001000,3.98,9131.0
11-18-315-02093-801611,18,20,0002,42002000,12.79,36302.0
11-18-315-02094-801612,18,20,0003,42003000,3.0,6264.0
11-18-315-02095-801613,18,20,0004,42004000,2.0,7738.0
11-18-316-02097-299386,18,21,0002,42102000,2.12,7093.0
11-18-316-02097-299388,18,21,0002,42104000,3.12,10007.0
11-18-316-02097-299389,18,21,0002,42105000,2.88,5131.0
11-18-316-02097-801614,18,21,0002,42101000,15.75,156948.0
11-18-316-02097-801614,18,21,0002,42103000,3.01,4926.0
11-18-316-02098-299492,18,21,0003,42106000,2.59,7480.0
11-18-316-02100-801615,18,21,0005,42107000,1.66,9802.0
11-18-317-02101-801616,18,22,0001,42201000,6.09,52613.0
11-18-317-02102-300230,18,22,0002,42203000,1.2,9940.0
11-18-317-02102-801617,18,22,0002,42202000,1.2,11297.0
11-18-318-02106-300978,18,23,0001,42301000,1.78,4076.0
11-18-318-02107-801618,18,23,0002,42302000,4.55,29739.0
11-18-318-02108-801619,18,23,0003,42303000,4.2,10270.0
11-18-319-02110-301325,18,04,0001,40403000,3.0,15601.0
11-18-319-02110-801620,18,04,0001,40402000,4.35,60327.0
11-18-319-02112-801621,18,04,0003,40404000,4.74,14673.0
11-18-319-02114-301806,18,04,0090,40401000,6.82,6613.0
11-18-320-02004-801622,18,01,0004,40103000,4.88,12440.0
11-18-320-02115-801623,18,04,0004,40405000,3.0,12568.0
11-18-321-02116-801624,18,06,0002,40601000,9.25,25151.0
11-18-321-02119-302704,18,06,0004,40602000,5.0,14133.0
11-18-321-02119-302705,18,06,0004,40603000,5.28,7162.0
11-18-321-02125-303357,18,06,0009,40605000,4.75,6081.0
11-18-321-02125-801625,18,06,0009,40604000,1.03,5554.0
11-18-322-02126-801626,18,06,0011,40608000,8.0,16286.0
11-18-322-02127-303423,18,06,0009,40606000,5.5,7668.0
11-18-322-02129-801627,18,06,0010,40607000,216.79,818809.0
11-18-322-02131-303624,18,06,0014,40609000,6.23,7373.0
11-18-323-02132-801628,18,07,0003,40701000,1.4,4303.0
11-18-323-02136-801629,18,07,0007,40702000,12.5,23183.0
11-18-325-02148-801630,18,08,0005,40802000,4.62,23920.0
11-18-325-02149-801631,18,08,0007,40803000,2.36,17783.0
11-18-326-02151-801632,18,08,0001,40801000,3.19,18228.0
11-18-326-02152-801633,18,08,0008,40804000,4.69,14897.0
11-19-327-02161-306489,19,01,0008,40106000,17.99,13663.0
11-19-327-02162-306564,19,01,0009,40108000,2.51,5405.0
11-19-327-02163-306662,19,01,0010,40107000,1.63,15774.0
11-19-327-99999-801634,19,01,0000,40102000,10.57,107197.0
11-19-327-99999-801635,19,01,0000,40103000,8.68,42998.0
11-19-327-99999-801636,19,01,0000,40104000,6.5,9141.0
11-19-327-99999-801637,19,01,0000,40105000,5.05,40019.0
11-19-327-99999-801638,19,02,0000,40209000,21.8,187772.0
11-19-327-99999-801638,19,01,0000,40109000,20.1,284602.0
11-19-328-02171-307147,19,02,0006,40203000,1.69,38689.0
11-19-328-02171-307150,19,02,0006,40204000,6.68,14450.0
11-19-328-02172-307206,19,02,0007,40217000,3.51,10547.0
11-19-328-02173-307254,19,02,0008,40211000,6.32,13396.0
11-19-328-02173-307255,19,02,0008,40212000,1.44,6847.0
11-19-328-02173-307256,19,02,0008,40213000,7.2,15899.0
11-19-328-02173-307257,19,02,0008,40214000,2.4,10011.0
11-19-328-02174-307338,19,02,0009,40216000,1.53,4894.0
11-19-328-02175-307402,19,02,0010,40210000,4.92,19379.0
11-19-328-02176-307505,19,02,0011,40202000,8.83,14473.0
11-19-328-02176-307507,19,02,0011,40205000,2.96,8724.0
11-19-328-02177-307593,19,02,0012,40207000,12.38,27106.0
11-19-328-99999-801639,19,02,0000,40201000,2.56,23218.0
11-19-328-99999-801640,19,02,0000,40206000,12.5,100348.0
11-19-328-99999-801641,19,02,0011,40208000,14.55,38130.0
11-19-328-99999-801642,19,02,0000,40215000,9.8,72999.0
11-19-329-02183-308211,19,03,0005,40306000,3.8,7233.0
11-19-329-02183-308212,19,03,0005,40307000,5.1,18901.0
11-19-329-02184-308326,19,03,0006,40304000,5.69,19787.0
11-19-329-02187-308587,19,03,0009,40310000,1.46,4113.0
11-19-329-99999-801643,19,03,0000,40301000,1.45,13185.0
11-19-329-99999-801644,19,03,0000,40302000,3.88,10835.0
11-19-329-99999-801645,19,03,0000,40303000,3.37,21107.0
11-19-329-99999-801646,19,03,0000,40305000,8.29,76874.0
11-19-329-99999-801647,19,03,0000,40308000,3.75,19310.0
11-19-329-99999-801648,19,03,0000,40309000,4.55,34273.0
11-19-330-02196-309798,19,04,0006,40403000,2.04,5113.0
11-19-330-02196-309799,19,04,0006,40405000,3.9,9835.0
11-19-330-99999-801649,19,04,0000,40401000,13.99,52738.0
11-19-330-99999-801650,19,04,0005,40402000,2.12,13895.0
11-19-330-99999-801651,19,04,0000,40404000,10.64,165212.0
11-19-330-99999-801652,19,04,0000,40406000,11.67,47650.0
11-19-331-99999-801653,19,05,0000,40501000,10.29,53533.0
11-19-331-99999-801654,19,05,0000,40502000,10.46,143321.0
11-19-332-02216-313213,19,06,0009,40603000,0.81,5343.0
11-19-332-02216-313214,19,06,0009,40604000,1.2,5773.0
11-19-332-02216-313215,19,06,0009,40605000,0.73,5409.0
11-19-332-99999-801655,19,06,0000,40601000,9.0,62959.0
11-19-332-99999-801656,19,06,0000,40602000,13.63,161456.0
11-19-333-02223-313830,19,07,0001,40701000,3.7,22060.0
11-19-333-02224-313871,19,07,0002,40702000,4.77,9964.0
11-19-333-02224-313873,19,07,0002,40706000,3.46,27513.0
11-19-333-02224-313874,19,07,0002,40705000,0.49,6192.0
11-19-333-02224-313875,19,07,0002,40707000,1.15,10300.0
11-19-333-02224-313876,19,07,0002,40704000,3.31,12112.0
11-19-333-02224-313877,19,07,0002,40708000,0.63,7228.0
11-19-333-02225-313943,19,07,0003,40713000,1.96,5579.0
11-19-333-02226-313979,19,07,0004,40709000,0.71,9409.0
11-19-333-02226-313981,19,07,0004,40710000,2.77,32148.0
11-19-333-02226-313984,19,07,0004,40711000,2.72,11326.0
11-19-333-02226-313985,19,07,0004,40712000,7.72,31198.0
11-19-333-02227-314052,19,07,0005,40715000,3.6,6255.0
11-19-333-02227-314053,19,07,0005,40720000,2.51,9897.0
11-19-333-02227-314054,19,07,0005,40716000,1.15,5879.0
11-19-333-02228-314137,19,07,0006,40717000,1.48,6194.0
11-19-333-02228-314139,19,07,0006,40718000,1.57,15713.0
11-19-333-02228-314140,19,07,0006,40719000,0.86,5109.0
11-19-333-02236-314806,19,07,0014,40723000,1.99,8436.0
11-19-333-02241-315443,19,07,0019,40726000,1.91,5002.0
11-19-333-02241-315444,19,07,0019,40724000,2.78,10179.0
11-19-333-02241-315448,19,07,0019,40727000,1.79,7721.0
11-19-333-99999-801657,19,07,0000,40703000,10.27,72850.0
11-19-333-99999-801658,19,07,0000,40714000,7.86,74458.0
11-19-333-99999-801659,19,07,0000,40721000,11.66,47212.0
11-19-333-99999-801660,19,07,0000,40722000,12.95,36947.0
11-19-333-99999-801661,19,07,0000,40728000,12.95,50349.0
11-19-333-99999-801662,19,07,0000,40725000,16.19,160143.0
11-19-333-99999-801663,19,07,0000,40729000,3.98,25361.0
11-19-334-02261-317446,19,08,0013,40803000,1.61,8411.0
11-19-334-99999-801665,19,08,0000,40801000,3.95,50613.0
11-19-334-99999-801666,19,08,0000,40804000,8.98,61806.0
11-19-334-99999-801667,19,08,0000,40802000,7.88,39145.0
11-19-334-99999-801668,19,08,0000,40805000,16.83,32752.0
11-19-334-99999-801669,19,08,0000,40806000,10.73,65693.0
11-19-335-02268-318539,19,09,0001,40901000,19.65,45957.0
11-19-335-02268-318540,19,09,0001,40902000,3.9,22154.0
11-19-335-02269-318589,19,09,0002,40909000,4.11,7732.0
11-19-335-02269-318591,19,09,0002,40912000,1.22,7668.0
11-19-335-02270-318636,19,09,0003,40930000,3.18,5426.0
11-19-335-02270-318640,19,09,0003,40922000,7.95,14519.0
11-19-335-02270-318641,19,09,0003,40924000,4.49,8723.0
11-19-335-02271-318655,19,09,0004,40927000,1.38,4370.0
11-19-335-02271-318656,19,09,0004,40928000,1.18,5159.0
11-19-335-02271-318657,19,09,0004,40929000,4.24,14074.0
11-19-335-02271-318658,19,09,0004,40925000,3.01,5134.0
11-19-335-02271-318659,19,09,0004,40931000,2.95,4294.0
11-19-335-02271-318660,19,09,0004,40926000,3.93,7906.0
11-19-335-02271-318661,19,09,0004,40942000,2.12,7850.0
11-19-335-02271-318662,19,09,0004,40941000,3.01,5934.0
11-19-335-02271-318666,19,09,0004,40943000,0.87,5480.0
11-19-335-02271-318667,19,09,0004,40944000,1.67,5391.0
11-19-335-02272-318681,19,09,0005,40933000,1.85,8345.0
11-19-335-02272-318682,19,09,0005,40934000,7.49,13504.0
11-19-335-02272-318684,19,09,0005,40935000,7.33,19862.0
11-19-335-02272-318685,19,09,0005,40937000,1.34,4489.0
11-19-335-02272-318688,19,09,0005,40938000,10.33,24995.0
11-19-335-02272-318689,19,09,0005,40939000,2.44,8401.0
11-19-335-02272-318689,19,09,0006,40913000,2.5,6889.0
11-19-335-02272-318690,19,09,0005,40945000,2.83,4856.0
11-19-335-02272-318691,19,09,0005,40946000,3.64,12511.0
11-19-335-02272-318693,19,09,0005,40951000,2.77,19497.0
11-19-335-02272-318694,19,09,0005,40952000,1.95,4974.0
11-19-335-02273-318642,19,09,0006,40907000,8.26,7090.0
11-19-335-02273-318683,19,09,0005,40918000,3.2499924,1236.0
11-19-335-02273-318687,19,09,0005,40932000,7.177947,917.0
11-19-335-02273-318710,19,09,0006,40906000,4.08,7786.0
11-19-335-02273-318711,19,09,0006,40904000,5.94,4927.0
11-19-335-02273-318712,19,09,0006,40905000,7.95,14985.0
11-19-335-02273-318715,19,09,0006,40917000,7.11,8314.0
11-19-335-02273-318716,19,09,0006,40914000,4.51,4653.0
11-19-335-02273-318717,19,09,0006,40919000,3.31,5923.0
11-19-335-02273-318719,19,09,0006,40921000,5.64,12848.0
11-19-335-02273-318720,19,09,0006,40920000,3.59,16264.0
11-19-335-02274-318772,19,09,0007,40915000,3.87,5497.0
11-19-335-02274-318774,19,09,0007,40916000,5.41,5218.0
11-19-335-02274-318776,19,09,0007,40936000,5.43,5896.0
11-19-335-02275-318864,19,09,0008,40955000,8.66,16532.0
11-19-335-02275-318865,19,09,0008,40954000,0.87,9115.0
11-19-335-02275-318866,19,09,0008,40953000,2.59,5149.0
11-19-335-02281-319354,19,09,0014,40949000,1.03,5666.0
11-19-335-02283-319518,19,09,0016,40958000,4.43,17719.0
11-19-335-02283-319519,19,09,0016,40960000,2.17,6176.0
11-19-335-02283-319521,19,09,0016,40961000,1.89,4983.0
11-19-335-02287-319950,19,09,0020,40959000,4.57,11793.0
11-19-335-02293-320495,19,09,0026,40962000,2.6,9628.0
11-19-335-02293-320497,19,09,0026,40965000,1.61,6973.0
11-19-335-99999-801670,19,09,0000,40910000,99.57,289903.0
11-19-335-99999-801671,19,09,0000,40911000,127.87,475439.0
11-19-335-99999-801672,19,09,0000,40908000,73.23,132785.0
11-19-335-99999-801673,19,09,0000,40940000,23.44,122781.0
11-19-335-99999-801674,19,09,0000,40947000,154.2,493405.0
11-19-335-99999-801675,19,09,0000,40948000,8.53,71589.0
11-19-335-99999-801676,19,09,0000,40950000,10.36,22597.0
11-19-335-99999-801677,19,09,0000,40956000,21.15,31867.0
11-19-335-99999-801678,19,09,0000,40963000,23.04,285602.0
11-19-335-99999-801679,19,09,0000,40966000,6.4,52182.0
11-19-335-99999-801680,19,09,0000,40964000,14.68,36207.0
11-19-336-02299-321124,19,10,0001,41001000,1.62,9070.0
11-19-336-02304-321527,19,10,0006,41002000,3.93,20475.0
11-19-336-02304-321528,19,10,0006,41003000,2.52,9084.0
11-19-336-02307-321681,19,10,0009,41005000,3.41,6558.0
11-19-336-02307-321684,19,10,0009,41007000,0.37,5005.0
11-19-336-02307-321685,19,10,0009,41008000,1.15,5320.0
11-19-336-02308-321777,19,10,0010,41009000,1.85,9599.0
11-19-336-02311-321983,19,10,0013,41012000,15.02,50279.0
11-19-336-02312-322048,19,10,0014,41014000,2.94,19533.0
11-19-336-02312-322049,19,10,0014,41016000,1.36,8406.0
11-19-336-02312-322051,19,10,0014,41019000,1.53,6483.0
11-19-336-02312-322052,19,10,0014,41020000,1.93,7838.0
11-19-336-02313-322166,19,10,0015,41018000,3.12,10553.0
11-19-336-02314-322318,19,10,0016,41022000,2.56,7733.0
11-19-336-02314-322324,19,10,0016,41023000,3.3,12031.0
11-19-336-99999-801681,19,10,0000,41006000,11.66,115016.0
11-19-336-99999-801682,19,10,0000,41004000,15.96,139110.0
11-19-336-99999-801683,19,10,0000,41011000,24.6,138235.0
11-19-336-99999-801684,19,10,0000,41010000,12.18,36546.0
11-19-336-99999-801685,19,10,0000,41013000,5.52,28302.0
11-19-336-99999-801686,19,10,0000,41015000,7.72,85321.0
11-19-336-99999-801687,19,10,0000,41017000,1.3,21472.0
11-19-336-99999-801688,19,10,0000,41021000,15.54,86999.0
11-19-336-99999-801689,19,10,0000,41024000,21.91,85503.0
11-19-336-99999-801690,19,10,0000,41025000,30.0,55048.0
11-19-337-02318-322774,19,11,0003,41102000,0.77,6627.0
11-19-337-02318-322775,19,11,0003,41103000,2.36,8839.0
11-19-337-02320-322900,19,11,0005,41110000,1.71,6648.0
11-19-337-02320-322901,19,11,0005,41111000,1.7,9509.0
11-19-337-02320-322902,19,11,0005,41112000,1.63,6744.0
11-19-337-02321-322982,19,11,0006,41116000,2.3,9302.0
11-19-337-02321-322983,19,11,0006,41115000,0.76,6174.0
11-19-337-02323-323108,19,11,0008,41105000,1.97,5511.0
11-19-337-02323-323111,19,11,0008,41118000,1.08,7358.0
11-19-337-02323-323113,19,11,0008,41119000,1.83,13908.0
11-19-337-02323-323115,19,11,0000,41120000,2.31,10386.0
11-19-337-02324-323134,19,11,0009,41122000,1.98,14044.0
11-19-337-02324-323138,19,11,0009,41124000,1.98,10714.0
11-19-337-02324-323139,19,11,0009,41127000,1.1,13835.0
11-19-337-02324-323141,19,11,0009,41132000,1.0,15226.0
11-19-337-02324-323143,19,11,0009,41133000,1.21,9791.0
11-19-337-02324-323145,19,11,0009,41135000,0.62,8838.0
11-19-337-02325-323220,19,11,0010,41128000,3.29,19876.0
11-19-337-02330-323641,19,11,0015,41146000,1.46,4170.0
11-19-337-02332-323765,19,11,0017,41145000,1.57,6729.0
11-19-337-99999-801691,19,11,0000,41101000,24.7,102163.0
11-19-337-99999-801692,19,11,0000,41106000,8.28,130621.0
11-19-337-99999-801693,19,11,0000,41104000,9.07,135198.0
11-19-337-99999-801694,19,11,0000,41107000,11.55,215303.0
11-19-337-99999-801695,19,11,0000,41108000,30.42,444655.0
11-19-337-99999-801696,19,11,0000,41109000,10.36,41625.0
11-19-337-99999-801697,19,11,0000,41113000,22.68,127602.0
11-19-337-99999-801698,19,11,0000,41114000,18.44,111607.0
11-19-337-99999-801699,19,11,0000,41117000,5.38,79926.0
11-19-337-99999-801700,19,11,0000,41121000,9.46,123668.0
11-19-337-99999-801701,19,11,0000,41123000,3.68,22041.0
11-19-337-99999-801702,19,11,0000,41125000,10.61,144391.0
11-19-337-99999-801703,19,11,0000,41126000,3.24,124213.0
11-19-337-99999-801704,19,11,0000,41134000,6.87,122133.0
11-19-337-99999-801705,19,11,0000,41136000,19.4,348438.0
11-19-337-99999-801706,19,11,0000,41129000,22.43,47417.0
11-19-337-99999-801707,19,11,0000,41130000,31.41,231521.0
11-19-337-99999-801708,19,11,0000,41131000,21.32,155451.0
11-19-337-99999-801709,19,11,0000,41137000,17.17,83192.0
11-19-337-99999-801710,19,11,0000,41140000,26.45,220042.0
11-19-337-99999-801711,19,11,0000,41138000,10.96,314507.0
11-19-337-99999-801712,19,11,0000,41139000,7.12,250768.0
11-19-337-99999-801713,19,11,0000,41141000,8.81,101296.0
11-19-337-99999-801714,19,11,0000,41142000,13.54,392444.0
11-19-337-99999-801715,19,11,0000,41144000,34.97,271811.0
11-19-337-99999-801716,19,11,0000,41143000,33.5,164221.0
11-19-337-99999-801718,19,11,0000,41147000,22.01,113159.0
11-19-337-99999-801719,19,11,0000,41148000,15.54,37305.0
11-19-338-02344-324900,19,12,0007,41203000,3.75,27161.0
11-19-338-02345-325035,19,12,0008,41204000,1.04,4719.0
11-19-338-02346-325093,19,12,0009,41206000,2.03,14153.0
11-19-338-02346-325094,19,12,0009,41207000,1.57,6813.0
11-19-338-02346-325095,19,12,0009,41208000,1.24,6865.0
11-19-338-02346-325097,19,12,0009,41209000,0.73,6894.0
11-19-338-02346-325098,19,12,0009,41211000,1.55,7337.0
11-19-338-02346-325101,19,12,0009,41205000,0.69,8068.0
11-19-338-02346-325103,19,12,0009,41212000,2.46,13050.0
11-19-338-02346-325104,19,12,0009,41215000,0.93,5384.0
11-19-338-02346-325105,19,12,0009,41214000,3.7,13634.0
11-19-338-02349-325556,19,12,0012,41218000,6.4,19537.0
11-19-338-02350-325577,19,12,0013,41221000,1.61,9305.0
11-19-338-02350-325579,19,12,0013,41233000,2.19,6916.0
11-19-338-02350-325581,19,12,0013,41231000,2.54,31924.0
11-19-338-02350-325583,19,12,0013,41232000,1.6,6302.0
11-19-338-02350-325584,19,12,0013,41238000,1.5,7997.0
11-19-338-02352-325661,19,12,0015,41224000,1.1,5851.0
11-19-338-02352-325665,19,12,0015,41223000,1.18,6276.0
11-19-338-02352-325666,19,12,0015,41225000,2.12,9545.0
11-19-338-02352-325669,19,12,0015,41226000,2.0,8346.0
11-19-338-02352-325671,19,12,0015,41227000,1.74,4355.0
11-19-338-02352-325673,19,12,0015,41235000,1.22,6395.0
11-19-338-02352-325674,19,12,0015,41236000,1.01,4499.0
11-19-338-02352-325675,19,12,0015,41237000,1.77,6676.0
11-19-338-99999-801720,19,12,0000,41210000,9.07,107081.0
11-19-338-99999-801721,19,12,0000,41213000,17.27,184173.0
11-19-338-99999-801722,19,12,0000,41216000,22.03,162187.0
11-19-338-99999-801723,19,12,0000,41202000,3.9,28187.0
11-19-338-99999-801724,19,12,0000,41201000,19.04,56140.0
11-19-338-99999-801725,19,12,0000,41217000,6.48,106071.0
11-19-338-99999-801726,19,12,0000,41219000,6.47,103246.0
11-19-338-99999-801727,19,12,0000,41220000,7.89,108229.0
11-19-338-99999-801728,19,12,0000,41222000,14.5,197857.0
11-19-338-99999-801729,19,12,0000,41229000,6.48,113305.0
11-19-338-99999-801729,19,12,0013,41228000,6.15,12237.0
11-19-338-99999-801730,19,12,0000,41230000,4.42,72177.0
11-19-338-99999-801731,19,12,0015,41234000,2.14,20846.0
11-19-338-99999-801731,19,12,0015,41239000,3.98,17648.0
11-19-338-99999-801732,19,12,0000,41240000,16.34,150363.0
11-19-339-02363-327362,19,13,0008,41301000,7.25,11512.0
11-19-339-02363-327363,19,13,0008,41302000,1.52,5654.0
11-19-339-99999-801733,19,13,0000,41304000,19.06,128781.0
11-19-339-99999-801734,19,13,0000,41303000,11.65,27354.0
11-19-339-99999-801735,19,13,0000,41305000,22.01,61947.0
11-19-340-02380-330145,19,14,0003,41402000,4.95,4679.0
11-19-340-02380-330148,19,14,0003,41408000,2.87,7245.0
11-19-340-02381-330256,19,14,0004,41401000,2.88,5651.0
11-19-340-02382-330359,19,14,0005,41406000,8.64,19924.0
11-19-340-02383-330484,19,14,0006,41403000,1.42,6856.0
11-19-340-02383-330485,19,14,0006,41404000,6.23,6039.0
11-19-340-02385-330800,19,14,0008,41407000,8.79,22031.0
11-19-340-02390-331380,19,14,0012,02489900,8.72,7191.0
11-19-340-02393-331744,19,14,0016,41411000,9.51,21827.0
11-19-340-02394-331960,19,14,0017,41412000,3.35,7564.0
11-19-340-99999-801736,19,14,0000,41409000,3.88,17872.0
11-19-340-99999-801737,19,14,0000,41405000,12.95,21932.0
11-19-340-99999-801738,19,14,0000,41410000,13.9,113806.0
11-19-341-02401-332770,19,16,0004,41601000,1.7,5401.0
11-19-341-02402-332812,19,16,0005,41609000,3.83,16869.0
11-19-341-02402-332813,19,16,0005,41610000,4.3,11451.0
11-19-341-02402-332815,19,16,0005,41611000,1.24,5773.0
11-19-341-02402-332816,19,16,0005,41612000,1.75,4812.0
11-19-341-02402-332817,19,16,0005,41613000,1.71,6737.0
11-19-341-02402-332818,19,16,0005,41614000,1.46,7371.0
11-19-341-02402-332819,19,16,0005,41615000,1.58,5127.0
11-19-341-02402-332820,19,16,0005,41616000,1.14,11787.0
11-19-341-02402-332821,19,16,0005,41617000,3.59,48447.0
11-19-341-02402-332822,19,16,0005,41618000,3.47,22308.0
11-19-341-02402-332823,19,16,0005,41619000,2.18,7785.0
11-19-341-02402-332824,19,16,0005,41620000,2.4,9002.0
11-19-341-02402-332826,19,16,0005,41622000,2.39,10365.0
11-19-341-02402-332828,19,16,0005,41623000,1.17,5710.0
11-19-341-02402-332829,19,16,0005,41621000,4.64,23130.0
11-19-341-02402-332831,19,16,0005,41625000,2.12,15434.0
11-19-341-02403-332834,19,16,0006,41602000,4.59,12830.0
11-19-341-02403-332836,19,16,0006,41604000,11.68,92912.0
11-19-341-02403-332837,19,16,0006,41605000,3.72,24216.0
11-19-341-02403-332838,19,16,0006,41606000,3.52,8555.0
11-19-341-02403-332839,19,16,0006,41607000,0.76,6485.0
11-19-341-02403-332840,19,16,0006,41608000,1.02,4950.0
11-19-341-02404-332857,19,16,0007,41624000,1.8,9522.0
11-19-341-02404-332858,19,16,0007,41628000,0.52,5682.0
11-19-341-02404-332859,19,16,0007,41627000,2.43,18401.0
11-19-341-02404-332861,19,16,0007,41634000,1.45,16128.0
11-19-341-02404-332865,19,16,0007,41630000,1.52,9017.0
11-19-341-02404-332866,19,16,0007,41633000,0.61,5561.0
11-19-341-02404-332867,19,16,0007,41632000,1.92,15072.0
11-19-341-02404-332868,19,16,0007,41631000,1.54,16810.0
11-19-341-02404-332869,19,16,0007,41635000,0.52,11647.0
11-19-341-02404-332870,19,16,0007,41636000,2.82,25585.0
11-19-341-02404-332873,19,16,0007,41637000,2.41,19127.0
11-19-341-02404-332874,19,16,0007,41646000,4.35,21638.0
11-19-341-02404-332876,19,16,0007,41638000,1.53,5645.0
11-19-341-02404-332877,19,16,0007,41645000,2.15,11882.0
11-19-341-02405-332902,19,16,0008,41640000,1.52,5782.0
11-19-341-02405-332903,19,16,0008,41639000,3.13,8984.0
11-19-341-02405-332904,19,16,0008,41642000,1.6,6706.0
11-19-341-02405-332905,19,16,0008,41629000,1.93,11900.0
11-19-341-02405-332906,19,16,0008,41641000,1.38,4980.0
11-19-341-02405-332910,19,16,0008,41643000,4.51,22051.0
11-19-341-02405-332911,19,16,0008,41644000,2.73,7533.0
11-19-341-02406-332940,19,16,0009,41647000,1.14,7181.0
11-19-341-02406-332942,19,16,0009,41651000,0.87,4496.0
11-19-341-02406-332945,19,16,0009,41652000,1.21,4792.0
11-19-341-02408-333068,19,16,0011,41648000,1.48,8770.0
11-19-341-02408-333069,19,16,0011,41650000,1.84,8669.0
11-19-341-02409-333112,19,16,0012,41649000,3.84,7129.0
11-19-341-99999-801739,19,16,0000,41603000,11.81,260906.0
11-19-341-99999-801740,19,16,0000,41626000,51.74,1007532.0
11-19-341-99999-801741,19,16,0000,41653000,33.72,215405.0
11-19-342-99999-801742,19,17,0000,41701000,185.0,4580546.0
11-19-343-02412-333296,19,18,0001,41802000,5.66,20099.0
11-19-343-02413-333317,19,18,0002,41804000,5.32,20386.0
11-19-343-02413-333318,19,18,0002,41803000,1.43,4710.0
11-19-343-02413-333323,19,18,0002,41807000,4.84,19890.0
11-19-343-02414-333385,19,18,0003,41808000,1.59,11158.0
11-19-343-02414-333387,19,18,0003,41809000,3.62,10202.0
11-19-343-02415-333477,19,18,0004,41812000,1.81,4530.0
11-19-343-02415-333478,19,18,0004,41813000,1.8,10195.0
11-19-343-02416-333540,19,18,0005,41814000,1.53,7603.0
11-19-343-02416-333542,19,18,0005,41815000,0.46,5664.0
11-19-343-02418-333697,19,18,0007,41810000,1.51,5011.0
11-19-343-02423-334101,19,18,0012,41817000,0.9,5469.0
11-19-343-02423-334104,19,18,0012,41819000,0.45,5722.0
11-19-343-02431-334957,19,18,0020,41820000,1.1,5064.0
11-19-343-99999-801743,19,18,0000,41801000,44.18,385266.0
11-19-343-99999-801744,19,18,0000,41805000,9.06,81554.0
11-19-343-99999-801745,19,18,0000,41806000,8.49,33858.0
11-19-343-99999-801746,19,18,0000,41811000,55.3,336707.0
11-19-343-99999-801747,19,18,0000,41816000,9.07,44913.0
11-19-343-99999-801748,19,18,0000,41818000,10.36,37234.0
11-19-343-99999-801749,19,18,0000,41821000,5.18,23315.0
11-19-344-02445-337373,19,15,0005,41501000,1.11,6134.0
11-19-344-02460-341706,19,15,0020,41509000,32.37,84104.0
11-19-344-02462-342538,19,15,0022,41511000,4.66,12207.0
11-19-344-02465-343469,19,15,0032,41518000,4.09,8168.0
11-19-344-99999-801750,19,15,0000,41502000,10.36,17364.0
11-19-344-99999-801751,19,15,0000,41504000,11.65,14548.0
11-19-344-99999-801752,19,15,0000,41503000,16.58,20398.0
11-19-344-99999-801753,19,15,0000,41505000,10.36,11580.0
11-19-344-99999-801754,19,15,0000,41506000,10.36,51582.0
11-19-344-99999-801755,19,15,0000,41507000,14.78,149769.0
11-19-344-99999-801756,19,15,0000,41508000,17.04,53145.0
11-19-344-99999-801757,19,15,0000,41510000,90.65,188761.0
11-19-345-02471-344458,19,15,0024,41513000,6.07,23702.0
11-19-345-02472-344562,19,15,0025,41515000,0.64,4674.0
11-19-345-02473-344649,19,15,0026,41514000,2.17,4879.0
11-19-345-02476-344911,19,15,0029,41517000,1.12,5406.0
11-19-345-99999-801759,19,15,0000,41516000,10.36,45830.0
11-19-345-99999-801760,19,15,0000,41519000,104.9,170673.0
11-19-345-99999-801761,19,15,0000,41520000,20.11,25180.0
11-19-345-99999-801762,19,15,0000,41521000,14.25,77513.0
11-20-346-02496-347181,20,01,0002,40101000,2.18,5953.0
11-20-346-02509-801764,20,01,0011,40102000,12.45,36686.0
11-20-347-02518-801765,20,03,0005,40301000,11.11,42020.0
11-20-348-02527-801766,20,05,0002,40501000,14.92,17246.0
11-20-348-02527-801767,20,05,0002,40502000,51.14,69503.0
11-20-349-02535-351169,20,06,0004,40601000,2.33,7926.0
11-20-349-02539-352243,20,06,0008,40604000,1.6,6645.0
11-20-349-02539-801768,20,06,0008,40603000,9.75,98989.0
11-20-349-02543-352759,20,06,0011,40602000,3.24,8804.0
11-20-350-02545-801769,20,07,0001,40702000,14.0,98388.0
11-20-350-02550-801770,20,07,0005,40703000,18.36,47326.0
11-20-351-02561-801771,20,08,0006,40801000,8.59,37008.0
11-20-352-02564-801772,20,09,0001,40901000,8.98,80154.0
11-20-352-02569-801773,20,09,0006,40902000,4.22,17977.0
11-20-353-02576-801774,20,10,0004,41001000,8.48,36029.0
11-20-354-02581-361402,20,12,0002,41202000,3.29,5410.0
11-20-354-02581-361403,20,12,0002,41201000,13.01,28587.0
11-20-354-02582-361607,20,12,0003,41203000,1.71,5653.0
11-20-354-02582-361608,20,12,0003,41204000,1.31,5800.0
11-20-354-02582-361609,20,12,0003,41207000,2.56,9806.0
11-20-354-02582-361610,20,12,0003,41212000,5.05,7688.0
11-20-354-02582-361611,20,12,0003,41213000,5.49,8825.0
11-20-354-02583-361835,20,12,0004,41231000,2.44,8504.0
11-20-354-02584-361864,20,12,0005,41215000,2.01,7485.0
11-20-354-02584-801775,20,12,0005,41229000,23.39,199258.0
11-20-354-02587-362186,20,12,0008,41238000,2.63,13902.0
11-20-354-02587-362187,20,12,0008,41240000,2.39,4611.0
11-20-354-02587-362188,20,12,0008,41241000,2.49,10213.0
11-20-354-02587-362189,20,12,0008,41242000,1.27,20970.0
11-20-354-02587-362190,20,12,0008,41243000,3.72,5205.0
11-20-354-02587-362191,20,12,0008,41244000,5.89,19719.0
11-20-354-02587-362193,20,12,0008,41246000,6.11,10989.0
11-20-354-02587-362194,20,12,0008,41247000,6.03,8354.0
11-20-354-02587-801776,20,12,0008,41245000,6.26,39131.0
11-20-355-02589-362288,20,13,0002,41312000,7.6,22396.0
11-20-355-02589-362291,20,13,0002,41313000,2.18,4478.0
11-20-355-02589-362291,20,12,0005,41210000,8.09,29828.0
11-20-355-02589-362292,20,13,0002,41314000,12.29,18867.0
11-20-355-02590-362296,20,13,0002,41303000,20.98,36429.0
11-20-355-02590-362297,20,13,0002,41304000,1.65,7436.0
11-20-355-02590-362298,20,13,0002,41306000,11.18,16967.0
11-20-355-02590-362299,20,13,0002,41305000,11.3,30096.0
11-20-355-02590-801777,20,13,0002,41307000,40.64,83474.0
11-20-355-02591-362417,20,13,0003,41301000,26.11,45548.0
11-20-355-02591-362421,20,13,0003,41302000,20.17,20441.0
11-20-355-02594-362595,20,13,0006,41308000,2.69,7152.0
11-20-355-02595-362723,20,13,0007,41311000,162.91,393805.0
11-20-355-02595-362724,20,13,0007,41309000,4.15,6754.0
11-20-355-02595-801778,20,13,0007,41310000,20.49,97221.0
11-20-355-02596-362853,20,13,0008,41315000,2.89,4699.0
11-20-355-02596-362854,20,13,0008,41316000,3.28,8894.0
11-20-356-02601-801779,20,15,0003,41501000,14.57,46196.0
11-20-357-02606-363453,20,18,0002,41804000,10.7,67121.0
11-20-357-02606-363454,20,18,0002,41805000,3.92,19929.0
11-20-357-02606-363455,20,18,0002,41806000,2.21,18385.0
11-20-357-02606-363456,20,18,0002,41807000,4.1,15767.0
11-20-357-02606-363457,20,18,0002,41808000,2.63,24781.0
11-20-357-02606-363458,20,18,0002,41809000,3.23,14724.0
11-20-357-02606-801780,20,18,0002,41801000,19.45,166125.0
11-20-357-02606-801781,20,18,0002,41802000,59.8,612534.0
11-20-357-02606-801782,20,18,0002,41803000,3.69,46114.0
11-20-357-02607-363618,20,18,0003,41811000,13.21,37854.0
11-20-357-02609-363954,20,18,0005,41810000,9.79,19565.0
11-20-357-02609-363955,20,18,0005,41812000,14.05,33980.0
11-20-357-02613-801783,20,18,0008,41813000,15.02,14325.0
11-20-358-02615-801784,20,02,0001,40202000,12.57,23441.0
11-20-358-02633-801786,20,02,0012,40203000,3.45,71422.0
11-20-359-02636-367010,20,02,0014,40204000,4.54,7218.0
11-20-359-02639-801787,20,02,0017,40205000,13.42,19082.0
11-20-360-02645-368007,20,04,0002,40401000,3.67,9933.0
11-20-360-02653-368578,20,04,0007,40405000,4.37,8547.0
11-20-360-02653-368580,20,04,0007,40403000,0.85,8204.0
11-20-360-02653-801788,20,04,0007,40404000,26.37,127269.0
11-20-360-02654-368662,20,04,0008,40402000,1.61,9758.0
11-20-360-02659-368937,20,04,0012,40412000,11.11,7384.0
11-20-360-02659-368938,20,04,0012,40413000,3.33,7473.0
11-20-360-02659-368939,20,04,0012,40414000,7.86,13656.0
11-20-361-02660-369009,20,04,0011,40415000,20.98,32134.0
11-20-361-02660-369010,20,04,0011,40418000,24.26,85075.0
11-20-361-02660-369012,20,04,0011,40416000,1.52,5860.0
11-20-361-02660-369013,20,04,0011,40417000,7.07,5372.0
11-20-361-02660-369014,20,04,0011,40419000,3.63,7355.0
11-20-361-02660-369015,20,04,0011,40421000,6.88,16887.0
11-20-361-02661-369092,20,04,0013,40407000,6.77,21092.0
11-20-361-02661-369093,20,04,0013,40406000,19.06,17586.0
11-20-361-02661-369094,20,04,0013,40408000,8.18,14165.0
11-20-361-02661-369095,20,04,0013,40410000,14.3,18040.0
11-20-361-02661-369096,20,04,0013,40409000,4.15,5009.0
11-20-361-02661-369097,20,04,0013,40411000,10.09,5872.0
11-20-361-02662-369121,20,04,0014,40420000,8.9,20175.0
11-20-361-02662-801789,20,04,0014,40422000,34.46,73434.0
11-20-361-02664-369184,20,04,0014,40423000,6.04,8789.0
11-20-362-02667-801790,20,11,0002,41101000,17.23,14129.0
11-20-362-02673-801791,20,11,0008,41102000,6.12,44989.0
11-20-363-02678-801792,20,11,0012,41103000,13.83,22558.0
11-20-363-02678-801793,20,11,0012,41104000,10.94,33236.0
11-20-364-02683-373459,20,14,0001,41401000,16.78,25222.0
11-20-364-02683-373461,20,14,0001,41402000,16.66,18783.0
11-20-364-02684-373565,20,14,0002,41403000,4.9,16402.0
11-20-364-02684-801794,20,14,0002,41404000,177.19,847093.0
11-20-364-02688-373896,20,14,0005,41408000,5.49,12009.0
11-20-364-02690-374058,20,14,0007,41405000,3.17,10511.0
11-20-364-02698-801795,20,14,0018,41407000,13.24,18519.0
11-20-365-02704-801796,20,14,0017,41406000,23.84,29282.0
11-20-366-02712-801797,20,16,0007,41601000,11.53,39761.0
11-20-367-02718-801798,20,16,0012,41602000,39.91,33981.0
11-20-368-02731-801799,20,17,0003,41707000,6.63,55228.0
11-20-368-02736-377916,20,17,0015,41714000,4.01,10851.0
11-20-368-02736-377917,20,17,0015,41715000,15.77,7693.0
11-20-368-02736-377918,20,17,0015,41716000,28.8,16230.0
11-20-368-02736-377919,20,17,0015,41712000,1.65,6887.0
11-20-368-02736-377920,20,17,0015,41713000,2.65,9554.0
11-20-368-02739-801800,20,17,0017,41709000,8.6,63648.0
11-20-368-02742-378290,20,17,0020,41710000,17.1,11845.0
11-20-368-02743-378379,20,17,0021,41717000,4.33,5192.0
11-20-369-02748-378866,20,17,0006,41701000,1.11,4347.0
11-20-369-02752-379287,20,17,0009,41702000,2.69,6811.0
11-20-369-02752-801801,20,17,0009,41704000,49.82,119233.0
11-20-369-02753-379462,20,17,0010,41705000,2.02,6591.0
11-20-369-02753-801802,20,17,0010,41708000,8.92,12270.0
11-21-370-02757-801803,21,01,0003,40101000,20.8,15442.0
11-21-370-02763-801804,21,01,0009,40102000,14.15,19157.0
11-21-370-02765-380613,21,01,0011,40104000,3.22,5264.0
11-21-370-02765-801805,21,01,0011,40103000,16.72,63678.0
11-21-371-02772-801806,21,02,0003,40201000,41.65,32826.0
11-21-371-02774-801807,21,02,0005,40202000,41.44,76959.0
11-21-371-02776-801808,21,02,0007,40203000,70.47,76100.0
11-21-372-02782-801809,21,03,0003,40301000,16.84,13586.0
11-21-372-02787-801810,21,03,0012,40304000,11.13,26394.0
11-21-372-02788-801811,21,03,0011,40305000,28.62,42822.0
11-21-372-02797-801812,21,03,0007,40302000,37.37,13723.0
11-21-372-02799-801813,21,03,0018,40303000,49.75,157253.0
11-21-373-02800-801814,21,04,0001,40401000,24.13,20096.0
11-21-374-02808-801815,21,05,0004,40501000,23.83,38421.0
11-21-374-02814-384265,21,05,0010,40507000,5.43,10233.0
11-21-374-02814-801816,21,05,0010,40502000,26.16,43594.0
11-21-374-02814-801817,21,05,0010,40503000,6.0,2196.0
11-21-374-02816-801818,21,05,0012,40504000,21.84,29447.0
11-21-374-02821-384612,21,05,0017,40508000,6.18,11961.0
11-21-374-02821-384613,21,05,0017,40509000,3.16,9297.0
11-21-374-02823-384647,21,05,0019,40510000,5.32,6896.0
11-21-374-02827-384964,21,05,0023,40511000,1.85,4236.0
11-21-374-02832-801819,21,05,0028,40505000,32.6,259553.0
11-21-374-02833-801820,21,05,0029,40506000,150.99,213360.0
11-21-375-02834-801821,21,06,0004,40601000,41.44,52627.0
11-21-375-02835-385278,21,06,0004,40605000,11.42,11833.0
11-21-375-02837-801822,21,06,0005,40602000,26.42,38689.0
11-21-375-02839-385509,21,06,0006,40606000,4.9,8309.0
11-21-375-02840-385564,21,06,0006,40607000,3.27,5265.0
11-21-375-02845-801823,21,06,0012,40603000,26.4,51845.0
11-21-375-02852-386860,21,06,0015,40608000,3.9088602,4239.0
11-21-375-02854-801824,21,06,0019,40604000,77.29,35048.0
11-21-376-02861-801825,21,07,0005,40701000,14.38,21896.0
11-21-376-02870-801826,21,07,0026,40704000,18.64,21441.0
11-21-376-02884-801827,21,07,0021,40703000,7.89,11712.0
11-21-376-02888-801828,21,07,0029,40702000,37.69,100651.0
11-21-377-02890-801829,21,08,0002,40801000,17.9,21387.0
11-21-377-02902-801830,21,08,0010,40803000,30.47,29072.0
11-21-377-02903-801831,21,08,0012,40804000,20.44,14757.0
11-21-377-02907-801832,21,08,0015,40805000,23.64,27794.0
11-21-377-02909-801833,21,08,0018,40802000,38.23,127358.0
11-21-378-02913-801834,21,09,0005,40902000,18.69,18550.0
11-21-378-02914-801835,21,09,0003,40901000,31.08,92515.0
11-21-378-02915-801836,21,09,0011,40903000,47.78,30006.0
11-21-379-02926-801837,21,10,0003,41001000,2.54,32730.0
11-21-379-02927-801838,21,10,0004,41002000,10.77,41407.0
11-21-380-02934-801839,21,11,0001,41101000,23.35,73625.0
11-21-380-02940-801840,21,11,0007,41102000,17.72,30824.0
11-21-381-02948-801841,21,12,0014,41204000,6.22,15989.0
11-21-381-02949-399027,21,12,0013,41208000,2.72,7848.0
11-21-381-02950-801842,21,12,0012,41203000,10.36,15848.0
11-21-381-02951-399153,21,12,0011,41206000,1.07,4417.0
11-21-381-02951-399154,21,12,0011,41205000,5.09,4612.0
11-21-381-02954-399315,21,12,0009,41207000,0.94,5234.0
11-21-381-02954-801843,21,12,0009,41202000,46.05,52528.0
11-21-381-02968-801844,21,12,0019,41201000,149.16,534654.0
11-21-382-02974-801845,21,13,0003,41301000,39.51,40741.0
11-21-382-02977-801846,21,13,0005,41302000,11.65,32239.0
11-21-383-02988-801847,21,14,0002,41402000,11.15,15003.0
11-21-383-02990-801848,21,14,0001,41401000,18.04,20234.0
11-21-383-02999-801849,21,14,0009,41403000,24.82,57677.0
11-21-384-03002-403727,21,15,0003,41507000,6.25,8115.0
11-21-384-03006-801850,21,15,0007,41501000,25.46,34998.0
11-21-384-03007-404089,21,15,0008,41505000,7.81,18592.0
11-21-384-03007-404090,21,15,0008,41508000,9.58,15593.0
11-21-384-03007-404091,21,15,0008,41504000,2.0,6621.0
11-21-384-03008-404106,21,15,0009,41506000,3.59,7058.0
11-21-384-03009-404118,21,15,0010,41509000,1.15,18045.0
11-21-384-03011-801851,21,15,0012,41502000,21.71,38018.0
11-21-384-03017-801852,21,15,0020,41503000,29.01,11376.0
11-21-385-03026-406078,21,16,0003,41603000,6.24,8735.0
11-21-385-03026-801853,21,16,0003,41601000,13.06,8757.0
11-21-385-03028-801854,21,16,0005,41602000,15.54,14314.0
11-21-385-03033-406975,21,16,0009,41604000,2.75,5260.0
11-21-386-03036-801855,21,17,0003,41701000,25.38,39054.0
11-21-386-03042-407607,21,17,0007,41706000,6.61,11971.0
11-21-386-03049-801856,21,17,0010,41703000,26.14,57957.0
11-21-386-03053-408299,21,17,0013,41707000,1.79,6207.0
11-21-386-03053-801857,21,17,0013,41705000,6.39,15823.0
11-21-386-03054-801858,21,17,0014,41704000,9.43,16474.0
11-21-386-03055-801859,21,17,0015,41702000,148.1,658220.0
11-21-387-03057-801860,21,18,0002,41801000,8.8,14263.0
11-21-387-03058-801861,21,18,0003,41802000,14.62,16915.0
11-21-387-03061-801862,21,18,0006,41803000,35.08,15013.0
11-21-387-03070-801863,21,18,0012,41804000,16.84,157837.0
11-21-388-03072-801864,21,19,0002,41903000,7.45,13257.0
11-21-388-03074-801865,21,19,0003,41901000,6.06,19748.0
11-21-388-03074-801866,21,19,0003,41902000,5.18,9962.0
11-21-388-03076-801867,21,19,0005,41905000,4.92,14648.0
11-21-388-03078-411296,21,19,0007,41919000,1.3,4975.0
11-21-388-03078-801868,21,19,0007,41904000,5.31,20739.0
11-21-388-03080-801869,21,19,0009,41906000,18.13,16094.0
11-21-388-03081-801870,21,19,0009,41907000,11.81,19568.0
11-21-388-03082-801871,21,19,0010,41908000,12.09,12345.0
11-21-388-03083-801872,21,19,0011,41910000,28.49,10958.0
11-21-388-03084-801873,21,19,0012,41909000,7.77,10716.0
11-21-388-03085-801874,21,19,0013,41913000,4.4,20289.0
11-21-388-03086-801875,21,19,0013,41914000,9.12,11317.0
11-21-388-03089-801876,21,19,0008,41911000,34.89,14249.0
11-21-388-03090-801877,21,19,0021,41912000,11.81,21347.0
11-21-388-03094-801878,21,19,0014,41915000,2.56,6663.0
11-21-388-03096-801879,21,19,0018,41917000,10.22,10890.0
11-21-388-03097-801880,21,19,0017,41918000,6.48,10802.0
11-21-388-03099-801881,21,19,0022,41916000,79.8,307792.0
11-21-389-03104-801882,21,20,0006,42001000,10.36,9791.0
11-21-389-03105-801883,21,20,0005,42002000,3.63,43097.0
11-21-390-03112-801884,21,21,0003,42101000,16.0,33890.0
11-21-390-03114-801885,21,21,0005,42102000,13.24,10204.0
11-21-391-03130-801886,21,22,0004,42201000,20.72,18025.0
11-21-392-03135-801887,21,23,0006,42301000,21.42,14539.0
11-21-392-03139-801888,21,23,0003,42302000,15.13,17540.0
11-21-392-03140-801889,21,23,0002,42303000,12.95,7989.0
11-21-393-03142-801890,21,24,0011,42404000,31.08,85261.0
11-21-393-03144-801891,21,24,0010,42401000,18.26,18694.0
11-21-393-03149-801892,21,24,0004,42402000,7.77,20095.0
11-21-393-03152-801893,21,24,0007,42403000,15.34,30273.0
11-21-394-03153-801894,21,25,0001,42501000,11.4,16629.0
11-21-394-03156-801895,21,25,0004,42502000,23.83,13409.0
11-21-395-03159-801896,21,26,0005,42603000,14.5,16917.0
11-21-395-03164-801897,21,26,0004,42602000,15.4,60787.0
11-21-395-03166-801898,21,26,0010,42601000,15.54,15759.0
11-21-395-03170-424227,21,26,0011,42604000,2.24,6756.0
11-21-396-03175-425462,21,27,0003,42705000,4.56,7408.0
11-21-396-03181-426511,21,27,0008,42704000,5.17,18685.0
11-21-396-03181-801899,21,27,0008,42703000,18.65,57759.0
11-21-396-03183-801900,21,27,0007,42701000,26.78,24706.0
11-21-396-03184-801901,21,27,0004,42702000,2.28,6849.0
11-21-397-03189-801902,21,28,0002,42801000,25.9,24859.0
11-21-397-03196-801903,21,28,0009,42802000,9.62,28005.0
11-21-397-03198-428090,21,28,0008,42803000,1.98,6406.0
11-21-398-03199-801904,21,29,0001,42901000,12.95,14917.0
11-21-398-03208-801905,21,29,0009,42902000,61.07,39548.0
11-21-398-03209-801906,21,29,0018,42904000,25.9,76625.0
11-21-398-03216-801907,21,29,0015,42903000,76.48,58884.0
11-21-398-03217-429994,21,29,0012,42905000,12.32,8475.0
11-21-399-03220-801908,21,30,0001,43001000,18.06,23114.0
11-21-399-03226-801909,21,30,0005,43002000,4.85,11502.0
11-22-400-03232-801910,22,01,0002,40101000,3.84,15217.0
11-22-400-03232-801911,22,01,0002,40103000,2.29,10077.0
11-22-400-03234-801912,22,01,0004,40104000,6.93,30758.0
11-22-400-03234-801913,22,01,0004,40105000,4.21,17862.0
11-22-400-03234-801914,22,01,0004,40106000,14.46,7504.0
11-22-400-03235-801916,22,01,0002,40102000,64.94,93373.0
11-22-401-03236-801917,22,02,0001,40201000,6.7,9855.0
11-22-401-03242-801923,22,02,0005,40203000,13.67,16834.0
11-22-401-03242-801924,22,02,0005,40204000,3.68,12376.0
11-22-401-03247-801927,22,02,0006,40205000,6.78,16037.0
11-22-401-03247-801927,22,02,0006,40206000,9.39,66012.0
11-22-402-03257-801932,22,03,0002,40301000,12.66,20239.0
11-22-402-03262-801933,22,03,0004,40302000,14.96,13956.0
11-22-403-03263-801935,22,04,0001,40401000,31.24,13598.0
11-22-403-03265-801937,22,04,0003,40402000,12.74,8103.0
11-22-403-03267-801939,22,04,0004,40404000,20.68,115908.0
11-22-403-03269-801941,22,04,0005,40403000,3.24,17388.0
11-22-403-03270-801942,22,04,0006,40405000,2.67,14459.0
11-22-404-03272-801945,22,05,0001,40501000,17.98,18523.0
11-22-404-03272-801947,22,05,0001,40504000,7.45,20150.0
11-22-404-03275-436411,22,05,0003,40502000,18.82,12600.0
11-22-404-03275-801949,22,05,0001,40503000,227.60092,137045.0
11-22-405-03277-801950,22,06,0001,40604000,19.36,32513.0
11-22-405-03278-801951,22,06,0001,40605000,19.71,20367.0
11-22-405-03279-801952,22,06,0001,40601000,14.2,11331.0
11-22-405-03280-801954,22,06,0001,40608000,7.62,8107.0
11-22-405-03281-801955,22,06,0003,40603000,18.93,37951.0
11-22-405-03282-801957,22,06,0004,40602000,9.07,20213.0
11-22-405-03282-801958,22,06,0004,40606000,6.68,6231.0
11-22-405-03283-801960,22,06,0005,40607000,17.13,8606.0
11-22-406-03287-801965,22,07,0001,40702000,12.93,15189.0
11-22-406-03289-801966,22,07,0001,40701000,18.67,12397.0
11-22-406-03290-801967,22,07,0002,40705000,9.4,12156.0
11-22-406-03291-801968,22,07,0003,40704000,10.62,15031.0
11-22-406-03291-801969,22,07,0003,40703000,44.26,19839.0
11-22-406-03292-801970,22,07,0004,40707000,12.59,31613.0
11-22-406-03294-801973,22,07,0005,40706000,5.0,17005.0
11-22-406-03295-438768,22,07,0006,40709000,4.21,15870.0
11-22-406-03295-438769,22,07,0006,40710000,1.86,11668.0
11-22-406-03295-438770,22,07,0006,40712000,5.52,5780.0
11-22-406-03295-801975,22,07,0005,40708000,30.377626,471.85538208709943
11-22-406-03295-801977,22,07,0006,40711000,6.48,12520.0
11-22-406-03297-801979,22,07,0008,40713000,17.96,13403.0
11-22-406-03297-801980,22,07,0008,40714000,6.54,8988.0
11-22-407-03298-801981,22,08,0001,40801000,11.6,32415.0
11-22-407-03301-801985,22,08,0002,40802000,11.31,12477.0
11-22-408-03302-801987,22,09,0001,40901000,15.04,11831.0
11-22-408-03302-801988,22,09,0001,40902000,2.77,6418.0
11-22-408-03303-801989,22,09,0002,40903000,2.8,15157.0
11-22-408-03304-801990,22,09,0003,40904000,6.43,34441.0
11-22-408-03305-801991,22,09,0004,40905000,78.09,143770.0
11-22-408-03307-801993,22,09,0005,40906000,4.31,11517.0
11-22-408-03310-801994,22,09,0008,40907000,11.47,8513.0
11-22-409-03312-801997,22,10,0002,41002000,11.82,23315.0
11-22-409-03314-802001,22,10,0003,41001000,3.52,6799.0
11-22-409-03316-802003,22,10,0005,41003000,14.99,8577.0
11-22-409-03316-802004,22,10,0005,41004000,27.78,18719.0
11-22-409-03316-802005,22,10,0005,41006000,28.884434,21913.0
11-22-409-03317-802006,22,10,0005,41005000,43.625202,2627.0
11-22-409-03317-802008,22,10,0006,41008000,141.3,556366.0
11-22-409-03317-802009,22,10,0006,41009000,66.09,232517.0
11-22-409-03318-802007,22,10,0005,41007000,26.53786,4639.0
11-22-409-03318-802011,22,10,0007,41010000,15.11,8812.0
11-22-409-03321-802015,22,10,0010,41011000,4.62,21165.0
11-22-409-03322-802016,22,10,0010,41012000,37.25,57058.0
11-22-410-03324-802020,22,11,0001,41104000,14.32,13143.0
11-22-410-03325-802021,22,11,0002,41101000,7.61,50118.0
11-22-410-03326-802022,22,11,0003,41103000,7.56,22853.0
11-22-410-03329-802027,22,11,0006,41102000,15.24,8228.0
11-22-410-03330-802029,22,11,0007,41112000,23.49,16629.0
11-22-410-03331-802031,22,11,0008,41114000,7.83,25591.0
11-22-410-03332-802033,22,11,0009,41107000,3.46,23562.0
11-22-410-03332-802034,22,11,0009,41111000,3.87,13706.0
11-22-410-03332-802034,22,11,0009,41109000,108.66,670042.0
11-22-410-03332-802034,22,11,0009,41110000,3.5,16365.0
11-22-410-03332-802034,22,11,0009,41108000,3.04,10456.0
11-22-410-03332-802035,22,11,0009,41113000,4.69,10653.0
11-22-410-03334-802038,22,11,0011,41105000,34.55,26909.0
11-22-411-03339-802042,22,12,0001,41203000,3.94,8818.0
11-22-411-03340-802043,22,12,0002,41201000,12.65,17081.0
11-22-411-03341-802045,22,12,0003,41204000,14.68,47100.0
11-22-411-03342-802046,22,12,0003,41202000,3.54,7934.0
11-22-411-03343-802047,22,12,0003,41205000,15.51,16747.0
11-22-412-03344-802049,22,13,0001,41301000,13.4,11473.0
11-22-412-03346-802052,22,13,0002,41302000,23.4,82111.0
11-22-413-03351-802056,22,14,0003,41401000,23.93,31385.0
11-22-414-03357-802062,22,15,0003,41501000,7.39,26898.0
11-22-414-03360-802064,22,15,0004,41503000,1.18,9638.0
11-22-414-03360-802064,22,15,0004,41504000,2.71,5964.0
11-22-414-03360-802064,22,15,0004,41502000,22.49,87521.0
11-22-416-03369-802067,22,16,0003,41602000,10.51,6641.0
11-22-416-03369-802068,22,16,0003,41603000,35.34,20411.0
11-22-416-03370-802070,22,16,0003,41601000,9.16,5901.0
11-22-416-03372-802071,22,16,0003,41604000,10.58,19059.0
11-23-418-03380-802078,23,01,0001,40101000,2.17,14556.0
11-23-418-03382-802079,23,01,0002,40102000,6.29,58342.0
11-23-418-03383-802080,23,01,0002,40103000,32.02,15673.0
11-23-419-03385-802081,23,02,0001,40201000,3.85,36435.0
11-23-419-03386-802082,23,02,0002,40202000,12.17,33103.0
11-23-419-03387-802083,23,02,0003,40203000,12.0,150959.0
11-23-419-03387-802084,23,02,0003,40207000,3.43,25227.0
11-23-419-03388-802085,23,02,0004,40206000,1.68,33512.0
11-23-419-03389-802086,23,02,0005,40205000,1.72,21936.0
11-23-419-03390-802087,23,02,0006,40204000,12.59,8094.0
11-23-419-03390-802088,23,02,0006,40208000,2.49,34039.0
11-23-420-03392-802089,23,03,0002,40301000,13.99,10246.0
11-23-420-03392-802090,23,03,0002,40303000,17.18,153752.0
11-23-420-03392-802091,23,03,0002,40304000,30.31,11035.0
11-23-420-03393-802092,23,03,0003,40305000,1.66,14739.0
11-23-420-03394-802093,23,03,0003,40302000,25.0,17257.0
11-23-420-03395-802094,23,03,0004,40306000,14.91,45232.0
11-23-420-03395-802095,23,03,0004,40308000,23.71,18367.0
11-23-420-03397-802096,23,03,0006,40307000,19.11,14805.0
11-23-420-03398-802097,23,03,0007,40309000,19.04,28253.0
11-23-420-03398-802098,23,03,0007,40310000,12.11,9350.0
11-23-420-03398-802099,23,03,0007,40311000,12.7,15897.0
11-23-421-03399-802100,23,04,0001,40401000,166.83,827026.0
11-23-421-03399-802101,23,04,0001,40402000,13.33,38522.0
11-23-421-03400-454188,23,04,0002,40405000,6.15,12823.0
11-23-421-03400-802102,23,04,0002,40404000,44.97,11441.0
11-23-421-03400-802103,23,04,0002,40406000,2.59,11725.0
11-23-421-03400-802104,23,04,0002,40407000,3.79,56672.0
11-23-421-03401-802105,23,04,0003,40408000,23.94,15264.0
11-23-421-03402-802106,23,04,0003,40403000,22.74,9535.0
11-23-422-03403-802107,23,05,0001,40501000,2.93,19525.0
11-23-422-03404-802108,23,05,0001,40502000,18.05,14597.0
11-23-422-03405-802109,23,05,0002,40504000,4.07,82755.0
11-23-422-03406-802111,23,05,0003,40503000,1.68,20672.0
11-23-423-03408-802112,23,06,0002,40603000,81.11,146892.0
11-23-423-03409-802113,23,06,0003,40601000,8.0,15714.0
11-23-423-03410-802114,23,06,0004,40602000,1.09,23505.0
11-23-423-03411-802115,23,06,0005,40604000,1.63,15682.0
11-23-423-03412-802116,23,06,0005,40607000,7.77,10409.0
11-23-423-03413-802117,23,06,0006,40605000,0.68,14891.0
11-23-423-03414-802118,23,06,0007,40606000,8.43,12580.0
11-23-424-03415-802119,23,08,0001,40802000,16.09,6441.0
11-23-424-03415-802120,23,08,0001,40804000,14.91,20713.0
11-23-424-03416-802121,23,08,0001,40801000,29.67,8501.0
11-23-424-03417-802122,23,08,0002,40803000,17.37,8298.0
11-23-424-03417-802123,23,08,0002,40805000,0.55,22535.0
11-23-424-03418-802124,23,08,0003,40806000,32.29,11162.0
11-23-424-03418-802125,23,08,0003,40808000,21.23,15599.0
11-23-424-03420-802126,23,08,0004,40807000,25.53,14632.0
11-23-424-03421-802127,23,08,0005,40812000,0.41,7601.0
11-23-424-03422-802128,23,08,0005,40810000,0.43,12413.0
11-23-424-03423-802129,23,08,0006,40809000,8.46,8689.0
11-23-424-03423-802130,23,08,0006,40811000,6.22,68426.0
11-23-424-03423-802131,23,08,0006,40813000,15.84,7723.0
11-23-425-03424-802132,23,09,0001,40902000,32.87,8579.0
11-23-425-03425-802133,23,09,0002,40903000,25.04,20168.0
11-23-425-03426-802134,23,09,0002,40905000,24.88,10216.0
11-23-425-03427-802135,23,09,0003,40901000,4.49,15410.0
11-23-425-03427-802136,23,09,0003,40904000,20.86,33024.0
11-23-425-03428-802137,23,09,0003,40906000,28.42,12964.0
11-23-425-03428-802138,23,09,0003,40907000,52.73,21490.0
11-23-425-03429-802139,23,09,0004,40908000,16.78,109078.0
11-23-425-03430-802140,23,09,0005,40909000,13.78,12449.0
11-23-425-03430-802141,23,09,0005,40910000,59.8,19286.0
11-23-425-03431-802142,23,09,0006,40913000,27.16,15044.0
11-23-425-03432-802143,23,09,0006,40914000,23.49,10813.0
11-23-425-03433-802144,23,09,0007,40911000,23.48,8295.0
11-23-425-03433-802145,23,09,0007,40912000,25.72,18414.0
11-23-425-03434-802146,23,09,0007,40915000,14.73,9065.0
11-23-426-03435-802147,23,10,0001,41001000,6.81,13997.0
11-23-426-03436-802148,23,10,0002,41002000,1.37,52057.0
11-23-426-03437-802149,23,10,0002,41003000,13.11,11413.0
11-23-426-03437-802150,23,10,0002,41004000,26.85,7104.0
11-23-426-03439-802151,23,10,0003,41005000,17.44,11609.0
11-23-426-03440-802152,23,10,0004,41006000,51.62,12004.0
11-23-427-03443-459749,23,11,0001,41103000,2.16,7220.0
11-23-427-03443-459750,23,11,0001,41105000,5.49,7413.0
11-23-427-03443-802153,23,11,0001,41102000,12.0,51181.0
11-23-427-03444-802154,23,11,0002,41106000,5.89,41511.0
11-23-427-03446-802155,23,11,0003,41104000,10.02,26183.0
11-23-427-03447-802156,23,11,0003,41101000,4.11,14486.0
11-23-427-03448-802157,23,11,0004,41113000,6.54,25215.0
11-23-427-03449-460960,23,11,0005,41107000,16.62,9263.0
11-23-427-03449-460963,23,11,0005,41111000,3.54,19009.0
11-23-427-03449-460964,23,11,0005,41112000,4.32,14360.0
11-23-427-03449-460965,23,11,0005,41115000,8.54,10274.0
11-23-427-03449-802158,23,11,0005,41108000,22.03,12180.0
11-23-427-03449-802159,23,11,0005,41109000,34.73,244721.0
11-23-427-03449-802160,23,11,0005,41110000,16.35,30832.0
11-23-427-03450-802161,23,11,0006,41114000,14.01,27363.0
11-23-427-03451-802162,23,11,0007,41116000,27.86,25890.0
11-23-427-03453-802163,23,11,0009,41117000,3.24,23806.0
11-23-428-03454-802164,23,12,0001,41201000,6.28,28514.0
11-23-428-03457-802165,23,12,0004,41202000,19.24,17185.0
11-23-428-03458-462495,23,12,0005,41205000,5.95,5027.0
11-23-428-03458-802166,23,12,0005,41203000,62.12,14429.0
11-23-428-03458-802167,23,12,0005,41204000,35.65,127967.0
11-23-428-03460-802168,23,12,0007,41206000,14.33,11229.0
11-23-429-03461-802169,23,13,0001,41303000,2.11,7710.0
11-23-429-03461-802170,23,13,0001,41307000,79.01,229307.0
11-23-429-03462-802171,23,13,0001,41301000,160.35,22279.0
11-23-429-03463-802172,23,13,0001,41302000,12.62,12338.0
11-23-429-03463-802173,23,13,0001,41304000,10.66,8908.0
11-23-429-03464-802174,23,13,0002,41306000,4.4,19461.0
11-23-429-03465-802175,23,13,0003,41309000,7.8,16664.0
11-23-429-03466-802176,23,13,0004,41308000,23.54,11310.0
11-23-429-03467-802177,23,13,0004,41305000,17.43,6863.0
11-23-429-03468-802178,23,13,0005,41310000,18.81,16371.0
11-23-429-03470-802179,23,13,0007,41311000,10.36,34342.0
11-23-430-03471-802180,23,14,0001,41401000,5.21,9105.0
11-23-430-03471-802181,23,14,0001,41402000,37.09,15254.0
11-23-430-03473-802182,23,14,0002,41403000,37.16,10936.0
11-23-430-03473-802183,23,14,0002,41407000,4.31,9300.0
11-23-430-03474-802184,23,14,0002,41408000,12.6,11560.0
11-23-430-03475-802185,23,14,0002,41404000,10.27,12325.0
11-23-430-03476-802186,23,14,0003,41406000,30.35,14871.0
11-23-430-03477-802187,23,14,0004,41409000,36.91,23024.0
11-23-430-03478-802188,23,14,0004,41405000,15.4,8767.0
11-23-430-03479-802189,23,14,0005,41410000,54.99,183274.0
11-23-430-03479-802190,23,14,0005,41412000,13.23,9697.0
11-23-430-03481-802191,23,14,0007,41411000,8.52,12450.0
11-23-431-03482-802192,23,15,0001,41502000,12.0,26842.0
11-23-431-03483-802193,23,15,0001,41501000,34.9,12946.0
11-23-431-03485-802194,23,15,0001,41503000,20.42,20942.0
11-23-431-03486-802195,23,15,0001,41504000,12.24,22403.0
11-23-432-03487-802196,23,18,0001,41803000,77.54,7208.0
11-23-432-03487-802197,23,18,0001,41804000,12.24,16687.0
11-23-432-03488-802198,23,18,0001,41801000,9.03,8316.0
11-23-432-03488-802199,23,18,0001,41802000,18.78,7004.0
11-23-432-03489-802200,23,18,0002,41807000,13.42,112852.0
11-23-432-03490-802201,23,18,0002,41808000,27.25,10523.0
11-23-432-03491-802202,23,18,0003,41805000,2.59,17757.0
11-23-432-03491-802203,23,18,0003,41806000,2.76,22623.0
11-23-433-03492-802205,23,19,0001,41901000,0.79,16494.0
11-23-433-03493-802206,23,19,0002,41903000,0.78,7339.0
11-23-433-03493-802207,23,19,0002,41904000,0.31,10081.0
11-23-433-03493-802208,23,19,0002,41905000,6.72,13705.0
11-23-433-03494-802209,23,19,0003,41902000,0.52,14569.0
11-23-433-03495-802210,23,19,0003,41906000,3.02,21507.0
11-23-433-03496-802211,23,19,0004,41907000,10.36,117555.0
11-23-433-03497-802212,23,19,0004,41909000,24.69,6565.0
11-23-433-03498-802213,23,19,0005,41908000,4.3,12889.0
11-23-434-03500-802215,23,20,0001,42004000,1.15,7303.0
11-23-434-03501-802216,23,20,0002,42003000,5.93,65111.0
11-23-434-03501-802217,23,20,0002,42005000,25.45,7655.0
11-23-434-03502-802218,23,20,0003,42001000,2.78,21513.0
11-23-434-03503-802219,23,20,0003,42002000,1.24,13061.0
11-23-434-03504-802220,23,20,0004,42007000,2.59,10888.0
11-23-434-03507-471043,23,20,0006,42009000,1.68,12217.0
11-23-434-03507-802221,23,20,0006,42006000,19.81,8484.0
11-23-434-03507-802222,23,20,0006,42008000,39.19,222202.0
11-23-435-03508-802224,23,21,0001,42104000,10.5,29835.0
11-23-435-03509-802225,23,21,0002,42103000,23.83,96579.0
11-23-435-03509-802226,23,21,0002,42105000,25.79,13950.0
11-23-435-03510-471486,23,21,0003,42101000,7.89,6341.0
11-23-435-03510-802227,23,21,0003,42102000,9.45,29379.0
11-23-435-03512-802228,23,21,0005,42106000,1.45,21453.0
11-23-435-03513-802230,23,21,0006,42107000,92.93,431162.0
11-23-435-03514-802231,23,21,0007,42108000,11.48,34088.0
11-23-436-03515-802232,23,22,0001,42201000,1.07,13544.0
11-23-436-03515-802233,23,22,0001,42202000,0.26,13430.0
11-23-436-03516-802234,23,22,0002,42203000,0.31,14198.0
11-23-436-03516-802235,23,22,0002,42205000,35.4,6561.0
11-23-436-03517-802236,23,22,0003,42204000,0.23,11764.0
11-23-436-03518-802237,23,22,0004,42206000,3.52,31207.0
11-23-436-03518-802238,23,22,0004,42207000,0.23,8651.0
11-23-436-03519-802239,23,22,0005,42208000,8.12,57818.0
11-23-436-03519-802240,23,22,0005,42211000,19.19,18325.0
11-23-436-03522-802241,23,22,0007,42209000,7.74,42461.0
11-23-436-03522-802242,23,22,0007,42210000,19.45,10421.0
11-23-436-03522-802243,23,22,0007,42212000,2.17,10850.0
11-23-437-03525-802245,23,23,0002,42301000,2.59,10412.0
11-23-437-03525-802246,23,23,0002,42303000,1.37,15553.0
11-23-437-03526-802248,23,23,0003,42302000,100.22,231672.0
11-23-437-03527-802249,23,23,0004,42307000,1.94,15185.0
11-23-437-03528-802250,23,23,0004,42309000,16.09,7996.0
11-23-437-03528-802251,23,23,0004,42310000,20.75,9256.0
11-23-437-03528-802252,23,23,0004,42311000,14.98,10931.0
11-23-437-03529-802253,23,23,0005,42305000,44.49,10262.0
11-23-437-03529-802254,23,23,0005,42306000,1.13,10128.0
11-23-437-03530-802255,23,23,0005,42304000,2.21,15933.0
11-23-437-03531-802256,23,23,0006,42308000,2.34,21019.0
11-23-438-03532-802257,23,25,0001,42501000,3.01,17746.0
11-23-438-03533-802258,23,25,0002,42502000,9.36,15617.0
11-23-438-03533-802259,23,25,0002,42503000,5.45,6118.0
11-23-438-03534-802260,23,25,0003,42504000,17.48,75374.0
11-23-438-03534-802261,23,25,0003,42505000,75.51,68080.0
11-23-438-03534-802262,23,25,0003,42507000,30.93,8544.0
11-23-438-03536-475533,23,25,0005,42506000,4.94,7415.0
11-23-438-03536-802263,23,25,0005,42510000,12.37,24313.0
11-23-438-03538-802265,23,25,0006,42508000,15.08,25467.0
11-23-438-03539-802266,23,25,0007,42509000,13.74,26273.0
11-23-438-03539-802267,23,25,0007,42511000,3.0,13237.0
11-23-439-03540-802268,23,26,0001,42601000,0.29,13225.0
11-23-439-03540-802269,23,26,0001,42603000,0.73,15210.0
11-23-439-03540-802270,23,26,0001,42607000,8.08,12530.0
11-23-439-03541-802271,23,26,0003,42605000,18.84,9028.0
11-23-439-03542-476238,23,26,0002,42604000,6.63,5950.0
11-23-439-03542-802272,23,26,0002,42602000,1.74,13156.0
11-23-439-03543-476370,23,26,0003,42608000,5.33,4079.0
11-23-439-03543-476371,23,26,0003,42609000,4.72,10856.0
11-23-439-03543-802273,23,26,0003,42606000,160.45,1506062.0
11-23-439-03543-802274,23,26,0003,42610000,0.64,20855.0
11-23-439-03544-802275,23,26,0004,42611000,19.07,92364.0
11-23-439-03544-802276,23,26,0004,42612000,13.0,20523.0
11-23-439-03544-802277,23,26,0004,42613000,13.31,6525.0
11-23-440-03545-802278,23,27,0001,42701000,1.62,33559.0
11-23-440-03545-802279,23,27,0001,42704000,8.19,34114.0
11-23-440-03546-802280,23,27,0002,42702000,6.09,19649.0
11-23-440-03546-802281,23,27,0002,42703000,0.72,11351.0
11-23-440-03547-802282,23,27,0003,42705000,3.88,19050.0
11-23-440-03549-802283,23,27,0005,42706000,1.79,14288.0
11-23-440-03550-802284,23,27,0006,42707000,32.67,103448.0
11-23-441-03554-802285,23,28,0001,42802000,11.12,43232.0
11-23-441-03557-802286,23,28,0002,42801000,15.54,22882.0
11-23-441-03558-802287,23,28,0003,42803000,9.0,17913.0
11-23-441-03559-802289,23,28,0004,42805000,6.14,10744.0
11-23-441-03559-802290,23,28,0004,42806000,1.33,14263.0
11-23-441-03561-802291,23,28,0006,42804000,2.32,48941.0
11-23-442-03563-802292,23,30,0001,43001000,21.54,7885.0
11-23-442-03563-802293,23,30,0001,43002000,15.8,16822.0
11-23-442-03564-802294,23,30,0002,43003000,6.47,15317.0
11-23-442-03565-802296,23,30,0003,43005000,7.77,23937.0
11-23-442-03565-802297,23,30,0003,43007000,20.41,9281.0
11-23-442-03566-802298,23,30,0004,43004000,15.15,7600.0
11-23-442-03566-802299,23,30,0004,43006000,6.64,37925.0
11-23-442-03567-802300,23,30,0005,43012000,5.68,32294.0
11-23-442-03568-802301,23,30,0006,43008000,12.95,27723.0
11-23-442-03568-802302,23,30,0006,43010000,21.83,8510.0
11-23-442-03569-802303,23,30,0005,43009000,25.79,20939.0
11-23-442-03569-802304,23,30,0006,43011000,23.41,9089.0
11-23-443-03570-802305,23,31,0001,43101000,51.41,14057.0
11-23-443-03571-802306,23,31,0002,43102000,9.99,42179.0
11-23-443-03572-802307,23,31,0003,43103000,4.24,13741.0
11-23-443-03573-802308,23,31,0004,43104000,16.55,64937.0
11-23-443-03579-802310,23,31,0007,43105000,5.83,125453.0
11-23-444-03580-802311,23,32,0001,43201000,13.99,24302.0
11-23-444-03581-802312,23,32,0002,43202000,298.48,1458416.0
11-23-445-03582-802314,23,33,0001,43301000,16.53,92518.0
11-23-445-03584-802315,23,33,0002,43303000,16.88,40628.0
11-23-445-03585-802317,23,33,0002,43302000,1.46,7132.0
11-23-445-03586-802318,23,33,0003,43304000,0.31,12689.0
11-23-445-03587-802319,23,33,0004,43307000,8.81,17240.0
11-23-445-03588-802320,23,33,0005,43305000,23.38,13791.0
11-23-445-03589-802321,23,33,0005,43306000,9.28,9742.0
11-23-446-03590-802322,23,34,0001,43402000,14.4,6784.0
11-23-446-03590-802323,23,34,0001,43404000,19.08,35702.0
11-23-446-03591-802324,23,34,0002,43403000,3.8,8095.0
11-23-446-03592-802325,23,34,0003,43401000,18.46,30448.0
11-23-446-03593-802326,23,34,0004,43405000,14.77,8718.0
11-23-446-03593-802327,23,34,0004,43406000,12.88,39859.0
11-23-446-03593-802328,23,34,0004,43409000,29.86,19938.0
11-23-446-03594-802329,23,34,0005,43410000,13.94,27379.0
11-23-446-03595-802330,23,34,0005,43408000,37.45,16094.0
11-23-446-03597-802332,23,34,0007,43407000,13.77,13783.0
11-23-447-03598-802333,23,35,0001,43507000,4.46,15766.0
11-23-447-03600-802335,23,35,0002,43503000,17.1,83722.0
11-23-447-03600-802336,23,35,0002,43505000,1.19,9646.0
11-23-447-03602-802338,23,35,0002,43502000,35.42,95012.0
11-23-447-03604-802339,23,35,0004,43506000,2.59,21423.0
11-23-447-03605-802340,23,35,0005,43504000,3.13,29553.0
11-23-448-03606-802341,23,36,0001,43603000,29.45,17487.0
11-23-448-03608-802342,23,36,0002,43602000,9.72,64497.0
11-23-448-03610-802343,23,36,0003,43601000,8.55,19183.0
11-23-449-03612-802344,23,37,0001,43710000,4.61,26202.0
11-23-449-03613-487411,23,37,0002,43706000,10.11,10259.0
11-23-449-03613-487412,23,37,0002,43707000,7.5,4301.0
11-23-449-03613-802345,23,37,0002,43705000,14.15,92362.0
11-23-449-03614-802346,23,37,0003,43701000,24.27,97424.0
11-23-449-03615-487509,23,37,0002,43708000,2.8,11168.0
11-23-449-03616-802347,23,37,0004,43704000,8.19,14591.0
11-23-449-03617-802348,23,37,0005,43703000,2.9,22339.0
11-23-449-03618-802349,23,37,0006,43702000,5.2,44378.0
11-23-449-03618-802350,23,37,0006,43709000,9.8,11370.0
11-23-450-03620-802351,23,38,0001,43804000,68.57,187029.0
11-23-450-03622-802352,23,38,0001,43803000,18.1,10923.0
11-23-450-03624-802353,23,38,0002,43801000,10.22,20150.0
11-23-450-03624-802354,23,38,0002,43802000,3.72,7159.0
11-23-451-03627-802355,23,39,0001,43902000,23.67,37870.0
11-23-451-03628-802356,23,39,0001,43901000,6.29,11318.0
11-23-451-03629-802357,23,39,0002,43903000,12.37,17062.0
11-23-451-03629-802358,23,39,0002,43905000,13.03,13213.0
11-23-451-03630-802359,23,39,0002,43916000,6.66,11958.0
11-23-451-03631-490021,23,39,0003,43909000,19.93,14539.0
11-23-451-03631-490022,23,39,0003,43910000,7.0,15283.0
11-23-451-03631-490023,23,39,0003,43912000,1.89,9167.0
11-23-451-03631-802360,23,39,0003,43914000,28.49,66499.0
11-23-451-03631-802361,23,39,0003,43913000,134.94,956107.0
11-23-451-03631-802362,23,39,0003,43915000,2.37,1840.0
11-23-451-03631-802363,23,39,0003,43917000,9.89,10880.0
11-23-451-03632-490245,23,39,0003,43906000,3.97,4483.0
11-23-451-03632-490246,23,39,0003,43907000,2.56,11819.0
11-23-451-03632-490247,23,39,0003,43908000,2.61,8145.0
11-23-451-03632-490248,23,39,0003,43911000,3.76,11958.0
11-23-451-03632-802364,23,39,0003,43904000,10.26,25199.0
11-23-452-03634-802365,23,40,0001,44001000,6.68,23420.0
11-23-452-03635-491055,23,40,0002,44005000,8.39,9250.0
11-23-452-03635-802366,23,40,0002,44004000,12.4,39194.0
11-23-452-03636-802367,23,40,0003,44002000,40.17,56203.0
11-23-452-03637-802368,23,40,0004,44003000,21.7,25043.0
11-23-453-03639-802370,23,41,0001,44101000,17.67,9448.0
11-23-453-03640-802371,23,41,0002,44102000,11.56,17422.0
11-23-454-03643-492983,23,42,0002,44201000,2.12,6648.0
11-23-454-03643-802373,23,42,0002,44202000,14.92,53894.0
11-23-454-03643-802374,23,42,0002,44204000,8.88,9612.0
11-23-454-03646-802376,23,42,0004,44203000,18.98,21760.0
11-23-455-03648-802377,23,43,0002,44302000,11.93,12096.0
11-23-455-03649-802378,23,43,0002,44301000,28.85,9430.0
11-23-455-03650-802379,23,43,0003,44319000,0.31,11394.0
11-23-455-03651-494680,23,43,0004,44310000,0.19,4143.0
11-23-455-03651-494681,23,43,0004,44313000,5.16,7262.0
11-23-455-03651-802380,23,43,0004,44309000,11.42,22440.0
11-23-455-03651-802381,23,43,0004,44312000,4.12,15857.0
11-23-455-03652-494772,23,43,0005,44303000,5.81,4559.0
11-23-455-03652-494773,23,43,0005,44304000,5.44,7928.0
11-23-455-03652-494774,23,43,0005,44305000,7.29,8481.0
11-23-455-03652-494775,23,43,0005,44308000,5.01,9197.0
11-23-455-03652-494776,23,43,0005,44317000,2.33,6892.0
11-23-455-03652-802382,23,43,0005,44306000,4.99,10850.0
11-23-455-03652-802383,23,43,0005,44315000,7.5,37863.0
11-23-455-03652-802384,23,43,0005,44316000,6.36,16937.0
11-23-455-03652-802385,23,43,0005,44318000,3.6,10773.0
11-23-455-03654-495003,23,43,0006,44320000,22.01,153552.0
11-23-455-03656-802387,23,43,0007,44321000,15.92,24312.0
11-23-455-03656-802388,23,43,0007,44322000,0.78,9892.0
11-23-455-03656-802389,23,43,0007,44323000,0.33,9305.0
11-23-455-03658-802391,23,43,0009,44324000,26.0,40931.0
11-23-456-03659-802392,23,44,0001,44402000,18.79,14344.0
11-23-456-03661-496325,23,44,0002,44401000,5.16,6131.0
11-23-456-03664-802393,23,44,0004,44403000,15.95,89801.0
11-23-456-03665-802394,23,44,0005,44404000,9.24,10411.0
11-23-457-03667-802395,23,45,0001,44507000,11.5,14763.0
11-23-457-03668-497374,23,45,0001,44509000,8.81,8849.0
11-23-457-03669-802396,23,45,0002,44508000,19.29,24757.0
11-23-457-03672-497814,23,45,0003,44504000,3.36,5641.0
11-23-457-03672-497815,23,45,0003,44505000,4.3,9169.0
11-23-457-03672-802397,23,45,0003,44506000,19.98,75997.0
11-23-457-03674-802398,23,45,0005,44501000,29.15,15390.0
11-23-457-03674-802399,23,45,0005,44502000,80.37,32296.0
11-23-457-03675-498469,23,45,0005,44503000,4.37,7110.0
11-23-458-03677-802401,23,07,0003,40703000,45.75,137175.0
11-23-458-03679-802402,23,07,0005,40705000,73.79,49173.0
11-23-458-03681-802403,23,07,0007,40708000,1.2,14055.0
11-23-458-03682-802404,23,07,0008,40707000,20.01,21178.0
11-23-458-03683-802405,23,07,0009,40709000,11.65,17339.0
11-23-459-03684-802406,23,07,0001,40701000,25.26,10347.0
11-23-459-03685-802407,23,07,0002,40702000,41.87,28305.0
11-23-459-03686-802408,23,07,0004,40704000,5.44,57705.0
11-23-459-03688-802409,23,07,0006,40706000,12.51,19536.0
11-23-460-03689-802410,23,16,0001,41601000,14.47,10921.0
11-23-460-03689-802411,23,16,0001,41602000,35.14,20010.0
11-23-460-03690-802412,23,16,0002,41603000,12.25,7393.0
11-23-460-03691-501529,23,16,0003,41609000,19.510628,24215.0
11-23-460-03691-802413,23,16,0003,41604000,24.28,78624.0
11-23-460-03691-802414,23,16,0003,41607000,10.45,17724.0
11-23-460-03691-802415,23,16,0003,41608000,24.86,43915.0
11-23-461-03693-802416,23,16,0005,41605000,36.65,28218.0
11-23-461-03693-802417,23,16,0005,41606000,12.09,27472.0
11-23-461-03694-501949,23,16,0006,41610000,8.44,10377.0
11-23-461-03694-501950,23,16,0006,41611000,9.12,9498.0
11-23-461-03694-501951,23,16,0006,41612000,9.0,4756.0
11-23-461-03694-501952,23,16,0006,41613000,7.14,20720.0
11-23-461-03694-501953,23,16,0006,41615000,6.85,5763.0
11-23-461-03694-501954,23,16,0006,41616000,13.67,10840.0
11-23-461-03694-501955,23,16,0006,41617000,9.95,9722.0
11-23-461-03694-802418,23,16,0006,41614000,15.06,29565.0
11-23-461-03694-802419,23,16,0006,41618000,12.85,16403.0
11-23-461-03695-802420,23,16,0007,41619000,8.0,7800.0
11-23-461-03696-802421,23,16,0008,41620000,46.57,7082.0
11-23-462-03697-802422,23,17,0001,41703000,24.75,9900.0
11-23-462-03698-802423,23,17,0002,41701000,26.16,13104.0
11-23-462-03699-802424,23,17,0003,41702000,11.28,45700.0
11-23-463-03703-503654,23,17,0005,41704000,5.74,7137.0
11-23-463-03705-802426,23,17,0009,41705000,284.46,185190.0
11-23-464-03706-802427,23,24,0001,42402000,6.04,12685.0
11-23-464-03707-802428,23,24,0002,42401000,5.11,12421.0
11-23-464-03708-504556,23,24,0003,42403000,8.64,10318.0
11-23-464-03709-802429,23,24,0004,42404000,6.34,30577.0
11-23-464-03710-802430,23,24,0008,42405000,4.9,10612.0
11-23-465-03711-802431,23,24,0005,42406000,22.3,9263.0
11-23-465-03712-802432,23,24,0006,42407000,1.33,9991.0
11-23-465-03713-802433,23,24,0007,42408000,13.32,25164.0
11-23-466-03716-802435,23,29,0002,42904000,35.77,172242.0
11-23-466-03717-802436,23,29,0002,42901000,12.67,6616.0
11-23-466-03717-802437,23,29,0002,42903000,17.53,10672.0
11-23-466-03718-802438,23,29,0003,42905000,13.89,11002.0
11-23-467-03719-802439,23,29,0004,42907000,12.67,193725.0
11-23-467-03719-802440,23,29,0004,42908000,38.82,18155.0
11-23-467-03721-802441,23,29,0005,42906000,29.69,31638.0
11-24-468-03723-802442,24,01,0002,40101000,51.83,23057.0
11-24-468-03724-802443,24,01,0003,40102000,92.44,25389.0
11-24-468-03725-802444,24,01,0004,40103000,17.81,68343.0
11-24-468-03726-802445,24,01,0005,40104000,136.44,136429.0
11-24-468-03729-802446,24,01,0008,40105000,14.89,42355.0
11-24-468-03730-507349,24,01,0009,40106000,20.75,12931.0
11-24-468-03731-507358,24,01,0010,40108000,2.97,14695.0
11-24-468-03731-802447,24,01,0010,40107000,29.58,151693.0
11-24-469-03733-802448,24,02,0002,40201000,22.24,22815.0
11-24-469-03734-802449,24,02,0003,40202000,26.11,22172.0
11-24-469-03737-508001,24,02,0006,40203000,17.41,13702.0
11-24-469-03739-508229,24,02,0008,40205000,7.88,11130.0
11-24-469-03739-802450,24,02,0008,40204000,39.5,122300.0
11-24-469-03740-802451,24,02,0009,40206000,8.43,83382.0
11-24-470-03745-802454,24,03,0002,40301000,36.95,32191.0
11-24-470-03746-802455,24,03,0004,40302000,22.07,58194.0
11-24-470-03747-802456,24,03,0005,40303000,17.82,113749.0
11-24-470-03748-802457,24,03,0006,40304000,30.09,18472.0
11-24-470-03750-802458,24,03,0008,40305000,20.52,15822.0
11-24-471-03752-802459,24,04,0002,40401000,37.0,20141.0
11-24-471-03753-802460,24,04,0003,40402000,35.15,53876.0
11-24-471-03754-802461,24,04,0004,40403000,9.06,73488.0
11-24-471-03755-802462,24,04,0005,40404000,44.27,25033.0
11-24-471-03756-802463,24,04,0006,40405000,4.98,30961.0
11-24-471-03757-509559,24,04,0007,40407000,3.88,6739.0
11-24-471-03757-802464,24,04,0007,40406000,31.76,141453.0
11-24-471-03759-802465,24,04,0009,40408000,15.0,60026.0
11-24-472-03760-802466,24,05,0001,40501000,27.32,25556.0
11-24-472-03763-802468,24,05,0004,40502000,16.85,32805.0
11-24-472-03765-510446,24,05,0006,40503000,5.66,9902.0
11-24-472-03766-802469,24,05,0007,40504000,8.82,56464.0
11-24-472-03767-802470,24,05,0008,40505000,20.43,22282.0
11-24-472-03768-802471,24,05,0009,40506000,22.4,17473.0
11-24-472-03769-802472,24,05,0010,40507000,13.47,54135.0
11-24-472-03771-510996,24,05,0012,40508000,7.94,6512.0
11-24-473-03773-802474,24,06,0001,40601000,1.89,1680.0
11-24-473-03773-802475,24,06,0001,40603000,30.46,112013.0
11-24-473-03773-802476,24,06,0001,40602000,0.53,700.0
11-24-473-03774-802477,24,06,0002,40604000,26.9,27922.0
11-24-473-03775-511287,24,06,0003,40606000,17.91,9776.0
11-24-473-03775-511289,24,06,0003,40609000,4.33,4457.0
11-24-473-03775-802479,24,06,0003,40605000,56.75,195985.0
11-24-473-03776-802480,24,06,0004,40610000,26.99,38082.0
11-24-474-03779-802481,24,07,0003,40701000,8.8,53094.0
11-24-474-03780-802482,24,07,0004,40702000,40.42,32417.0
11-24-474-03781-802483,24,07,0005,40704000,5.59,14706.0
11-24-474-03781-802484,24,07,0005,40710000,281.08,3694974.0
11-24-474-03782-511685,24,07,0006,40716000,5.65,12181.0
11-24-474-03782-511686,24,07,0006,40717000,3.75,9889.0
11-24-474-03782-511687,24,07,0006,40721000,9.07,7642.0
11-24-474-03783-802486,24,07,0007,40722000,14.36,61569.0
11-24-474-03784-802487,24,07,0008,40723000,23.12,30871.0
11-24-474-03787-802489,24,07,0011,40724000,62.66,29572.0
11-24-475-03788-802490,24,08,0001,40801000,74.14,24325.0
11-24-475-03789-802491,24,08,0002,40802000,10.36,70663.0
11-24-475-03790-512159,24,08,0003,40803000,11.57,10924.0
11-24-475-03792-802493,24,08,0005,40804000,38.59,156161.0
11-24-475-03792-802494,24,08,0005,40805000,18.41,63424.0
11-24-475-03794-802495,24,08,0007,40806000,50.39,36880.0
11-24-475-03797-802497,24,08,0010,40807000,5.18,40071.0
11-24-476-03799-802499,24,09,0002,40901000,101.13431,178055.0
11-24-476-03801-802500,24,09,0004,40902000,4.53,40191.0
11-24-476-03802-512921,24,09,0005,40903000,16.12,9234.0
11-24-476-03803-802501,24,09,0006,40904000,163.14,1003015.0
11-24-476-03806-802503,24,09,0009,40905000,44.28,39046.0
11-24-476-03807-802504,24,09,0010,40906000,11.59,97506.0
11-24-476-03809-802505,24,09,0012,40907000,93.77,18254.0
11-24-476-03809-802506,24,09,0012,40908000,50.57,55438.0
11-24-476-03810-802507,24,09,0013,40909000,79.46,80811.0
11-24-476-03811-802508,24,09,0014,40910000,36.0,104312.0
11-24-477-03812-513486,24,10,0001,41003000,22.1,13559.0
11-24-477-03812-802509,24,10,0001,41001000,4.39,18855.0
11-24-477-03812-802510,24,10,0001,41005000,42.07,33626.0
11-24-477-03813-802511,24,10,0002,41006000,9.56,26875.0
11-24-477-03813-802512,24,10,0002,41007000,3.24,36479.0
11-24-477-03814-513672,24,10,0003,41009000,1.23,9530.0
11-24-477-03814-802513,24,10,0003,41008000,8.36,17704.0
11-24-477-03814-802516,24,10,0003,41012000,26.4,498344.0
11-24-477-03816-802517,24,10,0005,41013000,39.02,23628.0
11-24-477-03817-802518,24,10,0006,41014000,35.89,24858.0
11-24-477-03820-802520,24,10,0009,41015000,35.26,19718.0
11-24-477-03821-802521,24,10,0010,41016000,69.48,22661.0
11-24-478-03822-802522,24,11,0001,41101000,39.66,158856.0
11-24-478-03822-802523,24,11,0001,41102000,17.8,38526.0
11-24-478-03823-802524,24,11,0002,41104000,48.9,29645.0
11-24-478-03824-802525,24,11,0003,41105000,36.2,17110.0
11-24-479-03825-802526,24,12,0001,41201000,30.39,15218.0
11-24-479-03825-802527,24,12,0001,41202000,27.66,27563.0
11-24-479-03826-802528,24,12,0002,41203000,35.64,15858.0
11-24-479-03827-802529,24,12,0003,41205000,57.16,223341.0
11-24-479-03829-802530,24,12,0005,41206000,26.12,18061.0
11-24-479-03831-802531,24,12,0007,41207000,41.87,63257.0
11-24-479-03832-802532,24,12,0008,41208000,77.09,56320.0
11-24-479-03833-802533,24,12,0009,41209000,21.54,21240.0
11-24-479-03835-802535,24,12,0011,41210000,41.01,158032.0
11-24-479-03837-802537,24,12,0013,41211000,16.58,32610.0
11-24-479-03838-802538,24,12,0014,41212000,37.41,51261.0
11-24-480-03841-802540,24,13,0003,41301000,36.15,20966.0
11-24-480-03841-802541,24,13,0003,41302000,21.85,16719.0
11-24-480-03843-802542,24,13,0005,41303000,64.99,95307.0
11-24-480-03844-802543,24,13,0006,41304000,50.61,31796.0
11-24-480-03845-802544,24,13,0007,41305000,22.34,16915.0
11-24-480-03846-802545,24,13,0008,41306000,8.0,73774.0
11-24-480-03848-802546,24,13,0010,41307000,28.77,25086.0
11-24-480-03849-802547,24,13,0011,41308000,2.32,32395.0
11-24-481-03850-802548,24,14,0001,41401000,10.36,100194.0
11-24-481-03852-802550,24,14,0003,41402000,64.5,26754.0
11-24-481-03853-516226,24,14,0004,41403000,5.61,8050.0
11-24-481-03854-516284,24,14,0005,41405000,20.46,9705.0
11-24-481-03854-802551,24,14,0005,41404000,91.0,517708.0
11-24-481-03855-516334,24,14,0006,41406000,11.94,10848.0
11-24-481-03856-802552,24,14,0007,41407000,32.38,46960.0
11-24-481-03857-802553,24,14,0008,41408000,27.65,30526.0
11-24-481-03858-802554,24,14,0009,41409000,12.95,51944.0
11-24-481-03859-802555,24,14,0010,41411000,14.38,26104.0
11-24-481-03859-802556,24,14,0010,41410000,17.45,18475.0
11-24-481-03860-516804,24,14,0011,41413000,6.56,7044.0
11-24-481-03860-802557,24,14,0011,41412000,7.07,80726.0
11-24-482-03863-802559,24,15,0003,41501000,20.2,32191.0
11-24-482-03864-802560,24,15,0004,41502000,15.42,17805.0
11-24-482-03864-802561,24,15,0004,41503000,32.97,18459.0
11-24-482-03864-802562,24,15,0004,41504000,38.58,156050.0
11-24-482-03864-802563,24,15,0004,41505000,2.3,29378.0
11-24-482-03864-802564,24,15,0004,41506000,16.11,28955.0
11-24-482-03864-802565,24,15,0004,41507000,3.27,4103.0
11-24-482-03865-802566,24,15,0005,41508000,9.19,51147.0
11-24-482-03866-802567,24,15,0006,41509000,69.24,93194.0
11-24-482-03867-802568,24,15,0007,41510000,24.89,56548.0
11-24-482-03867-802569,24,15,0007,41511000,0.19,338.0
11-24-482-03868-802570,24,15,0008,41512000,21.31,19803.0
11-24-483-03869-802571,24,16,0001,41601000,19.21,43950.0
11-24-483-03871-802572,24,16,0003,41602000,21.64,33705.0
11-24-483-03873-802574,24,16,0005,41603000,13.15,30768.0
11-24-483-03874-802575,24,16,0006,41604000,21.62,24136.0
11-24-483-03876-802576,24,16,0008,41605000,29.54,196793.0
11-24-483-03876-802577,24,16,0008,41606000,25.31,36101.0
11-24-483-03877-802579,24,16,0009,41607000,13.81,15792.0
11-24-483-03878-802581,24,16,0010,41608000,16.22,25205.0
11-24-484-03881-802582,24,17,0003,41701000,17.15,15777.0
11-24-484-03882-802583,24,17,0004,41702000,12.77,33369.0
11-24-484-03885-802585,24,17,0007,41703000,23.33,131172.0
11-24-484-03886-802586,24,17,0008,41704000,7.45,27903.0
11-24-484-03886-802587,24,17,0008,41705000,0.72,668.0
11-24-484-03888-802588,24,17,0010,41706000,26.99,44473.0
11-24-485-03891-802589,24,18,0002,41801000,9.02,25095.0
11-24-485-03893-519476,24,18,0004,41802000,2.74,16069.0
11-24-485-03893-802590,24,18,0004,41803000,6.54,95957.0
11-24-485-03895-802591,24,18,0006,41804000,10.25,19202.0
11-24-486-03898-519906,24,19,0002,41901000,7.85,7270.0
11-24-486-03898-519907,24,19,0002,41903000,6.92,11057.0
11-24-486-03898-519908,24,19,0002,41905000,0.96,7736.0
11-24-486-03898-519909,24,19,0002,41907000,1.91,9192.0
11-24-486-03898-519910,24,19,0002,41908000,6.95,4667.0
11-24-486-03898-519912,24,19,0002,41910000,6.1,26706.0
11-24-486-03898-802593,24,19,0002,41902000,2.06,2814.0
11-24-486-03898-802594,24,19,0002,41904000,4.05,7338.0
11-24-486-03898-802595,24,19,0002,41906000,3.21,3037.0
11-24-486-03898-802596,24,19,0002,41909000,113.87,1411228.0
11-24-486-03899-802598,24,19,0003,41911000,3.68,961.0
11-24-486-03901-802599,24,19,0005,41912000,4.01,23211.0
11-24-486-03904-520919,24,19,0008,41913000,3.05,10490.0
11-24-486-03905-802600,24,19,0009,41914000,23.82,54952.0
11-24-486-03906-802601,24,19,0010,41915000,7.03,39205.0
11-24-486-03907-802602,24,19,0011,41916000,15.71,26358.0
11-24-487-03910-521555,24,20,0002,42003000,6.3,12703.0
11-24-487-03910-802603,24,20,0002,42001000,4.45,34923.0
11-24-488-03913-802604,24,21,0001,42101000,38.7,38778.0
11-24-488-03916-522158,24,21,0004,42102000,4.11,10878.0
11-24-488-03916-522163,24,21,0004,42105000,0.9,9247.0
11-24-488-03916-802606,24,21,0004,42103000,1.33,391.0
11-24-488-03916-802607,24,21,0004,42104000,19.18,167117.0
11-24-488-03918-522386,24,21,0006,42106000,1.9,13506.0
11-24-488-03918-802608,24,21,0006,42107000,9.59,96325.0
11-24-488-03918-802609,24,21,0006,42108000,4.77,16318.0
11-24-490-03922-802614,24,24,0001,42401000,17.3,162250.0
11-24-490-03923-522985,24,24,0002,42402000,3.44,9718.0
11-24-490-03923-802615,24,24,0002,42404000,3.68,53913.0
11-24-490-03924-523041,24,24,0003,42406000,3.03,8856.0
11-24-490-03924-523043,24,24,0003,42408000,2.71,4990.0
11-24-490-03924-802616,24,24,0003,42405000,4.38,15865.0
11-24-490-03924-802617,24,24,0003,42407000,19.34,57564.0
11-24-490-03925-523131,24,24,0004,42409000,1.09,6949.0
11-24-491-03927-523315,24,25,0001,42504000,2.85,8342.0
11-24-491-03927-523317,24,25,0001,42506000,6.22,10714.0
11-24-491-03927-523318,24,25,0001,42507000,4.49,5352.0
11-24-491-03927-802618,24,25,0001,42501000,28.970001,98758.0
11-24-491-03927-802619,24,25,0001,42502000,1.08,890.0
11-24-491-03928-802620,24,25,0002,42508000,15.51,19930.0
11-24-491-03929-523505,24,25,0003,42513000,3.05,11962.0
11-24-491-03929-802621,24,25,0003,42509000,13.1,25275.0
11-24-491-03929-802622,24,25,0003,42511000,7.67,71406.0
11-24-491-03929-802623,24,25,0003,42512000,9.45,23844.0
11-24-491-03931-802624,24,25,0005,42515000,5.09,472.0
11-24-491-03931-802625,24,25,0005,42516000,10.93,21684.0
11-24-491-03931-802626,24,25,0005,42517000,2.69,3269.0
11-24-492-03932-523789,24,22,0001,42201000,7.02,12847.0
11-24-492-03933-523880,24,22,0002,42202000,17.15,13543.0
11-24-492-03937-802629,24,22,0009,42205000,212.52,2702304.0
11-24-492-03938-524204,24,22,0010,42206000,3.17,8292.0
11-24-492-03938-524205,24,22,0010,42210000,0.25,6622.0
11-24-492-03938-524208,24,22,0010,42213000,4.39,11877.0
11-24-492-03938-802630,24,22,0010,42211000,52.67,2137.0
11-24-492-03938-802632,24,22,0010,42214000,5.16,3319.0
11-24-492-03939-524261,24,22,0011,42215000,4.19,14819.0
11-24-492-03939-524262,24,22,0011,42216000,3.36,12774.0
11-24-492-03940-802634,24,22,0012,42217000,6.47,51946.0
11-24-493-03944-524716,24,22,0006,42203000,9.37,10858.0
11-24-493-03944-802635,24,22,0006,42204000,15.97,22431.0
11-24-493-03945-802636,24,22,0013,42218000,7.92,36226.0
11-25-494-03947-802637,25,01,0001,40101000,17.8,21578.0
11-25-495-03948-802638,25,02,0001,40201000,6.5,35770.0
11-26-496-03949-802639,26,01,0001,40101000,6.7,21893.0
11-27-497-03952-802640,27,01,0003,40101000,2.16,25036.0
11-27-497-03953-802641,27,01,0004,40103000,2.04,49696.0
11-27-497-03954-802642,27,01,0005,40104000,31.41,94368.0
11-27-497-03955-802643,27,01,0006,40105000,14.5,29979.0
11-27-498-03956-802644,27,02,0001,40201000,6.0,61694.0
11-27-498-03957-802645,27,02,0002,40202000,32.5,42436.0
11-27-498-03959-802646,27,02,0004,40203000,46.46,341755.0
11-27-499-03960-802647,27,03,0001,40301000,6.62,60865.0
11-27-499-03961-802648,27,03,0002,40302000,3.13,31803.0
11-27-499-03961-802649,27,03,0002,40303000,4.25,23694.0
11-27-499-03962-802650,27,03,0003,40304000,2.07,19332.0
11-27-499-03962-802651,27,03,0003,40305000,2.2,25993.0
11-27-499-03965-527148,27,03,0006,40306000,3.77,8448.0
11-27-499-03965-527149,27,03,0006,40307000,11.42,15192.0
11-27-499-03965-802652,27,03,0006,40308000,13.38,172372.0
11-27-499-03966-802653,27,03,0007,40309000,68.24,368618.0
11-27-499-03967-802654,27,03,0008,40313000,3.3,30120.0
11-27-499-03968-802655,27,03,0009,40310000,4.77,33625.0
11-27-499-03969-802656,27,03,0010,40311000,15.62,91490.0
11-27-499-03970-802657,27,03,0011,40312000,4.22,34799.0
11-27-499-03972-802659,27,03,0013,40314000,18.59,91110.0
11-27-499-03973-802660,27,03,0014,40315000,5.04,45333.0
11-27-500-03975-802662,27,04,0001,40401000,3.35,26282.0
11-27-500-03977-802663,27,04,0003,40404000,5.83,52423.0
11-27-500-03978-802664,27,04,0004,40403000,5.67,37469.0
11-27-500-03979-802665,27,04,0005,40402000,5.12,61012.0
11-27-500-03981-802666,27,04,0007,40405000,13.36,88687.0
11-27-500-03982-802667,27,04,0008,40408000,6.5,37715.0
11-27-500-03983-802668,27,04,0009,40407000,7.9,48428.0
11-27-500-03984-802669,27,04,0010,40406000,10.89,62972.0
11-27-500-03985-802670,27,04,0011,40409000,7.86,24372.0
11-27-500-03986-802671,27,04,0012,40410000,39.49,13941.0
11-27-500-03987-802672,27,04,0013,40411000,0.66,20082.0
11-27-501-03988-802673,27,05,0001,40501000,1.1,18906.0
11-27-501-03989-802674,27,05,0002,40502000,14.34,80726.0
11-27-501-03990-802675,27,05,0003,40503000,5.46,39502.0
11-27-501-03991-530165,27,05,0004,40505000,3.34,16264.0
11-27-501-03991-530168,27,05,0004,40506000,6.35,12487.0
11-27-501-03991-802676,27,05,0004,40504000,23.44,400520.0
11-27-501-03992-802677,27,05,0005,40508000,5.5,38554.0
11-27-501-03993-802678,27,05,0006,40507000,5.18,20538.0
11-27-502-03996-802679,27,06,0002,40602000,4.33,27815.0
11-27-502-03997-802680,27,06,0003,40601000,13.55,60158.0
11-27-502-03999-802681,27,06,0005,40604000,47.8,62956.0
11-27-502-04000-802682,27,06,0006,40603000,14.41,27516.0
11-27-503-04002-802683,27,07,0002,40701000,3.94,4711.0
11-27-503-04003-802684,27,07,0003,40702000,3.34,51170.0
11-27-503-04004-802685,27,07,0004,40703000,16.54,107316.0
11-27-503-04005-802686,27,07,0005,40704000,1.98,17635.0
11-27-503-04006-802687,27,07,0006,40705000,5.73,33607.0
11-27-503-04007-802688,27,07,0007,40706000,12.34,41005.0
11-27-503-04007-802689,27,07,0007,40707000,19.3,21083.0
11-27-503-04009-802690,27,07,0009,40709000,121.65,549510.0
11-27-503-04011-802691,27,07,0011,40708000,4.14,34397.0
11-27-503-04013-802692,27,07,0013,40710000,2.54,17719.0
11-27-503-04014-802693,27,07,0014,40711000,3.24,21426.0
11-27-504-04017-802694,27,08,0003,40801000,6.78,40575.0
11-27-504-04018-802695,27,08,0004,40802000,7.05,13052.0
11-27-504-04019-534192,27,08,0005,40804000,6.98,15554.0
11-27-504-04019-802696,27,08,0005,40803000,7.77,111118.0
11-27-504-04020-802697,27,08,0006,40805000,2.67,36522.0
11-27-504-04020-802698,27,08,0006,40806000,1.41,15878.0
11-27-504-04021-802699,27,08,0007,40807000,12.77,92342.0
11-27-505-04023-802700,27,09,0001,40901000,6.65,8737.0
11-27-505-04023-802701,27,09,0001,40902000,3.96,21537.0
11-27-505-04024-802702,27,09,0002,40922000,19.74,37435.0
11-27-505-04025-802703,27,09,0003,40920000,14.67,17331.0
11-27-505-04025-802704,27,09,0003,40921000,1.52,7068.0
11-27-505-04026-535333,27,09,0004,40905000,5.12,10716.0
11-27-505-04026-535334,27,09,0004,40906000,5.12,8503.0
11-27-505-04026-535336,27,09,0004,40907000,3.3,18478.0
11-27-505-04026-802705,27,09,0004,40903000,3.23,26712.0
11-27-505-04026-802706,27,09,0004,40904000,3.09,14972.0
11-27-505-04027-535451,27,09,0005,40908000,12.67,17180.0
11-27-505-04027-535452,27,09,0005,40909000,5.02,21842.0
11-27-505-04027-535453,27,09,0005,40910000,7.38,8124.0
11-27-505-04027-535453,27,09,0006,40913000,7.17,5295.0
11-27-505-04028-802707,27,09,0006,40912000,3.54,22516.0
11-27-505-04030-535809,27,09,0008,40918000,3.48,18252.0
11-27-505-04030-535811,27,09,0008,40917000,5.14,10376.0
11-27-505-04030-802708,27,09,0008,40915000,4.27,84344.0
11-27-505-04030-802709,27,09,0008,40916000,15.1,13125.0
11-27-505-04031-535970,27,09,0009,40926000,7.26,40418.0
11-27-505-04031-535971,27,09,0009,40927000,4.29,8769.0
11-27-505-04031-535972,27,09,0009,40928000,7.63,12005.0
11-27-505-04032-802710,27,09,0010,40919000,217.56,2052066.0
11-27-505-04033-536123,27,09,0011,40924000,5.71,15381.0
11-27-505-04033-536124,27,09,0011,40925000,4.38,37016.0
11-27-505-04033-536125,27,09,0011,40923000,8.34,17181.0
11-27-505-04034-802711,27,09,0012,40929000,7.7,49577.0
11-27-506-04037-802712,27,10,0001,41001000,7.37,42021.0
11-27-506-04039-537071,27,10,0003,41004000,2.26,8183.0
11-27-506-04039-537072,27,10,0003,41005000,3.09,11965.0
11-27-506-04039-802713,27,10,0003,41003000,16.84,85213.0
11-27-506-04042-802714,27,10,0006,41006000,8.53,22587.0
11-27-507-04044-802715,27,11,0001,41101000,15.63,22529.0
11-27-507-04046-802716,27,11,0003,41102000,18.11,120902.0
11-27-508-04052-802717,27,12,0001,41201000,26.68,24793.0
11-27-508-04057-802718,27,12,0006,41202000,29.29,42468.0
11-27-509-04064-802719,27,13,0001,41301000,16.59,41971.0
11-27-509-04067-802720,27,13,0004,41302000,21.92,31207.0
11-27-509-04070-541242,27,13,0007,41303000,2.0,14797.0
11-27-509-04070-802721,27,13,0007,41304000,36.01,56903.0
11-27-509-04071-541334,27,13,0008,41308000,2.98,11721.0
11-27-509-04071-541335,27,13,0008,41309000,10.24,17714.0
11-27-509-04071-541339,27,13,0008,41305000,12.94,29945.0
11-27-509-04071-541340,27,13,0008,41306000,3.51,6002.0
11-27-509-04071-802722,27,13,0008,41307000,56.35,289450.0
11-27-509-04072-802723,27,13,0009,41311000,23.15,22330.0
11-27-509-04074-802724,27,13,0011,41310000,16.51,89995.0
11-27-509-04075-541663,27,13,0012,41312000,17.1,21731.0
11-27-509-04077-541855,27,13,0013,41313000,7.89,5458.0
11-27-509-04077-802725,27,13,0013,41314000,2.93,25843.0
11-27-510-04082-542502,27,14,0004,41402000,2.43,8307.0
11-27-510-04082-542504,27,14,0004,41405000,3.3,19159.0
11-27-510-04082-542505,27,14,0004,41404000,5.47,30756.0
11-27-510-04082-802727,27,14,0004,41403000,10.17,120676.0
11-27-510-04083-802728,27,14,0005,41401000,2.15,23366.0
11-27-510-04084-802729,27,14,0006,41407000,11.35,39178.0
11-27-510-04085-802730,27,14,0007,41408000,7.62,67166.0
11-27-510-04086-802731,27,14,0008,41410000,1.75,34059.0
11-27-510-04089-802732,27,14,0011,41406000,10.88,19347.0
11-27-510-04090-802733,27,14,0012,41411000,3.99,26572.0
11-27-510-04094-544100,27,14,0016,41412000,6.58,11675.0
11-27-510-04094-802734,27,14,0016,41413000,9.01,52834.0
11-27-511-04096-802735,27,15,0002,41502000,13.75,24878.0
11-27-511-04098-802736,27,15,0004,41501000,2.59,23339.0
11-27-511-04100-544752,27,15,0006,41505000,2.7,7664.0
11-27-511-04100-802737,27,15,0006,41506000,46.0,430733.0
11-27-511-04101-802738,27,15,0007,41504000,18.22,18700.0
11-27-511-04103-802740,27,15,0009,41503000,3.47,11151.0
11-27-511-04104-802741,27,15,0010,41509000,12.75,29951.0
11-27-511-04105-802742,27,15,0011,41510000,1.26,14334.0
11-27-511-04105-802743,27,15,0011,41511000,19.61,13433.0
11-27-511-04107-802744,27,15,0013,41507000,26.96,20148.0
11-27-511-04108-802745,27,15,0014,41508000,11.08,20772.0
11-27-511-04109-802746,27,15,0015,41512000,33.1,25933.0
11-27-511-04110-802747,27,15,0016,41513000,7.41,48028.0
11-27-512-04112-802748,27,16,0002,41601000,16.4,69432.0
11-27-512-04114-802749,27,16,0004,41602000,10.8,20632.0
11-27-512-04115-802750,27,16,0005,41603000,11.94,57365.0
11-27-513-04116-802751,27,17,0001,41702000,4.6,39851.0
11-27-513-04117-802752,27,17,0002,41701000,25.82,38112.0
11-27-513-04118-802753,27,17,0003,41705000,57.6,259329.0
11-27-513-04119-802754,27,17,0004,41703000,8.44,29218.0
11-27-513-04120-802755,27,17,0005,41704000,1.54,32001.0
11-27-513-04121-802756,27,17,0006,41707000,2.82,13022.0
11-27-513-04122-802757,27,17,0007,41708000,10.16,40428.0
11-27-513-04124-802758,27,17,0009,41706000,1.91,33225.0
11-27-514-04125-802759,27,18,0001,41801000,2.59,16950.0
11-27-514-04127-802760,27,18,0003,41802000,81.64,235795.0
11-27-514-04129-802761,27,18,0005,41803000,11.96,26108.0
11-27-514-04131-802762,27,18,0007,41804000,9.97,29012.0
11-27-515-04133-802763,27,19,0001,41901000,4.5,34403.0
11-27-515-04135-802764,27,19,0003,41902000,35.83,43867.0
11-27-515-04137-548935,27,19,0005,41905000,1.12,9696.0
11-27-515-04137-802765,27,19,0005,41903000,138.5,873311.0
11-27-515-04137-802766,27,19,0005,41904000,9.62,19172.0
11-27-515-04138-802767,27,19,0006,41906000,5.12,12794.0
11-27-515-04139-802768,27,19,0007,41907000,10.52,37064.0
11-27-515-04140-802769,27,19,0008,41908000,22.27,22325.0
11-27-515-04141-802770,27,19,0009,41909000,5.08,34518.0
11-27-516-04142-549783,27,20,0001,42001000,3.53,6147.0
11-27-516-04145-802771,27,20,0004,42002000,16.0,32561.0
11-27-516-04146-550299,27,20,0005,42004000,5.93,24832.0
11-27-516-04146-550300,27,20,0005,42003000,6.16,21819.0
11-27-516-04146-802772,27,20,0005,42005000,12.95,409403.0
11-27-516-04147-802773,27,20,0006,42006000,3.89,23195.0
11-27-516-04147-802774,27,20,0006,42007000,28.7,72401.0
11-27-516-04151-802775,27,20,0010,42010000,1.89,9804.0
11-27-516-04152-551021,27,20,0011,42012000,9.15,12013.0
11-27-516-04152-802776,27,20,0011,42011000,259.13,1077236.0
11-27-516-04152-802777,27,20,0011,42013000,53.03,50620.0
11-27-516-04152-802778,27,20,0011,42014000,0.67,12457.0
11-27-516-04153-551139,27,20,0012,42016000,7.84,20206.0
11-27-516-04153-802779,27,20,0012,42015000,28.97,31539.0
11-27-516-04154-802780,27,20,0013,42017000,3.96,31630.0
11-27-516-04155-551404,27,20,0014,42009000,41.37,45954.0
11-27-516-04155-551405,27,20,0014,42008000,6.28,12532.0
11-27-516-04156-802781,27,20,0015,42018000,12.79,43207.0
11-27-517-04158-551750,27,21,0002,42102000,7.77,13437.0
11-27-517-04158-802782,27,21,0002,42101000,18.2,44401.0
11-27-517-04160-802783,27,21,0004,42103000,3.52,11298.0
11-27-517-04162-552182,27,21,0006,42107000,10.83,14286.0
11-27-517-04163-552386,27,21,0007,42110000,1.99,6108.0
11-27-517-04163-552387,27,21,0007,42109000,8.9,14685.0
11-27-517-04163-552392,27,21,0007,42108000,7.05,8343.0
11-27-517-04163-552394,27,21,0007,42114000,1.33,5689.0
11-27-517-04163-552395,27,21,0007,42112000,7.21,7014.0
11-27-517-04163-552396,27,21,0007,42111000,2.83,16185.0
11-27-517-04163-802784,27,21,0007,42113000,64.0,52677.0
11-27-517-04164-802785,27,21,0008,42116000,19.52,118928.0
11-27-517-04164-802785,27,21,0008,42119000,5.88,20075.0
11-27-517-04164-802785,27,21,0008,42120000,4.88,8336.0
11-27-517-04164-802785,27,21,0008,42118000,4.36,15388.0
11-27-517-04164-802785,27,21,0008,42117000,14.25,184538.0
11-27-517-04164-802785,27,21,0008,42121000,17.3,116723.0
11-27-517-04164-802785,27,21,0008,42115000,1.65,5276.0
11-27-517-04164-802785,27,21,0008,42122000,6.71,49337.0
11-27-517-04165-802786,27,21,0009,42130000,79.4,520388.0
11-27-517-04165-802787,27,21,0009,42131000,128.23,1262551.0
11-27-517-04165-802788,27,21,0009,42132000,132.86,704002.0
11-27-517-04166-552675,27,21,0010,42128000,3.13,5047.0
11-27-517-04166-552676,27,21,0010,42126000,5.27,10612.0
11-27-517-04166-552677,27,21,0010,42125000,1.8,22686.0
11-27-517-04166-552681,27,21,0010,42123000,3.56,11252.0
11-27-517-04166-552682,27,21,0010,42124000,3.34,12932.0
11-27-517-04166-552687,27,21,0010,42129000,5.55,15159.0
11-27-517-04166-802789,27,21,0010,42127000,26.41,598741.0
11-27-517-04167-552913,27,21,0011,42104000,15.49,15192.0
11-27-517-04167-552914,27,21,0011,42105000,6.41,10490.0
11-27-517-04167-552915,27,21,0011,42106000,3.97,15881.0
11-27-517-04168-802790,27,21,0012,42133000,104.57,1193512.0
11-27-517-04169-802791,27,21,0013,42134000,13.0,473731.0
11-27-517-04170-802792,27,21,0014,42136000,36.05,97948.0
11-27-517-04170-802793,27,21,0014,42135000,38.0,203804.0
11-27-517-04171-553290,27,21,0015,42137000,8.28,15821.0
11-27-518-99999-802794,27,22,0000,42201000,603.0,8640419.0
11-27-518-99999-802794,27,23,0000,42301000,603.0,3338031.0
11-27-520-04172-553350,27,24,0001,42401000,3.13,7923.0
11-27-520-04172-802795,27,24,0001,42402000,2.29,23251.0
11-27-520-04173-553512,27,24,0002,42406000,5.23,10839.0
11-27-520-04173-553514,27,24,0002,42405000,41.86,81855.0
11-27-520-04173-553518,27,24,0002,42404000,2.59,7584.0
11-27-520-04173-802796,27,24,0002,42403000,12.17,104058.0
11-27-520-04174-553695,27,24,0003,42407000,12.86,14739.0
11-27-520-04174-802797,27,24,0003,42408000,7.24,5139.0
11-27-520-04174-802798,27,24,0003,42409000,7.5,25531.0
11-27-520-04175-553817,27,24,0004,42410000,1.77,6798.0
11-27-520-04175-553818,27,24,0004,42411000,2.62,8735.0
11-27-520-04175-802799,27,24,0004,42412000,30.17,58664.0
11-27-520-04176-802800,27,24,0005,42413000,9.82,30201.0
11-27-520-04177-802801,27,24,0006,42414000,1.81,19496.0
11-27-520-04178-802802,27,24,0007,42415000,3.51,12552.0
11-27-520-04179-554446,27,24,0008,42416000,8.08,10239.0
11-27-520-04179-554448,27,24,0008,42418000,5.9,5035.0
11-27-520-04179-802803,27,24,0008,42417000,1.71,19071.0
11-27-520-04180-554547,27,24,0009,42419000,4.0,8172.0
11-27-520-04181-554733,27,24,0010,42420000,4.5,7291.0
11-27-520-04181-554734,27,24,0010,42421000,2.92,6868.0
11-27-520-04183-802804,27,24,0012,42423000,4.04,15186.0
11-27-520-04184-554960,27,24,0013,42422000,5.89,8763.0
11-27-520-04185-555143,27,24,0014,42425000,4.25,7272.0
11-27-520-04185-802805,27,24,0014,42424000,4.07,24276.0
11-27-520-04186-555230,27,24,0015,42426000,4.89,5297.0
11-27-521-04187-802806,27,25,0001,42501000,2.65,24741.0
11-27-521-04188-555557,27,25,0002,42502000,8.57,13799.0
11-27-521-04189-802807,27,25,0003,42506000,6.27,26999.0
11-27-521-04190-555861,27,25,0004,42503000,4.5,17636.0
11-27-521-04190-555862,27,25,0004,42504000,17.12,21680.0
11-27-521-04190-802808,27,25,0004,42505000,6.84,17565.0
11-27-521-04191-556053,27,25,0005,42515000,10.7,11364.0
11-27-521-04191-556054,27,25,0005,42516000,4.49,9804.0
11-27-521-04191-556055,27,25,0005,42517000,7.06,8567.0
11-27-521-04191-802809,27,25,0005,42514000,10.0,42578.0
11-27-521-04191-802810,27,25,0005,42518000,38.0,55652.0
11-27-521-04193-556326,27,25,0007,42513000,5.66,5332.0
11-27-521-04193-802811,27,25,0007,42511000,170.5,1012472.0
11-27-521-04193-802812,27,25,0007,42512000,36.0,46921.0
11-27-521-04194-802813,27,25,0008,42508000,13.88,79965.0
11-27-521-04194-802814,27,25,0008,42509000,430.0,2538473.0
11-27-521-04194-802815,27,25,0008,42510000,13.23,77473.0
11-27-521-04195-802816,27,25,0009,42507000,6.23,42204.0
11-27-521-04196-556541,27,25,0010,42523000,4.49,10135.0
11-27-521-04196-802817,27,25,0010,42521000,22.56,26689.0
11-27-521-04196-802818,27,25,0010,42522000,6.68,12000.0
11-27-521-04198-802819,27,25,0012,42520000,8.36,17886.0
11-27-521-04199-802820,27,25,0013,42524000,4.35,51334.0
11-27-521-04200-802821,27,25,0014,42525000,5.62,21592.0
11-27-522-04202-557488,27,26,0002,42601000,3.01,19367.0
11-27-522-04202-802822,27,26,0002,42602000,16.32,61958.0
11-27-522-04203-802823,27,26,0003,42603000,10.53,59970.0
11-27-522-04204-802824,27,26,0004,42605000,12.98,26184.0
11-27-522-04204-802825,27,26,0004,42606000,22.33,19019.0
11-27-522-04205-802826,27,26,0005,42607000,9.02,81255.0
11-27-522-04208-802827,27,26,0008,42616000,33.62,22827.0
11-27-522-04209-558166,27,26,0009,42611000,8.44,7064.0
11-27-522-04209-558168,27,26,0009,42614000,5.19,13724.0
11-27-522-04209-802828,27,26,0009,42612000,39.3,307615.0
11-27-522-04209-802829,27,26,0009,42613000,11.89,39934.0
11-27-522-04210-802830,27,26,0010,42609000,42.41,34476.0
11-27-522-04210-802831,27,26,0010,42610000,43.71,30340.0
11-27-522-04212-802832,27,26,0012,42617000,85.65,26324.0
11-27-522-04214-558718,27,26,0014,42618000,29.52,27654.0
11-27-523-04218-802833,27,27,0004,42701000,4.3,28492.0
11-27-523-04219-802834,27,27,0005,42702000,4.73,44029.0
11-27-523-04221-802835,27,27,0007,42703000,8.29,138196.0
11-27-523-04223-802837,27,27,0009,42704000,4.94,18338.0
11-27-523-04224-802838,27,27,0010,42706000,7.81,88537.0
11-27-523-04225-802839,27,27,0011,42705000,10.18,69478.0
11-27-524-04226-802840,27,28,0001,42801000,21.0,299985.0
11-27-524-04228-802841,27,28,0003,42802000,18.15,35805.0
11-27-524-04232-802842,27,28,0007,42804000,5.61,30876.0
11-27-524-04233-802843,27,28,0008,42805000,16.86,31662.0
11-27-524-04235-802844,27,28,0010,42803000,5.8,91933.0
11-27-525-04236-802845,27,29,0001,42901000,4.52,16990.0
11-27-525-04237-802846,27,29,0002,42902000,4.6,17509.0
11-27-525-04239-802847,27,29,0004,42903000,3.2,23022.0
11-27-525-04240-802848,27,29,0005,42904000,12.06,80625.0
11-27-525-04241-802849,27,29,0006,42905000,4.16,31706.0
11-27-525-04241-802850,27,29,0006,42906000,11.65,15989.0
11-27-525-04243-802851,27,29,0008,42907000,3.57,17237.0
11-27-525-04243-802852,27,29,0008,42908000,3.24,30178.0
11-27-526-04244-802853,27,30,0001,43001000,4.74,21928.0
11-27-526-04245-802854,27,30,0002,43002000,6.48,22777.0
11-27-526-04246-802855,27,30,0003,43003000,36.26,104785.0
11-27-526-04247-802856,27,30,0004,43007000,178.57,872478.0
11-27-526-04249-802857,27,30,0006,43004000,17.28,91379.0
11-27-526-04251-802858,27,30,0008,43005000,68.82,28116.0
11-27-526-04252-802859,27,30,0009,43006000,1.25,21706.0
11-27-526-04254-802860,27,30,0011,43008000,4.42,38213.0
11-27-526-04254-802861,27,30,0011,43009000,1.94,12148.0
11-27-526-04254-802862,27,30,0011,43010000,1.56,11754.0
11-27-527-04255-802863,27,31,0001,43101000,145.04,12737.0
11-27-527-04255-802864,27,31,0001,43102000,6.86,13280.0
11-27-527-04256-802865,27,31,0002,43103000,3.63,31110.0
11-27-527-04258-802866,27,31,0004,43105000,14.61,50800.0
11-27-527-04259-802867,27,31,0005,43106000,88.19,20500.0
11-27-527-04261-802868,27,31,0007,43107000,38.88,16554.0
11-27-527-04262-563956,27,31,0008,43108000,7.71,6886.0
11-27-527-04262-563957,27,31,0008,43109000,13.0,21504.0
11-27-527-04262-563958,27,31,0008,43112000,5.42,16749.0
11-27-527-04262-563959,27,31,0008,43111000,5.26,16416.0
11-27-527-04262-802869,27,31,0008,43110000,8.15,108048.0
11-27-527-04264-564465,27,31,0010,43113000,5.77,11598.0
11-27-527-04265-802870,27,31,0011,43115000,2.54,56161.0
11-27-528-04267-564969,27,32,0002,43202000,4.59,5449.0
11-27-528-04267-802872,27,32,0002,43201000,2.7,10414.0
11-27-528-04268-802873,27,32,0003,43203000,3.21,13813.0
11-27-528-04269-565351,27,32,0004,43205000,6.64,10702.0
11-27-528-04269-802874,27,32,0004,43204000,14.79,46229.0
11-27-528-04271-565671,27,32,0006,43208000,5.72,9237.0
11-27-528-04271-802875,27,32,0006,43207000,10.49,70383.0
11-27-528-04273-565995,27,32,0008,43209000,17.11,12276.0
11-27-528-04274-802876,27,32,0009,43210000,6.19,10499.0
11-27-529-04277-802877,27,33,0003,43301000,8.46,14625.0
11-27-529-04278-802878,27,33,0004,43302000,6.27,18680.0
11-27-529-04279-802879,27,33,0005,43304000,12.98,12471.0
11-27-529-04280-566839,27,33,0006,43303000,4.5,13642.0
11-27-529-04281-802880,27,33,0007,43305000,6.78,22901.0
11-27-530-04283-802881,27,34,0001,43401000,1.94,5504.0
11-27-530-04284-802882,27,34,0002,43402000,1.58,3452.0
11-27-530-04285-567319,27,34,0003,43404000,6.68,18120.0
11-27-530-04285-567320,27,34,0003,43405000,8.42,28250.0
11-27-530-04285-567321,27,34,0003,43407000,17.15,28265.0
11-27-530-04285-802883,27,34,0003,43403000,10.0,22758.0
11-27-530-04285-802884,27,34,0003,43406000,29.89,257610.0
11-27-530-04286-802885,27,34,0004,43408000,9.01,43067.0
11-27-530-04286-802886,27,34,0004,43409000,25.86,21327.0
11-27-530-04287-567498,27,34,0005,43411000,0.41,12374.0
11-27-530-04287-567499,27,34,0005,43410000,8.98,22548.0
11-27-530-04287-567500,27,34,0005,43413000,6.67,11991.0
11-27-530-04287-567504,27,34,0005,43414000,15.03,8734.0
11-27-530-04287-802887,27,34,0005,43412000,66.82,493167.0
11-27-530-04290-802888,27,34,0008,43415000,5.24,23776.0
11-27-530-04290-802889,27,34,0008,43416000,2.08,9204.0
11-27-530-04292-567964,27,34,0010,43418000,7.88,14849.0
11-27-530-04293-802890,27,34,0011,43417000,3.38,25357.0
11-27-531-04296-802891,27,35,0002,43503000,40.42,58330.0
11-27-531-04296-802892,27,35,0002,43504000,83.7,33203.0
11-27-531-04299-802893,27,35,0004,43501000,55.27,41804.0
11-27-531-04301-802894,27,35,0006,43505000,43.42,33457.0
11-27-531-04302-568758,27,35,0007,43506000,10.7,14728.0
11-27-531-04302-568759,27,35,0007,43507000,2.59,10993.0
11-27-531-04302-802895,27,35,0007,43508000,118.18,436781.0
11-28-532-04306-569017,28,01,0002,40102000,4.22,19874.0
11-28-532-04306-802896,28,01,0002,40101000,16.48,109529.0
11-28-532-04318-802897,28,01,0014,40103000,12.87,59734.0
11-28-532-04319-569539,28,01,0015,40104000,16.7,19330.0
11-28-532-04339-802898,28,01,0035,40106000,35.06,41331.0
11-28-532-04344-802899,28,01,0040,40107000,14.25,75254.0
11-28-532-04350-802900,28,01,0046,40108000,13.84,66792.0
11-28-532-04352-570569,28,01,0048,40110000,6.5,42273.0
11-28-532-04352-802901,28,01,0048,40109000,39.5,66596.0
11-28-532-04354-570612,28,01,0050,40112000,2.8,14755.0
11-28-532-04354-570613,28,01,0050,40113000,23.72,33059.0
11-28-532-04354-570614,28,01,0050,40114000,12.08,10950.0
11-28-532-04354-570615,28,01,0050,40115000,11.42,23468.0
11-28-532-04354-802902,28,01,0050,40111000,35.92,70381.0
11-28-533-04368-802904,28,02,0012,40201000,30.5,288722.0
11-28-533-04370-802905,28,02,0014,40202000,21.36,71520.0
11-28-533-04390-802906,28,02,0034,40203000,14.11,64496.0
11-28-534-04399-571754,28,03,0007,40302000,12.94,6967.0
11-28-534-04399-802907,28,03,0007,40301000,93.87,237686.0
11-28-534-04400-571779,28,03,0008,40303000,23.63,11010.0
11-28-534-04414-802908,28,03,0021,40304000,17.8,85521.0
11-28-534-04416-802909,28,03,0023,40305000,22.79,54012.0
11-28-534-04428-802911,28,03,0035,40306000,23.82,218302.0
11-28-534-04435-802912,28,03,0042,40307000,12.5,65314.0
11-28-535-04456-802913,28,04,0007,40401000,22.0,41945.0
11-28-535-04459-802914,28,04,0010,40402000,13.34,61809.0
11-28-535-04474-802915,28,04,0024,40403000,5.19,44589.0
11-28-535-04490-802916,28,04,0040,40404000,21.74,36334.0
11-28-535-04492-573895,28,04,0042,40405000,6.2,13592.0
11-28-535-04492-802917,28,04,0042,40406000,14.45,57113.0
11-28-535-04493-573924,28,04,0043,40407000,8.36,13115.0
11-28-535-04494-573946,28,04,0044,40409000,9.02,7576.0
11-28-535-04495-573956,28,04,0045,40411000,9.0,14815.0
11-28-536-04499-802919,28,05,0000,40503000,40.17,206102.0
11-28-536-04501-573968,28,05,0000,40502000,3.91,11224.0
11-28-536-04508-802918,28,05,0000,40501000,172.68,3612427.0
11-28-537-04517-802918,28,06,0006,40601000,,46083.0
11-28-537-04523-574170,28,06,0012,40608000,13.83,18278.0
11-28-537-04525-574203,28,06,0014,40610000,1.0,7259.0
11-28-537-04526-574213,28,06,0015,40612000,103.0,287781.0
11-28-537-04526-574214,28,06,0015,40613000,4.0,12935.0
11-28-537-04527-574242,28,06,0016,40615000,6.9,7117.0
11-28-537-04530-802920,28,06,0019,40616000,46.69,42410.0
11-28-537-04534-802921,28,06,0023,40617000,5.83,57941.0
11-28-537-04543-574760,28,06,0016,40614000,70.1,163115.0
11-28-538-04559-575211,28,07,0011,40701000,13.58,34470.0
11-28-538-04567-575385,28,07,0019,40702000,10.3,29829.0
11-28-538-04568-802922,28,07,0020,40703000,13.7,139662.0
11-28-538-04570-802923,28,07,0022,40704000,11.86,37563.0
11-28-538-04583-575744,28,07,0035,40705000,7.61,26157.0
11-28-538-04595-802924,28,07,0047,40706000,27.4,50114.0
11-28-538-04603-802925,28,07,0055,40707000,6.14,53560.0
11-28-539-04616-576531,28,08,0004,40801000,12.74,13291.0
11-28-539-04628-802926,28,08,0016,40802000,9.63,50407.0
11-28-539-04631-576841,28,08,0019,40803000,12.79,14001.0
11-28-539-04638-802927,28,08,0026,40804000,24.0,94585.0
11-28-539-04646-802928,28,08,0034,40805000,11.85,111380.0
11-28-539-04653-577259,28,08,0041,40806000,28.18,27434.0
11-28-539-04655-577305,28,08,0043,40807000,11.02,10859.0
11-28-539-04659-577407,28,08,0047,40808000,4.15,19362.0
11-28-539-04664-802929,28,08,0052,40809000,21.0,91359.0
11-28-540-04695-802930,28,09,0035,40902000,96.8,579216.0
11-28-540-04699-802931,28,09,0028,40901000,7.5,43996.0
11-28-541-04727-802932,28,10,0005,41001000,28.92,32893.0
11-28-541-04730-579086,28,10,0008,41002000,12.0,42650.0
11-28-541-04736-579352,28,10,0014,41003000,19.1,17222.0
11-28-541-04737-802933,28,10,0015,41004000,26.38,69088.0
11-28-541-04738-579389,28,10,0016,41007000,8.5,18960.0
11-28-541-04738-802934,28,10,0016,41005000,16.1,86306.0
11-28-541-04740-802935,28,10,0018,41008000,10.9,42421.0
11-28-541-04757-802937,28,10,0035,41009000,18.53,198620.0
11-28-542-04775-802938,28,11,0007,41101000,32.75,49899.0
11-28-542-04778-802939,28,11,0010,41102000,25.25,32662.0
11-28-542-04780-580521,28,11,0012,41103000,11.1,17423.0
11-28-542-04796-802940,28,11,0028,41104000,8.0,23424.0
11-28-542-04798-802941,28,11,0030,41105000,19.65,37931.0
11-28-542-04802-802942,28,11,0034,41106000,14.12,117320.0
11-28-543-04812-802943,28,12,0006,41201000,11.24,49714.0
11-28-543-04816-802944,28,12,0010,41202000,25.6,50096.0
11-28-543-04817-802945,28,12,0011,41203000,19.55,48354.0
11-28-543-04825-582763,28,12,0019,41204000,1.04,5282.0
11-28-543-04826-582798,28,12,0020,41205000,7.72,19520.0
11-28-543-04834-583086,28,12,0028,41207000,7.6,12302.0
11-28-543-04836-583130,28,12,0030,41209000,5.28,6697.0
11-28-543-04836-802946,28,12,0030,41210000,19.33,176023.0
11-28-543-04837-583163,28,12,0031,41206000,2.3,5546.0
11-28-543-04837-583164,28,12,0031,41211000,15.54,19373.0
11-28-543-04839-583229,28,12,0033,41212000,3.59,6407.0
11-28-544-04844-584103,28,13,0004,41301000,1.62,6340.0
11-28-544-04847-584800,28,13,0007,41302000,1.0,7102.0
11-28-544-04850-585551,28,13,0010,41303000,3.77,4746.0
11-28-544-04854-585801,28,13,0014,41304000,6.83,32623.0
11-28-544-04865-802948,28,13,0025,41306000,18.88,48664.0
11-28-544-04867-802947,28,13,0027,41307000,182.7,1042388.0
11-28-544-04871-802949,28,13,0031,41309000,23.28,85486.0
11-28-545-04890-802950,28,14,0007,41401000,7.02,50368.0
11-28-545-04895-587205,28,14,0011,41402000,4.99,9670.0
11-28-545-04903-802951,28,14,0019,41403000,41.13,45520.0
11-28-545-04906-802952,28,14,0022,41404000,62.7,374721.0
11-28-545-04907-587400,28,14,0023,41405000,7.67,38895.0
11-28-545-04910-802953,28,14,0026,41406000,14.08,53602.0
11-28-545-04911-802954,28,14,0027,41407000,19.57,50103.0
11-28-545-04913-587502,28,14,0029,41408000,9.99,22337.0
11-28-545-04913-587503,28,14,0029,41409000,9.2,19225.0
11-28-545-04914-802955,28,14,0030,41410000,47.9,335299.0
11-28-545-04924-802957,28,14,0040,41412000,13.98,41370.0
11-28-545-04941-587890,28,14,0057,41413000,4.97,11693.0
11-28-545-04941-802958,28,14,0057,41414000,7.2,51444.0
11-28-546-04958-802959,28,15,0015,41501000,24.56,39372.0
11-28-546-04960-802960,28,15,0017,41502000,10.36,43143.0
11-28-546-04961-802961,28,15,0018,41503000,20.71,102622.0
11-28-546-04966-802962,28,15,0023,41504000,14.55,215804.0
11-28-546-04972-802963,28,15,0029,41505000,16.78,72970.0
11-28-546-04984-802964,28,15,0041,41506000,26.14,142064.0
11-28-546-04987-802965,28,15,0044,41507000,11.32,58604.0
11-28-546-04988-802966,28,15,0045,41508000,4.69,76308.0
11-28-547-04991-802967,28,16,0002,41601000,23.5,40373.0
11-28-547-05003-802968,28,16,0014,41602000,8.69,50354.0
11-28-547-05010-802969,28,16,0021,41603000,59.69,945530.0
11-28-547-05021-802970,28,16,0032,41604000,12.67,113054.0
11-28-547-05024-589508,28,16,0035,41605000,9.02,30639.0
11-28-547-05030-802971,28,16,0041,41606000,20.72,29613.0
11-28-547-05034-802972,28,16,0045,41607000,26.67,179353.0
11-28-548-05040-802973,28,17,0001,41701000,13.48,49221.0
11-28-548-05055-802976,28,17,0016,41702000,10.19,63349.0
11-28-548-05067-802979,28,17,0028,41705000,7.65,95349.0
11-28-548-05070-802980,28,17,0031,41706000,18.13,91656.0
11-28-548-05074-802981,28,17,0035,41707000,45.79,514461.0
11-28-548-05078-802982,28,17,0039,41708000,15.11,153756.0
11-28-548-05084-802983,28,17,0045,41709000,26.14,57640.0
11-28-548-05093-802984,28,17,0054,41710000,17.92,68397.0
11-28-548-05096-802985,28,17,0057,41711000,10.97,42539.0
11-28-549-05115-802986,28,18,0019,41801000,22.85,58462.0
11-28-549-05123-802987,28,18,0027,41802000,36.96,129242.0
11-28-549-05124-591023,28,18,0028,41803000,11.14,37052.0
11-28-549-05139-802988,28,18,0043,41805000,27.2,153829.0
11-28-549-05146-591504,28,18,0050,41806000,16.15,15245.0
11-28-549-05148-802989,28,18,0052,41807000,71.86,50326.0
11-28-549-05149-591553,28,18,0053,41808000,11.2,16686.0
11-28-550-05158-802990,28,19,0006,41901000,22.95,85616.0
11-28-550-05177-802991,28,19,0025,41903000,87.85,404775.0
11-28-550-05184-802992,28,19,0032,41904000,9.42,68782.0
11-28-550-05187-802993,28,19,0035,41905000,10.63,31341.0
11-28-551-05200-592856,28,20,0002,42001000,11.26,6616.0
11-28-551-05200-592857,28,20,0002,42002000,12.68,7771.0
11-28-551-05214-593136,28,20,0016,42003000,13.94,14907.0
11-28-551-05214-802995,28,20,0016,42004000,7.12,150309.0
11-28-551-05215-593157,28,20,0017,42005000,4.64,5995.0
11-28-551-05215-802996,28,20,0017,42006000,24.82,40514.0
11-28-551-05223-593289,28,20,0025,42007000,5.32,26838.0
11-28-551-05239-802999,28,20,0041,42012000,39.78,72297.0
11-28-552-05254-803001,28,21,0005,42101000,14.5,76411.0
11-28-552-05259-803002,28,21,0010,42103000,18.01,269122.0
11-28-552-05259-803002,28,21,0009,42102000,31.31,73851.0
11-28-552-05264-593976,28,21,0015,42105000,5.96,23273.0
11-28-552-05271-803003,28,21,0022,42106000,29.71,162458.0
11-28-552-05279-594245,28,21,0030,42108000,25.75,30973.0
11-28-552-05284-803004,28,21,0035,42109000,15.46,157120.0
11-28-552-05295-594493,28,21,0046,42110000,7.84,5716.0
11-28-553-05305-803006,28,22,0002,42201000,49.73,54125.0
11-28-553-05309-803007,28,22,0006,42202000,40.87,117103.0
11-28-553-05310-594760,28,22,0007,42203000,22.17,43389.0
11-28-553-05313-803008,28,22,0010,42204000,7.45,86843.0
11-28-553-05317-594902,28,22,0014,42205000,30.28,31856.0
11-28-553-05321-594956,28,22,0018,42206000,11.65,29266.0
11-28-553-05330-595096,28,23,0034,42309000,1.68,10899.0
11-28-553-05330-595097,28,22,0027,42208000,3.78,9155.0
11-28-553-05330-803009,28,22,0027,42207000,47.5,243143.0
11-28-553-05336-803010,28,22,0033,42209000,40.45,103357.0
11-28-553-05343-803011,28,22,0040,42210000,25.88,76252.0
11-28-553-05364-803012,28,22,0061,42211000,38.16,125074.0
11-28-554-05375-595741,28,23,0009,42301000,6.85,12487.0
11-28-554-05376-595773,28,23,0010,42302000,4.6,23862.0
11-28-554-05378-803013,28,23,0012,42303000,12.92,70854.0
11-28-554-05383-596010,28,23,0017,42304000,32.21,18014.0
11-28-554-05383-596011,28,23,0017,42305000,3.47,25702.0
11-28-554-05383-596012,28,23,0017,42306000,5.03,20342.0
11-28-554-05383-803014,28,23,0017,42307000,35.42,244990.0
11-28-554-05392-803015,28,23,0026,42308000,12.5,107449.0
11-28-554-05406-803016,28,23,0040,42310000,5.96,24372.0
11-28-554-05407-803017,28,23,0041,42312000,8.55,29436.0
11-28-554-05415-803018,28,23,0049,42313000,32.28,44314.0
11-28-554-05421-803019,28,23,0055,42314000,33.57,152654.0
11-28-554-05427-596973,28,23,0061,42315000,3.1,18858.0
11-29-555-05433-803021,29,01,0001,40101000,20.21,58081.0
11-29-555-05433-803022,29,01,0001,40102000,12.22,20202.0
11-29-555-05433-803023,29,01,0001,40107000,18.48,32823.0
11-29-555-05434-803024,29,01,0002,40104000,9.09,40950.0
11-29-555-05435-803025,29,01,0003,40103000,4.89,19843.0
11-29-555-05435-803026,29,01,0003,40105000,6.81,15929.0
11-29-555-05436-803027,29,01,0004,40106000,11.52,29893.0
11-29-555-05436-803028,29,01,0004,40110000,33.38,17980.0
11-29-555-05436-803029,29,01,0004,40111000,3.92,10043.0
11-29-555-05436-803030,29,01,0004,40112000,18.8,67170.0
11-29-555-05437-803031,29,01,0005,40108000,7.29,32511.0
11-29-555-05437-803032,29,01,0005,40109000,6.23,19917.0
11-29-555-05438-597793,29,01,0006,40114000,5.46,10862.0
11-29-555-05438-597794,29,01,0006,40115000,4.44,8425.0
11-29-555-05438-597795,29,01,0006,40116000,4.85,8415.0
11-29-555-05438-803033,29,01,0006,40117000,151.28,454999.0
11-29-555-05438-803034,29,01,0006,40118000,7.2,23779.0
11-29-555-05439-598022,29,01,0007,40120000,5.1,6273.0
11-29-555-05439-803035,29,01,0007,40119000,4.39,16567.0
11-29-555-05440-803036,29,01,0008,40121000,12.76,43225.0
11-29-555-05441-803037,29,01,0009,40122000,16.0,38155.0
11-29-555-05442-803038,29,01,0010,40113000,3.67,36649.0
11-29-556-05443-803040,29,02,0001,40201000,6.7,23616.0
11-29-556-05443-803041,29,02,0001,40202000,9.39,57883.0
11-29-556-05443-803042,29,02,0001,40203000,13.14,70248.0
11-29-556-05444-803043,29,02,0002,40206000,0.58,15454.0
11-29-556-05445-803044,29,02,0003,40205000,4.79,42461.0
11-29-556-05446-803045,29,02,0004,40208000,5.59,17217.0
11-29-556-05446-803046,29,02,0004,40209000,5.55,25847.0
11-29-556-05446-803047,29,02,0004,40210000,4.42,33991.0
11-29-556-05447-803048,29,02,0005,40207000,49.06,90988.0
11-29-556-05448-803049,29,02,0006,40211000,6.01,18037.0
11-29-556-05448-803050,29,02,0006,40212000,11.77,51920.0
11-29-556-99999-803039,29,02,0000,40204000,9.8,30858.0
11-29-557-05449-803051,29,03,0001,40301000,102.59,253891.0
11-29-557-05450-803052,29,03,0002,40302000,27.14,31482.0
11-29-557-05451-803053,29,03,0003,40303000,1.46,27732.0
11-29-557-05452-803054,29,03,0004,40304000,126.51,28560.0
11-29-557-05453-803055,29,03,0005,40305000,6.84,28219.0
11-29-557-05453-803056,29,03,0005,40306000,2.79,26205.0
11-29-558-05454-803057,29,05,0001,40504000,17.21,58785.0
11-29-558-05455-803058,29,05,0002,40501000,31.31,35093.0
11-29-558-05456-803059,29,05,0003,40502000,7.06,15804.0
11-29-558-05457-803060,29,05,0004,40503000,59.87,174257.0
11-29-558-05458-803061,29,05,0005,40505000,6.6,36517.0
11-29-558-05458-803062,29,05,0005,40506000,27.79,24419.0
11-29-559-05459-600535,29,06,0001,40604000,0.76,12420.0
11-29-559-05459-803063,29,06,0001,40601000,7.54,19116.0
11-29-559-05459-803064,29,06,0001,40602000,7.37,27306.0
11-29-559-05459-803065,29,06,0001,40603000,6.29,14722.0
11-29-559-05460-803066,29,06,0002,40605000,0.84,21994.0
11-29-559-05461-600884,29,06,0003,40606000,12.73,18983.0
11-29-559-05461-803067,29,06,0003,40607000,43.85,207421.0
11-29-559-05462-803068,29,06,0004,40608000,2.45,37613.0
11-29-559-05463-803069,29,06,0005,40609000,30.58,61262.0
11-29-560-05464-803070,29,07,0001,40701000,1.15,11442.0
11-29-560-05465-803071,29,07,0002,40702000,11.34,21183.0
11-29-560-05466-803072,29,07,0003,40703000,15.78,101392.0
11-29-560-05467-601860,29,07,0004,40705000,4.43,8115.0
11-29-560-05467-803073,29,07,0004,40704000,10.73,56160.0
11-29-561-05468-803074,29,08,0001,40801000,19.57,32561.0
11-29-561-05469-803075,29,08,0002,40802000,68.65,21643.0
11-29-561-05469-803076,29,08,0002,40803000,18.82,28226.0
11-29-561-05469-803077,29,08,0002,40804000,85.72,16685.0
11-29-561-05470-803078,29,08,0003,40805000,54.57,154982.0
11-29-561-05470-803079,29,08,0003,40806000,7.81,18098.0
11-29-561-05471-803080,29,08,0004,40807000,1.71,16208.0
11-29-561-05471-803081,29,08,0004,40808000,6.95,33417.0
11-29-561-05472-803082,29,08,0005,40809000,6.64,20363.0
11-29-562-05473-803084,29,09,0001,40901000,8.47,16290.0
11-29-562-05474-803085,29,09,0002,40903000,42.93,22202.0
11-29-562-05474-803086,29,09,0002,40904000,11.18,25710.0
11-29-562-05476-803087,29,09,0004,40906000,23.92,14680.0
11-29-562-05477-803088,29,09,0005,40905000,1.17,16840.0
11-29-562-99999-803083,29,09,0000,40902000,213.42,786195.0
11-29-563-05478-803090,29,10,0001,41004000,36.95,75038.0
11-29-563-05480-602879,29,10,0003,41003000,0.78,4848.0
11-29-563-05480-803091,29,10,0003,41002000,17.39,20653.0
11-29-563-05481-803092,29,10,0004,41005000,64.6,17923.0
11-29-563-05482-803093,29,10,0005,41006000,11.99,16173.0
11-29-563-05483-803094,29,10,0006,41008000,36.74,65335.0
11-29-563-05484-803095,29,10,0007,41007000,16.64,26138.0
11-29-563-05485-803096,29,10,0008,41009000,20.42,34499.0
11-29-563-05486-803097,29,10,0009,41013000,18.52,14050.0
11-29-563-05487-803098,29,10,0010,41010000,8.86,17824.0
11-29-563-05488-603877,29,10,0011,41011000,4.47,5969.0
11-29-563-05488-803099,29,10,0011,41012000,5.89,36173.0
11-29-563-99999-803089,29,10,0000,41001000,8.52,53290.0
11-29-564-05489-803100,29,11,0001,41101000,4.04,24327.0
11-29-564-05489-803101,29,11,0001,41102000,19.42,20324.0
11-29-564-05490-803102,29,11,0002,41103000,5.49,35563.0
11-29-564-05491-803103,29,11,0003,41104000,24.36,25009.0
11-29-564-05492-803104,29,11,0004,41105000,26.19,55913.0
11-29-564-05493-803105,29,11,0005,41106000,3.35,25663.0
11-29-564-05494-803106,29,11,0006,41108000,12.93,15872.0
11-29-564-05495-604583,29,11,0007,41109000,1.85,6731.0
11-29-564-05495-803107,29,11,0007,41107000,42.32,89618.0
11-29-565-05496-803108,29,12,0001,41201000,19.83,23414.0
11-29-565-05498-803109,29,12,0003,41202000,49.7,164240.0
11-29-565-05498-803110,29,12,0003,41203000,39.62,21830.0
11-29-565-05498-803111,29,12,0003,41204000,23.66,35380.0
11-29-565-05499-803112,29,12,0004,41205000,31.14,42919.0
11-29-565-05499-803113,29,12,0004,41206000,43.25,23583.0
11-29-565-05500-803114,29,12,0005,41207000,79.45,316766.0
11-29-565-05501-605045,29,12,0006,41208000,1.38,6554.0
11-29-565-05501-803115,29,12,0006,41209000,22.13,27614.0
11-29-565-05502-803116,29,12,0007,41210000,32.18,21849.0
11-29-565-05502-803117,29,12,0007,41211000,35.26,22701.0
11-29-566-05503-803118,29,13,0001,41301000,43.06,14133.0
11-29-566-05504-803119,29,13,0002,41302000,30.71,49067.0
11-29-566-05505-803120,29,13,0003,41303000,25.98,125170.0
11-29-566-05506-803121,29,13,0004,41304000,0.66,14574.0
11-29-566-05507-803122,29,13,0005,41305000,5.26,22488.0
11-29-566-05508-803123,29,13,0006,41306000,20.22,48806.0
11-29-567-05509-803124,29,14,0001,41401000,22.86,87744.0
11-29-567-05510-803125,29,14,0002,41402000,40.93,41907.0
11-29-567-05511-803126,29,14,0003,41403000,0.94,14744.0
11-29-567-05512-803127,29,14,0004,41404000,77.12,364523.0
11-29-567-05513-803128,29,14,0005,41405000,0.68,15568.0
11-29-567-05514-803129,29,14,0006,41406000,1.16,18512.0
11-29-568-05515-803130,29,15,0001,41501000,44.33,12570.0
11-29-568-05515-803131,29,15,0001,41502000,17.41,50131.0
11-29-568-05516-803132,29,15,0002,41503000,1.89,7427.0
11-29-568-05517-803133,29,15,0003,41504000,1.8,14501.0
11-29-568-05517-803134,29,15,0003,41505000,18.76,31516.0
11-29-568-05518-803135,29,15,0004,41506000,3.5,5043.0
11-29-568-05519-803136,29,15,0005,41507000,6.7,14808.0
11-29-568-05520-803137,29,15,0006,41508000,76.71,274352.0
11-29-568-05521-803138,29,15,0007,41509000,66.82,160662.0
11-29-569-05522-803139,29,16,0001,41601000,14.01,28591.0
11-29-569-05523-608854,29,16,0002,41604000,4.03,4508.0
11-29-569-05523-608856,29,24,0001,42407000,5.16,5056.0
11-29-569-05523-608856,29,16,0002,41605000,4.83,6052.0
11-29-569-05523-803140,29,16,0002,41602000,14.69,14962.0
11-29-569-05523-803141,29,16,0002,41603000,73.01,127124.0
11-29-569-05524-803142,29,16,0003,41606000,23.06,25116.0
11-29-570-05525-803143,29,17,0001,41701000,0.46,4249.0
11-29-570-05526-803144,29,17,0002,41702000,1.99,5113.0
11-29-570-05527-803145,29,17,0003,41703000,1.72,7464.0
11-29-570-05528-803146,29,17,0004,41704000,2.28,34066.0
11-29-570-05529-803147,29,17,0005,41705000,1.91,22702.0
11-29-570-05529-803148,29,17,0005,41706000,10.34,30814.0
11-29-570-05530-803149,29,17,0006,41707000,32.74,101251.0
11-29-570-05531-803150,29,17,0007,41708000,0.92,8963.0
11-29-570-05531-803151,29,17,0007,41709000,45.43,8102.0
11-29-571-05532-803152,29,18,0001,41801000,5.02,22389.0
11-29-571-05533-803153,29,18,0002,41802000,12.98,50088.0
11-29-571-05534-803154,29,18,0003,41803000,6.57,28068.0
11-29-571-05535-803155,29,18,0004,41804000,8.0,26304.0
11-29-571-05536-803156,29,18,0005,41805000,1.2,13655.0
11-29-571-05537-803157,29,18,0006,41806000,64.27,248929.0
11-29-571-05538-803158,29,18,0007,41807000,4.38,16805.0
11-29-571-05539-803159,29,18,0008,41808000,10.27,53104.0
11-29-571-05540-612434,29,18,0009,41810000,1.25,4236.0
11-29-571-05540-803160,29,18,0009,41809000,3.77,13281.0
11-29-571-05541-803161,29,18,0010,41811000,5.68,30343.0
11-29-572-05542-612948,29,20,0001,42003000,1.93,5474.0
11-29-572-05542-612949,29,20,0001,42004000,6.37,7380.0
11-29-572-05542-612952,29,20,0001,42001000,30.98,293359.0
11-29-572-05545-613355,29,20,0003,42017000,3.41,12296.0
11-29-572-05545-613357,29,20,0003,42018000,4.65,7614.0
11-29-572-05545-803163,29,20,0003,42019000,5.0,33157.0
11-29-572-99999-803162,29,20,0000,42009000,226.24,4313248.0
11-29-573-05546-803164,29,22,0001,42201000,4.26,22580.0
11-29-573-05547-803165,29,22,0002,42202000,2.52,16052.0
11-29-573-05548-803166,29,22,0003,42203000,3.68,18310.0
11-29-573-05549-803167,29,22,0004,42204000,11.62,23729.0
11-29-573-05550-803168,29,22,0005,42206000,16.89,131179.0
11-29-573-05551-803169,29,22,0006,42207000,6.32,26521.0
11-29-573-05552-803170,29,22,0007,42208000,3.29,35851.0
11-29-574-05553-803171,29,23,0001,42301000,4.69,23176.0
11-29-574-05554-803172,29,23,0002,42302000,4.56,20228.0
11-29-574-05555-803173,29,23,0003,42303000,11.13,45166.0
11-29-574-05556-616228,29,23,0004,42304000,2.41,11388.0
11-29-574-05556-803174,29,23,0004,42305000,27.16,121874.0
11-29-574-05557-803175,29,23,0005,42306000,1.59,6133.0
11-29-574-05558-803176,29,23,0006,42307000,2.37,15169.0
11-29-574-05559-803177,29,23,0007,42308000,3.46,27024.0
11-29-574-05560-803178,29,23,0008,42309000,10.5,34515.0
11-29-575-05561-617500,29,24,0001,42403000,7.23,8033.0
11-29-575-05561-617501,29,24,0001,42404000,5.32,6167.0
11-29-575-05561-617506,29,24,0001,42406000,5.94,7417.0
11-29-575-05561-617511,29,24,0001,42408000,4.89,6501.0
11-29-575-05561-617516,29,24,0001,42412000,4.37,8036.0
11-29-575-05561-617517,29,24,0001,42413000,8.35,20097.0
11-29-575-05561-617518,29,24,0001,42414000,10.15,14324.0
11-29-575-05561-803179,29,24,0001,42401000,10.1,16389.0
11-29-575-05561-803180,29,24,0001,42402000,40.51,25713.0
11-29-575-05561-803181,29,24,0001,42405000,147.43,416262.0
11-29-575-05561-803182,29,24,0001,42411000,11.11,49895.0
11-29-575-05562-617598,29,24,0002,42415000,6.84,12429.0
11-29-575-05562-617599,29,24,0002,42416000,5.34,5561.0
11-29-575-05562-803183,29,24,0002,42417000,28.14,36830.0
11-29-575-05563-803184,29,24,0003,42418000,8.87,7305.0
11-29-575-05564-803185,29,24,0004,42419000,35.08,48070.0
11-29-575-05565-803186,29,24,0005,42420000,17.13,18028.0
11-29-576-05566-803187,29,25,0001,42501000,15.92,32496.0
11-29-576-05567-803188,29,25,0002,42502000,1.33,7220.0
11-29-576-05567-803189,29,25,0002,42503000,3.26,13186.0
11-29-576-05568-618089,29,25,0003,42505000,3.26,7267.0
11-29-576-05568-803190,29,25,0003,42504000,2.83,15213.0
11-29-577-05569-803191,29,26,0001,42601000,5.99,14924.0
11-29-577-05570-803192,29,26,0002,42602000,11.76,43900.0
11-29-577-05571-803193,29,26,0003,42603000,8.6,30633.0
11-29-577-05572-618828,29,26,0004,42606000,1.99,5707.0
11-29-577-05572-618830,29,26,0004,42607000,4.73,4815.0
11-29-577-05572-803194,29,26,0004,42604000,117.5,787179.0
11-29-577-05573-803195,29,26,0005,42608000,1.89,12045.0
11-29-577-05574-803197,29,26,0006,42609000,14.08,48232.0
11-29-577-05575-803198,29,26,0007,42610000,3.09,23239.0
11-29-577-05575-803199,29,26,0007,42611000,1.0,9927.0
11-29-578-05576-803200,29,27,0001,42701000,7.86,26340.0
11-29-578-05577-803201,29,27,0002,42702000,18.76,60558.0
11-29-578-05578-803202,29,27,0003,42703000,0.43,8585.0
11-29-578-05579-803203,29,27,0004,42704000,27.56,52607.0
11-29-579-05580-803205,29,04,0001,40401000,14.73,35245.0
11-29-579-05581-803206,29,04,0002,40402000,2.84,19335.0
11-29-579-05582-803207,29,04,0003,40403000,64.48,430265.0
11-29-579-05583-803208,29,04,0004,40404000,9.84,17144.0
11-29-579-05584-620588,29,04,0005,40405000,11.91,8589.0
11-29-579-05584-803209,29,04,0005,40406000,24.43,31539.0
11-29-579-05585-803210,29,04,0006,40407000,74.4,27006.0
11-29-579-05585-803211,29,04,0006,40408000,34.06,15988.0
11-29-579-05585-803212,29,04,0006,40409000,8.7,50562.0
11-29-579-05585-803213,29,04,0006,40414000,13.7,30012.0
11-29-579-05586-803214,29,04,0007,40410000,10.18,19179.0
11-29-580-05587-803215,29,04,0008,40412000,13.32,43622.0
11-29-580-05588-803216,29,04,0009,40411000,2.98,4792.0
11-29-580-05588-803217,29,04,0009,40413000,39.65,38907.0
11-29-580-05589-803218,29,04,0010,40416000,2.34,16923.0
11-29-580-05589-803219,29,04,0010,40417000,14.95,58811.0
11-29-581-05590-803220,29,19,0007,41907000,1.84,22959.0
11-29-581-05591-803221,29,19,0008,41908000,18.3,113907.0
11-29-581-05592-803222,29,19,0009,41909000,9.26,27815.0
11-29-581-05593-803223,29,19,0010,41910000,5.14,38703.0
11-29-581-05593-803224,29,19,0010,41911000,59.75,157084.0
11-29-581-05594-803225,29,19,0011,41912000,18.46,44033.0
11-29-582-05595-803226,29,19,0001,41901000,7.01,30537.0
11-29-582-05596-803227,29,19,0002,41902000,9.2,54968.0
11-29-582-05597-803228,29,19,0003,41903000,0.64,8807.0
11-29-582-05598-803229,29,19,0004,41904000,2.31,20119.0
11-29-582-05599-803230,29,19,0005,41905000,3.57,41098.0
11-29-582-05600-803231,29,19,0006,41906000,14.57,65493.0
11-29-583-05601-803232,29,21,0001,42101000,2.85,25287.0
11-29-583-05602-803233,29,21,0002,42103000,13.37,71606.0
11-29-583-05603-803234,29,21,0003,42104000,14.55,29540.0
11-29-583-05603-803235,29,21,0003,42105000,15.94,23406.0
11-29-583-05604-803236,29,21,0004,42106000,14.28,36323.0
11-29-584-05605-803237,29,21,0005,42107000,4.98,25031.0
11-29-584-05606-803238,29,21,0006,42108000,12.39,79394.0
11-29-584-05607-803239,29,21,0007,42109000,8.42,63577.0
11-29-584-05608-803240,29,21,0008,42110000,7.2,47060.0
11-30-585-05609-626660,30,01,0001,40102000,10.44,4324.0
11-30-585-05609-803241,30,01,0001,40101000,2.52,5289.0
11-30-585-05610-626690,30,01,0002,40103000,12.22,10318.0
11-30-585-05610-626691,30,01,0002,40104000,10.72,5475.0
11-30-585-05610-626693,30,01,0002,40106000,4.03,6372.0
11-30-585-05610-626695,30,01,0002,40108000,11.72,15783.0
11-30-585-05610-626696,30,01,0002,40107000,5.86,5559.0
11-30-585-05610-626697,30,01,0002,40109000,6.96,8604.0
11-30-585-05610-626699,30,01,0002,40110000,7.61,8708.0
11-30-585-05610-626701,30,01,0002,40111000,5.42,15377.0
11-30-585-05610-626703,30,01,0002,40112000,12.5,10174.0
11-30-585-05610-626704,30,01,0002,40113000,8.04,6588.0
11-30-585-05610-803242,30,01,0002,40105000,11.32,40487.0
11-30-585-05611-626730,30,01,0003,40119000,3.28,11984.0
11-30-585-05611-626732,30,01,0003,40121000,9.82,11830.0
11-30-585-05611-626733,30,01,0003,40122000,7.64,5785.0
11-30-585-05611-626734,30,01,0003,40123000,10.13,5395.0
11-30-585-05611-803243,30,01,0003,40120000,55.55,70078.0
11-30-585-05612-626763,30,01,0004,40115000,8.63,5339.0
11-30-585-05612-626764,30,01,0004,40118000,13.54,5641.0
11-30-585-05612-803244,30,01,0004,40114000,14.53,14913.0
11-30-585-05612-803245,30,01,0004,40116000,14.72,11194.0
11-30-585-05613-803246,30,01,0005,40117000,11.72,7917.0
11-30-585-05614-626869,30,01,0006,40124000,12.26,12267.0
11-30-585-05614-626870,30,01,0006,40127000,7.74,13179.0
11-30-585-05614-626871,30,01,0006,40125000,5.37,5456.0
11-30-585-05614-803247,30,01,0006,40126000,5.22,17713.0
11-30-586-05615-626885,30,02,0001,40202000,12.18,7604.0
11-30-586-05615-626886,30,02,0001,40203000,23.49,15604.0
11-30-586-05615-803248,30,02,0001,40201000,27.37,97154.0
11-30-586-05616-626927,30,02,0002,40210000,12.15,8351.0
11-30-586-05616-626928,30,02,0002,40209000,3.25,10929.0
11-30-586-05616-626929,30,02,0002,40208000,1.74,4987.0
11-30-586-05616-626930,30,02,0002,40207000,5.25,11014.0
11-30-586-05616-626931,30,02,0002,40205000,10.18,10158.0
11-30-586-05616-626932,30,02,0002,40206000,8.17,4865.0
11-30-586-05616-626933,30,02,0002,40215000,9.23,7033.0
11-30-586-05616-803249,30,02,0002,40204000,15.05,78382.0
11-30-586-05616-803250,30,02,0002,40216000,28.69,15860.0
11-30-586-05617-803251,30,02,0003,40214000,14.14,12573.0
11-30-586-05617-803252,30,02,0003,40212000,22.55,21407.0
11-30-586-05618-627021,30,02,0004,40211000,5.11,4833.0
11-30-586-05618-803253,30,02,0004,40213000,4.92,6173.0
11-30-586-05619-803254,30,02,0005,40217000,18.69,11901.0
11-31-587-05620-627030,31,01,0001,40101000,2.59,7353.0
11-31-587-05625-627038,31,01,0002,40102000,3.63,10119.0
11-31-587-05629-627056,31,01,0004,40103000,4.37,9495.0
11-32-588-05630-627122,32,01,0001,40101000,3.98,8675.0
11-32-588-05630-627123,32,01,0001,40102000,2.55,5915.0
11-32-588-05630-627124,32,01,0001,40103000,2.8,5636.0
11-32-588-05630-627133,32,01,0001,40104000,10.87,23334.0
11-32-588-05630-803255,32,01,0001,40105000,16.69,52634.0
11-32-588-05631-627166,32,01,0002,40106000,4.53,8139.0
11-32-588-05631-803256,32,01,0002,40107000,84.08,129367.0
11-32-589-05632-803257,32,02,0001,40201000,54.63,68734.0
11-32-589-05632-803258,32,02,0001,40202000,43.08,67507.0
11-32-589-05633-627221,32,02,0002,40203000,32.17,26239.0
11-32-589-05633-627226,32,02,0002,40204000,14.34,18527.0
11-32-589-05633-627227,32,02,0002,40211000,8.29,12554.0
11-32-589-05633-627228,32,02,0002,40206000,15.22,33273.0
11-32-589-05633-627229,32,02,0002,40205000,15.74,28068.0
11-32-589-05633-627230,32,02,0002,40207000,8.54,22002.0
11-32-589-05633-627231,32,02,0002,40208000,7.44,23949.0
11-32-589-05633-627232,32,02,0002,40209000,2.03,8370.0
11-32-589-05633-627233,32,02,0002,40210000,13.48,43287.0
11-32-589-05633-627234,32,02,0002,40212000,8.93,12658.0
11-32-589-05633-627235,32,02,0002,40219000,12.29,19478.0
11-32-589-05633-627236,32,02,0002,40220000,8.13,13955.0
11-32-589-05633-627237,32,02,0002,40218000,9.81,14741.0
11-32-589-05633-627238,32,02,0002,40213000,9.1,33471.0
11-32-589-05633-627239,32,02,0002,40214000,6.84,26965.0
11-32-589-05633-627240,32,02,0002,40217000,11.53,31537.0
11-32-589-05633-627241,32,02,0002,40221000,11.35,19566.0
11-32-589-05633-627242,32,02,0002,40225000,15.45,21878.0
11-32-589-05633-627243,32,02,0002,40224000,11.77,15669.0
11-32-589-05633-627244,32,02,0002,40223000,9.29,15530.0
11-32-589-05633-627245,32,02,0002,40222000,18.37,36358.0
11-32-589-05633-627246,32,02,0002,40228000,7.94,17439.0
11-32-589-05633-627247,32,02,0002,40227000,8.6,11954.0
11-32-589-05633-627248,32,02,0002,40226000,10.76,15816.0
11-32-589-05633-627249,32,02,0002,40229000,7.19,21949.0
11-32-589-05633-803259,32,02,0002,40215000,11.03,63797.0
11-32-589-05633-803260,32,02,0002,40216000,1.79,4699.0
11-32-589-05634-627274,32,02,0003,40231000,15.08,19190.0
11-32-589-05634-627275,32,02,0003,40232000,13.01,16611.0
11-32-589-05634-627279,32,02,0003,40234000,8.43,17501.0
11-32-589-05634-627281,32,02,0003,40233000,9.63,15831.0
11-32-589-05634-627282,32,02,0003,40239000,10.66,29162.0
11-32-589-05634-627283,32,02,0003,40238000,10.08,24604.0
11-32-589-05634-627284,32,02,0003,40237000,12.3,28989.0
11-32-589-05634-627285,32,02,0003,40236000,12.67,19955.0
11-32-589-05634-627288,32,02,0003,40244000,8.54,16288.0
11-32-589-05634-627289,32,02,0003,40243000,10.02,20863.0
11-32-589-05634-627290,32,02,0003,40241000,3.66,11231.0
11-32-589-05634-627291,32,02,0003,40242000,14.24,31772.0
11-32-589-05634-627292,32,02,0003,40245000,20.46,37699.0
11-32-589-05634-803261,32,02,0003,40230000,54.32,44313.0
11-32-589-05634-803262,32,02,0003,40235000,16.76,29532.0
11-32-589-05634-803263,32,02,0003,40240000,23.96,99387.0
11-32-590-05637-803264,32,03,0003,40301000,40.74,29612.0
11-32-591-05638-627364,32,04,0001,40401000,17.35,31772.0
11-32-591-05638-627365,32,04,0001,40403000,11.97,16464.0
11-32-591-05638-803265,32,04,0001,40402000,21.32,75847.0
11-32-591-05639-803266,32,04,0002,40404000,29.05,68982.0
11-32-591-05640-627429,32,04,0003,40406000,20.29,27845.0
11-32-591-05640-627432,32,04,0003,40408000,11.32,30915.0
11-32-591-05640-627433,32,04,0003,40407000,10.11,24502.0
11-32-591-05640-627435,32,04,0003,40413000,11.71,30440.0
11-32-591-05640-627436,32,04,0003,40409000,10.31,57110.0
11-32-591-05640-627438,32,04,0003,40411000,5.88,20772.0
11-32-591-05640-627439,32,04,0003,40412000,7.6,29505.0
11-32-591-05640-803267,32,04,0003,40410000,10.41,66895.0
11-32-591-05640-803267,32,04,0003,40405000,167.62,620108.0
11-32-592-05641-803268,32,05,0001,40501000,53.1,83707.0
11-32-592-05641-803269,32,05,0001,40502000,58.2,86702.0
11-32-592-05643-803270,32,05,0003,40503000,34.41,44612.0
11-32-592-05644-803271,32,05,0004,40504000,16.55,53654.0
11-32-592-05646-803272,32,05,0006,40505000,24.82,87495.0
11-32-593-05647-803273,32,06,0001,40601000,32.28,42029.0
11-32-593-05647-803274,32,06,0001,40602000,32.66,49242.0
11-32-593-05649-803275,32,06,0003,40603000,45.02,197369.0
11-32-593-05650-627683,32,06,0004,40604000,8.1,16373.0
11-32-593-05650-803276,32,06,0004,40605000,26.18,51562.0
11-32-594-05652-627774,32,07,0001,40701000,5.12,5274.0
11-32-594-05652-803277,32,07,0001,40702000,34.18,51592.0
11-32-594-05653-627799,32,07,0002,40705000,4.1,8535.0
11-32-594-05653-627800,32,07,0002,40704000,5.05,10357.0
11-32-594-05653-627802,32,07,0002,40708000,4.35,7210.0
11-32-594-05653-627803,32,07,0002,40707000,3.73,7749.0
11-32-594-05653-627804,32,07,0002,40710000,5.67,13027.0
11-32-594-05653-627806,32,07,0002,40709000,4.12,10823.0
11-32-594-05653-627807,32,07,0002,40711000,5.32,9687.0
11-32-594-05653-803278,32,07,0002,40706000,12.44,33155.0
11-32-594-05653-803279,32,07,0002,40703000,12.41,38138.0
11-32-594-05654-627834,32,07,0003,40713000,4.64,8161.0
11-32-594-05654-627835,32,07,0003,40712000,5.6,8447.0
11-32-594-05654-627840,32,07,0003,40714000,6.33,9600.0
11-32-594-05654-627845,32,07,0003,40715000,2.38,12596.0
11-32-594-05654-627852,32,07,0003,40717000,6.91,17938.0
11-32-594-05654-627854,32,07,0003,40718000,4.69,11462.0
11-32-594-05654-627855,32,07,0003,40719000,3.1,7939.0
11-32-594-05654-627864,32,07,0003,40720000,6.09,17373.0
11-32-594-05654-627865,32,07,0003,40721000,6.02,13345.0
11-32-594-05654-803280,32,07,0003,40716000,101.42,317526.0
11-32-594-05655-627882,32,07,0004,40723000,11.94,36328.0
11-32-594-05655-803281,32,07,0004,40722000,26.82,58555.0
11-32-594-05656-627920,32,07,0005,40724000,10.41,17407.0
11-32-594-05656-627922,32,07,0005,40725000,6.41,12501.0
11-32-594-05656-627937,32,07,0005,40728000,10.13,17455.0
11-32-594-05656-803282,32,07,0005,40726000,11.24,28873.0
11-32-594-05656-803283,32,07,0005,40727000,25.23,48380.0
11-32-595-05657-803284,32,08,0001,40801000,13.61,26547.0
11-32-595-05658-627974,32,08,0002,40804000,8.27,13603.0
11-32-595-05658-627976,32,08,0002,40803000,15.88,29784.0
11-32-595-05658-627979,32,08,0002,40807000,34.99,67754.0
11-32-595-05658-627980,32,08,0002,40806000,16.8,37017.0
11-32-595-05658-803285,32,08,0002,40802000,28.24,33409.0
11-32-595-05658-803286,32,08,0002,40805000,6.46,24110.0
11-32-595-05659-627984,32,08,0003,40808000,10.83,28147.0
11-32-595-05659-627988,32,08,0003,40813000,15.88,35463.0
11-32-595-05659-627990,32,08,0003,40810000,21.0,38037.0
11-32-595-05659-627991,32,08,0003,40811000,10.01,24524.0
11-32-595-05659-627992,32,08,0003,40812000,10.71,30094.0
11-32-595-05659-803287,32,08,0003,40809000,9.02,30059.0
11-32-595-05661-628008,32,08,0005,40818000,12.87,43078.0
11-32-595-05661-628009,32,08,0005,40816000,10.8,26316.0
11-32-595-05661-628010,32,08,0005,40815000,12.92,15824.0
11-32-595-05661-628011,32,08,0005,40814000,19.27,22842.0
11-32-595-05661-628012,32,08,0005,40822000,10.49,21717.0
11-32-595-05661-628014,32,08,0005,40823000,5.3,9725.0
11-32-595-05661-628015,32,08,0005,40820000,12.35,41012.0
11-32-595-05661-803288,32,08,0004,40819000,145.69,688604.0
11-32-595-05661-803289,32,08,0005,40817000,27.0,63116.0
11-32-595-05661-803290,32,08,0005,40821000,18.69,59884.0
11-32-595-05662-803291,32,08,0006,40824000,13.18,29246.0
11-32-595-05663-803292,32,08,0007,40825000,40.04,37173.0
11-32-596-05666-803293,32,09,0003,40902000,35.43,46246.0
11-32-597-05668-628138,32,10,0001,41002000,18.29,29682.0
11-32-597-05668-803294,32,10,0001,41001000,16.06,22640.0
11-32-597-05669-803295,32,10,0002,41003000,8.73,22641.0
11-32-597-05670-628174,32,10,0003,41004000,14.04,42984.0
11-32-597-05670-803296,32,10,0003,41005000,50.12,129894.0
11-32-597-05671-803297,32,10,0004,41006000,13.5,51967.0
11-32-598-05673-628214,32,11,0001,41102000,12.86,17393.0
11-32-598-05673-628215,32,11,0001,41101000,15.04,35283.0
11-32-598-05673-628224,32,11,0001,41105000,12.86,22127.0
11-32-598-05673-628225,32,11,0001,41106000,26.76,24518.0
11-32-598-05673-803298,32,11,0001,41103000,54.55,100187.0
11-32-598-05673-803298,32,11,0001,41104000,10.3,16853.0
11-32-598-05674-628234,32,11,0002,41107000,13.65,43291.0
11-32-598-05674-803299,32,11,0002,41108000,65.57,239384.0
11-32-598-05676-803300,32,11,0004,41109000,21.79,68585.0
11-32-598-05677-628271,32,11,0005,41110000,14.6,25397.0
11-32-598-05678-628280,32,11,0006,41111000,12.65,28439.0
11-32-599-05679-803303,32,12,0001,41201000,27.15,56837.0
11-32-599-05682-803304,32,12,0004,41202000,23.5,38009.0
11-32-599-05683-803305,32,12,0005,41203000,20.82,28952.0
11-32-600-05686-803307,32,13,0003,41301000,34.35,47235.0
11-32-600-05688-803306,32,13,0005,41302000,62.36,380091.0
11-32-600-05688-803308,32,13,0005,41303000,16.19,38652.0
11-32-601-05689-803309,32,14,0001,41401000,14.87,40728.0
11-32-601-05689-803310,32,14,0001,41402000,16.87,35693.0
11-32-601-05690-803311,32,14,0002,41403000,32.53,56138.0
11-32-601-05691-803312,32,14,0003,41404000,177.77,889635.0
11-32-601-05692-803313,32,14,0004,41405000,29.05,69467.0
11-33-602-05693-803314,33,01,0001,40101000,10.0,16196.0
11-33-602-05694-628769,33,01,0002,40105000,9.55,8513.0
11-33-602-05694-628772,33,01,0002,40106000,5.1,20938.0
11-33-602-05694-803315,33,01,0002,40103000,9.63,24309.0
11-33-602-05694-803316,33,01,0002,40102000,7.56,12614.0
11-33-602-05694-803317,33,01,0002,40104000,8.62,23742.0
11-33-602-05695-803318,33,01,0003,40107000,8.0,10626.0
11-33-602-05696-803319,33,01,0004,40108000,12.42,38314.0
11-33-602-05697-628979,33,01,0005,40111000,1.8,9384.0
11-33-602-05697-803320,33,01,0005,40109000,7.7,8654.0
11-33-602-05697-803321,33,01,0005,40110000,8.86,18715.0
11-33-602-05698-629121,33,01,0006,40113000,7.5,17076.0
11-33-602-05698-803322,33,01,0006,40112000,14.78,45732.0
11-33-602-05699-803323,33,01,0007,40115000,65.0,229403.0
11-33-602-05699-803324,33,01,0007,40114000,11.0,29332.0
11-33-602-05699-803325,33,01,0007,40116000,18.6,32221.0
11-33-602-05699-803326,33,01,0007,40118000,6.0,16291.0
11-33-602-05699-803327,33,01,0007,40117000,15.55,42604.0
11-33-602-05700-629173,33,01,0008,40127000,2.65,39826.0
11-33-602-05700-629175,33,01,0008,40130000,3.26,14950.0
11-33-602-05700-629176,33,01,0008,40132000,2.68,27895.0
11-33-602-05700-803328,33,01,0008,40126000,40.36,310967.0
11-33-602-05700-803329,33,01,0008,40128000,4.0,43609.0
11-33-602-05700-803330,33,01,0008,40129000,8.0,30978.0
11-33-602-05700-803331,33,01,0008,40131000,5.0,28924.0
11-33-602-05701-803332,33,01,0008,40119000,4.76,32590.0
11-33-602-05701-803333,33,01,0008,40120000,21.42,212281.0
11-33-602-05701-803334,33,01,0008,40121000,16.0,28597.0
11-33-602-05701-803335,33,01,0008,40122000,2.75,18331.0
11-33-602-05701-803336,33,01,0008,40123000,45.6,20639.0
11-33-602-05701-803337,33,01,0008,40124000,17.2,76093.0
11-33-602-05701-803338,33,01,0008,40125000,3.0,9738.0
11-33-603-99999-803339,33,02,0000,40201000,174.0,4343645.0
11-33-604-05702-629349,33,03,0001,40303000,2.47,6051.0
11-33-604-05702-629352,33,03,0001,40302000,4.1,8605.0
11-33-604-05702-803340,33,03,0001,40301000,8.4,19420.0
11-33-604-05702-803341,33,03,0001,40304000,9.0,25007.0
11-33-604-05702-803342,33,03,0001,40305000,16.8,16156.0
11-33-604-05702-803352,33,03,0002,40308000,2.35,3609.0
11-33-604-05703-803343,33,03,0002,40327000,2.95,25314.0
11-33-604-05703-803344,33,03,0002,40332000,7.35,19594.0
11-33-604-05703-803345,33,03,0002,40326000,20.72,137933.0
11-33-604-05703-803346,33,03,0002,40328000,9.59,21492.0
11-33-604-05703-803347,33,03,0002,40333000,3.9,17511.0
11-33-604-05703-803348,33,03,0002,40331000,8.02,16996.0
11-33-604-05704-629371,33,03,0002,40309000,2.49,14760.0
11-33-604-05704-629372,33,03,0002,40312000,2.41,5973.0
11-33-604-05704-629373,33,03,0002,40323000,0.6,6162.0
11-33-604-05704-803349,33,03,0002,40306000,6.5,9343.0
11-33-604-05704-803350,33,03,0002,40307000,12.91,42153.0
11-33-604-05704-803351,33,03,0002,40313000,19.5,146287.0
11-33-604-05704-803353,33,03,0002,40310000,4.0,31918.0
11-33-604-05704-803354,33,03,0002,40311000,13.8,49999.0
11-33-604-05704-803355,33,03,0002,40325000,5.8,19228.0
11-33-604-05704-803356,33,03,0002,40324000,18.0,144623.0
11-33-604-05705-629381,33,03,0002,40316000,2.46,13884.0
11-33-604-05705-629382,33,03,0002,40322000,5.37,15548.0
11-33-604-05705-629383,33,03,0002,40317000,2.76,14361.0
11-33-604-05705-629384,33,03,0002,40318000,2.71,15637.0
11-33-604-05705-629385,33,03,0002,40320000,5.91,25952.0
11-33-604-05705-629388,33,03,0002,40319000,5.08,10117.0
11-33-604-05705-629389,33,03,0002,40329000,2.32,7240.0
11-33-604-05705-803357,33,03,0002,40314000,8.5,30422.0
11-33-604-05705-803358,33,03,0002,40315000,6.0,23581.0
11-33-604-05705-803359,33,03,0002,40321000,17.0,22070.0
11-33-604-05705-803360,33,03,0002,40330000,9.0,15557.0
11-33-604-05706-629566,33,03,0003,40334000,9.0,13375.0
11-33-604-05706-629568,33,03,0003,40335000,5.5,13445.0
11-33-604-05706-629571,33,03,0003,40338000,4.21,8083.0
11-33-604-05706-629573,33,03,0003,40342000,12.0,5015.0
11-33-604-05706-803361,33,03,0003,40336000,8.0,26575.0
11-33-604-05706-803362,33,03,0003,40337000,58.08,48463.0
11-33-604-05706-803363,33,03,0003,40339000,7.9,8299.0
11-33-604-05706-803364,33,03,0003,40340000,6.09,62582.0
11-33-604-05707-629742,33,03,0004,40344000,5.87,10111.0
11-33-604-05707-629743,33,03,0004,40347000,0.79,6025.0
11-33-604-05707-629744,33,03,0004,40346000,3.78,9357.0
11-33-604-05707-803365,33,03,0004,40343000,11.72,153140.0
11-33-604-05707-803366,33,03,0004,40345000,6.0,16125.0
11-33-604-05707-803367,33,03,0004,40348000,4.0,10853.0
11-33-604-05708-803368,33,03,0005,40349000,27.0,23656.0
11-33-604-05709-629963,33,03,0006,40352000,10.04,20901.0
11-33-604-05709-803369,33,03,0006,40351000,12.85,12345.0
11-33-604-05709-803370,33,03,0006,40350000,11.2,23715.0
11-33-604-05710-803371,33,03,0007,40353000,6.89,11372.0
11-33-604-05710-803372,33,03,0007,40354000,21.67,29059.0
11-33-604-05710-803373,33,03,0007,40355000,5.0,9023.0
11-33-604-05711-803374,33,03,0008,40356000,34.0,25793.0
11-33-605-05712-630366,33,04,0001,40403000,3.23,8663.0
11-33-605-05712-803375,33,04,0001,40402000,4.71,91452.0
11-33-605-05712-803376,33,04,0001,40401000,7.61,41499.0
11-33-605-05713-630469,33,04,0002,40404000,7.87,7569.0
11-33-605-05713-630472,33,04,0002,40408000,5.82,12669.0
11-33-605-05713-803377,33,04,0002,40410000,9.47,7936.0
11-33-605-05713-803378,33,04,0002,40407000,35.0,14912.0
11-33-605-05713-803379,33,04,0002,40405000,12.95,30070.0
11-33-605-05713-803380,33,04,0002,40409000,6.77,9487.0
11-33-605-05713-803381,33,04,0002,40406000,3.76,16853.0
11-33-605-05714-630546,33,04,0003,40414000,7.5,10563.0
11-33-605-05714-630547,33,04,0003,40413000,4.13,6042.0
11-33-605-05714-803382,33,04,0003,40411000,9.5,26652.0
11-33-605-05714-803383,33,04,0003,40412000,10.7,11296.0
11-33-605-05714-803384,33,04,0003,40416000,2.6,29475.0
11-33-605-05714-803385,33,04,0003,40415000,8.52,47243.0
11-33-605-05714-803386,33,04,0003,40417000,8.96,36757.0
11-33-605-05715-803387,33,04,0004,40418000,9.06,78686.0
11-33-605-05715-803388,33,04,0004,40421000,8.05,9908.0
11-33-605-05715-803389,33,04,0004,40420000,8.5,9217.0
11-33-605-05715-803390,33,04,0004,40422000,5.18,12545.0
11-33-605-05715-803391,33,04,0004,40423000,6.5,10151.0
11-33-605-05716-803392,33,04,0005,40424000,7.49,49953.0
11-33-605-05716-803393,33,04,0005,40425000,5.0,8052.0
11-33-605-05716-803394,33,04,0005,40426000,6.47,14953.0
11-33-605-05716-803395,33,04,0005,40427000,4.62,9763.0
11-33-605-05717-630907,33,04,0006,40429000,2.5,5277.0
11-33-605-05717-630910,33,04,0006,40433000,2.62,9359.0
11-33-605-05717-630911,33,04,0006,40437000,5.97,12885.0
11-33-605-05717-630912,33,04,0006,40436000,3.46,16962.0
11-33-605-05717-630913,33,04,0006,40438000,9.17,5404.0
11-33-605-05717-803396,33,04,0006,40431000,16.06,44942.0
11-33-605-05717-803397,33,04,0006,40430000,5.0,13390.0
11-33-605-05717-803398,33,04,0006,40432000,10.52,177230.0
11-33-605-05717-803399,33,04,0006,40428000,10.0,20771.0
11-33-605-05717-803400,33,04,0006,40435000,5.84,13924.0
11-33-605-05717-803401,33,04,0006,40434000,19.0,26948.0
11-33-605-05717-803402,33,04,0006,40439000,7.67,8151.0
11-33-605-05717-803403,33,04,0006,40440000,8.0,8148.0
11-33-605-05718-630968,33,04,0007,40444000,2.1,6631.0
11-33-605-05718-803404,33,04,0007,40445000,9.0,85752.0
11-33-605-05718-803405,33,04,0007,40446000,8.0,16851.0
11-33-605-05719-631066,33,04,0007,40441000,2.74,6984.0
11-33-605-05719-803406,33,04,0007,40442000,17.97,99624.0
11-33-605-05719-803407,33,04,0007,40443000,5.0,11567.0
11-33-605-05720-803408,33,04,0008,40447000,7.2,9134.0
11-33-605-05720-803409,33,04,0008,40448000,13.6,27167.0
11-33-605-05720-803410,33,04,0008,40449000,4.66,60876.0
11-33-606-05721-631213,33,06,0001,40602000,2.05,5681.0
11-33-606-05721-803411,33,06,0001,40601000,4.8,7316.0
11-33-606-05721-803412,33,06,0001,40603000,11.62,60815.0
11-33-606-05722-631434,33,06,0002,40604000,3.78,5116.0
11-33-606-05722-803413,33,06,0002,40605000,10.76,35201.0
11-33-606-05723-803414,33,06,0003,40606000,15.1,5557.0
11-33-606-05723-803415,33,06,0003,40607000,19.16,29610.0
11-33-606-05723-803416,33,06,0003,40608000,6.59,5163.0
11-33-606-05724-803417,33,06,0004,40609000,5.8,13291.0
11-33-606-05724-803418,33,06,0004,40610000,12.58,25505.0
11-33-606-05724-803419,33,06,0004,40611000,7.5,17841.0
11-33-606-05725-803420,33,06,0005,40612000,7.5,10005.0
11-33-606-05725-803421,33,06,0005,40613000,8.0,23223.0
11-33-606-05727-803422,33,06,0006,40615000,13.64,130567.0
11-33-606-05727-803423,33,06,0006,40614000,12.44,12468.0
11-33-606-05727-803424,33,06,0006,40616000,16.25,13402.0
11-33-607-05728-803425,33,07,0001,40701000,11.66,21251.0
11-33-607-05728-803426,33,07,0001,40702000,10.75,6138.0
11-33-607-05729-803427,33,07,0002,40703000,22.33,67737.0
11-33-607-05729-803428,33,07,0002,40704000,37.12,19139.0
11-33-607-05730-803429,33,07,0003,40705000,9.59,24075.0
11-33-607-05731-803430,33,07,0004,40706000,12.22,10145.0
11-33-607-05731-803431,33,07,0004,40707000,8.37,95455.0
11-33-607-05731-803432,33,07,0004,40708000,11.25,14083.0
11-33-607-05732-803433,33,07,0005,40709000,2.86,7401.0
11-33-607-05732-803434,33,07,0005,40710000,4.64,4405.0
11-33-607-05732-803435,33,07,0005,40711000,12.0,27197.0
11-33-607-05732-803436,33,07,0005,40712000,6.48,8582.0
11-33-607-05734-803438,33,07,0007,40714000,11.8,19846.0
11-33-607-05734-803439,33,07,0007,40715000,11.65,13633.0
11-33-607-05734-803440,33,07,0007,40716000,16.01,36793.0
11-33-607-05734-803441,33,07,0007,40717000,9.31,19516.0
11-33-607-05735-803442,33,07,0008,40718000,6.8,19258.0
11-33-608-05736-633798,33,08,0001,40808000,9.5,8976.0
11-33-608-05736-803443,33,08,0001,40802000,9.45,10254.0
11-33-608-05736-803444,33,08,0001,40801000,12.5,20455.0
11-33-608-05736-803445,33,08,0001,40803000,4.75,16424.0
11-33-608-05736-803446,33,08,0001,40804000,131.41,53633.0
11-33-608-05736-803447,33,08,0001,40805000,39.36,23331.0
11-33-608-05736-803448,33,08,0001,40806000,8.13,9676.0
11-33-608-05736-803449,33,08,0001,40807000,19.18,6780.0
11-33-608-05736-803450,33,08,0001,40809000,4.66,14077.0
11-33-608-05737-803451,33,08,0002,40810000,3.6,9565.0
11-33-608-05737-803452,33,08,0002,40811000,2.25,13291.0
11-33-608-05737-803453,33,08,0002,40812000,9.62,13880.0
11-33-608-05737-803454,33,08,0002,40813000,26.0,22144.0
11-33-608-05738-803455,33,08,0003,40814000,8.0,8999.0
11-33-608-05738-803456,33,08,0003,40815000,28.22,48815.0
11-33-608-05738-803457,33,08,0003,40816000,9.6,8084.0
11-33-608-05739-803458,33,08,0004,40817000,22.65,29635.0
11-33-608-05739-803459,33,08,0004,40818000,28.6,13815.0
11-33-608-05739-803460,33,08,0004,40819000,7.25,8115.0
11-33-608-05739-803461,33,08,0004,40820000,19.2,27454.0
11-33-608-05740-634055,33,08,0005,40824000,3.61,6783.0
11-33-608-05740-634056,33,08,0005,40823000,2.93,6224.0
11-33-608-05740-634058,33,08,0005,40825000,4.5,11385.0
11-33-608-05740-634063,33,08,0005,40826000,8.2,16808.0
11-33-608-05740-634065,33,08,0005,40827000,3.98,9869.0
11-33-608-05740-634071,33,08,0005,40831000,4.0,9021.0
11-33-608-05740-803462,33,08,0005,40822000,5.2,14994.0
11-33-608-05740-803463,33,08,0005,40821000,91.34,696760.0
11-33-608-05740-803464,33,08,0005,40829000,2.76,10615.0
11-33-608-05740-803465,33,08,0005,40828000,17.06,8125.0
11-33-608-05740-803466,33,08,0005,40832000,6.76,9503.0
11-33-608-05740-803467,33,08,0005,40830000,2.4,12698.0
11-33-608-05742-803468,33,08,0007,40834000,6.8,9012.0
11-33-608-05742-803469,33,08,0007,40835000,8.0,16104.0
11-33-608-05742-803470,33,08,0007,40833000,6.28,9941.0
11-33-608-05743-803471,33,08,0008,40837000,12.9,16396.0
11-33-608-05743-803472,33,08,0008,40836000,8.0,10058.0
11-33-608-05743-803473,33,09,0002,40911000,3.24,9377.0
11-33-608-05743-803473,33,08,0008,40838000,27.62,57519.0
11-33-608-05743-803474,33,08,0008,40839000,6.04,18690.0
11-33-608-05743-803475,33,08,0008,40840000,16.0,9164.0
11-33-608-05744-803476,33,08,0009,40841000,22.51,10547.0
11-33-608-05744-803477,33,08,0009,40842000,18.61,7461.0
11-33-608-05744-803478,33,08,0009,40843000,17.56,10457.0
11-33-608-05744-803479,33,08,0009,40844000,8.0,20751.0
11-33-608-05744-803480,33,08,0009,40845000,9.0,13896.0
11-33-609-05745-634473,33,09,0001,40906000,1.86,9997.0
11-33-609-05745-634474,33,09,0001,40909000,10.38,5419.0
11-33-609-05745-803481,33,09,0001,40903000,10.36,17181.0
11-33-609-05745-803482,33,09,0001,40901000,7.8,65868.0
11-33-609-05745-803483,33,09,0001,40902000,14.45,10066.0
11-33-609-05745-803484,33,09,0001,40904000,25.2,80187.0
11-33-609-05745-803485,33,09,0001,40907000,8.45,15255.0
11-33-609-05745-803486,33,09,0001,40908000,4.7,35635.0
11-33-609-05746-803487,33,09,0002,40910000,4.81,13482.0
11-33-609-05746-803489,33,09,0002,40912000,17.2,11915.0
11-33-609-05746-803490,33,09,0002,40916000,17.86,21446.0
11-33-609-05746-803491,33,09,0002,40915000,6.0,11753.0
11-33-609-05746-803492,33,09,0002,40913000,4.88,8213.0
11-33-609-05746-803493,33,09,0002,40914000,8.16,46330.0
11-33-609-05746-803494,33,09,0002,40917000,3.56,9161.0
11-33-609-05747-634705,33,09,0003,40921000,5.81,5772.0
11-33-609-05747-803495,33,09,0003,40918000,6.8,10278.0
11-33-609-05747-803496,33,09,0003,40919000,8.08,18116.0
11-33-609-05747-803497,33,09,0003,40920000,10.24,53055.0
11-33-609-05747-803498,33,09,0003,40922000,4.5,9301.0
11-33-609-05747-803499,33,09,0003,40923000,2.0,12468.0
11-33-609-05748-803500,33,09,0004,40924000,12.0,11124.0
11-33-609-05748-803501,33,09,0004,40925000,18.0,18413.0
11-33-609-05748-803502,33,09,0004,40926000,8.0,13728.0
11-33-609-05748-803503,33,09,0004,40928000,6.5,8928.0
11-33-609-05748-803504,33,09,0004,40927000,4.0,5952.0
11-33-610-05749-803505,33,10,0001,41002000,29.23,33722.0
11-33-610-05749-803506,33,10,0001,41001000,22.08,10308.0
11-33-610-05749-803507,33,10,0001,41003000,15.37,12462.0
11-33-610-05749-803508,33,10,0001,41004000,5.83,4329.0
11-33-610-05749-803509,33,10,0001,41005000,5.77,14832.0
11-33-610-05750-803510,33,10,0002,41006000,10.47,6925.0
11-33-610-05750-803511,33,10,0002,41007000,13.66,9259.0
11-33-610-05750-803512,33,10,0002,41009000,3.24,20071.0
11-33-610-05750-803513,33,10,0002,41008000,15.56,9370.0
11-33-610-05750-803514,33,10,0002,41010000,12.53,8423.0
11-33-610-05750-803515,33,10,0002,41012000,24.22,15011.0
11-33-610-05750-803516,33,10,0002,41011000,11.6,9522.0
11-33-610-05750-803517,33,10,0002,41013000,2.17,38778.0
11-33-610-05750-803518,33,10,0002,41014000,24.24,14702.0
11-33-610-05751-803519,33,10,0003,41015000,20.36,12405.0
11-33-610-05751-803520,33,10,0003,41016000,15.24,12207.0
11-33-610-05751-803521,33,10,0003,41019000,13.8,11038.0
11-33-610-05751-803522,33,10,0003,41020000,12.26,8570.0
11-33-610-05751-803523,33,10,0003,41021000,7.51,55158.0
11-33-610-05751-803524,33,10,0003,41018000,16.68,11684.0
11-33-610-05751-803525,33,10,0003,41017000,11.55,9115.0
11-33-610-05751-803526,33,10,0003,41022000,18.68,7678.0
11-33-610-05751-803527,33,10,0003,41023000,10.03,9803.0
11-33-610-05751-803528,33,10,0003,41024000,28.0,15854.0
11-33-610-05752-635019,33,10,0004,41031000,2.85,6517.0
11-33-610-05752-635020,33,10,0004,41033000,14.0,11012.0
11-33-610-05752-635021,33,10,0004,41035000,7.0,9208.0
11-33-610-05752-803529,33,10,0004,41026000,16.12,6505.0
11-33-610-05752-803530,33,10,0004,41027000,20.0,11040.0
11-33-610-05752-803531,33,10,0004,41029000,3.63,3656.0
11-33-610-05752-803532,33,10,0004,41025000,19.27,7120.0
11-33-610-05752-803533,33,10,0004,41028000,25.6,20072.0
11-33-610-05752-803534,33,10,0004,41032000,23.39,16943.0
11-33-610-05752-803535,33,10,0004,41036000,4.0,15547.0
11-33-610-05753-803536,33,10,0005,41037000,18.6,21923.0
11-33-610-05753-803537,33,10,0005,41038000,3.6,7704.0
11-33-610-05753-803538,33,10,0005,41041000,7.79,21458.0
11-33-610-05753-803539,33,10,0005,41040000,10.1,32024.0
11-33-610-05753-803540,33,10,0005,41039000,2.24,9905.0
11-33-610-05753-803541,33,10,0005,41043000,30.72,72703.0
11-33-610-05753-803542,33,10,0005,41042000,8.44,150541.0
11-33-610-05753-803543,33,10,0005,41044000,3.85,31948.0
11-33-610-05753-803544,33,10,0005,41045000,48.8,52369.0
11-33-610-05753-803545,33,10,0005,41046000,20.02,11243.0
11-33-610-05753-803546,33,10,0005,41047000,16.77,10052.0
11-33-610-05753-803547,33,10,0005,41048000,6.17,3870.0
11-33-610-05753-803548,33,10,0005,41051000,13.87,6343.0
11-33-610-05753-803549,33,10,0005,41052000,5.0,8131.0
11-33-610-05753-803550,33,10,0005,41050000,29.0,10921.0
11-33-610-05753-803551,33,10,0005,41049000,24.0,12343.0
11-33-610-05753-803553,33,10,0005,41055000,5.21,2628.0
11-33-610-05753-803554,33,10,0005,41054000,12.47,8754.0
11-33-610-05753-803555,33,10,0005,41056000,17.82,7632.0
11-33-610-05753-803556,33,10,0005,41057000,11.65,12664.0
11-33-610-05753-803557,33,10,0005,41058000,10.74,7342.0
11-33-611-05754-803558,33,11,0001,41101000,95.0,41837.0
11-33-611-05755-803559,33,11,0002,41102000,35.0,23164.0
11-33-611-05755-803560,33,11,0002,41103000,47.4,43096.0
11-33-611-05755-803561,33,11,0002,41104000,103.6,24793.0
11-33-611-05756-803562,33,11,0003,41105000,35.8,11152.0
11-33-611-05756-803563,33,11,0003,41106000,106.1,11370.0
11-33-611-05756-803564,33,11,0003,41107000,30.7,93987.0
11-33-611-05757-803565,33,11,0004,41108000,30.9,29192.0
11-33-611-05757-803566,33,11,0004,41109000,11.9,14677.0
11-33-611-05758-635115,33,11,0005,41111000,1.3,5309.0
11-33-611-05758-635116,33,11,0005,41114000,8.87,11091.0
11-33-611-05758-803567,33,11,0005,41112000,6.67,20217.0
11-33-611-05758-803568,33,11,0005,41110000,19.2,24534.0
11-33-611-05758-803569,33,11,0005,41115000,44.46,16003.0
11-33-611-05758-803570,33,11,0005,41113000,15.05,50196.0
11-33-611-05758-803571,33,11,0005,41116000,115.0,17054.0
11-33-611-05759-803572,33,11,0006,41117000,8.0,6774.0
11-33-611-05759-803573,33,11,0006,41118000,28.0,10163.0
11-33-612-05760-803574,33,13,0001,41301000,9.59,6299.0
11-33-612-05760-803575,33,13,0001,41304000,23.0,12099.0
11-33-612-05760-803576,33,13,0001,41303000,6.63,67231.0
11-33-612-05760-803577,33,13,0001,41302000,64.0,23370.0
11-33-612-05760-803578,33,13,0001,41305000,38.17,12305.0
11-33-612-05761-803579,33,13,0002,41306000,13.05,24132.0
11-33-612-05762-803580,33,13,0003,41307000,39.13,13300.0
11-33-612-05762-803581,33,13,0003,41308000,2.13,10813.0
11-33-612-05762-803582,33,13,0003,41309000,15.17,7875.0
11-33-612-05762-803583,33,13,0003,41310000,21.0,15203.0
11-33-612-05762-803584,33,13,0003,41311000,16.5,15549.0
11-33-612-05763-803585,33,13,0004,41312000,12.43,22545.0
11-33-612-05764-635412,33,13,0005,41319000,14.08,19568.0
11-33-612-05764-803586,33,13,0005,41315000,10.49,8933.0
11-33-612-05764-803587,33,13,0005,41313000,21.05,12784.0
11-33-612-05764-803588,33,13,0005,41314000,25.0,16081.0
11-33-612-05764-803589,33,13,0005,41318000,14.01,196955.0
11-33-612-05764-803590,33,13,0005,41316000,17.46,10417.0
11-33-612-05765-803591,33,13,0005,41321000,11.25,12099.0
11-33-612-05765-803592,33,13,0005,41320000,3.22,23351.0
11-33-612-05765-803593,33,13,0005,41322000,19.2,12163.0
11-33-612-05766-803594,33,13,0006,41323000,32.0,9473.0
11-33-612-05766-803595,33,13,0006,41324000,21.45,32969.0
11-33-612-05767-803596,33,13,0007,41327000,17.46,9902.0
11-33-612-05767-803597,33,13,0007,41325000,19.0,16604.0
11-33-612-05767-803598,33,13,0007,41326000,9.9,19615.0
11-33-612-05767-803599,33,13,0007,41328000,2.59,7772.0
11-33-612-05767-803600,33,13,0007,41329000,12.94,22011.0
11-33-613-05768-803601,33,14,0001,41401000,24.0,11519.0
11-33-613-05768-803602,33,14,0001,41402000,10.3,19039.0
11-33-613-05769-803603,33,14,0002,41403000,8.0,5865.0
11-33-613-05769-803604,33,14,0002,41404000,25.0,20309.0
11-33-613-05769-803605,33,14,0002,41405000,12.5,9649.0
11-33-613-05769-803606,33,14,0002,41406000,13.5,45437.0
11-33-613-05769-803607,33,14,0002,41407000,5.96,76336.0
11-33-613-05769-803608,33,14,0002,41408000,19.98,11491.0
11-33-613-05769-803609,33,14,0002,41410000,13.5,31592.0
11-33-613-05769-803610,33,14,0002,41409000,24.15,10151.0
11-33-613-05770-803611,33,14,0003,41411000,17.42,10533.0
11-33-613-05770-803612,33,14,0003,41412000,16.4,6552.0
11-33-613-05771-803613,33,14,0004,41413000,10.69,26161.0
11-33-613-05771-803614,33,14,0004,41414000,24.63,10214.0
11-33-613-05771-803615,33,14,0004,41415000,32.0,16408.0
11-33-614-05773-803616,33,15,0001,41502000,6.4,11118.0
11-33-614-05773-803617,33,15,0001,41501000,17.0,13683.0
11-33-614-05774-803618,33,15,0002,41503000,38.4,7550.0
11-33-614-05774-803619,33,15,0002,41504000,9.5,12286.0
11-33-614-05774-803620,33,15,0002,41505000,15.6,27941.0
11-33-614-05775-803621,33,15,0003,41506000,5.88,6699.0
11-33-614-05775-803622,33,15,0003,41507000,12.35,8582.0
11-33-614-05775-803623,33,15,0003,41508000,14.55,31005.0
11-33-614-05776-803624,33,15,0004,41509000,7.6,11782.0
11-33-614-05776-803625,33,15,0004,41510000,2.45,21511.0
11-33-614-05777-803626,33,15,0005,41511000,11.09,11491.0
11-33-614-05777-803627,33,15,0005,41512000,10.0,11215.0
11-33-614-05777-803628,33,15,0005,41513000,5.18,8906.0
11-33-614-05777-803629,33,15,0005,41514000,8.82,23405.0
11-33-614-05778-803630,33,15,0006,41515000,9.6,9994.0
11-33-614-05779-803631,33,15,0007,41516000,146.9,752066.0
11-33-614-05780-636033,33,15,0007,41517000,18.06,20371.0
11-33-614-05780-636035,33,15,0007,41520000,5.8,9215.0
11-33-614-05780-636037,33,15,0007,41522000,7.37,15394.0
11-33-614-05780-636038,33,15,0007,41523000,12.65,9210.0
11-33-614-05780-803632,33,15,0007,41519000,9.43,17056.0
11-33-614-05780-803633,33,15,0007,41518000,4.17,16824.0
11-33-614-05780-803634,33,15,0007,41521000,4.37,35428.0
11-33-614-05781-803635,33,15,0008,41524000,20.85,35770.0
11-33-614-05781-803636,33,15,0008,41525000,3.7,10660.0
11-33-615-05782-803637,33,16,0001,41601000,18.3,10027.0
11-33-615-05782-803638,33,16,0001,41602000,20.6,11695.0
11-33-615-05783-803639,33,16,0002,41604000,11.6,37631.0
11-33-615-05783-803640,33,16,0002,41603000,30.68,11126.0
11-33-615-05784-803641,33,16,0003,41605000,3.88,8741.0
11-33-616-05786-803642,33,17,0002,41701000,6.62,8575.0
11-33-616-05786-803643,33,17,0002,41702000,16.5,31268.0
11-33-616-05786-803644,33,17,0002,41703000,12.4,11320.0
11-33-616-05787-803645,33,17,0003,41704000,7.6,27822.0
11-33-617-05788-803646,33,18,0001,41804000,2.06,5523.0
11-33-617-05788-803647,33,18,0001,41801000,5.06,6598.0
11-33-617-05788-803648,33,18,0001,41802000,21.49,44222.0
11-33-617-05788-803649,33,18,0001,41803000,18.02,55346.0
11-33-617-05789-636684,33,18,0002,41807000,3.19,16075.0
11-33-617-05789-803650,33,18,0002,41806000,27.69,158634.0
11-33-617-05790-636738,33,18,0001,41805000,97.27,127552.0
11-33-617-05790-803651,33,18,0002,41808000,8.96,22883.0
11-33-617-05790-803652,33,18,0002,41809000,19.93,26016.0
11-33-617-05791-803653,33,18,0003,41810000,11.81,20912.0
11-33-617-05791-803654,33,18,0003,41811000,5.71,7963.0
11-33-617-05791-803655,33,18,0003,41812000,11.4,19879.0
11-33-617-05791-803656,33,18,0003,41813000,15.98,9899.0
11-33-617-05791-803657,33,18,0003,41814000,4.79,57733.0
11-33-617-05791-803658,33,18,0003,41815000,5.05,10062.0
11-33-617-05792-803659,33,18,0004,41816000,5.75,11992.0
11-33-617-05792-803660,33,18,0004,41817000,5.28,13817.0
11-33-617-05792-803661,33,18,0004,41818000,12.34,22426.0
11-33-617-05793-803662,33,18,0005,41819000,3.13,7281.0
11-33-617-05793-803663,33,18,0005,41821000,19.02,10483.0
11-33-617-05793-803664,33,18,0005,41820000,27.24,60164.0
11-33-617-05794-803665,33,18,0006,41823000,9.21,18166.0
11-33-617-05794-803666,33,18,0006,41822000,11.38,20735.0
11-33-618-05795-803667,33,19,0001,41901000,13.21,32228.0
11-33-618-05795-803668,33,19,0001,41902000,11.27,7511.0
11-33-618-05796-803669,33,19,0002,41903000,15.5,9275.0
11-33-618-05796-803670,33,19,0002,41904000,11.26,84505.0
11-33-618-05797-803671,33,19,0002,41905000,6.6,13444.0
11-33-618-05798-803672,33,19,0003,41906000,13.0,20843.0
11-33-618-05799-803673,33,19,0004,41907000,5.0,8490.0
11-33-618-05799-803674,33,19,0004,41908000,14.9,93148.0
11-33-618-05800-803675,33,19,0005,41909000,4.25,7425.0
11-33-618-05800-803676,33,19,0005,41910000,5.5,10151.0
11-33-618-05802-803677,33,19,0007,41911000,49.5,11635.0
11-33-618-05802-803678,33,19,0007,41912000,36.26,31627.0
11-33-619-05803-803679,33,20,0001,42001000,5.46,11281.0
11-33-619-05804-803680,33,20,0002,42002000,12.0,13256.0
11-33-619-05804-803681,33,20,0002,42003000,4.5,5976.0
11-33-619-05805-803682,33,20,0003,42004000,3.96,5842.0
11-33-619-05805-803683,33,20,0003,42005000,12.8,11056.0
11-33-619-05806-803684,33,20,0004,42006000,10.47,56341.0
11-33-619-05807-803685,33,20,0005,42007000,2.62,8730.0
11-33-619-05807-803686,33,20,0005,42008000,12.31,22995.0
11-33-619-05808-803687,33,20,0006,42009000,11.55,61478.0
11-33-619-05809-803688,33,20,0007,42010000,11.93,22905.0
11-33-619-05809-803689,33,20,0007,42011000,12.8,17383.0
11-33-620-05810-803690,33,21,0001,42101000,12.65,10376.0
11-33-620-05810-803691,33,21,0001,42105000,16.81,11479.0
11-33-620-05810-803692,33,21,0001,42102000,15.5,7417.0
11-33-620-05810-803693,33,21,0001,42103000,1.66,14135.0
11-33-620-05810-803694,33,21,0001,42104000,12.0,13765.0
11-33-620-05811-638573,33,21,0002,42108000,1.23,7001.0
11-33-620-05811-638574,33,21,0002,42107000,2.92,7781.0
11-33-620-05811-803695,33,21,0002,42106000,7.7,6385.0
11-33-620-05811-803696,33,21,0002,42111000,5.0,13797.0
11-33-620-05811-803697,33,21,0002,42110000,12.58,139954.0
11-33-620-05811-803698,33,21,0002,42109000,2.12,6982.0
11-33-620-05811-803699,33,21,0002,42112000,2.1,13032.0
11-33-620-05812-803700,33,21,0003,42113000,11.51,16404.0
11-33-620-05812-803701,33,21,0003,42114000,7.73,14212.0
11-33-620-05812-803702,33,21,0003,42115000,25.4,8103.0
11-33-620-05812-803703,33,21,0003,42116000,18.0,13901.0
11-33-620-05813-803704,33,21,0004,42117000,5.55,14511.0
11-33-620-05813-803705,33,21,0004,42119000,12.89,8412.0
11-33-620-05813-803706,33,21,0004,42118000,6.5,12567.0
11-33-620-05814-638846,33,21,0005,42122000,26.8,21935.0
11-33-620-05814-638847,33,21,0005,42121000,11.2,11044.0
11-33-620-05814-803707,33,21,0005,42120000,36.31,215314.0
11-33-620-05814-803708,33,21,0005,42123000,7.6,14816.0
11-33-620-05815-803709,33,21,0006,42124000,7.2,10172.0
11-33-620-05816-803710,33,21,0007,42125000,29.75,15426.0
11-33-620-05816-803711,33,21,0007,42126000,21.83,65533.0
11-33-620-05816-803712,33,21,0007,42127000,12.83,27657.0
11-33-620-05817-803713,33,21,0008,42128000,18.7,21045.0
11-33-620-05817-803714,33,21,0008,42129000,17.83,5405.0
11-33-621-05818-803715,33,22,0001,42201000,10.1,12666.0
11-33-621-05818-803716,33,22,0001,42202000,11.5,7657.0
11-33-621-05819-803717,33,22,0002,42203000,8.4,10509.0
11-33-621-05821-639446,33,22,0004,42204000,4.5,6426.0
11-33-621-05821-639447,33,22,0004,42205000,9.0,17607.0
11-33-621-05821-803718,33,22,0004,42206000,13.0,109217.0
11-33-621-05822-803719,33,22,0005,42208000,9.2,7819.0
11-33-621-05823-803720,33,22,0005,42207000,25.0,11776.0
11-33-621-05824-803721,33,22,0006,42210000,2.5,10761.0
11-33-621-05824-803722,33,22,0006,42211000,13.1,7756.0
11-33-621-05825-803723,33,22,0006,42209000,26.1,12056.0
11-33-621-05826-803724,33,22,0007,42212000,15.4,34134.0
11-33-622-05829-803725,33,23,0001,42301000,6.0,5689.0
11-33-622-05829-803726,33,23,0001,42302000,10.4,16858.0
11-33-622-05829-803727,33,23,0001,42303000,13.1,23559.0
11-33-622-05830-640126,33,07,0006,40713000,9.54,12263.0
11-33-622-05830-803728,33,23,0002,42304000,7.7,4796.0
11-33-622-05830-803729,33,23,0002,42305000,2.58,7982.0
11-33-622-05830-803730,33,23,0002,42306000,8.75,10633.0
11-33-622-05830-803731,33,23,0002,42307000,5.12,6455.0
11-33-622-05830-803732,33,23,0002,42308000,5.0,9255.0
11-33-622-05830-803733,33,23,0002,42309000,13.75,86596.0
11-33-622-05831-803734,33,23,0003,42310000,12.42,40497.0
11-33-622-05832-803735,33,23,0004,42311000,18.0,6586.0
11-33-622-05832-803736,33,23,0004,42312000,6.97,40220.0
11-33-622-05833-803737,33,23,0005,42313000,11.33,21589.0
11-33-622-05833-803738,33,23,0005,42314000,5.6,26253.0
11-33-622-05834-803739,33,23,0006,42315000,16.24,19116.0
11-33-623-05835-803740,33,24,0001,42401000,6.25,7088.0
11-33-623-05835-803741,33,24,0001,42402000,15.02,33881.0
11-33-623-05836-640710,33,24,0002,42406000,6.05,16013.0
11-33-623-05836-640711,33,24,0002,42407000,2.85,17803.0
11-33-623-05836-640712,33,24,0002,42408000,1.4,12185.0
11-33-623-05836-640713,33,24,0002,42410000,3.02,29098.0
11-33-623-05836-640714,33,24,0002,42409000,4.2,21977.0
11-33-623-05836-803742,33,24,0002,42405000,8.0,38310.0
11-33-623-05836-803743,33,24,0002,42403000,8.99,16248.0
11-33-623-05836-803744,33,24,0002,42404000,6.24,21167.0
11-33-623-05837-803745,33,24,0003,42412000,9.94,21833.0
11-33-623-05837-803746,33,24,0003,42411000,8.59,8183.0
11-33-623-05837-803747,33,24,0003,42413000,15.1,21638.0
11-33-623-05837-803748,33,24,0003,42414000,4.08,11078.0
11-33-623-05838-803749,33,24,0004,42415000,13.84,30601.0
11-33-623-05839-803750,33,24,0005,42416000,8.04,14130.0
11-33-623-05839-803751,33,24,0005,42418000,4.05,9416.0
11-33-623-05839-803752,33,24,0005,42417000,4.05,9614.0
11-33-623-05840-803753,33,24,0006,42419000,10.7,43631.0
11-33-623-05841-641066,33,24,0007,42421000,4.03,15676.0
11-33-623-05841-803754,33,24,0007,42420000,51.85,928869.0
11-33-623-05841-803755,33,24,0007,42425000,5.15,15547.0
11-33-623-05841-803756,33,24,0007,42422000,16.0,53006.0
11-33-623-05841-803757,33,24,0007,42423000,10.24,39048.0
11-33-623-05841-803758,33,24,0007,42424000,16.81,8136.0
11-33-624-05842-803759,33,25,0001,42501000,6.0,9626.0
11-33-624-05842-803760,33,25,0001,42503000,20.2,73410.0
11-33-624-05842-803761,33,25,0001,42504000,11.8,11669.0
11-33-624-05842-803762,33,25,0001,42502000,7.23,7227.0
11-33-624-05843-803763,33,25,0002,42506000,5.86,10592.0
11-33-624-05843-803764,33,25,0002,42505000,5.83,13951.0
11-33-624-05843-803765,33,25,0002,42510000,43.06,12377.0
11-33-624-05843-803766,33,25,0002,42507000,13.86,10391.0
11-33-624-05843-803767,33,25,0002,42508000,11.91,42012.0
11-33-624-05843-803768,33,25,0002,42509000,20.76,11597.0
11-33-624-05844-803769,33,25,0003,42511000,6.58,85498.0
11-33-624-05844-803770,33,25,0003,42512000,25.95,11750.0
11-33-624-05844-803771,33,25,0003,42513000,5.0,14294.0
11-33-624-05845-803772,33,25,0004,42514000,2.1,14637.0
11-33-624-05845-803773,33,25,0004,42515000,16.52,6055.0
11-33-624-05845-803774,33,25,0004,42516000,13.22,5829.0
11-33-624-05845-803775,33,25,0004,42517000,18.55,8347.0
11-33-624-05845-803776,33,25,0004,42518000,35.87,12842.0
11-33-624-05845-803777,33,25,0004,42519000,3.86,38360.0
11-33-624-05845-803778,33,25,0004,42520000,19.2,13183.0
11-33-624-05845-803779,33,25,0004,42521000,40.04,22104.0
11-33-624-05845-803780,33,25,0004,42522000,7.95,9424.0
11-33-624-05845-803781,33,25,0004,42523000,11.36,10015.0
11-33-624-05845-803782,33,25,0004,42525000,4.0,12211.0
11-33-624-05845-803783,33,25,0004,42524000,7.0,58891.0
11-33-624-05845-803784,33,25,0004,42526000,4.37,35531.0
11-33-624-05845-803785,33,25,0004,42527000,22.23,7016.0
11-33-624-05846-803786,33,25,0005,42528000,11.65,23002.0
11-33-625-05847-641210,33,26,0001,42603000,20.0,5378.0
11-33-625-05847-803787,33,26,0001,42601000,11.36,122307.0
11-33-625-05847-803788,33,26,0001,42602000,13.0,18012.0
11-33-625-05847-803789,33,26,0001,42604000,4.27,12993.0
11-33-625-05848-803790,33,26,0002,42606000,8.2,11988.0
11-33-625-05848-803791,33,26,0002,42605000,13.0,16007.0
11-33-625-05848-803792,33,26,0002,42607000,8.02,7855.0
11-33-625-05848-803793,33,26,0002,42608000,12.0,8549.0
11-33-625-05848-803794,33,26,0002,42610000,5.72,73183.0
11-33-625-05848-803795,33,26,0002,42609000,5.76,17927.0
11-33-625-05849-641311,33,26,0003,42612000,8.32,24326.0
11-33-625-05849-641312,33,26,0003,42613000,5.67,9331.0
11-33-625-05849-641313,33,26,0003,42617000,8.9,19898.0
11-33-625-05849-641314,33,26,0003,42615000,3.09,13273.0
11-33-625-05849-641315,33,26,0003,42614000,0.94,22154.0
11-33-625-05849-641317,33,26,0003,42619000,8.33,4969.0
11-33-625-05849-803796,33,26,0003,42611000,20.0,49190.0
11-33-625-05849-803797,33,26,0003,42616000,6.89,72168.0
11-33-625-05850-641369,33,26,0004,42620000,4.5,19701.0
11-33-625-05850-641370,33,26,0004,42622000,14.17,19669.0
11-33-625-05850-803798,33,26,0004,42621000,6.6,72081.0
11-33-625-05851-803799,33,26,0005,42623000,8.0,13981.0
11-33-625-05851-803800,33,26,0005,42624000,8.7,11823.0
11-33-625-05853-803801,33,26,0007,42625000,14.96,84029.0
11-33-625-05854-641767,33,26,0008,42627000,5.51,6325.0
11-33-625-05854-803802,33,26,0008,42626000,3.83,31443.0
11-33-626-05855-803803,33,27,0001,42701000,10.17,15304.0
11-33-626-05855-803804,33,27,0001,42702000,13.25,11043.0
11-33-626-05856-803805,33,27,0002,42703000,13.0,84321.0
11-33-626-05857-803806,33,27,0003,42704000,23.51,13126.0
11-33-626-05858-803807,33,27,0004,42705000,3.84,6638.0
11-33-626-05858-803808,33,27,0004,42706000,29.29,13137.0
11-33-626-05859-803809,33,27,0005,42707000,12.2,12052.0
11-33-626-05860-803810,33,27,0006,42708000,6.33,62050.0
11-33-626-05860-803811,33,27,0006,42710000,5.0,16343.0
11-33-626-05860-803812,33,27,0006,42709000,2.4,30412.0
11-33-626-05861-803813,33,27,0007,42711000,30.18,37968.0
11-33-627-05862-642240,33,28,0001,42803000,10.83,12005.0
11-33-627-05862-803814,33,28,0001,42802000,12.58,87450.0
11-33-627-05862-803815,33,28,0001,42801000,9.59,14088.0
11-33-627-05862-803816,33,28,0001,42804000,14.53,4370.0
11-33-627-05862-803817,33,28,0001,42805000,19.36,9214.0
11-33-627-05863-803818,33,28,0002,42806000,12.0,12794.0
11-33-627-05864-803819,33,28,0003,42807000,5.6,8091.0
11-33-627-05864-803820,33,28,0003,42808000,18.0,13542.0
11-33-627-05866-642476,33,28,0005,42809000,18.71,27361.0
11-33-627-05866-642478,33,28,0005,42811000,25.98,31813.0
11-33-627-05866-642480,33,28,0005,42812000,5.5,18767.0
11-33-627-05866-803821,33,28,0005,42810000,13.47,216054.0
11-33-627-05867-803822,33,28,0006,42813000,8.24,12771.0
11-33-627-05867-803823,33,28,0006,42814000,8.0,6452.0
11-33-627-05867-803824,33,28,0006,42816000,5.55,16221.0
11-33-627-05867-803825,33,28,0006,42815000,3.88,9279.0
11-33-627-05868-803826,33,28,0007,42820000,23.26,32664.0
11-33-627-05868-803827,33,28,0007,42819000,23.6,9464.0
11-33-627-05868-803828,33,28,0007,42818000,8.6,5096.0
11-33-627-05868-803829,33,28,0007,42817000,8.0,8883.0
11-33-627-05868-803830,33,28,0007,42823000,11.3,16960.0
11-33-627-05868-803831,33,28,0007,42821000,30.0,24856.0
11-33-627-05868-803832,33,28,0007,42822000,2.45,3401.0
11-33-627-05868-803833,33,28,0007,42824000,10.5,29581.0
11-33-627-05868-803834,33,28,0007,42825000,12.7,19390.0
11-33-627-05869-803835,33,28,0008,42826000,15.88,14206.0
11-33-628-05870-803836,33,29,0001,42901000,21.87,20380.0
11-33-628-05870-803837,33,29,0001,42902000,8.5,10855.0
11-33-628-05870-803838,33,29,0001,42903000,15.4,19062.0
11-33-628-05870-803839,33,29,0001,42904000,55.17,60080.0
11-33-628-05871-803840,33,29,0002,42905000,11.5,7353.0
11-33-628-05871-803841,33,29,0002,42906000,12.37,53606.0
11-33-628-05872-803842,33,29,0003,42907000,15.0,28146.0
11-33-628-05873-803843,33,29,0004,42908000,52.25,75612.0
11-33-628-05873-803844,33,29,0004,42909000,11.0,14647.0
11-33-628-05873-803845,33,29,0004,42910000,8.5,12930.0
11-33-628-05873-803846,33,29,0004,42911000,26.15,63432.0
11-33-628-05873-803847,33,29,0004,42912000,7.0,7711.0
11-33-628-05873-803848,33,29,0004,42913000,8.59,9425.0
11-33-628-05873-803849,33,29,0004,42915000,7.68,2368.0
11-33-628-05873-803850,33,29,0004,42914000,6.56,12897.0
11-33-628-05874-803851,33,29,0005,42916000,13.48,12406.0
11-33-628-05874-803852,33,29,0005,42917000,25.4,17349.0
11-33-628-05874-803853,33,29,0005,42918000,8.11,8553.0
11-33-628-05874-803854,33,29,0005,42919000,33.2,11110.0
11-33-628-05874-803855,33,29,0005,42920000,2.68,26838.0
11-33-628-05875-803856,33,29,0006,42921000,14.18,20422.0
11-33-628-05875-803857,33,29,0006,42922000,14.65,17923.0
11-33-628-05876-803858,33,29,0007,42923000,8.48,5203.0
11-33-628-05876-803859,33,29,0007,42924000,18.13,16318.0
11-33-628-05876-803860,33,29,0007,42925000,108.65,411831.0
11-33-628-05878-642993,33,29,0009,42930000,10.08,13819.0
11-33-628-05878-803861,33,29,0009,42926000,14.05,9459.0
11-33-628-05878-803862,33,29,0009,42927000,15.36,13955.0
11-33-628-05878-803863,33,29,0009,42929000,38.85,48309.0
11-33-628-05878-803864,33,29,0009,42928000,24.73,32739.0
11-33-628-05878-803865,33,29,0009,42933000,8.58,16306.0
11-33-628-05878-803866,33,29,0009,42932000,8.0,19785.0
11-33-628-05878-803867,33,29,0009,42931000,10.59,25746.0
11-33-628-05878-803868,33,29,0009,42937000,68.12,12613.0
11-33-628-05878-803869,33,29,0009,42934000,7.5,14957.0
11-33-628-05878-803870,33,29,0009,42935000,5.0,7780.0
11-33-628-05878-803871,33,29,0009,42936000,10.5,10018.0
11-33-628-05879-803872,33,29,0010,42938000,35.0,9742.0
11-33-628-05879-803873,33,29,0010,42939000,17.6,27090.0
11-33-628-05879-803874,33,29,0010,42940000,17.28,6758.0
11-33-628-05879-803875,33,29,0010,42942000,8.04,14755.0
11-33-628-05879-803876,33,29,0010,42941000,15.0,8875.0
11-33-628-05880-803877,33,29,0011,42943000,19.9,24023.0
11-33-628-05880-803878,33,29,0011,42945000,49.5,25501.0
11-33-628-05880-803879,33,29,0011,42944000,10.84,19559.0
11-33-629-05881-803880,33,30,0001,43001000,6.48,19183.0
11-33-629-05881-803881,33,30,0001,43002000,10.39,15071.0
11-33-629-05881-803882,33,30,0001,43003000,6.3,23453.0
11-33-629-05881-803883,33,30,0001,43004000,2.8,17686.0
11-33-629-05881-803884,33,30,0001,43005000,3.5,13311.0
11-33-629-05881-803885,33,30,0001,43006000,4.17,22781.0
11-33-629-05881-803886,33,30,0001,43007000,5.15,20503.0
11-33-629-05881-803887,33,30,0001,43008000,15.6,20666.0
11-33-629-05881-803888,33,30,0001,43009000,8.5,15563.0
11-33-629-05881-803889,33,30,0001,43011000,6.4,34425.0
11-33-629-05881-803890,33,30,0001,43012000,9.5,18741.0
11-33-629-05881-803891,33,30,0001,43010000,1.86,9037.0
11-33-629-05881-803892,33,30,0001,43014000,10.08,19273.0
11-33-629-05881-803893,33,30,0001,43013000,4.8,17345.0
11-33-629-05881-803894,33,30,0001,43015000,8.5,15952.0
11-33-629-05881-803895,33,30,0001,43016000,16.0,16652.0
11-33-629-05882-803896,33,30,0002,43017000,10.96,21736.0
11-33-629-05882-803897,33,30,0002,43020000,17.0,13480.0
11-33-629-05882-803898,33,30,0002,43019000,6.25,16351.0
11-33-629-05882-803899,33,30,0002,43018000,6.3,18272.0
11-33-629-05882-803900,33,30,0002,43024000,5.3,11744.0
11-33-629-05882-803901,33,30,0002,43023000,7.0,18003.0
11-33-629-05882-803902,33,30,0002,43021000,17.04,13938.0
11-33-629-05882-803903,33,30,0002,43022000,7.5,15880.0
11-33-629-05882-803904,33,30,0002,43025000,6.87,16686.0
11-33-629-05882-803905,33,30,0002,43026000,8.5,18057.0
11-33-629-05882-803906,33,30,0002,43029000,22.75,13672.0
11-33-629-05882-803907,33,30,0002,43030000,6.47,20075.0
11-33-629-05882-803908,33,30,0002,43028000,10.51,16397.0
11-33-629-05882-803909,33,30,0002,43027000,4.53,13368.0
11-33-629-05882-803910,33,30,0002,43033000,5.2,9305.0
11-33-629-05882-803911,33,30,0002,43031000,9.96,13696.0
11-33-629-05882-803912,33,30,0002,43035000,5.21,12288.0
11-33-629-05882-803913,33,30,0002,43036000,14.0,11887.0
11-33-629-05882-803914,33,30,0002,43034000,4.3,16989.0
11-33-629-05882-803915,33,30,0002,43040000,8.15,12562.0
11-33-629-05882-803916,33,30,0002,43032000,8.1,12379.0
11-33-629-05882-803917,33,30,0002,43037000,5.18,23787.0
11-33-629-05882-803918,33,30,0002,43039000,3.8,12375.0
11-33-629-05882-803919,33,30,0002,43038000,4.2,10412.0
11-33-629-05882-803920,33,30,0002,43041000,3.25,11760.0
11-33-629-05883-803921,33,30,0003,43042000,102.4,12183.0
11-33-629-05883-803922,33,30,0003,43043000,4.5,14743.0
11-33-629-05883-803923,33,30,0003,43045000,28.54,19211.0
11-33-629-05883-803924,33,30,0003,43044000,5.0,8568.0
11-33-629-05884-803925,33,30,0004,43047000,10.0,10103.0
11-33-629-05884-803926,33,30,0004,43046000,0.64,6937.0
11-33-629-05884-803927,33,30,0004,43048000,24.27,208179.0
11-33-629-05884-803928,33,30,0004,43049000,10.98,12755.0
11-33-629-05884-803929,33,30,0004,43051000,7.55,12052.0
11-33-629-05884-803930,33,30,0004,43050000,5.54,13711.0
11-33-629-05884-803931,33,30,0004,43052000,8.0,9001.0
11-33-629-05884-803932,33,30,0004,43053000,10.8,8121.0
11-33-629-05884-803933,33,30,0004,43058000,7.65,9353.0
11-33-629-05884-803934,33,30,0004,43057000,8.68,9919.0
11-33-629-05884-803935,33,30,0004,43055000,4.15,12675.0
11-33-629-05884-803936,33,30,0004,43054000,11.52,11835.0
11-33-629-05884-803937,33,30,0004,43059000,4.08,8995.0
11-33-629-05884-803938,33,30,0004,43056000,8.68,11106.0
11-33-629-05884-803939,33,30,0004,43060000,4.91,19739.0
11-33-630-05885-803940,33,05,0004,40509000,14.6,10177.0
11-33-630-05885-803941,33,05,0004,40510000,7.5,12035.0
11-33-630-05885-803942,33,05,0004,40511000,2.5,18667.0
11-33-630-05886-803943,33,05,0007,40514000,7.24,10833.0
11-33-630-05886-803944,33,05,0007,40515000,22.99,21523.0
11-33-630-05887-803945,33,05,0008,40516000,8.6,10184.0
11-33-630-05887-803946,33,05,0008,40517000,24.16,11474.0
11-33-630-05887-803947,33,05,0008,40518000,11.15,8583.0
11-33-630-05888-803948,33,05,0009,40519000,11.65,64496.0
11-33-630-05889-803949,33,05,0010,40520000,17.7,11276.0
11-33-630-05889-803950,33,05,0010,40521000,6.77,15306.0
11-33-631-05890-803951,33,05,0001,40501000,11.71,84394.0
11-33-631-05890-803952,33,05,0001,40502000,17.09,15257.0
11-33-631-05891-643998,33,05,0002,40505000,10.32,15962.0
11-33-631-05891-803953,33,05,0002,40503000,33.5,12582.0
11-33-631-05891-803954,33,05,0002,40504000,11.5,64587.0
11-33-631-05891-803955,33,05,0002,40506000,6.6,14378.0
11-33-631-05892-803956,33,05,0003,40507000,12.15,11052.0
11-33-631-05892-803957,33,05,0003,40508000,28.25,19328.0
11-33-631-05893-803958,33,05,0005,40512000,14.0,8409.0
11-33-631-05894-803959,33,05,0006,40513000,19.4,15443.0
11-33-632-05895-803960,33,12,0001,41201000,14.2,19383.0
11-33-632-05895-803961,33,12,0001,41202000,7.2,66595.0
11-33-632-05895-803962,33,12,0001,41203000,10.0,27817.0
11-33-632-05896-803963,33,12,0004,41217000,15.0,8732.0
11-33-632-05896-803964,33,12,0004,41218000,27.0,26477.0
11-33-632-05896-803965,33,12,0004,41219000,11.66,18622.0
11-33-632-05896-803966,33,12,0004,41222000,4.0,24152.0
11-33-632-05896-803967,33,12,0004,41223000,5.6,9898.0
11-33-632-05896-803968,33,12,0004,41224000,6.25,11940.0
11-33-632-05897-644442,33,12,0005,41239000,14.5,13534.0
11-33-632-05897-644443,33,12,0005,41238000,15.0,9394.0
11-33-632-05897-644445,33,12,0005,41234000,9.22,9124.0
11-33-632-05897-803969,33,12,0002,41204000,12.0,18052.0
11-33-632-05897-803970,33,12,0005,41227000,9.5,12794.0
11-33-632-05897-803971,33,12,0005,41229000,29.91,21966.0
11-33-632-05897-803972,33,12,0005,41228000,15.54,22844.0
11-33-632-05897-803973,33,12,0005,41231000,4.75,6333.0
11-33-632-05897-803974,33,12,0005,41232000,10.5,7982.0
11-33-632-05897-803975,33,12,0005,41230000,2.44,11271.0
11-33-632-05897-803976,33,12,0005,41233000,25.56,22034.0
11-33-632-05897-803977,33,12,0005,41235000,11.75,17737.0
11-33-632-05897-803978,33,12,0005,41237000,9.2,9772.0
11-33-632-05897-803979,33,12,0005,41240000,8.7,21004.0
11-33-632-05897-803980,33,12,0005,41236000,4.5,10981.0
11-33-632-05897-803981,33,12,0005,41241000,10.5,48276.0
11-33-632-05897-803982,33,12,0005,41242000,5.8,19994.0
11-33-632-05898-803983,33,12,0006,41244000,12.0,24779.0
11-33-632-05898-803984,33,12,0006,41243000,105.7,930882.0
11-33-632-05898-803985,33,12,0006,41247000,6.5,9340.0
11-33-632-05898-803986,33,12,0006,41246000,71.41,9658.0
11-33-632-05898-803987,33,12,0006,41245000,3.77,9732.0
11-33-632-05898-803988,33,12,0006,41254000,16.64,17340.0
11-33-632-05898-803989,33,12,0006,41253000,16.5,77853.0
11-33-632-05898-803990,33,12,0006,41252000,14.8,58900.0
11-33-632-05898-803991,33,12,0006,41251000,6.4,7965.0
11-33-632-05898-803992,33,12,0006,41250000,12.0,7247.0
11-33-632-05898-803993,33,12,0006,41249000,14.5,11964.0
11-33-632-05898-803994,33,12,0006,41248000,21.68,7130.0
11-33-632-05898-803996,33,12,0006,41255000,8.3,26441.0
11-33-632-05898-803997,33,12,0006,41256000,16.44,7543.0
11-33-632-05898-803998,33,12,0006,41258000,13.6,10320.0
11-33-632-05898-803999,33,12,0006,41257000,20.0,11136.0
11-33-632-05899-644592,33,12,0007,41262000,1.33,7448.0
11-33-632-05899-644593,33,12,0007,41265000,1.92,7086.0
11-33-632-05899-804000,33,12,0007,41260000,8.69,8651.0
11-33-632-05899-804001,33,12,0007,41261000,10.88,7683.0
11-33-632-05899-804002,33,12,0007,41264000,13.87,88302.0
11-33-632-05899-804003,33,12,0007,41263000,8.0,14859.0
11-33-632-05899-804004,33,12,0007,41266000,5.5,18211.0
11-33-632-05899-804005,33,12,0007,41267000,20.0,5812.0
11-33-632-05899-804006,33,12,0007,41268000,10.5,16467.0
11-33-632-05899-804007,33,12,0007,41269000,23.0,11999.0
11-33-632-05899-804008,33,12,0007,41270000,51.0,18360.0
11-33-632-05899-804009,33,12,0007,41271000,26.72,25261.0
11-33-632-05900-804010,33,12,0009,41279000,669.64,95107.0
11-33-633-05901-804011,33,10,0006,41059000,31.69,11880.0
11-33-633-05901-804012,33,10,0006,41060000,22.17,28258.0
11-33-633-05901-804013,33,10,0006,41061000,54.88,34438.0
11-33-633-05902-804014,33,10,0007,41062000,33.52,6107.0
11-33-633-05902-804015,33,10,0007,41063000,34.2,4412.0
11-33-633-05902-804016,33,10,0007,41064000,74.24,13827.0
11-33-633-05902-804017,33,10,0007,41065000,60.2,17438.0
11-33-633-05902-804018,33,10,0007,41066000,7.02,64984.0
11-33-633-05902-804019,33,10,0007,41067000,49.83,9694.0
11-33-633-05903-804020,33,10,0004,41030000,7.12,7032.0
11-33-633-05903-804021,33,12,0002,41205000,11.65,22336.0
11-33-633-05903-804022,33,12,0002,41206000,14.5,18557.0
11-33-633-05903-804023,33,10,0004,41034000,5.57,8294.0
11-33-633-05904-644791,33,12,0003,41208000,19.67,16372.0
11-33-633-05904-644792,33,12,0003,41207000,10.79,20184.0
11-33-633-05904-644792,33,12,0006,41259000,25.0,8103.0
11-33-633-05904-644793,33,12,0003,41209000,11.28,26818.0
11-33-633-05904-644795,33,12,0003,41214000,10.86,10016.0
11-33-633-05904-644796,33,12,0003,41213000,9.2,11350.0
11-33-633-05904-644798,33,12,0003,41215000,9.42,14440.0
11-33-633-05904-644800,33,12,0003,41216000,11.64,21848.0
11-33-633-05904-804024,33,12,0003,41210000,14.0,45679.0
11-33-633-05904-804025,33,12,0003,41212000,26.0,29495.0
11-33-633-05904-804026,33,12,0003,41211000,27.0,344543.0
11-33-633-05905-644828,33,12,0004,41225000,73.93,6184.0
11-33-633-05905-804027,33,12,0004,41220000,21.75,14705.0
11-33-633-05905-804028,33,12,0004,41226000,19.4,30016.0
11-33-633-05906-644880,33,12,0008,41274000,5.74,12218.0
11-33-633-05906-804029,33,12,0008,41273000,7.4,59668.0
11-33-633-05906-804030,33,12,0008,41278000,32.0,6143.0
11-33-633-05907-804031,33,12,0008,41272000,5.0,5836.0
11-33-633-05907-804032,33,12,0008,41275000,9.19,20352.0
11-33-633-05907-804033,33,12,0008,41277000,31.5,11769.0
11-33-633-05907-804034,33,12,0008,41276000,32.0,9543.0
11-34-634-05908-804035,34,01,0000,40101000,17.0,31394.0
11-34-635-05909-804036,34,02,0000,40202000,23.17,244058.0
11-34-635-05910-804037,34,02,0000,40201000,34.56,217707.0
11-34-635-05911-804038,34,02,0002,40203000,14.51,44194.0
11-34-636-05913-804039,34,03,0000,40301000,9.0,36828.0
11-34-637-05914-804040,34,04,0000,40401000,35.17,74438.0
11-35-640-05922-645516,35,01,0004,40101000,3.6,6787.0
11-35-640-05923-645551,35,01,0005,40103000,5.9,9427.0
11-35-640-05923-804041,35,01,0005,40102000,17.7,99984.0
