shrid2,pc11_state_id,pc11_district_id,pc11_subdistrict_id,pc11_town_id,pc11_land_area,pc11_pca_tot_p
11-01-001-00001-000123,01,001,00001,000123,3.92,8464.0
11-01-001-00001-000124,01,001,00001,000124,2.19,3973.0
11-01-001-00001-000125,01,001,00001,000125,2.77,6348.0
11-01-001-00001-000126,01,001,00001,000126,5.5,15587.0
11-01-001-00001-000127,01,001,00001,000127,2.78,6518.0
11-01-001-00001-000128,01,001,00001,000128,5.65,12930.0
11-01-001-00001-800001,01,001,00001,800001,4.1,21771.0
11-01-001-00002-800002,01,001,00002,800002,8.5,13600.0
11-01-001-00003-000369,01,001,00003,000369,5.72,9904.0
11-01-001-00003-000370,01,001,00003,000370,6.21,5634.0
11-01-002-00005-800016,01,002,00005,800016,2.3,5470.0
11-01-002-00005-800017,01,002,00005,800017,5.0,8192.0
11-01-002-00006-800018,01,002,00006,800018,4.3,2630.0
11-01-002-00007-000720,01,002,00007,000720,4.64,7461.0
11-01-002-00007-800019,01,002,00007,800019,10.08,15338.0
11-01-002-00008-000829,01,002,00008,000829,6.56,7365.0
11-01-002-00008-000830,01,002,00008,000830,3.5,13889.0
11-01-002-00008-800020,01,002,00008,800020,3.65,6482.0
11-01-002-00009-800021,01,002,00009,800021,3.65,11533.0
11-01-003-00010-000909,01,003,00010,000909,10.58,4047.0
11-01-003-00010-000910,01,003,00010,000910,4.28,10754.0
11-01-003-00010-800047,01,003,00010,800047,9.15,30870.0
11-01-004-00013-800048,01,004,00013,800048,2.14,16338.0
11-01-005-00016-800062,01,005,00016,800062,10.36,26854.0
11-01-005-00018-001233,01,005,00018,001233,8.85,5033.0
11-01-005-00019-800063,01,005,00019,800063,4.87,6743.0
11-01-006-00020-800064,01,006,00020,800064,4.18,5490.0
11-01-006-00022-800065,01,006,00022,800065,12.89,29486.0
11-01-006-00025-800066,01,006,00025,800066,4.63,10408.0
11-01-006-00026-800067,01,006,00026,800067,0.19,6930.0
11-01-007-00027-800081,01,007,00027,800081,6.35,4978.0
11-01-007-00028-800082,01,007,00028,800082,2.61,5433.0
11-01-007-00030-800083,01,007,00030,800083,0.3217805,3461.0
11-01-007-00030-800084,01,007,00030,800084,28.32,59866.0
11-01-007-00030-800085,01,007,00030,800085,1.14,7681.0
11-01-007-00031-800086,01,007,00031,800086,4.0,8294.0
11-01-008-00032-800003,01,008,00032,800003,18.9,71292.0
11-01-008-00033-800004,01,008,00033,800004,6.0,7015.0
11-01-008-00034-800005,01,008,00034,800005,0.28,19538.0
11-01-008-00035-800006,01,008,00035,800006,23.98,71434.0
11-01-008-00037-800007,01,008,00037,800007,4.9,9366.0
11-01-008-00039-800008,01,008,00039,800008,1.4,1890.0
11-01-008-00039-800009,01,008,00039,800009,8.1,1965.0
11-01-009-00041-800010,01,009,00041,800010,13.4,37081.0
11-01-009-00042-800011,01,009,00042,800011,18.3,13239.0
11-01-009-00042-800012,01,009,00042,800012,17.93,15041.0
11-01-010-00043-002830,01,010,00043,002830,1.98,2664.0
11-01-010-00043-800013,01,010,00043,800013,201.65343,1180570.0
11-01-010-00043-800013,01,010,00044,800013,24.935225,6297.0
11-01-010-00043-800013,01,002,00008,800013,38.790073,19552.0
11-01-010-00043-800014,01,010,00043,800014,5.9,22214.0
11-01-010-00044-002834,01,010,00044,002834,3.24,2490.0
11-01-010-00044-002835,01,010,00044,002835,4.81,5281.0
11-01-011-00045-002883,01,011,00045,002883,9.54,10471.0
11-01-011-00047-002958,01,011,00047,002958,4.5,8335.0
11-01-011-00047-800015,01,011,00047,800015,11.36,28233.0
11-01-012-00048-800022,01,012,00048,800022,8.05,21680.0
11-01-012-00048-800023,01,012,00048,800023,21.9,9851.0
11-01-012-00049-800024,01,012,00049,800024,5.0,12647.0
11-01-012-00050-800025,01,012,00050,800025,0.6,17844.0
11-01-012-00051-800026,01,012,00051,800026,3.0,18440.0
11-01-013-00052-800027,01,013,00052,800027,5.4,16360.0
11-01-014-00053-800028,01,014,00053,800028,18.02,9264.0
11-01-014-00053-800029,01,014,00053,800029,4.0,6519.0
11-01-014-00054-800030,01,014,00054,800030,3.74,22789.0
11-01-014-00054-800031,01,014,00054,800031,7.27,11815.0
11-01-014-00055-800032,01,014,00055,800032,2.5,9246.0
11-01-014-00055-800033,01,015,00059,800033,7.8399215,394.0
11-01-014-00055-800033,01,014,00055,800033,36.49809,150198.0
11-01-014-00055-800034,01,014,00055,800034,3.0,17556.0
11-01-014-00055-800035,01,014,00055,800035,2.5,8233.0
11-01-014-00056-800036,01,014,00056,800036,2.0,7875.0
11-01-014-00057-800037,01,014,00057,800037,3.0,6553.0
11-01-014-00058-800038,01,014,00058,800038,6.5,9871.0
11-01-014-00058-800039,01,014,00058,800039,8.0,22968.0
11-01-015-00059-800040,01,015,00059,800040,18.51,23584.0
11-01-015-00059-800041,01,015,00059,800041,7.01,13138.0
11-01-015-00059-800042,01,015,00059,800042,1.27,5132.0
11-01-015-00059-800043,01,015,00059,800043,8.21,12123.0
11-01-015-00059-800044,01,015,00059,800044,6.59,5567.0
11-01-015-00059-800045,01,015,00059,800045,7.55,10910.0
11-01-015-00060-800046,01,015,00060,800046,0.43,9765.0
11-01-016-00062-800049,01,016,00062,800049,14.25,21605.0
11-01-016-00065-800050,01,016,00065,800050,5.5,11084.0
11-01-017-00066-800051,01,017,00066,800051,4.07,3900.0
11-01-017-00067-800052,01,017,00067,800052,4.53,3596.0
11-01-017-00067-800053,01,017,00067,800053,6.48,4315.0
11-01-018-00068-800054,01,018,00068,800054,0.63,14865.0
11-01-019-00072-004954,01,019,00072,004954,5.03,7351.0
11-01-019-00072-004955,01,019,00072,004955,6.9,6365.0
11-01-019-00072-800055,01,019,00072,800055,25.29,84015.0
11-01-019-00073-800056,01,019,00073,800056,1.09,1565.0
11-01-019-00073-800057,01,019,00073,800057,0.7,2620.0
11-01-019-00074-800058,01,019,00074,800058,4.71,6292.0
11-01-020-00077-005415,01,020,00077,005415,6.34,5125.0
11-01-020-00077-005416,01,020,00077,005416,13.21,4392.0
11-01-020-00077-800059,01,020,00077,800059,4.19,7796.0
11-01-020-00077-800060,01,020,00077,800060,13.79,675.0
11-01-020-00077-800061,01,020,00077,800061,1.48,9008.0
11-01-021-00078-800068,01,021,00078,800068,3.5,3934.0
11-01-021-00078-800069,01,021,00078,800069,1.85,20756.0
11-01-021-00078-800070,01,021,00078,800070,3.38,6931.0
11-01-021-00079-005963,01,021,00079,005963,22.23,14174.0
11-01-021-00079-005964,01,021,00079,005964,15.18,20238.0
11-01-021-00079-005965,01,021,00079,005965,1.57,5228.0
11-01-021-00079-800071,01,021,00079,005969,1.67,6360.0
11-01-021-00079-800071,01,021,00079,005966,3.46,13836.0
11-01-021-00079-800071,01,021,00079,800071,159.36,576198.0
11-01-021-00079-800071,01,021,00079,005970,5.82,4758.0
11-01-021-00079-800071,01,021,00079,005967,1.44,4725.0
11-01-021-00079-800071,01,021,00079,005968,0.71,7588.0
11-01-021-00079-800072,01,021,00079,800072,7.83,28396.0
11-01-021-00079-800073,01,021,00079,800073,2.0,3944.0
11-01-021-00080-006176,01,021,00080,006176,1.79,4887.0
11-01-021-00080-006177,01,021,00080,006177,1.83,4327.0
11-01-021-00080-006178,01,021,00080,006178,2.1,3869.0
11-01-021-00080-800074,01,021,00080,800074,1.06,15197.0
11-01-021-00081-800075,01,021,00081,800075,2.8,10719.0
11-01-021-00081-800076,01,021,00081,800076,12.55,8948.0
11-01-022-00082-006671,01,022,00082,006671,5.37,4629.0
11-01-022-00082-006672,01,022,00082,006672,7.79,7177.0
11-01-022-00082-800077,01,022,00082,800077,17.99,15453.0
11-01-022-00082-800078,01,022,00082,800078,1.44,8044.0
11-01-022-00082-800079,01,022,00082,800079,1.65,12700.0
11-01-022-00082-800080,01,022,00082,800080,4.52,5612.0
11-02-023-00087-800087,02,023,00087,800087,4.1,3549.0
11-02-023-00087-800088,02,023,00087,800088,7.62,7051.0
11-02-023-00088-800089,02,023,00088,800089,2.6,1805.0
11-02-023-00088-800090,02,023,00088,800090,2.1,3770.0
11-02-023-00090-800091,02,023,00090,800091,4.33,19933.0
11-02-024-00093-800092,02,024,00093,800092,4.8,9807.0
11-02-024-00094-008799,02,024,00094,008799,9.32,4534.0
11-02-024-00099-800093,02,024,00099,800093,12.3,30764.0
11-02-024-00099-800094,02,024,00099,800094,6.2,12028.0
11-02-024-00100-800095,02,024,00100,800095,3.12,9528.0
11-02-024-00101-800096,02,024,00101,800096,3.5,5900.0
11-02-024-00103-800097,02,024,00103,800097,3.27,4816.0
11-02-024-00104-800098,02,024,00104,800098,4.5,5361.0
11-02-024-00111-800099,02,024,00111,800099,0.7,3543.0
11-02-026-00117-800100,02,026,00117,800100,3.0,8096.0
11-02-026-00118-012896,02,026,00118,012896,3.22,8870.0
11-02-026-00118-800101,02,026,00118,800101,6.68,18536.0
11-02-026-00118-800102,02,026,00118,800102,2.0,4475.0
11-02-026-00120-800103,02,026,00120,800103,2.23,1414.0
11-02-027-00124-800104,02,027,00124,800104,4.3,5335.0
11-02-027-00129-800105,02,027,00129,800105,3.0,4715.0
11-02-027-00132-800106,02,027,00132,800106,12.33,24344.0
11-02-027-00133-800107,02,027,00133,800107,4.26,26422.0
11-02-027-00133-800108,02,027,00133,800108,3.94,1821.0
11-02-028-00140-800109,02,028,00140,800109,3.03,7943.0
11-02-028-00141-800110,02,028,00141,800110,2.28,4430.0
11-02-028-00143-800111,02,028,00143,800111,5.24,17604.0
11-02-028-00144-800112,02,028,00144,800112,1.06,1453.0
11-02-029-00148-800113,02,029,00148,800113,5.09,3763.0
11-02-029-00148-800114,02,029,00148,800114,3.8,3847.0
11-02-029-00150-800115,02,029,00150,800115,4.97,18722.0
11-02-029-00150-800116,02,029,00150,800116,3.8,9218.0
11-02-029-00150-800117,02,029,00150,800117,2.8,9363.0
11-02-030-00152-800118,02,030,00152,800118,3.1,7899.0
11-02-030-00154-800119,02,030,00154,800119,2.89,2372.0
11-02-030-00155-800120,02,030,00155,800120,0.82,1204.0
11-02-030-00156-800121,02,030,00156,800121,10.62,13654.0
11-02-031-00158-800122,02,031,00158,800122,1.45,3040.0
11-02-031-00161-800123,02,031,00161,800123,1.9,10708.0
11-02-031-00162-800124,02,031,00162,800124,6.99,29911.0
11-02-031-00164-800125,02,031,00164,800125,2.61,3885.0
11-02-031-00164-800126,02,031,00164,800126,8.94,8758.0
11-02-031-00165-800127,02,031,00165,800127,3.31,2904.0
11-02-031-00165-800128,02,031,00165,800128,6.18,39256.0
11-02-031-00165-800129,02,031,00165,800129,2.4,3685.0
11-02-032-00167-800130,02,032,00167,800130,2.05,3083.0
11-02-032-00172-800131,02,032,00172,800131,10.89,28899.0
11-02-032-00173-800132,02,032,00173,800132,6.2,25183.0
11-02-033-00177-023702,02,033,00177,023702,3.5,4655.0
11-02-033-00177-800133,02,033,00177,800133,2.08,5655.0
11-02-033-00179-800134,02,033,00179,800134,1.0,901.0
11-02-033-00180-800135,02,033,00180,800135,1.76,2591.0
11-02-033-00181-800136,02,033,00181,800136,1.41,2062.0
11-02-033-00182-800137,02,033,00182,800137,35.34,169578.0
11-02-033-00184-800138,02,033,00184,800138,4.0,4353.0
11-02-033-00185-800139,02,033,00185,800139,4.0,1851.0
11-02-033-00188-800140,02,033,00188,800140,0.9,1640.0
11-02-033-00189-800141,02,033,00189,800141,0.4,1190.0
11-02-033-00191-800142,02,033,00191,800142,1.07,6875.0
11-03-035-00200-027401,03,035,00200,027401,12.45,5406.0
11-03-035-00201-027772,03,035,00201,027772,7.89,15210.0
11-03-035-00201-027773,03,035,00201,027773,9.52,6883.0
11-03-035-00201-027774,03,035,00201,027774,7.95,5257.0
11-03-035-00201-027775,03,035,00201,027775,4.66,12988.0
11-03-035-00201-027776,03,035,00201,027776,8.41,32689.0
11-03-035-00201-027777,03,035,00201,027777,2.25,4203.0
11-03-035-00201-027778,03,035,00201,027778,5.84,6496.0
11-03-035-00201-027779,03,035,00201,027779,1.4,5847.0
11-03-035-00201-027780,03,035,00201,027780,3.93,4645.0
11-03-035-00201-027781,03,035,00201,027781,3.83,5081.0
11-03-035-00201-027782,03,035,00201,027782,6.03,8885.0
11-03-035-00201-800143,03,035,00201,800143,10.5,28270.0
11-03-035-00201-800144,03,035,00201,800144,22.1,156306.0
11-03-035-00202-028501,03,035,00202,028501,3.3,5432.0
11-03-035-00202-028502,03,035,00202,028502,3.85,3520.0
11-03-035-00202-028503,03,035,00202,028503,2.96,11845.0
11-03-035-00202-028504,03,035,00202,028504,3.67,7721.0
11-03-035-00202-800145,03,035,00202,800145,14.36,23976.0
11-03-035-00202-800146,03,035,00202,800146,10.85,77928.0
11-03-035-00202-800147,03,035,00202,800147,14.37,16772.0
11-03-035-00203-800148,03,035,00203,800148,1.5,13070.0
11-03-035-00203-800149,03,035,00203,800149,36.6,158621.0
11-03-035-00203-800150,03,035,00203,800150,9.06,23632.0
11-03-035-00203-800151,03,035,00203,800151,6.0,8241.0
11-03-035-00204-028993,03,035,00204,028993,5.45,4001.0
11-03-035-00204-800152,03,035,00204,800152,2.0,6394.0
11-03-036-00205-800153,03,036,00205,800153,10.0,10548.0
11-03-036-00205-800154,03,036,00205,800154,7.18,10116.0
11-03-036-00206-029355,03,036,00206,029355,3.36,15575.0
11-03-036-00206-800155,03,036,00206,800155,23.67,98916.0
11-03-036-00206-800156,03,036,00206,800156,9.8,8157.0
11-03-036-00207-800157,03,036,00207,800157,9.5,16877.0
11-03-036-00208-029683,03,036,00208,029683,7.9,20102.0
11-03-036-00208-029684,03,036,00208,029684,2.22,4307.0
11-03-036-00208-800158,03,036,00208,800158,16.0,97864.0
11-03-037-00209-800159,03,037,00209,800159,4.0,10362.0
11-03-037-00209-800160,03,037,00209,800160,6.0,14488.0
11-03-037-00210-800161,03,037,00210,800161,12.5,36973.0
11-03-037-00211-030247,03,037,00211,030247,6.48,6258.0
11-03-037-00211-030248,03,037,00211,030248,13.76,8487.0
11-03-037-00211-800162,03,037,00211,800162,14.0,16462.0
11-03-037-00211-800163,03,037,00211,800163,7.5,24688.0
11-03-037-00211-800164,03,037,00211,800164,6.15,14560.0
11-03-037-00212-030387,03,037,00212,030387,1.8,9406.0
11-03-037-00212-030388,03,037,00212,030388,1.76,5961.0
11-03-037-00212-030389,03,037,00212,030389,2.91,5483.0
11-03-037-00212-030390,03,037,00212,030390,1.34,4657.0
11-03-037-00212-030391,03,037,00212,030391,6.39,3704.0
11-03-037-00212-800165,03,037,00212,800165,15.21,47845.0
11-03-037-00212-800166,03,037,00213,800166,29.425514,748.0
11-03-037-00212-800166,03,037,00212,800166,101.43,868181.0
11-03-037-00212-800167,03,037,00212,800167,6.0,7815.0
11-03-037-00212-800168,03,037,00212,800168,8.2,20922.0
11-03-037-00213-030635,03,037,00213,030635,6.7,3916.0
11-03-037-00213-030636,03,037,00213,030636,6.43,7044.0
11-03-037-00213-800169,03,037,00213,800169,10.0,25662.0
11-03-037-00213-800170,03,037,00213,800170,4.65,17549.0
11-03-038-00214-800171,03,038,00214,800171,16.5,23419.0
11-03-038-00214-800172,03,038,00214,800172,19.9,25192.0
11-03-038-00214-800173,03,038,00214,800173,2.0,7593.0
11-03-038-00215-031343,03,038,00215,031343,1.64,6091.0
11-03-038-00215-031344,03,038,00215,031344,25.42,19485.0
11-03-038-00215-031345,03,038,00215,031345,5.47,5722.0
11-03-038-00215-800174,03,038,00215,800174,6.19,29841.0
11-03-038-00216-031760,03,038,00216,031760,8.89,7304.0
11-03-038-00216-800175,03,038,00216,800175,2.01,8928.0
11-03-038-00216-800176,03,038,00216,800176,35.0,168653.0
11-03-038-00216-800177,03,038,00216,800177,5.71,4426.0
11-03-038-00217-800178,03,038,00217,800178,6.56,11360.0
11-03-038-00217-800179,03,038,00217,800179,7.0,16955.0
11-03-039-00218-032342,03,039,00218,032342,3.42,5046.0
11-03-039-00218-032343,03,039,00218,032343,5.52,4063.0
11-03-039-00218-032344,03,039,00218,032344,3.61,4481.0
11-03-039-00218-800180,03,039,00218,800180,11.0,20906.0
11-03-039-00218-800181,03,039,00218,800181,14.11,46024.0
11-03-039-00218-800182,03,039,00218,800182,9.41,15676.0
11-03-039-00219-032529,03,039,00219,032529,14.28,7589.0
11-03-039-00219-800183,03,039,00219,800183,6.0,21631.0
11-03-040-00220-800184,03,040,00220,800184,3.0,20288.0
11-03-040-00221-800185,03,040,00221,800185,28.4,58097.0
11-03-040-00222-800186,03,040,00222,800186,7.0,14696.0
11-03-040-00222-800187,03,040,00222,800187,32.0,82266.0
11-03-040-00223-800188,03,040,00223,800188,7.27,10135.0
11-03-041-00224-800189,03,041,00224,800189,3.5,24916.0
11-03-041-00224-800190,03,041,00224,800190,9.0,19678.0
11-03-041-00225-800191,03,041,00225,800191,24.75,128137.0
11-03-041-00226-800192,03,041,00226,800192,8.53,7923.0
11-03-041-00226-800193,03,041,00226,800193,7.0,7567.0
11-03-041-00226-800194,03,041,00226,800194,6.0,25424.0
11-03-041-00227-033546,03,041,00227,033546,5.78,13174.0
11-03-041-00227-800195,03,041,00227,800195,5.0,22484.0
11-03-041-00227-800196,03,041,00227,800196,159.37,1618879.0
11-03-041-00228-033674,03,041,00228,033674,7.92,3845.0
11-03-041-00228-033675,03,041,00228,033675,15.01,28884.0
11-03-041-00228-033676,03,041,00228,033676,4.84,12294.0
11-03-041-00228-033677,03,041,00228,033677,3.57,11066.0
11-03-041-00228-033678,03,041,00228,033678,2.12,10843.0
11-03-041-00228-033679,03,041,00228,033679,9.72,6825.0
11-03-041-00228-800197,03,041,00228,800197,2.05,16356.0
11-03-041-00229-033754,03,041,00229,033754,17.65,9761.0
11-03-041-00229-033755,03,041,00229,033755,5.48,7678.0
11-03-041-00229-800198,03,041,00229,800198,10.61,28734.0
11-03-041-00230-800199,03,041,00230,800199,14.0,65240.0
11-03-042-00231-800200,03,042,00231,800200,3.4,6786.0
11-03-042-00232-800201,03,042,00232,800201,6.0,25206.0
11-03-042-00233-034220,03,042,00233,034220,4.65,12800.0
11-03-042-00233-800202,03,042,00233,800202,16.1,163397.0
11-03-042-00233-800203,03,042,00233,800203,19.5,19057.0
11-03-043-00234-800204,03,043,00234,800204,7.66,14658.0
11-03-043-00234-800205,03,043,00234,800205,7.06,37498.0
11-03-043-00234-800206,03,043,00234,800206,24.75,16183.0
11-03-043-00235-034787,03,043,00235,034787,7.41,8724.0
11-03-043-00235-800207,03,043,00235,800207,11.33,110313.0
11-03-043-00235-800208,03,043,00235,800208,20.06,53199.0
11-03-043-00235-800209,03,043,00235,800209,3.0,17285.0
11-03-043-00235-800210,03,043,00235,800210,4.2,10415.0
11-03-043-00236-800211,03,043,00236,800211,2.45,17192.0
11-03-043-00236-800212,03,043,00236,800212,7.56,39525.0
11-03-043-00237-035150,03,043,00237,035150,8.5,5770.0
11-03-043-00237-800213,03,043,00237,800213,11.53,76492.0
11-03-043-00238-800214,03,043,00238,800214,23.07,145302.0
11-03-044-00239-800215,03,044,00239,800215,13.0,81406.0
11-03-044-00240-800216,03,044,00240,800216,11.92,45370.0
11-03-044-00241-800217,03,044,00241,800217,32.8,116747.0
11-03-044-00241-800218,03,044,00241,800218,5.0,8668.0
11-03-045-00242-800219,03,045,00242,800219,18.14,87695.0
11-03-045-00242-800220,03,045,00242,800220,17.25,91979.0
11-03-045-00243-800221,03,045,00243,800221,9.6,37377.0
11-03-046-00244-800222,03,046,00244,800222,21.63,14467.0
11-03-046-00244-800223,03,046,00244,800223,8.88,51023.0
11-03-046-00245-035831,03,046,00245,035831,6.84,4890.0
11-03-046-00245-035832,03,046,00245,035832,8.35,27733.0
11-03-046-00245-800224,03,046,00245,800224,2.82,14961.0
11-03-046-00245-800225,03,046,00245,800225,4.0,15208.0
11-03-046-00245-800226,03,046,00245,800226,68.5,285788.0
11-03-046-00245-800227,03,046,00245,800227,1.0,2744.0
11-03-046-00245-800228,03,046,00245,800228,2.0,7412.0
11-03-046-00246-800229,03,046,00246,800229,3.99,22553.0
11-03-046-00246-800230,03,046,00246,800230,17.0,20589.0
11-03-046-00246-800231,03,046,00246,800231,14.08,31849.0
11-03-047-00247-800232,03,047,00247,800232,8.0,19219.0
11-03-047-00248-800233,03,047,00248,800233,6.0,17432.0
11-03-047-00248-800234,03,047,00248,800234,4.0,26172.0
11-03-047-00249-800235,03,047,00249,800235,9.0,17825.0
11-03-047-00249-800236,03,047,00249,800236,21.67,82956.0
11-03-048-00250-800237,03,048,00250,800237,5.5,54072.0
11-03-048-00251-800238,03,048,00251,800238,6.0,27963.0
11-03-048-00251-800239,03,048,00251,800239,3.0,10162.0
11-03-048-00252-036472,03,048,00252,036472,8.82,10218.0
11-03-048-00252-800240,03,048,00252,800240,20.0,67972.0
11-03-048-00252-800241,03,048,00252,800241,2.01,7260.0
11-03-048-00253-036830,03,048,00253,036830,1.97,10509.0
11-03-048-00253-800242,03,048,00253,800242,70.0,446246.0
11-03-048-00253-800243,03,048,00253,800243,5.18,21201.0
11-03-048-00254-037081,03,048,00254,037081,2.71,8391.0
11-03-048-00254-800244,03,048,00254,800244,5.0,6985.0
11-03-048-00254-800245,03,048,00254,800245,25.0,92301.0
11-03-049-00255-037425,03,049,00255,037425,7.38,5416.0
11-03-049-00255-800246,03,049,00255,800246,2.5,6398.0
11-03-049-00255-800247,03,049,00255,800247,7.05,21107.0
11-03-049-00255-800248,03,049,00255,800248,4.0,14298.0
11-03-049-00256-800249,03,049,00256,800249,6.27,14503.0
11-03-049-00256-800250,03,049,00256,800250,2.85,10410.0
11-03-049-00256-800251,03,049,00256,800251,14.5,29232.0
11-03-049-00257-037671,03,049,00257,037671,6.86,10679.0
11-03-049-00257-037672,03,049,00257,037672,5.26,20440.0
11-03-049-00257-037673,03,049,00257,037673,0.14,3882.0
11-03-049-00257-800252,03,049,00257,800252,136.0,1155664.0
11-03-049-00257-800252,03,049,00256,800252,16.381811,3563.0
11-03-049-00258-037848,03,049,00258,037848,4.78,4588.0
11-03-049-00258-037849,03,049,00258,037849,5.39,8946.0
11-03-049-00258-037850,03,049,00258,037850,7.47,10979.0
11-03-049-00258-800253,03,049,00258,800253,10.52,14506.0
11-03-050-00259-800254,03,050,00259,800254,12.5,66847.0
11-03-050-00260-038244,03,050,00260,038244,8.0,20526.0
11-03-050-00260-800255,03,050,00260,800255,9.33,40976.0
11-03-050-00260-800256,03,050,00260,800256,4.5,13446.0
11-03-051-00262-800257,03,051,00262,800257,9.0,16282.0
11-03-051-00263-800258,03,051,00263,800258,18.04,48497.0
11-03-051-00264-038763,03,051,00264,038763,1.04,9439.0
11-03-051-00264-038764,03,051,00264,038764,4.78,4894.0
11-03-051-00264-038765,03,051,00264,038765,3.74,4715.0
11-03-051-00264-800259,03,051,00264,800259,9.5,56038.0
11-03-051-00265-800260,03,051,00265,800260,5.0,13920.0
11-03-051-00265-800261,03,051,00265,800261,4.5,24022.0
11-03-052-00266-039141,03,052,00266,039141,8.49,6165.0
11-03-052-00266-800262,03,052,00266,800262,12.0,31060.0
11-03-052-00266-800263,03,052,00266,800263,29.0,74460.0
11-03-052-00266-800264,03,052,00266,800264,8.5,50869.0
11-03-052-00267-039227,03,052,00267,039227,2.44,15982.0
11-03-052-00267-039228,03,052,00267,039228,10.79,9306.0
11-03-052-00267-800265,03,052,00267,800265,8.5,18775.0
11-03-052-00267-800266,03,052,00267,800266,23.86,166864.0
11-03-052-00268-039383,03,052,00268,039383,5.92,10768.0
11-03-052-00268-039384,03,052,00268,039384,1.68,5967.0
11-03-052-00268-039385,03,052,00268,039385,5.13,5217.0
11-03-052-00268-039386,03,052,00268,039386,2.87,5936.0
11-03-052-00268-039387,03,052,00268,039387,14.85,21394.0
11-03-052-00268-800267,03,052,00268,800267,18.0,95553.0
11-03-052-00268-800268,03,052,00268,800268,20.0,26295.0
11-03-053-00269-039571,03,053,00269,039571,8.07,7339.0
11-03-053-00269-800269,03,053,00269,800269,6.1,31302.0
11-03-053-00269-800270,03,053,00269,800270,31.16,135424.0
11-03-053-00270-800271,03,053,00270,800271,32.0,55225.0
11-03-053-00271-800272,03,053,00271,800272,6.0,22320.0
11-03-053-00271-800273,03,053,00271,800273,18.0,88043.0
11-03-053-00271-800274,03,053,00271,800274,3.25,23851.0
11-03-053-00272-800275,03,053,00272,800275,7.5,11615.0
11-03-053-00272-800276,03,053,00272,800276,22.17,69069.0
11-03-053-00272-800277,03,053,00272,800277,6.0,16952.0
11-03-053-00273-800278,03,053,00273,800278,8.5,22588.0
11-03-053-00274-800279,03,053,00274,800279,5.5,18141.0
11-03-053-00274-800280,03,053,00274,800280,5.0,14096.0
11-03-054-00275-800281,03,054,00275,800281,26.0,116449.0
11-03-054-00275-800282,03,054,00275,800282,3.0,12507.0
11-03-054-00275-800283,03,054,00275,800283,5.0,19920.0
11-03-054-00276-800284,03,054,00276,800284,10.75,23248.0
11-03-054-00276-800285,03,054,00276,800285,6.0,18561.0
11-04-055-00277-800286,04,055,00277,040098,0.34,8281.0
11-04-055-00277-800286,04,055,00277,040096,0.54,14470.0
11-04-055-00277-800286,04,055,00277,040095,0.62,15489.0
11-04-055-00277-800286,04,055,00277,040094,1.6,6831.0
11-04-055-00277-800286,04,055,00277,040097,0.75,10786.0
11-04-055-00277-800286,04,055,00277,800286,105.68,970602.0
11-05-056-00280-800287,05,056,00280,800287,7.0,6720.0
11-05-056-00283-800288,05,056,00283,800288,12.02,17475.0
11-05-056-00283-800289,05,056,00283,800289,8.0,110.0
11-05-057-00284-800290,05,057,00284,800290,2.01,2438.0
11-05-057-00284-800291,05,057,00284,800291,11.49,16709.0
11-05-057-00285-800292,05,057,00285,800292,14.08,21447.0
11-05-057-00285-800293,05,057,00285,800293,2.16,1641.0
11-05-057-00287-800294,05,057,00287,800294,5.39,8864.0
11-05-057-00287-800295,05,057,00287,800295,4.4,8297.0
11-05-058-00290-800296,05,058,00290,800296,2.75,612.0
11-05-058-00291-800297,05,058,00291,800297,10.0,9313.0
11-05-059-00294-800298,05,059,00294,800298,2.5,1517.0
11-05-059-00294-800299,05,059,00294,800299,8.75,2152.0
11-05-059-00294-800299,05,061,00307,800299,1.0,716.0
11-05-059-00297-800300,05,059,00297,800300,37.05,24014.0
11-05-059-00297-800301,05,059,00297,800301,4.0,7771.0
11-05-059-00299-044604,05,059,00299,044604,1.64,18016.0
11-05-059-00299-800302,05,059,00299,800302,10.36,6049.0
11-05-059-00299-800303,05,059,00299,800303,1.81,10620.0
11-05-060-00300-800304,05,060,00300,800304,15.7,5117.0
11-05-060-00303-045110,05,060,00303,045110,4.11,11870.0
11-05-060-00303-045111,05,060,00303,045111,12.66,16880.0
11-05-060-00303-800305,05,060,00303,800305,3.11,13927.0
11-05-060-00303-800306,05,060,00303,800306,3.28,9782.0
11-05-060-00304-045267,05,060,00304,045267,14.59,32900.0
11-05-060-00304-045268,05,060,00304,045268,2.23,13905.0
11-05-060-00304-045269,05,060,00304,045269,4.16,13475.0
11-05-060-00304-045270,05,060,00304,045270,5.81,9206.0
11-05-060-00304-800307,05,060,00304,800307,64.75,30118.0
11-05-060-00304-800308,05,060,00304,800308,2.91,3539.0
11-05-060-00304-800309,05,060,00304,800309,71.62,574840.0
11-05-060-00304-800310,05,060,00304,800310,23.91,52716.0
11-05-060-00304-800311,05,060,00304,800311,7.06,22557.0
11-05-060-00304-800312,05,060,00304,800312,2.91,8709.0
11-05-060-00305-045361,05,060,00305,045361,1.38,6953.0
11-05-060-00305-045362,05,060,00305,045362,4.14,8404.0
11-05-060-00305-045363,05,060,00305,045363,3.69,9564.0
11-05-060-00305-045364,05,060,00305,045364,3.15,10367.0
11-05-060-00305-800313,05,060,00305,800313,10.0,70499.0
11-05-060-00305-800313,05,060,00305,045360,7.75,8033.0
11-05-060-00305-800314,05,060,00305,800314,3.38,8580.0
11-05-061-00306-800315,05,061,00306,800315,9.0,20115.0
11-05-061-00307-800316,05,061,00307,800316,42.0,25440.0
11-05-061-00310-800317,05,061,00310,800317,6.08,5667.0
11-05-061-00313-048597,05,061,00313,048597,1.6,9802.0
11-05-061-00313-048598,05,061,00313,048598,5.69,10837.0
11-05-061-00313-800318,05,061,00313,800318,2.0,2422.0
11-05-061-00313-800319,05,061,00313,800319,3.0,33035.0
11-05-061-00314-048841,05,061,00314,048841,1.8,4669.0
11-05-062-00316-800320,05,062,00316,800320,3.5,7039.0
11-05-062-00317-800321,05,062,00317,800321,4.0,6522.0
11-05-062-00320-800322,05,062,00320,800322,9.0,56044.0
11-05-063-00323-800323,05,063,00323,800323,5.5,9079.0
11-05-064-00328-800324,05,064,00328,800324,21.75,18886.0
11-05-064-00329-800325,05,064,00329,800325,2.87,2749.0
11-05-064-00330-053250,05,064,00330,053250,3.04,5166.0
11-05-064-00330-800326,05,064,00330,800326,0.67,1391.0
11-05-064-00330-800327,05,064,00330,800327,7.35,34122.0
11-05-065-00334-800328,05,065,00334,800328,5.0,4801.0
11-05-065-00336-800329,05,065,00336,800329,4.5,7926.0
11-05-065-00337-054471,05,065,00337,054471,2.34,7990.0
11-05-065-00337-800330,05,065,00337,800330,1.2,17626.0
11-05-066-00340-800331,05,066,00340,800331,11.73,41377.0
11-05-066-00340-800332,05,066,00340,800332,2.59,1398.0
11-05-066-00340-800333,05,066,00340,800333,21.16,6309.0
11-05-066-00340-800334,05,066,00340,800334,3.95,7722.0
11-05-066-00342-055293,05,066,00342,055293,0.2,12791.0
11-05-066-00342-055294,05,066,00342,055294,3.76,22475.0
11-05-066-00342-055295,05,066,00342,055295,1.7,8159.0
11-05-066-00342-800335,05,066,00342,800335,44.11,201461.0
11-05-066-00343-800336,05,066,00343,800336,2.43,54787.0
11-05-066-00344-800337,05,066,00344,800337,2.0,7611.0
11-05-066-00345-800338,05,066,00345,800338,4.25,7644.0
11-05-067-00346-055697,05,067,00346,055697,4.1,4632.0
11-05-067-00346-800339,05,067,00346,800339,5.5,121623.0
11-05-067-00346-800340,05,067,00346,800340,0.3,12584.0
11-05-067-00347-800341,05,067,00347,800341,5.0,7326.0
11-05-067-00347-800342,05,067,00347,800342,4.02,50523.0
11-05-067-00348-800343,05,067,00348,800343,4.04,9881.0
11-05-067-00348-800344,05,067,00348,800344,2.4,25524.0
11-05-067-00348-800345,05,067,00348,800345,4.0,10929.0
11-05-067-00349-056015,05,067,00349,056015,28.0,22258.0
11-05-067-00349-056016,05,067,00349,056016,4.8,11392.0
11-05-067-00349-800346,05,067,00349,800346,27.65,154554.0
11-05-067-00349-800347,05,067,00349,800347,4.02,41965.0
11-05-067-00350-800348,05,067,00350,800348,3.4,19301.0
11-05-067-00350-800349,05,067,00350,800349,4.5,11343.0
11-05-067-00351-800350,05,067,00351,800350,1.8,6309.0
11-05-067-00351-800351,05,067,00351,800351,2.0,29965.0
11-05-067-00352-056316,05,067,00352,056316,4.71,20593.0
11-05-067-00352-056317,05,067,00352,056317,3.57,10965.0
11-05-067-00352-800352,05,067,00352,800352,8.4,15093.0
11-05-068-00353-056627,05,068,00353,056627,2.63,5684.0
11-05-068-00353-056628,05,068,00353,056628,3.14,7573.0
11-05-068-00353-056629,05,068,00353,056629,1.37,5640.0
11-05-068-00353-056630,05,068,00353,056630,3.69,10043.0
11-05-068-00353-056631,05,068,00353,056631,2.7,10340.0
11-05-068-00353-056632,05,068,00353,056632,0.52,13248.0
11-05-068-00353-056633,05,068,00353,056633,0.13,11135.0
11-05-068-00353-056634,05,068,00353,056634,2.81,6435.0
11-05-068-00353-056635,05,068,00353,056635,1.27,8583.0
11-05-068-00353-056636,05,068,00353,056636,2.38,12901.0
11-05-068-00353-056637,05,068,00353,056637,2.67,5774.0
11-05-068-00353-056638,05,068,00353,056638,4.41,23276.0
11-05-068-00353-056639,05,068,00353,056639,2.71,14394.0
11-05-068-00353-800353,05,068,00353,800353,8.11,118200.0
11-05-068-00353-800354,05,068,00353,800354,9.3,14689.0
11-05-068-00353-800355,05,068,00353,800355,3.0,11186.0
11-05-068-00353-800356,05,068,00353,800356,1.32,52971.0
11-05-068-00353-800357,05,068,00353,800357,0.82,18370.0
11-05-068-00354-056777,05,068,00354,056777,5.58,17467.0
11-05-068-00354-056778,05,068,00354,056778,2.58,10096.0
11-05-068-00354-056779,05,068,00354,056779,4.6,15043.0
11-05-068-00354-800358,05,068,00354,800358,26.94,46948.0
11-05-068-00354-800359,05,068,00354,800359,23.56,231338.0
11-05-068-00355-800360,05,068,00355,800360,5.0,21760.0
11-06-069-00356-800361,06,069,00356,800361,3.72,34134.0
11-06-069-00356-800362,06,069,00356,057045,3.44,3873.0
11-06-069-00356-800362,06,069,00356,800362,16.0,35912.0
11-06-069-00357-057167,06,069,00357,057167,3.0,9051.0
11-06-069-00357-057168,06,069,00357,057168,1.7,4943.0
11-06-069-00357-057169,06,069,00357,057169,3.4,4934.0
11-06-069-00357-057170,06,069,00357,057170,6.63,9028.0
11-06-069-00357-800363,06,069,00357,800363,32.6,211355.0
11-06-070-00358-057341,06,070,00358,057341,5.4,3246.0
11-06-070-00358-057342,06,070,00358,057342,3.6,4884.0
11-06-070-00358-800364,06,070,00358,800364,7.93,22832.0
11-06-070-00359-057507,06,070,00359,057507,5.7,8482.0
11-06-070-00359-057508,06,070,00359,057508,1.4,5658.0
11-06-070-00359-057509,06,070,00359,057509,2.21,26412.0
11-06-070-00359-057510,06,070,00359,057510,2.9,14397.0
11-06-070-00359-057511,06,070,00359,057511,4.1,5024.0
11-06-070-00359-057512,06,070,00359,057512,2.36,18662.0
11-06-070-00359-057513,06,070,00359,057513,1.2,6035.0
11-06-070-00359-800365,06,070,00359,800365,34.14,195153.0
11-06-070-00359-800366,06,070,00359,800366,33.36,55370.0
11-06-070-00359-800367,06,070,00359,800367,8.2,104974.0
11-06-070-00360-057651,06,070,00360,057651,8.7,8100.0
11-06-070-00360-057652,06,070,00360,057652,12.4,21545.0
11-06-071-00361-057958,06,071,00361,057958,7.16,9042.0
11-06-071-00361-057959,06,071,00361,057959,1.94,10903.0
11-06-071-00361-057960,06,071,00361,057960,2.42,18909.0
11-06-071-00361-057961,06,071,00361,057961,2.88,22479.0
11-06-071-00361-057962,06,071,00361,057962,1.35,9569.0
11-06-071-00361-057963,06,071,00361,057963,1.1,9188.0
11-06-071-00361-057964,06,071,00361,057964,7.29,13690.0
11-06-071-00361-800368,06,071,00361,800368,24.8,124894.0
11-06-071-00361-800369,06,071,00361,800369,16.48,217071.0
11-06-071-00362-058145,06,071,00362,058145,6.89,14818.0
11-06-071-00362-058146,06,071,00362,058146,8.51,11733.0
11-06-071-00363-058298,06,071,00363,058298,10.54,10533.0
11-06-072-00364-800370,06,072,00364,800370,16.0,42607.0
11-06-072-00365-058472,06,072,00365,058472,12.0,13726.0
11-06-072-00365-800371,06,072,00365,800371,7.5,38853.0
11-06-072-00366-800372,06,072,00366,800372,32.28,155152.0
11-06-072-00366-800373,06,072,00366,800373,6.59,28887.0
11-06-073-00367-800374,06,073,00367,800374,30.72,38952.0
11-06-073-00368-800375,06,073,00368,800375,43.74,144915.0
11-06-073-00368-800376,06,073,00368,800376,6.5,18660.0
11-06-073-00369-800377,06,073,00369,800377,23.34,33484.0
11-06-074-00370-800378,06,074,00370,800378,4.69,17938.0
11-06-074-00370-800379,06,074,00370,800379,6.25,25944.0
11-06-074-00371-800380,06,074,00371,800380,0.95,17487.0
11-06-074-00372-059310,06,074,00372,059310,6.17,8922.0
11-06-074-00372-800381,06,074,00372,800381,29.46,302140.0
11-06-074-00372-800382,06,074,00372,800382,4.5,17438.0
11-06-074-00373-800383,06,074,00373,800383,3.95,27125.0
11-06-074-00374-800384,06,074,00374,800384,12.98,37816.0
11-06-075-00375-059496,06,075,00375,059496,5.0,5400.0
11-06-075-00375-059497,06,075,00375,059497,6.8,7049.0
11-06-075-00375-059498,06,075,00375,059498,5.2,8894.0
11-06-075-00375-059499,06,075,00375,059499,4.92,6873.0
11-06-075-00375-059500,06,075,00375,059500,7.88,42877.0
11-06-075-00375-059501,06,075,00375,059501,6.54,67998.0
11-06-075-00375-059502,06,075,00375,059502,4.6,24440.0
11-06-075-00375-059503,06,075,00375,059503,5.1,28803.0
11-06-075-00375-059504,06,075,00375,059504,2.59,8876.0
11-06-075-00375-059505,06,075,00375,059505,4.2,18195.0
11-06-075-00375-800385,06,075,00375,800385,21.86,295970.0
11-06-075-00377-800386,06,075,00377,800386,4.66,39710.0
11-06-076-00378-800387,06,076,00378,800387,11.51,65708.0
11-06-076-00379-800388,06,076,00379,800388,9.06,35603.0
11-06-076-00380-059905,06,076,00380,059905,1.2,3692.0
11-06-076-00380-059906,06,076,00380,059906,6.6,5406.0
11-06-076-00380-059907,06,076,00380,059907,1.5,6938.0
11-06-076-00380-059908,06,076,00380,059908,7.9,21633.0
11-06-076-00380-800389,06,076,00380,800389,42.61,289333.0
11-06-076-00381-800390,06,076,00381,800390,1.63,25051.0
11-06-077-00382-800391,06,077,00382,800391,6.0,62090.0
11-06-077-00382-800392,06,077,00382,800392,4.38,16815.0
11-06-077-00383-800393,06,077,00383,800393,42.0,167592.0
11-06-077-00384-800394,06,077,00384,800394,9.0,18755.0
11-06-077-00385-060260,06,077,00385,060260,4.4,5603.0
11-06-077-00385-800395,06,077,00385,800395,9.48,34728.0
11-06-078-00386-800396,06,078,00386,800396,9.2,37152.0
11-06-078-00387-060411,06,078,00387,060411,1.42,7788.0
11-06-078-00387-800397,06,078,00387,800397,13.76,63871.0
11-06-078-00388-800398,06,078,00388,800398,10.36,70777.0
11-06-079-00389-800399,06,079,00389,800399,12.7,52873.0
11-06-079-00390-800400,06,079,00390,800400,8.5,22095.0
11-06-079-00390-800401,06,079,00390,800401,24.43,182534.0
11-06-079-00391-800402,06,079,00391,800402,10.63,25123.0
11-06-079-00392-800403,06,079,00392,800403,2.72,36623.0
11-06-080-00393-060865,06,080,00393,060865,19.9,25531.0
11-06-080-00394-061014,06,080,00394,061014,1.86,13219.0
11-06-080-00394-061015,06,080,00394,061015,14.5,25847.0
11-06-080-00394-061016,06,080,00394,061016,7.5,5568.0
11-06-080-00394-061017,06,080,00394,061017,11.0,10932.0
11-06-080-00394-061018,06,080,00394,061018,20.1,11932.0
11-06-080-00394-061019,06,080,00394,061019,8.9,6039.0
11-06-080-00394-800404,06,080,00394,800404,3.5,43384.0
11-06-080-00394-800405,06,080,00394,800405,49.43,307024.0
11-06-080-00395-800406,06,080,00395,800406,0.28,17242.0
11-06-080-00396-800407,06,080,00396,800407,10.5,86770.0
11-06-081-00397-800408,06,081,00397,800408,6.0,20289.0
11-06-081-00398-800409,06,081,00398,800409,27.64,196057.0
11-06-081-00399-061274,06,081,00399,061274,4.91,15559.0
11-06-081-00400-800410,06,081,00400,800410,4.88,19143.0
11-06-081-00401-800411,06,081,00401,800411,9.22,13937.0
11-06-081-00402-800412,06,081,00402,800412,5.42,56337.0
11-06-082-00404-800413,06,082,00404,800413,3.35,20484.0
11-06-082-00405-061679,06,082,00405,061679,5.77,7506.0
11-06-082-00405-800414,06,082,00405,800414,72.18,374292.0
11-06-082-00405-800415,06,082,00405,800415,6.85,23319.0
11-06-082-00406-800416,06,082,00406,800416,17.83,20563.0
11-06-083-00407-800417,06,083,00407,800417,2.59,15934.0
11-06-083-00408-061808,06,083,00408,061808,8.73,6905.0
11-06-083-00408-800418,06,083,00408,800418,29.5,170767.0
11-06-083-00409-061910,06,083,00409,061910,4.3,1309.0
11-06-083-00409-800419,06,083,00409,800419,36.0,48424.0
11-06-084-00411-800420,06,084,00411,800420,2.36,12989.0
11-06-084-00411-800421,06,084,00411,800421,10.6,29128.0
11-06-084-00412-062334,06,084,00412,062334,5.7,8538.0
11-06-084-00412-800422,06,084,00412,800422,1.65,7619.0
11-06-084-00412-800423,06,084,00412,800423,12.67,74581.0
11-06-085-00413-062388,06,085,00413,062388,5.8,9970.0
11-06-085-00414-062658,06,085,00414,062658,2.9,7110.0
11-06-085-00414-062659,06,085,00414,062659,3.3,6005.0
11-06-085-00414-062660,06,085,00414,062660,3.2,9180.0
11-06-085-00414-062661,06,085,00414,062661,3.2,5954.0
11-06-085-00414-062662,06,085,00414,062662,8.9,5070.0
11-06-085-00414-800424,06,085,00414,800424,11.49,30344.0
11-06-085-00414-800425,06,085,00414,800425,22.5,143021.0
11-06-085-00415-800426,06,085,00415,800426,3.6,16776.0
11-06-086-00416-800427,06,086,00416,800427,16.27,20906.0
11-06-086-00416-800428,06,086,00416,800428,13.51,20418.0
11-06-086-00417-062837,06,086,00417,062837,3.0,7894.0
11-06-086-00417-062838,06,086,00417,062838,13.8,15593.0
11-06-086-00417-800429,06,086,00417,800429,184.59,886519.0
11-06-086-00418-800430,06,086,00418,800430,3.28,13513.0
11-06-086-00419-062924,06,086,00419,062924,14.7,23448.0
11-06-086-00420-062989,06,086,00420,062989,22.5,17410.0
11-06-086-00420-800431,06,086,00420,800431,9.7,36552.0
11-06-087-00421-063071,06,087,00421,063071,3.5,6007.0
11-06-087-00421-800432,06,087,00421,800432,4.52,22599.0
11-06-087-00422-063190,06,087,00422,063190,5.8,5727.0
11-06-087-00422-800433,06,087,00422,800433,4.59,16260.0
11-06-087-00423-063336,06,087,00423,063336,9.9,11417.0
11-06-087-00423-800434,06,087,00423,800434,8.86,24750.0
11-06-087-00424-063432,06,087,00424,063432,18.0,12612.0
11-06-087-00424-800435,06,087,00424,800435,10.12,24734.0
11-06-088-00425-063498,06,088,00425,063498,9.92,20514.0
11-06-088-00425-800436,06,088,00425,800436,204.0,1414050.0
11-06-088-00426-063583,06,088,00426,063583,4.5,4291.0
11-06-089-00427-063730,06,089,00427,063730,8.2,5413.0
11-06-089-00427-063731,06,089,00427,063731,20.1,23072.0
11-06-089-00427-800437,06,089,00427,800437,8.42,131926.0
11-06-089-00428-800438,06,089,00428,800438,1.99,14421.0
11-06-089-00429-800439,06,089,00429,800439,3.0,11569.0
11-06-089-00429-800440,06,089,00429,800440,5.39,50143.0
11-07-090-00431-800441,07,090,00430,063919,8.8,9777.0
11-07-090-00431-800441,07,093,00441,800441,28.731627,644194.0
11-07-090-00431-800441,07,090,00430,063908,3.92,12716.0
11-07-090-00431-800441,07,092,00436,063977,0.5,19098.0
11-07-090-00431-800441,07,097,00451,064047,3.441,6573.0
11-07-090-00431-800441,07,090,00430,063910,8.6,20332.0
11-07-090-00431-800441,07,090,00431,063947,7.0,96002.0
11-07-090-00431-800441,07,093,00441,063989,2.58,83217.0
11-07-090-00431-800441,07,098,00454,064074,7.652,11111.0
11-07-090-00431-800441,07,090,00430,063918,4.7,22968.0
11-07-090-00431-800441,07,094,00444,800442,7.941203,52394.0
11-07-090-00431-800441,07,097,00451,064046,4.43,4074.0
11-07-090-00431-800441,07,090,00431,063939,7.3,6876.0
11-07-090-00431-800441,07,090,00431,063946,1.9,53682.0
11-07-090-00431-800441,07,090,00432,800441,18.261547,398662.0
11-07-090-00431-800441,07,091,00433,063955,2.53,57135.0
11-07-090-00431-800441,07,097,00453,064057,7.5,23726.0
11-07-090-00431-800441,07,092,00436,063972,1.0,43054.0
11-07-090-00431-800441,07,090,00430,063909,4.417,5339.0
11-07-090-00431-800441,07,092,00436,063973,1.3,127167.0
11-07-090-00431-800441,07,092,00436,063978,1.8,68993.0
11-07-090-00431-800441,07,092,00438,800441,1.927456,419497.0
11-07-090-00431-800441,07,093,00441,063986,3.56,92540.0
11-07-090-00431-800441,07,093,00441,063990,0.53,11743.0
11-07-090-00431-800441,07,095,00446,800441,2.7905736,171722.0
11-07-090-00431-800441,07,096,00448,063991,6.8,176877.0
11-07-090-00431-800441,07,096,00450,063996,0.818,13614.0
11-07-090-00431-800441,07,096,00450,800441,14.510833,331662.0
11-07-090-00431-800441,07,097,00453,800443,26.446028,8647.0
11-07-090-00431-800441,07,097,00451,064049,8.787,6512.0
11-07-090-00431-800441,07,090,00431,063936,5.656,7639.0
11-07-090-00431-800441,07,097,00453,064061,4.3,14893.0
11-07-090-00431-800441,07,091,00433,800441,27.12573,401581.0
11-07-090-00431-800441,07,096,00450,064000,2.4,25126.0
11-07-090-00431-800441,07,097,00451,064054,7.1,14662.0
11-07-090-00431-800441,07,090,00431,063937,6.65,5529.0
11-07-090-00431-800441,07,098,00456,064083,1.2,68796.0
11-07-090-00431-800441,07,097,00453,064056,1.66,17028.0
11-07-090-00431-800441,07,098,00456,064087,3.761,59330.0
11-07-090-00431-800441,07,092,00436,063968,1.1,97641.0
11-07-090-00431-800441,07,096,00450,063998,3.88,43371.0
11-07-090-00431-800441,07,090,00430,800441,23.273695,261504.0
11-07-090-00431-800441,07,094,00442,800441,1.4635329,2876.0
11-07-090-00431-800441,07,098,00456,064084,1.8,69837.0
11-07-090-00431-800441,07,093,00441,063985,1.49,37876.0
11-07-090-00431-800441,07,091,00434,800441,3.532942,130188.0
11-07-090-00431-800441,07,092,00436,063976,0.9,76640.0
11-07-090-00431-800441,07,090,00431,063944,3.21,17462.0
11-07-090-00431-800441,07,095,00446,800442,1.5637615,2891.0
11-07-090-00431-800441,07,098,00454,064068,16.988,16725.0
11-07-090-00431-800441,07,092,00436,063975,0.4,5658.0
11-07-090-00431-800441,07,092,00437,800441,3.1569185,231272.0
11-07-090-00431-800441,07,098,00454,064071,0.8,6780.0
11-07-090-00431-800441,07,090,00430,063922,17.0,73680.0
11-07-090-00431-800441,07,097,00452,800441,6.692266,162934.0
11-07-090-00431-800441,07,098,00454,064072,2.9,15160.0
11-07-090-00431-800441,07,097,00453,800442,11.570564,78663.0
11-07-090-00431-800441,07,090,00430,063921,10.0,10654.0
11-07-090-00431-800441,07,092,00436,063979,2.3,121870.0
11-07-090-00431-800441,07,092,00436,063971,0.51975757,20589.0
11-07-090-00431-800441,07,097,00453,064058,3.0,17076.0
11-07-090-00431-800441,07,098,00454,800442,3.606499,2008.0
11-07-090-00431-800441,07,098,00454,064075,0.741,11161.0
11-07-090-00431-800441,07,098,00454,064067,4.68,8861.0
11-07-090-00431-800441,07,094,00443,800442,19.900875,61382.0
11-07-090-00431-800441,07,098,00454,064079,1.1,46974.0
11-07-090-00431-800441,07,097,00451,064053,3.065,37706.0
11-07-090-00431-800441,07,097,00451,064052,2.8,57217.0
11-07-090-00431-800441,07,098,00456,064086,4.0,27169.0
11-07-090-00431-800441,07,090,00431,063945,8.78,35730.0
11-07-090-00431-800441,07,098,00454,800441,46.75343,774971.0
11-07-090-00431-800441,07,095,00445,800441,10.770068,271108.0
11-07-090-00431-800441,07,092,00436,800441,14.562199,530838.0
11-07-090-00431-800441,07,097,00451,064050,2.761,7220.0
11-07-090-00431-800441,07,090,00430,063912,2.96,10614.0
11-07-090-00431-800441,07,098,00455,800442,3.608482,35113.0
11-07-090-00431-800441,07,097,00451,064045,12.45,19578.0
11-07-090-00431-800441,07,091,00433,063958,2.6,22878.0
11-07-090-00431-800441,07,093,00439,800441,4.809113,394164.0
11-07-090-00431-800441,07,097,00451,800441,41.13596,1027222.0
11-07-090-00431-800441,07,090,00432,063950,6.7,197148.0
11-07-090-00431-800441,07,090,00431,063942,4.7,283211.0
11-07-090-00431-800441,07,096,00450,063997,4.33,31944.0
11-07-090-00431-800441,07,090,00430,063915,4.3,30445.0
11-07-090-00431-800441,07,092,00437,063980,0.8,37058.0
11-07-090-00431-800441,07,098,00454,064077,2.364,15640.0
11-07-090-00431-800441,07,097,00452,800443,55.342728,101704.0
11-07-090-00431-800441,07,097,00453,064059,3.4,74073.0
11-07-090-00431-800441,07,090,00430,063911,2.595,4931.0
11-07-090-00431-800441,07,091,00433,063956,1.3,43086.0
11-07-090-00431-800441,07,096,00450,063995,5.62,52744.0
11-07-090-00431-800441,07,090,00430,063913,5.3,18369.0
11-07-090-00431-800441,07,097,00453,064060,8.6,19148.0
11-07-090-00431-800441,07,098,00456,064085,4.1,91402.0
11-07-090-00431-800441,07,096,00449,800441,10.45669,481632.0
11-07-090-00431-800441,07,098,00456,800441,44.448082,469294.0
11-07-090-00431-800441,07,093,00441,063987,1.88,38207.0
11-07-090-00431-800441,07,092,00437,063981,0.9,54601.0
11-07-090-00431-800441,07,098,00455,800441,33.39509,592494.0
11-07-090-00431-800441,07,090,00430,063917,5.7,54773.0
11-07-090-00431-800441,07,093,00439,063983,0.09603041,1178.0
11-07-090-00431-800441,07,091,00435,800441,4.527293,69174.0
11-07-090-00431-800441,07,091,00433,063957,11.2,146190.0
11-07-090-00431-800441,07,093,00440,800441,24.437872,247906.0
11-07-090-00431-800441,07,096,00450,064003,9.68,16313.0
11-07-090-00431-800441,07,090,00430,063916,7.665,8252.0
11-07-090-00431-800441,07,098,00456,064082,2.2,69657.0
11-07-090-00431-800441,07,098,00454,064065,8.178,33123.0
11-07-090-00431-800441,07,097,00451,064048,6.988,4856.0
11-07-090-00431-800441,07,098,00454,064070,12.0,13275.0
11-07-090-00431-800441,07,090,00431,063938,8.9,10331.0
11-07-090-00431-800441,07,098,00456,064081,1.138,7376.0
11-07-090-00431-800441,07,092,00436,063969,0.85,14429.0
11-07-090-00431-800441,07,098,00455,064080,2.186,10168.0
11-07-090-00431-800441,07,098,00454,064066,8.5,10635.0
11-07-090-00431-800441,07,096,00450,063999,6.7,205596.0
11-07-090-00431-800441,07,090,00430,063923,7.95,6310.0
11-07-090-00431-800441,07,098,00454,064078,1.2,17914.0
11-07-090-00431-800441,07,090,00430,063914,2.3,44375.0
11-07-090-00431-800441,07,090,00431,800441,45.35551,1428680.0
11-07-090-00431-800441,07,094,00442,800442,6.3322325,25352.0
11-07-090-00431-800441,07,090,00430,063907,3.92,13772.0
11-07-090-00431-800441,07,093,00441,063988,2.29,154791.0
11-07-090-00431-800441,07,092,00438,063982,5.868,120417.0
11-07-090-00431-800441,07,092,00436,063974,0.283,6994.0
11-07-090-00431-800441,07,090,00430,063920,5.903,8948.0
11-07-090-00431-800441,07,098,00454,064069,15.5,18864.0
11-07-090-00431-800441,07,092,00436,063970,4.8,224281.0
11-07-090-00431-800441,07,095,00447,800441,4.7517376,136599.0
11-07-090-00431-800441,07,090,00430,063906,3.92,8627.0
11-07-090-00431-800441,07,098,00454,064076,10.1,169122.0
11-07-090-00431-800441,07,090,00431,063948,2.8,181554.0
11-07-090-00431-800441,07,096,00448,800441,39.003246,1065969.0
11-07-090-00431-800441,07,090,00430,063905,6.8,14788.0
11-07-090-00431-800441,07,097,00453,800441,20.622707,388412.0
11-07-090-00431-800441,07,090,00431,063940,3.16,16402.0
11-07-090-00431-800441,07,097,00451,064051,3.935,35856.0
11-07-090-00431-800441,07,098,00454,064073,7.389,46776.0
11-07-090-00431-800441,07,090,00431,063941,2.35,12043.0
11-07-090-00431-800441,07,096,00448,063992,1.9,19312.0
11-07-090-00431-800441,07,096,00450,064001,11.9,54541.0
11-07-090-00431-800441,07,096,00450,064002,6.61,18122.0
11-07-090-00431-800441,07,097,00452,064055,1.186,21502.0
11-07-090-00431-800441,07,090,00431,063943,2.29,50464.0
11-08-099-00457-800444,08,099,00457,800444,4.64,14010.0
11-08-099-00457-800445,08,099,00457,800445,4.85,21297.0
11-08-099-00458-064639,08,099,00458,064639,12.08,12134.0
11-08-099-00458-800446,08,099,00458,800446,20.87,237780.0
11-08-099-00459-064852,08,099,00459,064852,2.0,11361.0
11-08-099-00459-800447,08,099,00459,800447,1.99,24980.0
11-08-099-00460-800448,08,099,00460,800448,5.0,9995.0
11-08-099-00460-800449,08,099,00460,800449,3.46,18420.0
11-08-099-00461-800450,08,099,00461,800450,4.36,28330.0
11-08-099-00462-800451,08,099,00462,800451,4.68,30877.0
11-08-099-00463-066362,08,099,00463,066362,2.99,11667.0
11-08-099-00463-066363,08,099,00463,066363,5.75,6648.0
11-08-099-00463-066364,08,099,00463,066364,5.76,11675.0
11-08-099-00464-066641,08,099,00464,066641,2.0,7297.0
11-08-099-00464-800452,08,099,00464,800452,3.25,18425.0
11-08-099-00465-800453,08,099,00465,800453,11.0,70536.0
11-08-100-00466-800454,08,100,00466,800454,5.85,36619.0
11-08-100-00468-800455,08,100,00468,800455,13.42,150958.0
11-08-100-00469-800456,08,100,00469,800456,29.53,37288.0
11-08-100-00470-800457,08,100,00470,800457,6.44,35102.0
11-08-100-00471-800458,08,100,00471,800458,9.0,49835.0
11-08-100-00472-800459,08,100,00472,800459,9.5,40662.0
11-08-101-00473-800460,08,101,00473,800460,155.03,644406.0
11-08-101-00473-800461,08,101,00473,800461,5.0,18470.0
11-08-101-00476-069573,08,101,00476,069573,5.0,9684.0
11-08-101-00477-800462,08,101,00477,800462,11.16,62699.0
11-08-101-00478-069776,08,101,00478,069776,9.0,11831.0
11-08-101-00480-800463,08,101,00480,800463,5.71,53294.0
11-08-102-00481-800464,08,102,00481,800464,10.0,32640.0
11-08-102-00482-800465,08,102,00482,800465,17.85,59193.0
11-08-102-00483-800466,08,102,00483,800466,36.0,95911.0
11-08-102-00484-800467,08,102,00484,800467,9.0,12841.0
11-08-102-00484-800468,08,102,00484,800468,41.0,120157.0
11-08-102-00485-800469,08,102,00485,800469,40.16,71124.0
11-08-102-00485-800470,08,102,00485,800470,6.0,27419.0
11-08-102-00486-800471,08,102,00486,800471,12.0,35683.0
11-08-102-00486-800472,08,102,00486,800472,10.0,19744.0
11-08-102-00486-800473,08,102,00486,800473,20.0,101523.0
11-08-103-00487-071111,08,103,00487,071111,20.0,13719.0
11-08-103-00487-071112,08,103,00487,071112,6.32,6049.0
11-08-103-00487-071113,08,103,00487,071113,14.0,10247.0
11-08-103-00487-800474,08,103,00487,800474,16.0,23227.0
11-08-103-00487-800475,08,103,00487,800475,2.0,23335.0
11-08-103-00487-800476,08,103,00487,800476,50.0,118473.0
11-08-103-00487-800477,08,103,00487,800477,12.0,14238.0
11-08-103-00488-800478,08,103,00488,800478,15.0,29741.0
11-08-103-00488-800479,08,103,00488,800479,5.0,15644.0
11-08-103-00488-800480,08,103,00488,800480,18.4,21666.0
11-08-103-00488-800481,08,103,00488,800481,9.0,43953.0
11-08-103-00489-071463,08,103,00489,071463,2.99,11372.0
11-08-103-00490-071567,08,103,00490,071567,9.8,16933.0
11-08-103-00490-071568,08,103,00490,071568,13.22,10620.0
11-08-103-00490-800482,08,103,00490,800482,11.31,18209.0
11-08-103-00491-800483,08,103,00491,800483,13.0,18469.0
11-08-103-00491-800484,08,103,00491,800484,18.0,63948.0
11-08-103-00492-800485,08,103,00492,800485,35.0,29236.0
11-08-104-00493-071949,08,104,00493,071949,7.25,7143.0
11-08-104-00493-071950,08,104,00493,071950,9.89,9837.0
11-08-104-00493-800486,08,104,00493,800486,15.12,29531.0
11-08-104-00496-072405,08,104,00496,072405,4.0,9471.0
11-08-104-00496-800487,08,104,00496,800487,44.06,104921.0
11-08-104-00496-800488,08,104,00496,800488,21.0,24747.0
11-08-104-00497-072517,08,104,00497,072517,4.04,12429.0
11-08-104-00497-800489,08,104,00497,800489,21.09,38298.0
11-08-104-00498-072695,08,104,00498,072695,4.52,13529.0
11-08-104-00499-072893,08,104,00499,072893,5.15,7666.0
11-08-104-00499-072894,08,104,00499,072894,2.81,11188.0
11-08-104-00499-072895,08,104,00499,072895,5.13,7306.0
11-08-104-00499-800490,08,104,00499,800490,48.4,322568.0
11-08-104-00502-800491,08,104,00502,800491,25.0,26631.0
11-08-104-00503-073683,08,104,00503,073683,5.08,11552.0
11-08-104-00504-800492,08,104,00504,800492,6.0,17634.0
11-08-105-00506-800493,08,105,00506,800493,6.0,38040.0
11-08-105-00507-800494,08,105,00507,800494,3.61,25572.0
11-08-105-00508-800495,08,105,00508,800495,3.29,44999.0
11-08-105-00509-800496,08,105,00509,800496,14.91,26411.0
11-08-105-00510-800497,08,105,00510,800497,19.62,23540.0
11-08-105-00511-800498,08,105,00511,800498,57.77,252838.0
11-08-105-00512-800499,08,105,00512,800499,21.44,19946.0
11-08-105-00512-800500,08,105,00512,800500,9.0,19385.0
11-08-105-00513-075197,08,105,00513,075197,10.34,5866.0
11-08-105-00513-800501,08,105,00513,800501,5.68,38502.0
11-08-106-00515-075562,08,106,00515,075562,4.0,17988.0
11-08-106-00516-800502,08,106,00516,800502,22.27,62721.0
11-08-106-00518-800503,08,106,00518,800503,32.03,133075.0
11-08-106-00519-800504,08,106,00519,800504,10.0,33666.0
11-08-107-00520-800505,08,107,00520,800505,5.0,22977.0
11-08-107-00522-800506,08,107,00522,800506,48.0,105452.0
11-08-107-00523-800507,08,107,00523,800507,35.0,82960.0
11-08-107-00525-077072,08,107,00525,077072,4.93,6716.0
11-08-108-00526-077198,08,108,00526,077198,2.3,10971.0
11-08-108-00526-800508,08,108,00526,800508,52.31,119090.0
11-08-108-00529-077533,08,108,00529,077533,23.33,15300.0
11-08-108-00531-800509,08,108,00531,800509,59.0,121106.0
11-08-109-00533-800510,08,109,00533,800510,5.0,44664.0
11-08-109-00534-078281,08,109,00534,078281,6.98,11960.0
11-08-109-00534-078282,08,109,00534,078282,3.06,24846.0
11-08-109-00536-800511,08,109,00536,800511,16.0,85960.0
11-08-109-00537-800512,08,109,00537,800512,9.42,34363.0
11-08-110-00538-800513,08,110,00538,800513,36.0,49202.0
11-08-110-00539-800514,08,110,00539,800514,31.07,20568.0
11-08-110-00540-079345,08,110,00540,079345,12.11,20287.0
11-08-110-00540-800515,08,110,00540,800515,64.0,33895.0
11-08-110-00541-079460,08,110,00541,079460,6.62,7735.0
11-08-110-00541-800516,08,110,00541,800516,22.53,64417.0
11-08-110-00542-800517,08,110,00542,800517,25.94,29201.0
11-08-110-00542-800518,08,110,00542,800518,12.5,22327.0
11-08-110-00542-800519,08,110,00542,800519,10.0,26091.0
11-08-110-00542-800520,08,110,00542,800520,10.0,11354.0
11-08-110-00545-800521,08,110,00545,800521,32.59,31229.0
11-08-110-00546-080247,08,110,00546,080247,5.65,10790.0
11-08-110-00546-800522,08,110,00546,800522,276.2086,2159276.0
11-08-110-00546-800522,08,110,00545,800522,218.05974,763574.0
11-08-110-00546-800522,08,110,00547,800522,58.111313,123313.0
11-08-110-00547-080443,08,110,00547,080443,4.43,9062.0
11-08-110-00548-080685,08,110,00548,080685,12.65,7665.0
11-08-110-00549-080898,08,110,00549,080898,14.81,11250.0
11-08-110-00549-080899,08,110,00549,080899,20.4,26029.0
11-08-110-00549-080900,08,110,00549,080900,14.5,11150.0
11-08-110-00550-800523,08,110,00550,800523,13.25,33432.0
11-08-111-00551-800524,08,111,00551,800524,2.57,33024.0
11-08-111-00551-800525,08,111,00551,800525,9.06,92595.0
11-08-111-00552-800526,08,111,00552,800526,16.26,53392.0
11-08-111-00553-800527,08,111,00553,800527,39.66,244497.0
11-08-111-00554-081930,08,111,00554,081930,11.85,15594.0
11-08-111-00554-081931,08,111,00554,081931,8.17,7924.0
11-08-111-00554-081932,08,111,00554,081932,11.36,5936.0
11-08-111-00554-800528,08,111,00554,800528,71.23,28504.0
11-08-111-00555-082168,08,111,00555,082168,8.77,7903.0
11-08-111-00555-082169,08,111,00555,082169,20.16,15414.0
11-08-111-00555-800529,08,111,00555,800529,4.0,29044.0
11-08-111-00555-800530,08,111,00555,800530,16.0,31366.0
11-08-111-00555-800531,08,111,00555,800531,30.0,26139.0
11-08-111-00556-082362,08,111,00556,082362,4.56,6343.0
11-08-111-00556-800532,08,111,00556,800532,20.0,36231.0
11-08-112-00557-800533,08,112,00557,800533,25.0,65575.0
11-08-112-00558-800534,08,112,00558,800534,14.5,53749.0
11-08-112-00560-082987,08,112,00560,082987,18.02,29187.0
11-08-112-00560-082988,08,112,00560,082988,7.36,5579.0
11-08-112-00560-800535,08,112,00560,800535,37.81,105218.0
11-08-112-00560-800536,08,112,00560,800536,47.93,16871.0
11-08-112-00560-800537,08,112,00560,800537,62.44,23468.0
11-08-112-00562-083283,08,112,00562,083283,25.45,17700.0
11-08-112-00562-083284,08,112,00562,083284,21.4,16905.0
11-08-112-00562-800538,08,112,00562,800538,12.05,46070.0
11-08-112-00563-083490,08,112,00563,083490,9.54,5728.0
11-08-112-00563-083491,08,112,00563,083491,4.63,10655.0
11-08-112-00564-800539,08,112,00564,800539,7.0,15172.0
11-08-112-00565-083743,08,112,00565,083743,24.0,24975.0
11-08-112-00565-800540,08,112,00565,800540,36.0,93094.0
11-08-112-00565-800540,08,112,00564,800540,,1393.0
11-08-112-00565-800540,08,112,00565,083744,25.0,21808.0
11-08-112-00566-800541,08,112,00566,800541,12.5,61969.0
11-08-112-00566-800542,08,112,00566,800542,24.0,22088.0
11-08-113-00567-800543,08,113,00567,800543,9.0,49914.0
11-08-113-00570-085020,08,113,00570,085020,6.9,20827.0
11-08-113-00570-085021,08,113,00570,085021,12.25,22853.0
11-08-113-00570-085022,08,113,00570,085022,10.0,38429.0
11-08-113-00570-800544,08,113,00570,800544,78.6,1056191.0
11-08-113-00573-800545,08,113,00573,800545,10.0,36810.0
11-08-113-00573-800546,08,113,00573,800546,102.25,39590.0
11-08-114-00574-800547,08,114,00574,800547,62.38,65471.0
11-08-114-00575-800548,08,114,00575,800548,8.0,23554.0
11-08-115-00579-800549,08,115,00579,800549,29.01,74496.0
11-08-115-00581-088172,08,115,00581,088172,10.55,6513.0
11-08-115-00582-088468,08,115,00582,088468,9.79,4603.0
11-08-115-00582-800550,08,115,00582,800550,16.0,96225.0
11-08-116-00586-089253,08,116,00586,089253,28.11,16867.0
11-08-116-00587-800551,08,116,00587,800551,16.99,54081.0
11-08-116-00588-800552,08,116,00588,800552,15.44,47932.0
11-08-116-00590-800553,08,116,00590,800553,16.0,32875.0
11-08-117-00592-800554,08,117,00592,800554,4.8,28053.0
11-08-117-00593-090024,08,117,00593,090024,9.47,5728.0
11-08-117-00593-800555,08,117,00593,800555,20.72,39229.0
11-08-117-00594-090133,08,117,00594,090133,4.0,15312.0
11-08-117-00594-800556,08,117,00594,800556,20.0,24487.0
11-08-117-00595-090219,08,117,00595,090219,12.23,9186.0
11-08-117-00595-800557,08,117,00595,800557,21.41,22943.0
11-08-117-00595-800558,08,117,00595,800558,15.5,55599.0
11-08-117-00596-090348,08,117,00596,090348,12.74,8117.0
11-08-118-00597-800559,08,118,00597,800559,37.65,22621.0
11-08-118-00599-090726,08,118,00599,090726,9.01,12472.0
11-08-118-00599-800560,08,118,00599,800560,21.56,43023.0
11-08-118-00601-800561,08,118,00601,800561,159.0,230075.0
11-08-118-00602-091065,08,118,00602,091065,13.8,12004.0
11-08-118-00603-800562,08,118,00603,800562,8.0,13880.0
11-08-118-00603-800563,08,118,00603,800563,85.52,27390.0
11-08-118-00604-800564,08,118,00604,800564,24.0,16729.0
11-08-118-00604-800565,08,118,00604,800565,9.3,37093.0
11-08-118-00605-800566,08,118,00605,800566,25.0,24839.0
11-08-118-00605-800567,08,118,00605,800567,46.3,19880.0
11-08-119-00606-800568,08,119,00606,800568,45.49,154886.0
11-08-119-00607-091641,08,119,00607,091641,12.0,8780.0
11-08-119-00607-091642,08,119,00607,091642,9.83,5111.0
11-08-119-00607-800569,08,119,00607,800569,25.0,21626.0
11-08-119-00607-800570,08,119,00607,800570,219.36,542321.0
11-08-119-00609-800571,08,119,00609,800571,17.69,151152.0
11-08-119-00610-092091,08,119,00610,092091,7.89,6344.0
11-08-119-00610-800572,08,119,00610,800572,10.0,32124.0
11-08-119-00611-800573,08,119,00611,800573,22.93,50804.0
11-08-119-00613-800574,08,119,00613,800574,5.0,20372.0
11-08-119-00614-800575,08,119,00614,800575,7.0,41890.0
11-08-120-00615-800576,08,120,00615,800576,45.35,36028.0
11-08-120-00617-092991,08,120,00617,092991,7.05,12835.0
11-08-120-00617-800577,08,120,00617,800577,48.0,37765.0
11-08-120-00618-800578,08,120,00618,800578,60.5,165294.0
11-08-120-00619-800579,08,120,00619,800579,54.14,23559.0
11-08-120-00620-800580,08,120,00620,800580,3.75,22065.0
11-08-120-00621-093680,08,120,00621,093680,3.0,7626.0
11-08-120-00621-800581,08,120,00621,800581,4.0,12551.0
11-08-121-00623-800582,08,121,00623,800582,8.5,19485.0
11-08-121-00624-094175,08,121,00624,094175,1.0,3633.0
11-08-121-00624-800583,08,121,00624,800583,15.0,7444.0
11-08-121-00624-800584,08,121,00624,800584,25.0,29572.0
11-08-121-00625-800585,08,121,00625,800585,25.9,24627.0
11-08-121-00625-800586,08,121,00625,800586,64.0,20748.0
11-08-121-00626-094556,08,121,00626,094556,4.1,7203.0
11-08-121-00626-094557,08,121,00626,094557,6.64,5070.0
11-08-121-00626-800587,08,121,00626,800587,27.79,103286.0
11-08-121-00626-800587,08,121,00622,800587,,1633.0
11-08-122-00627-800588,08,122,00627,800588,25.0,16611.0
11-08-122-00628-800589,08,122,00628,800589,12.0,27215.0
11-08-122-00629-800590,08,122,00629,800590,56.52,30320.0
11-08-122-00633-800591,08,122,00633,800591,6.0,18777.0
11-08-122-00634-095665,08,122,00634,095665,17.56,11678.0
11-08-122-00634-800592,08,122,00634,800592,118.49,359483.0
11-08-122-00636-800593,08,122,00636,800593,5.0,20586.0
11-08-122-00637-800594,08,122,00637,800594,84.0,13844.0
11-08-122-00638-096393,08,122,00638,096393,13.6,14140.0
11-08-123-00639-096535,08,123,00639,096535,4.0,11568.0
11-08-123-00640-800595,08,123,00640,800595,24.0,17604.0
11-08-123-00641-096823,08,123,00641,096823,12.0,6600.0
11-08-123-00641-800596,08,123,00641,800596,20.0,17335.0
11-08-123-00643-097133,08,123,00643,097133,16.68,11712.0
11-08-123-00643-097134,08,123,00643,097134,3.89,4758.0
11-08-123-00643-800597,08,123,00643,800597,55.0,67798.0
11-08-123-00645-097448,08,123,00645,097448,6.59,4429.0
11-08-123-00645-800598,08,123,00645,800598,24.0,42016.0
11-08-124-00646-800599,08,124,00646,800599,13.24,47706.0
11-08-124-00648-098173,08,124,00648,098173,7.59,4707.0
11-08-124-00648-800600,08,124,00648,800600,7.0,29439.0
11-08-124-00649-098426,08,124,00649,098426,5.41,6891.0
11-08-125-00651-098874,08,125,00651,098874,5.48,5180.0
11-08-125-00651-098875,08,125,00651,098875,3.88,10758.0
11-08-125-00652-800601,08,125,00652,800601,16.01,101017.0
11-08-125-00654-800602,08,125,00654,800602,1.0,10666.0
11-08-126-00657-800603,08,126,00657,800603,6.62,20705.0
11-08-126-00658-800604,08,126,00658,800604,21.53,37699.0
11-08-126-00659-100868,08,126,00659,100868,16.43,11923.0
11-08-126-00659-800605,08,126,00659,800605,41.76,116406.0
11-08-126-00660-800606,08,126,00660,800606,26.75,20869.0
11-08-126-00663-800607,08,126,00663,800607,12.74,61949.0
11-08-126-00664-800608,08,126,00664,800608,13.0,15713.0
11-08-127-00667-800609,08,127,00667,800609,527.03,1001694.0
11-08-127-00667-800610,08,127,00667,800610,17.23,24260.0
11-08-127-00668-102329,08,127,00668,102329,19.47,11690.0
11-08-127-00668-102330,08,127,00668,102330,11.2,9204.0
11-08-127-00668-102331,08,127,00668,102331,21.33,11993.0
11-08-127-00668-102332,08,127,00668,102332,2.59,10051.0
11-08-127-00668-102333,08,127,00668,102333,4.87,15617.0
11-08-127-00668-102334,08,127,00668,102334,9.52,22319.0
11-08-127-00668-102335,08,127,00668,102335,4.89,6602.0
11-08-127-00668-800611,08,127,00668,800611,10.82,41328.0
11-08-127-00669-800612,08,127,00669,800612,14.89,21846.0
11-08-128-00670-800613,08,128,00670,800613,27.45,25073.0
11-08-128-00671-800614,08,128,00671,800614,23.48,32377.0
11-08-128-00672-800615,08,128,00672,800615,72.36,117992.0
11-08-128-00673-102950,08,128,00673,102950,3.0,7022.0
11-08-128-00673-102951,08,128,00673,102951,4.0,11141.0
11-08-128-00673-102952,08,128,00673,102952,3.0,9487.0
11-08-128-00676-800616,08,128,00676,800616,9.0,32285.0
11-08-128-00677-103778,08,128,00677,103778,6.0,18837.0
11-08-129-00678-103985,08,129,00678,103985,2.0,13848.0
11-08-129-00679-104376,08,129,00679,104376,5.13,9812.0
11-08-129-00679-800617,08,129,00679,800617,12.95,66919.0
11-08-129-00679-800618,08,129,00679,800618,20.17,37506.0
11-08-129-00680-800619,08,129,00680,800619,5.0,26240.0
11-08-129-00681-104837,08,129,00681,104837,12.44,11292.0
11-08-129-00682-800620,08,129,00682,800620,40.0,42283.0
11-08-129-00683-800621,08,129,00683,800621,9.0,12807.0
11-08-129-00684-105388,08,129,00684,105388,3.33,8584.0
11-08-130-00685-105568,08,130,00685,105568,12.1,9199.0
11-08-130-00685-800622,08,130,00685,800622,15.0,22812.0
11-08-130-00686-105801,08,130,00686,105801,7.63,8751.0
11-08-130-00689-106672,08,130,00689,106672,3.0,5766.0
11-08-130-00689-106673,08,130,00689,106673,4.72,9193.0
11-08-130-00689-106674,08,130,00689,106674,8.3,17665.0
11-08-130-00689-106675,08,130,00689,106675,5.96,4295.0
11-08-130-00689-800623,08,130,00689,800623,56.92,451100.0
11-08-130-00690-800624,08,130,00690,800624,3.89,17878.0
11-08-130-00690-800625,08,130,00690,800625,6.0,13239.0
11-08-130-00692-800626,08,130,00692,800626,4.0,16425.0
11-08-130-00693-107554,08,130,00693,107554,4.96,3962.0
11-08-130-00693-107555,08,130,00693,107555,8.39,2525.0
11-08-130-00693-107556,08,130,00693,107556,11.03,4252.0
11-08-130-00693-107557,08,130,00693,107557,9.29,4612.0
11-08-130-00694-107683,08,130,00694,107683,0.81,9171.0
11-08-130-00695-107879,08,130,00695,107879,2.03,7581.0
11-08-131-00696-108047,08,131,00696,108047,9.3,11368.0
11-08-131-00698-800627,08,131,00698,800627,7.0,18360.0
11-08-131-00699-800628,08,131,00699,800628,12.56,42079.0
11-09-132-00701-109208,09,132,00701,109208,2.0,14274.0
11-09-132-00701-800629,09,132,00701,800629,4.0,20474.0
11-09-132-00702-109634,09,132,00702,109634,5.0,7776.0
11-09-132-00702-109635,09,132,00702,109635,6.29,6720.0
11-09-132-00702-109636,09,132,00702,109636,2.04,11422.0
11-09-132-00702-800630,09,132,00702,800630,46.74,705478.0
11-09-132-00703-800631,09,132,00703,800631,3.5,19501.0
11-09-132-00703-800632,09,132,00703,800632,4.25,18956.0
11-09-132-00703-800633,09,132,00703,800633,6.25,22712.0
11-09-132-00703-800634,09,132,00703,800634,3.0,15739.0
11-09-132-00703-800635,09,132,00703,800635,6.0,59279.0
11-09-132-00703-800636,09,132,00703,800636,2.15,10898.0
11-09-132-00704-110273,09,132,00704,110273,1.21,5730.0
11-09-132-00704-800637,09,132,00704,800637,7.9,97037.0
11-09-132-00705-800638,09,132,00705,800638,4.0,22551.0
11-09-132-00705-800639,09,132,00705,800639,2.0,27979.0
11-09-133-00706-800640,09,133,00706,800640,4.5,15124.0
11-09-133-00706-800641,09,133,00706,800641,4.08,18740.0
11-09-133-00706-800642,09,133,00706,800642,7.11,89000.0
11-09-133-00706-800643,09,133,00706,800643,5.96,46796.0
11-09-133-00707-800644,09,133,00707,800644,5.0,12110.0
11-09-133-00707-800645,09,133,00707,800645,26.23,107266.0
11-09-133-00707-800646,09,133,00707,800646,2.9,20728.0
11-09-133-00707-800647,09,133,00707,800647,1.32,11748.0
11-09-133-00707-800648,09,133,00707,800648,1.11,36669.0
11-09-133-00707-800649,09,133,00707,800649,4.1,27921.0
11-09-133-00708-111037,09,133,00708,111037,6.86,34846.0
11-09-133-00708-111038,09,133,00708,111038,4.69,25157.0
11-09-133-00708-111039,09,133,00708,111039,1.98,13318.0
11-09-133-00708-111040,09,133,00708,111040,4.47,29454.0
11-09-133-00708-800650,09,133,00708,800650,4.86,29041.0
11-09-133-00708-800651,09,133,00708,800651,8.75,20653.0
11-09-133-00708-800652,09,133,00708,800652,12.04,392768.0
11-09-133-00709-800653,09,133,00709,800653,2.2,15091.0
11-09-133-00709-800654,09,133,00709,800654,7.61,53722.0
11-09-133-00709-800655,09,133,00709,800655,2.63,20154.0
11-09-133-00710-111300,09,133,00710,111300,1.23,6681.0
11-09-133-00710-111301,09,133,00710,111301,0.98,9529.0
11-09-133-00710-111302,09,133,00710,111302,1.54,14949.0
11-09-133-00710-800656,09,133,00710,800656,3.76,72949.0
11-09-133-00711-800657,09,133,00711,800657,3.5,19786.0
11-09-133-00711-800658,09,133,00711,800658,3.0,17829.0
11-09-133-00711-800659,09,133,00711,800659,8.0,29283.0
11-09-134-00712-112010,09,134,00712,112010,0.78,7847.0
11-09-134-00712-800660,09,134,00712,800660,2.0,21639.0
11-09-134-00712-800661,09,134,00712,800661,5.062,88535.0
11-09-134-00712-800662,09,134,00712,800662,1.22,20360.0
11-09-134-00712-800663,09,134,00712,800663,6.45,61946.0
11-09-134-00713-112563,09,134,00713,112563,2.0,7870.0
11-09-134-00713-112564,09,134,00713,112564,0.55,14089.0
11-09-134-00713-800664,09,134,00713,800664,3.0,21078.0
11-09-134-00713-800665,09,134,00713,800665,3.6,93297.0
11-09-134-00713-800666,09,134,00713,800666,4.0,20978.0
11-09-134-00713-800667,09,134,00713,800667,6.0,19567.0
11-09-134-00714-113101,09,134,00714,113101,1.42,11221.0
11-09-134-00714-800668,09,134,00714,800668,10.3,95246.0
11-09-134-00714-800669,09,134,00714,800669,1.5,23456.0
11-09-134-00715-113991,09,134,00715,113991,0.84,3506.0
11-09-134-00715-113992,09,134,00715,113992,4.0,6752.0
11-09-134-00715-113993,09,134,00715,113993,0.27,9064.0
11-09-134-00715-800670,09,134,00715,800670,6.75,29101.0
11-09-134-00715-800671,09,134,00715,800671,6.0,62226.0
11-09-134-00715-800672,09,134,00715,800672,3.87,50997.0
11-09-134-00715-800673,09,134,00715,800673,8.025,47834.0
11-09-134-00715-800674,09,134,00715,800674,2.72,53296.0
11-09-134-00715-800675,09,134,00715,800675,1.8,24463.0
11-09-134-00716-114483,09,134,00716,114483,1.0,8697.0
11-09-134-00716-800676,09,134,00716,800676,1.55,38806.0
11-09-134-00716-800677,09,134,00716,800677,23.4,83441.0
11-09-135-00717-800678,09,135,00717,800678,9.98,44255.0
11-09-135-00718-114993,09,135,00718,114993,0.51,9933.0
11-09-135-00718-800679,09,135,00718,800679,0.8,26381.0
11-09-135-00718-800680,09,135,00718,800680,0.6,17803.0
11-09-135-00719-115310,09,135,00719,115310,2.84,6599.0
11-09-135-00719-115311,09,135,00719,115311,3.0,9455.0
11-09-135-00719-115312,09,135,00719,115312,4.0,36728.0
11-09-135-00719-800681,09,135,00719,800681,4.49,31305.0
11-09-135-00719-800682,09,135,00719,800682,75.0,887871.0
11-09-135-00720-115652,09,135,00720,115652,2.0,18677.0
11-09-135-00720-800683,09,135,00720,800683,3.51,29951.0
11-09-135-00720-800684,09,135,00720,800684,3.45,37567.0
11-09-135-00721-800685,09,135,00721,800685,3.4,26519.0
11-09-135-00721-800686,09,135,00721,800686,15.65,220813.0
11-09-135-00722-800687,09,135,00722,800687,8.0,37037.0
11-09-135-00722-800688,09,135,00722,800688,2.3,18346.0
11-09-135-00722-800689,09,135,00722,800689,8.8,114383.0
11-09-136-00723-800690,09,136,00723,800690,1.3,17737.0
11-09-136-00723-800691,09,136,00723,800691,4.0,32158.0
11-09-136-00724-800692,09,136,00724,800692,9.07,48059.0
11-09-136-00725-800693,09,136,00725,800693,20.0,43908.0
11-09-136-00725-800694,09,136,00725,800694,14.0,28698.0
11-09-136-00726-117035,09,136,00726,117035,3.44,8572.0
11-09-136-00726-117036,09,136,00726,117036,3.73,15373.0
11-09-136-00726-800695,09,136,00726,800695,20.2,325313.0
11-09-136-00727-800696,09,136,00727,800696,15.0,38276.0
11-09-136-00728-800697,09,136,00728,800697,11.02,30553.0
11-09-137-00729-800698,09,137,00729,800698,4.69,30007.0
11-09-137-00729-800699,09,137,00729,800699,9.48,31101.0
11-09-137-00729-800700,09,137,00729,800700,14.2,55048.0
11-09-137-00730-118195,09,137,00730,118195,2.77,7024.0
11-09-137-00730-800701,09,137,00730,800701,5.623,32954.0
11-09-137-00730-800702,09,137,00730,800702,8.95,198471.0
11-09-137-00730-800703,09,137,00730,800703,3.56,18377.0
11-09-137-00731-800704,09,137,00731,800704,5.72,61243.0
11-09-137-00731-800705,09,137,00731,800705,4.5,24488.0
11-09-138-00732-800706,09,138,00732,800706,3.0,11663.0
11-09-138-00732-800707,09,138,00732,800707,5.0,58252.0
11-09-138-00732-800708,09,138,00732,800708,16.0,19776.0
11-09-138-00732-800709,09,138,00732,800709,8.0,22024.0
11-09-138-00733-800710,09,138,00733,800710,4.0,19908.0
11-09-138-00733-800711,09,138,00733,800711,3.79,11753.0
11-09-138-00733-800712,09,138,00733,800712,7.57,26452.0
11-09-138-00733-800713,09,138,00733,800713,7.5,81443.0
11-09-138-00733-800714,09,138,00733,800714,4.7,19830.0
11-09-138-00733-800715,09,138,00733,800715,4.0,27933.0
11-09-138-00734-119234,09,138,00734,119234,3.0,5335.0
11-09-138-00734-119235,09,138,00734,119235,3.0,5485.0
11-09-138-00734-119236,09,138,00734,119236,1.5,6141.0
11-09-138-00734-119237,09,138,00734,119237,1.5,5200.0
11-09-138-00734-800716,09,138,00734,800716,141.94,1305429.0
11-09-138-00734-800717,09,138,00734,800717,35.67,93312.0
11-09-138-00734-800718,09,138,00734,800718,4.0,24882.0
11-09-138-00734-800719,09,138,00734,800719,4.0,14364.0
11-09-139-00735-800720,09,139,00735,800720,10.0,18970.0
11-09-139-00735-800721,09,139,00735,800721,6.0,14092.0
11-09-139-00735-800722,09,139,00735,800722,8.5,14166.0
11-09-139-00735-800723,09,139,00735,800723,10.36,103764.0
11-09-139-00736-800724,09,139,00736,800724,2.825,50310.0
11-09-139-00736-800725,09,139,00736,800725,1.5,13873.0
11-09-139-00736-800726,09,139,00736,800726,1.89,11174.0
11-09-139-00737-800727,09,139,00737,800727,8.0,48676.0
11-09-140-00738-119671,09,140,00738,119671,5.08,6247.0
11-09-140-00738-119672,09,140,00738,119672,3.83,5563.0
11-09-140-00738-119673,09,140,00738,119673,1.86,5120.0
11-09-140-00738-119674,09,140,00738,119674,2.98,7037.0
11-09-140-00738-119675,09,140,00738,119675,6.06,12350.0
11-09-140-00738-119676,09,140,00738,119676,3.65,6170.0
11-09-140-00738-119677,09,140,00738,119677,4.29,14332.0
11-09-140-00738-119678,09,140,00738,119678,5.8,19898.0
11-09-140-00738-119679,09,140,00738,119679,3.227,7569.0
11-09-140-00738-800728,09,140,00738,800728,5.0,9500.0
11-09-140-00738-800729,09,140,00738,800729,3.0,9205.0
11-09-140-00738-800730,09,140,00738,800730,14.0,130325.0
11-09-140-00738-800731,09,140,00738,800731,0.44,12785.0
11-09-140-00738-800732,09,140,00738,800732,12.0,95208.0
11-09-140-00739-119758,09,140,00739,119758,4.65,757.0
11-09-140-00739-119759,09,140,00739,119759,1.574,15324.0
11-09-140-00739-119760,09,140,00739,119760,2.982,5766.0
11-09-140-00739-119761,09,140,00739,119761,4.261,190005.0
11-09-140-00739-800733,09,140,00739,800733,34.48,516082.0
11-09-140-00739-800734,09,140,00739,800734,220.0,1648643.0
11-09-140-00739-800735,09,140,00739,800735,3.3,34914.0
11-09-140-00740-800736,09,140,00740,800736,5.3,83736.0
11-09-140-00740-800737,09,140,00740,800737,14.2,262983.0
11-09-140-00740-800738,09,140,00740,800738,5.0,5452.0
11-09-140-00741-120113,09,140,00741,120113,2.13,11499.0
11-09-140-00741-800739,09,140,00741,800739,32.0,46077.0
11-09-141-00742-120224,09,141,00742,120224,4.52,17400.0
11-09-141-00742-120225,09,141,00742,120225,6.52,15154.0
11-09-141-00742-120226,09,141,00742,120226,2.58,8479.0
11-09-141-00742-120227,09,141,00742,120227,92.1,637272.0
11-09-141-00742-120228,09,141,00742,120228,3.23,13600.0
11-09-141-00742-800740,09,141,00742,800740,6.5,91189.0
11-09-141-00743-120347,09,141,00743,120347,20.0,102054.0
11-09-141-00743-120348,09,141,00743,120348,2.18,7932.0
11-09-141-00743-800741,09,141,00743,800741,2.06,8980.0
11-09-141-00743-800742,09,141,00743,800742,9.89,13520.0
11-09-141-00744-800743,09,141,00744,800743,10.37,15454.0
11-09-141-00744-800744,09,141,00744,800744,10.03,11006.0
11-09-141-00744-800745,09,141,00744,800745,18.17,32269.0
11-09-142-00745-800746,09,142,00745,800746,1.142,81028.0
11-09-142-00745-800747,09,142,00745,800747,1.39,9213.0
11-09-142-00746-120827,09,142,00746,120827,2.41,4921.0
11-09-142-00746-800748,09,142,00746,800748,3.0,26544.0
11-09-142-00746-800749,09,142,00746,800749,37.0,230024.0
11-09-142-00746-800750,09,142,00746,800750,2.23,50823.0
11-09-142-00747-800751,09,142,00747,800751,5.45,10188.0
11-09-142-00747-800752,09,142,00747,800752,5.17,44415.0
11-09-142-00747-800753,09,142,00747,800753,6.4,14992.0
11-09-142-00747-800754,09,142,00747,800754,8.0,17247.0
11-09-142-00748-800755,09,142,00748,800755,5.6,29087.0
11-09-142-00748-800756,09,142,00748,800756,14.46,59858.0
11-09-142-00749-800757,09,142,00749,800757,2.33,39818.0
11-09-142-00749-800758,09,142,00749,800758,7.2,22775.0
11-09-142-00750-800759,09,142,00750,800759,9.0,37969.0
11-09-142-00750-800760,09,142,00750,800760,20.03,20672.0
11-09-142-00750-800761,09,142,00750,800761,7.33,11373.0
11-09-142-00751-121690,09,142,00751,121690,2.7,6541.0
11-09-142-00751-121691,09,142,00751,121691,9.659,21383.0
11-09-142-00751-121692,09,142,00751,121692,3.31,7351.0
11-09-142-00751-800762,09,142,00751,800762,16.7,121207.0
11-09-143-00752-800763,09,143,00752,800763,7.95,18387.0
11-09-143-00752-800764,09,143,00752,800764,15.54,35751.0
11-09-143-00753-122031,09,143,00753,122031,380.0,5886.0
11-09-143-00754-122337,09,143,00754,122337,3.18,5576.0
11-09-143-00754-800765,09,143,00754,800765,16.25,50412.0
11-09-143-00754-800766,09,143,00754,800766,18.6,21146.0
11-09-143-00755-122709,09,143,00755,122709,6.0,7791.0
11-09-143-00755-122710,09,143,00755,122710,1.5,9267.0
11-09-143-00755-122711,09,143,00755,122711,1.5,11785.0
11-09-143-00755-122712,09,143,00755,122712,5.0,6920.0
11-09-143-00755-122713,09,143,00755,122713,1.5,15763.0
11-09-143-00755-122714,09,143,00755,122714,3.01,5499.0
11-09-143-00755-122715,09,143,00755,122715,2.81,9381.0
11-09-143-00755-122716,09,143,00755,122716,2.0,18897.0
11-09-143-00755-122717,09,143,00755,122717,1.5,13241.0
11-09-143-00755-122718,09,143,00755,122718,1.5,20511.0
11-09-143-00755-800767,09,143,00755,800767,15.4,13690.0
11-09-143-00755-800768,09,143,00755,800768,40.43,874408.0
11-09-143-00755-800769,09,143,00755,800769,17.62,20238.0
11-09-143-00755-800770,09,143,00755,800770,14.2,12244.0
11-09-143-00755-800771,09,143,00755,800771,12.62,11518.0
11-09-143-00755-800772,09,143,00755,800772,17.47,7124.0
11-09-143-00756-800773,09,143,00756,800773,4.0,15478.0
11-09-143-00756-800774,09,143,00756,800774,13.5,6278.0
11-09-144-00757-800775,09,144,00757,800775,0.29,13291.0
11-09-144-00758-800776,09,144,00758,800776,2.83,46038.0
11-09-144-00758-800777,09,144,00758,800777,12.0,21885.0
11-09-144-00758-800778,09,144,00758,800778,1.5,6621.0
11-09-144-00759-123440,09,144,00759,123440,1.08,5982.0
11-09-144-00759-123441,09,144,00759,123441,3.39,11620.0
11-09-144-00759-123442,09,144,00759,123442,1.95,6269.0
11-09-144-00759-800779,09,144,00759,800779,10.42,14484.0
11-09-144-00759-800780,09,144,00759,800780,6.76,143020.0
11-09-144-00759-800781,09,144,00759,800781,1.14,13637.0
11-09-144-00760-800782,09,144,00760,800782,3.97,40926.0
11-09-144-00760-800783,09,144,00760,800783,0.56,8920.0
11-09-145-00761-800784,09,145,00761,800784,4.5,60074.0
11-09-145-00761-800785,09,145,00761,800785,10.03,11517.0
11-09-145-00761-800786,09,145,00761,800786,8.73,11184.0
11-09-145-00761-800787,09,145,00761,800787,14.0,23537.0
11-09-145-00761-800788,09,145,00761,800788,1.25,13173.0
11-09-145-00762-800789,09,145,00762,800789,5.0,8991.0
11-09-145-00763-124214,09,145,00763,124214,2.31,6280.0
11-09-145-00763-800790,09,145,00763,800790,7.0,21344.0
11-09-145-00763-800791,09,145,00763,800791,1.47,4916.0
11-09-145-00763-800792,09,145,00763,800792,2.01,10995.0
11-09-145-00763-800793,09,145,00763,800793,1.56,11813.0
11-09-145-00764-124455,09,145,00764,124455,3.46,8683.0
11-09-145-00764-124456,09,145,00764,124456,3.46,14455.0
11-09-145-00764-124457,09,145,00764,124457,2.69,8632.0
11-09-145-00764-124458,09,145,00764,124458,2.14,8862.0
11-09-145-00764-124459,09,145,00764,124459,1.76,12536.0
11-09-145-00764-124460,09,145,00764,124460,2.87,15792.0
11-09-145-00764-124461,09,145,00764,124461,11.21,14559.0
11-09-145-00764-800794,09,145,00764,800794,1.0,10412.0
11-09-145-00764-800795,09,145,00764,800795,13.5,63005.0
11-09-145-00764-800796,09,145,00764,800796,4.0,7511.0
11-09-145-00764-800797,09,145,00764,800797,8.0,22576.0
11-09-145-00764-800798,09,145,00764,800798,1.85,9556.0
11-09-145-00764-800799,09,145,00764,800799,28.05,349909.0
11-09-145-00764-800800,09,145,00764,800800,10.86,25681.0
11-09-146-00765-124572,09,146,00765,124572,2.58,8625.0
11-09-146-00765-800801,09,146,00765,800801,4.0,21897.0
11-09-146-00766-124689,09,146,00766,124689,6.04,6061.0
11-09-146-00766-124690,09,146,00766,124690,3.41,16020.0
11-09-146-00766-124691,09,146,00766,124691,6.11,7884.0
11-09-146-00766-124692,09,146,00766,124692,2.63,13269.0
11-09-146-00766-124693,09,146,00766,124693,1.12,12335.0
11-09-146-00766-124694,09,146,00766,124694,6.62,12063.0
11-09-146-00766-124695,09,146,00766,124695,1.73,5438.0
11-09-146-00766-124696,09,146,00766,124696,1.38,4500.0
11-09-146-00766-124697,09,146,00766,124697,1.35,11103.0
11-09-146-00766-124698,09,146,00766,124698,7.08,28990.0
11-09-146-00766-124699,09,146,00766,124699,1.9,12941.0
11-09-146-00766-800802,09,146,00766,800802,6.55,2830.0
11-09-146-00766-800803,09,146,00766,800803,0.31,2039.0
11-09-146-00766-800804,09,146,00766,800804,120.57,1585704.0
11-09-146-00766-800805,09,146,00766,800805,11.56,53053.0
11-09-146-00767-124869,09,146,00767,124869,16.3,15582.0
11-09-146-00767-800806,09,146,00767,800806,8.0,22781.0
11-09-146-00767-800807,09,146,00767,800807,5.0,23788.0
11-09-146-00767-800808,09,146,00767,800808,8.0,32905.0
11-09-146-00768-800809,09,146,00768,800809,3.0,11575.0
11-09-146-00768-800810,09,146,00768,800810,3.0,21470.0
11-09-146-00769-800811,09,146,00769,800811,6.0,33144.0
11-09-146-00769-800812,09,146,00769,800812,6.0,23278.0
11-09-146-00770-800813,09,146,00770,800813,4.12,18709.0
11-09-146-00770-800814,09,146,00770,800814,3.6,16211.0
11-09-147-00771-125502,09,147,00771,125502,6.52,7404.0
11-09-147-00771-125503,09,147,00771,125503,1.63,7079.0
11-09-147-00771-800815,09,147,00771,800815,8.25,50423.0
11-09-147-00772-800816,09,147,00772,800816,21.35,604214.0
11-09-147-00773-800817,09,147,00773,800817,6.39,6887.0
11-09-147-00773-800818,09,147,00773,800818,6.0,10648.0
11-09-147-00774-126213,09,147,00774,126213,1.0,7012.0
11-09-147-00774-800819,09,147,00774,800819,8.48,107404.0
11-09-147-00774-800820,09,147,00774,800820,2.14,32098.0
11-09-148-00775-800821,09,148,00775,800821,12.6,24969.0
11-09-148-00775-800822,09,148,00775,800822,4.0,5665.0
11-09-148-00775-800823,09,148,00775,800823,13.0,15911.0
11-09-148-00775-800824,09,148,00775,800824,7.0,136557.0
11-09-148-00776-800825,09,148,00776,800825,9.58,27701.0
11-09-148-00777-800826,09,148,00777,800826,4.34,30874.0
11-09-148-00777-800827,09,148,00777,800827,9.0,23729.0
11-09-148-00777-800828,09,148,00777,800828,4.0,11938.0
11-09-148-00777-800829,09,148,00777,800829,19.0,11098.0
11-09-149-00778-800830,09,149,00778,800830,3.5,9568.0
11-09-149-00778-800831,09,149,00778,800831,4.0,18108.0
11-09-149-00778-800832,09,149,00778,800832,9.0,23665.0
11-09-149-00779-800833,09,149,00779,800833,18.342,31022.0
11-09-149-00779-800834,09,149,00779,800834,15.0,12334.0
11-09-149-00779-800835,09,149,00779,800835,10.75,6384.0
11-09-149-00779-800836,09,149,00779,800836,5.74,32780.0
11-09-149-00779-800837,09,149,00779,800837,4.35,15545.0
11-09-149-00779-800838,09,149,00779,800838,10.21,21844.0
11-09-149-00780-800839,09,149,00780,800839,15.0,7620.0
11-09-149-00780-800840,09,149,00780,800840,13.6,26604.0
11-09-149-00781-800841,09,149,00781,800841,7.45,66204.0
11-09-149-00782-800842,09,149,00782,800842,10.0,9471.0
11-09-149-00782-800843,09,149,00782,800843,6.5,62039.0
11-09-149-00782-800844,09,149,00782,800844,6.1,159285.0
11-09-149-00782-800845,09,149,00782,800845,6.1,8053.0
11-09-149-00782-800846,09,149,00782,800846,6.3,5539.0
11-09-149-00782-800847,09,149,00782,800847,4.5,10627.0
11-09-149-00783-800848,09,149,00783,800848,2.59,37986.0
11-09-149-00783-800849,09,149,00783,800849,7.84,23985.0
11-09-149-00783-800850,09,149,00783,800850,6.0,26244.0
11-09-149-00783-800851,09,149,00783,800851,8.0,13327.0
11-09-149-00783-800852,09,149,00783,800852,2.0,16361.0
11-09-150-00784-800853,09,150,00784,800853,5.98,68413.0
11-09-150-00784-800854,09,150,00784,800854,1.2,7673.0
11-09-150-00784-800855,09,150,00784,800855,1.65,20977.0
11-09-150-00784-800856,09,150,00784,800856,5.0,20815.0
11-09-150-00784-800857,09,150,00784,800857,5.6,16247.0
11-09-150-00785-800858,09,150,00785,800858,6.0,25815.0
11-09-150-00785-800859,09,150,00785,800859,4.56,17542.0
11-09-150-00785-800860,09,150,00785,800860,7.0,26607.0
11-09-150-00785-800861,09,150,00785,800861,5.0,16950.0
11-09-150-00786-130130,09,150,00786,130130,7.0,4014.0
11-09-150-00786-800862,09,150,00786,800862,3.56,15975.0
11-09-150-00786-800863,09,150,00786,800863,15.0,55629.0
11-09-150-00786-800864,09,150,00786,800864,2.2,23650.0
11-09-150-00787-130470,09,150,00787,130470,3.39,11554.0
11-09-150-00787-130471,09,150,00787,130471,1.37,11191.0
11-09-150-00787-130472,09,150,00787,130472,2.33,9439.0
11-09-150-00787-130473,09,150,00787,130473,2.68,21812.0
11-09-150-00787-130474,09,150,00787,130474,1.1,8852.0
11-09-150-00787-130475,09,150,00787,130475,1.81,6946.0
11-09-150-00787-130476,09,150,00787,130476,5.0,9713.0
11-09-150-00787-130477,09,150,00787,130477,2.45,17949.0
11-09-150-00787-800865,09,150,00787,800865,6.0,23727.0
11-09-150-00787-800866,09,150,00787,800866,106.43,904797.0
11-09-150-00787-800867,09,150,00787,800867,17.12,30003.0
11-09-150-00787-800868,09,150,00787,800868,3.6,23184.0
11-09-150-00787-800869,09,150,00787,800869,10.0,17186.0
11-09-150-00788-130808,09,150,00788,130808,1.93,9447.0
11-09-150-00788-800870,09,150,00788,800870,26.0,15332.0
11-09-150-00788-800871,09,150,00788,800871,2.21,39241.0
11-09-150-00789-800872,09,150,00789,800872,3.47,9480.0
11-09-150-00789-800873,09,150,00789,800873,9.43,78249.0
11-09-151-00790-131660,09,151,00790,131660,2.22,17472.0
11-09-151-00790-131661,09,151,00790,131661,2.12,10803.0
11-09-151-00790-800874,09,151,00790,800874,1.4,6172.0
11-09-151-00790-800875,09,151,00790,800875,6.14,21812.0
11-09-151-00790-800876,09,151,00790,800876,3.05,14328.0
11-09-151-00790-800877,09,151,00790,800877,9.97,127988.0
11-09-151-00791-800878,09,151,00791,800878,2.5,11964.0
11-09-151-00791-800879,09,151,00791,800879,3.0,73551.0
11-09-151-00791-800880,09,151,00791,800880,3.0,16036.0
11-09-151-00792-800881,09,151,00792,800881,7.82,11282.0
11-09-151-00792-800882,09,151,00792,800882,4.0,40007.0
11-09-152-00793-800883,09,152,00793,800883,2.732099,17423.0
11-09-152-00793-800884,09,152,00793,800884,14.99,28613.0
11-09-152-00794-800885,09,152,00794,800885,4.0,14737.0
11-09-152-00794-800886,09,152,00794,800886,4.0,32440.0
11-09-152-00794-800887,09,152,00794,800887,3.48,61444.0
11-09-152-00795-800888,09,152,00795,800888,14.64,11489.0
11-09-152-00795-800889,09,152,00795,800889,11.37,329736.0
11-09-152-00795-800890,09,152,00795,800890,9.75,18116.0
11-09-152-00795-800891,09,152,00795,800891,6.75,27137.0
11-09-152-00796-800892,09,152,00796,800892,9.0,38202.0
11-09-152-00796-800893,09,152,00796,800893,3.0,14755.0
11-09-153-00797-135074,09,153,00797,135074,5.64,9936.0
11-09-153-00797-800894,09,153,00797,800894,6.89,19196.0
11-09-153-00798-800895,09,153,00798,800895,12.0,41126.0
11-09-153-00799-135522,09,153,00799,135522,1.45,10784.0
11-09-153-00799-800896,09,153,00799,800896,7.5,13416.0
11-09-153-00799-800897,09,153,00799,800897,10.04,60172.0
11-09-153-00800-136058,09,153,00800,136058,4.0,11325.0
11-09-153-00800-800898,09,153,00800,800898,10.0,44968.0
11-09-153-00800-800899,09,153,00800,800899,3.09,14196.0
11-09-153-00801-136543,09,153,00801,136543,2.12,13092.0
11-09-153-00801-800900,09,153,00801,800900,10.0,151993.0
11-09-153-00801-800901,09,153,00801,800901,5.0,33355.0
11-09-153-00801-800902,09,153,00801,800902,5.04,12958.0
11-09-153-00802-800903,09,153,00802,800903,5.2,24518.0
11-09-154-00803-800904,09,154,00803,800904,4.3,21331.0
11-09-154-00803-800905,09,154,00803,800905,3.0,18388.0
11-09-154-00804-137766,09,154,00804,137766,2.0,10881.0
11-09-154-00804-800906,09,154,00804,800906,9.0,48538.0
11-09-154-00804-800907,09,154,00804,800907,35.0,177234.0
11-09-154-00804-800908,09,154,00804,800908,4.09,20920.0
11-09-154-00805-800909,09,154,00805,800909,12.98,61990.0
11-09-154-00805-800910,09,154,00805,800910,1.5,26052.0
11-09-154-00806-800911,09,154,00806,800911,7.77,55780.0
11-09-154-00807-800912,09,154,00807,800912,12.78,50777.0
11-09-154-00807-800913,09,154,00807,800913,2.25,13917.0
11-09-154-00808-800914,09,154,00808,800914,12.0,24976.0
11-09-155-00809-800915,09,155,00809,800915,9.7,80226.0
11-09-155-00809-800916,09,155,00809,800916,5.0,36014.0
11-09-155-00810-800917,09,155,00810,800917,5.7,18708.0
11-09-155-00811-800918,09,155,00811,800918,3.05,15526.0
11-09-155-00811-800919,09,155,00811,800919,6.42,197029.0
11-09-155-00812-800920,09,155,00812,800920,12.02,26007.0
11-09-155-00812-800921,09,155,00812,800921,5.0,29768.0
11-09-155-00812-800922,09,155,00812,800922,6.0,11523.0
11-09-155-00812-800923,09,155,00812,800923,11.8,36915.0
11-09-155-00812-800924,09,155,00812,800924,3.75,5924.0
11-09-155-00813-800925,09,155,00813,800925,6.6,15647.0
11-09-155-00813-800926,09,155,00813,800926,4.5,10173.0
11-09-155-00813-800927,09,155,00813,800927,24.62,58346.0
11-09-156-00814-800928,09,156,00814,800928,5.0,10957.0
11-09-156-00814-800929,09,156,00814,800929,3.5,44204.0
11-09-156-00814-800930,09,156,00814,800930,2.0,6715.0
11-09-156-00814-800931,09,156,00814,800931,3.0,6318.0
11-09-156-00814-800932,09,156,00814,800932,8.5,25688.0
11-09-156-00814-800933,09,156,00814,800933,4.27,6770.0
11-09-156-00815-800934,09,156,00815,800934,5.0,6466.0
11-09-156-00815-800935,09,156,00815,800935,2.0,7697.0
11-09-156-00815-800936,09,156,00815,800936,1.75,7928.0
11-09-156-00815-800937,09,156,00815,800937,4.0,15071.0
11-09-156-00815-800938,09,156,00815,800938,3.0,7577.0
11-09-156-00815-800939,09,156,00815,800939,1.62,11545.0
11-09-156-00816-142394,09,156,00816,142394,2.45,7748.0
11-09-156-00816-142395,09,156,00816,142395,3.28,26475.0
11-09-156-00816-142396,09,156,00816,142396,2.57,25310.0
11-09-156-00816-800940,09,156,00816,800940,21.5,177658.0
11-09-156-00816-800941,09,156,00816,800941,4.91,84072.0
11-09-156-00817-800942,09,156,00817,800942,3.74,24467.0
11-09-156-00817-800943,09,156,00817,800943,4.0,15484.0
11-09-156-00818-800944,09,156,00818,800944,2.3,6501.0
11-09-156-00818-800945,09,156,00818,800945,0.42,6995.0
11-09-157-00819-800946,09,157,00819,800946,6.0,17818.0
11-09-157-00820-800947,09,157,00820,800947,4.06,8557.0
11-09-157-00820-800948,09,157,00820,800948,0.9,7305.0
11-09-157-00820-800949,09,157,00820,800949,41.9,49166.0
11-09-157-00821-143558,09,157,00821,143558,11.73,12157.0
11-09-157-00821-143559,09,157,00821,143559,5.51,10655.0
11-09-157-00821-800950,09,157,00821,800950,9.047,19403.0
11-09-157-00821-800951,09,157,00821,800951,348.8,2817105.0
11-09-157-00821-800952,09,157,00821,800952,27.56,63003.0
11-09-157-00822-800953,09,157,00822,800953,6.0,9649.0
11-09-157-00822-800954,09,157,00822,800954,2.4,13530.0
11-09-157-00822-800955,09,157,00822,800955,6.8,10648.0
11-09-158-00823-800956,09,158,00823,800956,2.23,12521.0
11-09-158-00823-800957,09,158,00823,800957,1.69,6673.0
11-09-158-00824-800958,09,158,00824,800958,0.8,26735.0
11-09-158-00825-800959,09,158,00825,800959,50.12,191316.0
11-09-158-00826-800960,09,158,00826,800960,4.12,23124.0
11-09-158-00827-800961,09,158,00827,800961,8.38,9983.0
11-09-158-00828-800962,09,158,00828,800962,1.65,11033.0
11-09-158-00829-800963,09,158,00829,800963,6.0,11853.0
11-09-158-00829-800964,09,158,00829,800964,1.5,14757.0
11-09-159-00830-800965,09,159,00830,800965,1.0,10281.0
11-09-159-00830-800966,09,159,00830,800966,2.035,34384.0
11-09-159-00830-800967,09,159,00830,800967,4.0,28454.0
11-09-159-00832-146567,09,159,00832,146567,4.59,5886.0
11-09-159-00832-146568,09,159,00832,146568,0.74,5642.0
11-09-159-00832-800968,09,159,00832,800968,19.11,276581.0
11-09-159-00832-800969,09,159,00832,800969,4.29,14793.0
11-09-159-00832-800970,09,159,00832,800970,10.0,24687.0
11-09-159-00832-800971,09,159,00832,800971,2.59,15477.0
11-09-160-00833-800972,09,160,00833,800972,10.28,31479.0
11-09-160-00833-800973,09,160,00833,800973,16.0,46060.0
11-09-160-00833-800974,09,160,00833,800974,2.0,9209.0
11-09-160-00833-800975,09,160,00833,800975,11.0,60986.0
11-09-160-00833-800976,09,160,00833,800976,10.0,12498.0
11-09-160-00833-800977,09,160,00833,800977,4.0,11665.0
11-09-160-00834-800978,09,160,00834,800978,14.904,84862.0
11-09-160-00835-800979,09,160,00835,800979,6.0,24082.0
11-09-161-00836-800980,09,161,00836,800980,5.76,28164.0
11-09-161-00838-800981,09,161,00838,800981,28.944,256838.0
11-09-161-00838-800982,09,161,00838,800982,3.0,11310.0
11-09-161-00839-800983,09,161,00839,800983,6.0,44120.0
11-09-161-00839-800984,09,161,00839,800984,4.0,14965.0
11-09-161-00839-800985,09,161,00839,800985,2.85,10902.0
11-09-162-00841-800986,09,162,00841,800986,10.0,32252.0
11-09-162-00841-800987,09,162,00841,800987,6.0,9431.0
11-09-162-00842-148852,09,162,00842,148852,2.37,7139.0
11-09-162-00842-148853,09,162,00842,148853,8.0,11938.0
11-09-162-00842-800988,09,162,00842,800988,5.0,29284.0
11-09-162-00842-800989,09,162,00842,800989,8.0,11568.0
11-09-162-00842-800990,09,162,00842,800990,5.0,17637.0
11-09-162-00842-800991,09,162,00842,800991,10.0,27237.0
11-09-162-00842-800992,09,162,00842,800992,9.0,87736.0
11-09-163-00843-800993,09,163,00843,800993,8.0,22196.0
11-09-163-00844-800994,09,163,00844,800994,5.432,24027.0
11-09-163-00844-800995,09,163,00844,800995,15.5,7533.0
11-09-163-00845-149454,09,163,00845,149454,5.0,10011.0
11-09-163-00845-800996,09,163,00845,800996,4.0,8621.0
11-09-163-00845-800997,09,163,00845,800997,5.0,16233.0
11-09-163-00845-800998,09,163,00845,800998,5.0,20445.0
11-09-163-00846-149673,09,163,00846,149673,2.03,7383.0
11-09-163-00846-149674,09,163,00846,149674,1.15,8700.0
11-09-163-00846-800999,09,163,00846,800999,9.5,10436.0
11-09-163-00846-801000,09,163,00846,801000,15.0,24258.0
11-09-163-00847-801001,09,163,00847,801001,5.25,13580.0
11-09-164-00848-150291,09,164,00848,150291,1.78,10785.0
11-09-164-00848-801002,09,164,00848,801002,3.0,20493.0
11-09-164-00848-801003,09,164,00848,801003,4.2,11948.0
11-09-164-00849-150571,09,164,00849,150571,6.03,7526.0
11-09-164-00849-150572,09,164,00849,150572,4.7,20916.0
11-09-164-00849-150573,09,164,00849,150573,5.76,15463.0
11-09-164-00849-801004,09,164,00849,801004,8.7,11300.0
11-09-164-00849-801005,09,164,00849,801005,266.74,2768057.0
11-09-164-00849-801006,09,164,00849,801006,17.0,108534.0
11-09-164-00850-801007,09,164,00850,801007,4.0,40623.0
11-09-165-00851-801008,09,165,00851,801008,7.0,12944.0
11-09-165-00851-801009,09,165,00851,801009,4.5,9248.0
11-09-165-00851-801010,09,165,00851,801010,3.5,12858.0
11-09-165-00852-801011,09,165,00852,801011,6.34,56909.0
11-09-165-00853-801012,09,165,00853,801012,9.73,51670.0
11-09-165-00853-801013,09,165,00853,801013,5.7,14903.0
11-09-165-00854-801014,09,165,00854,801014,23.2,190575.0
11-09-165-00854-801015,09,165,00854,801015,3.1,8390.0
11-09-165-00855-801016,09,165,00855,801016,2.95,53412.0
11-09-165-00855-801017,09,165,00855,801017,5.0,7991.0
11-09-166-00856-801018,09,166,00856,801018,4.0,22455.0
11-09-166-00856-801019,09,166,00856,801019,2.27,12947.0
11-09-166-00856-801020,09,166,00856,801020,0.914,16724.0
11-09-166-00857-801021,09,166,00857,801021,2.0,9531.0
11-09-166-00857-801022,09,166,00857,801022,2.24,26869.0
11-09-166-00857-801023,09,166,00857,801023,5.0,10807.0
11-09-166-00858-801024,09,166,00858,801024,5.8,11855.0
11-09-166-00859-152726,09,166,00859,152726,5.0,5800.0
11-09-166-00859-801025,09,166,00859,801025,5.53,61449.0
11-09-166-00859-801026,09,166,00859,801026,1.61,18132.0
11-09-166-00859-801027,09,166,00859,801027,0.5,7533.0
11-09-166-00860-152869,09,166,00860,152869,10.0,7047.0
11-09-166-00860-152870,09,166,00860,152870,5.0,13232.0
11-09-166-00860-801028,09,166,00860,801028,5.89,25028.0
11-09-166-00860-801029,09,166,00860,801029,5.0,8585.0
11-09-166-00860-801030,09,166,00860,801030,150.0,505693.0
11-09-166-00860-801031,09,166,00860,801031,18.627,28343.0
11-09-166-00860-801032,09,166,00860,801032,6.8,13602.0
11-09-166-00860-801033,09,166,00860,801033,13.0,27852.0
11-09-167-00861-153038,09,167,00861,153038,11.45,2706.0
11-09-167-00861-801034,09,167,00861,801034,5.04,14176.0
11-09-167-00862-801035,09,167,00862,801035,17.35,133305.0
11-09-167-00862-801036,09,167,00862,801036,0.51,9267.0
11-09-167-00863-153624,09,167,00863,153624,5.63,6509.0
11-09-167-00863-801037,09,167,00863,801037,1.28,9415.0
11-09-168-00864-801038,09,168,00864,801038,2.25,13408.0
11-09-168-00864-801039,09,168,00864,801039,3.94,35475.0
11-09-168-00864-801040,09,168,00864,801040,7.5,39132.0
11-09-168-00865-801042,09,168,00865,801042,8.12,65056.0
11-09-168-00866-801041,09,168,00866,801041,2.0,7503.0
11-09-168-00866-801043,09,168,00866,801043,1.5,9271.0
11-09-168-00867-801044,09,168,00867,801044,6.07,40003.0
11-09-169-00868-801045,09,169,00868,801045,2.76,20096.0
11-09-169-00869-801046,09,169,00869,801046,4.0,13745.0
11-09-169-00869-801047,09,169,00869,801047,5.0,27760.0
11-09-169-00870-801048,09,169,00870,801048,12.15,95216.0
11-09-169-00870-801049,09,169,00870,801049,4.0,28564.0
11-09-170-00871-801050,09,170,00871,801050,3.0,9371.0
11-09-170-00871-801051,09,170,00871,801051,16.0,160473.0
11-09-170-00871-801052,09,170,00871,801052,4.5,11113.0
11-09-170-00872-801053,09,170,00872,801053,5.0,15156.0
11-09-170-00873-801054,09,170,00873,801054,4.0,7212.0
11-09-170-00873-801055,09,170,00873,801055,4.3,11611.0
11-09-170-00873-801056,09,170,00873,801056,10.0,47419.0
11-09-170-00874-801057,09,170,00874,801057,2.0,13400.0
11-09-171-00875-155910,09,171,00875,155910,4.3,9024.0
11-09-171-00875-801058,09,171,00875,801058,8.7,16467.0
11-09-171-00875-801059,09,171,00875,801059,7.77,57402.0
11-09-171-00876-801060,09,171,00876,801060,8.0,13439.0
11-09-172-00877-801061,09,172,00877,801061,3.13,26359.0
11-09-172-00877-801062,09,172,00877,801062,3.9,36926.0
11-09-172-00878-801063,09,172,00878,801063,2.0,11031.0
11-09-172-00878-801064,09,172,00878,801064,56.98,193193.0
11-09-172-00879-801065,09,172,00879,801065,16.0,35637.0
11-09-172-00879-801066,09,172,00879,801066,2.0,7000.0
11-09-172-00879-801067,09,172,00879,801067,3.0,11847.0
11-09-173-00881-801068,09,173,00881,801068,6.16,15435.0
11-09-173-00881-801069,09,173,00881,801069,10.0,27179.0
11-09-173-00882-158999,09,173,00882,158999,4.0,6016.0
11-09-173-00882-159000,09,173,00882,159000,1.51,8185.0
11-09-173-00882-801070,09,173,00882,801070,2.0,8504.0
11-09-173-00882-801071,09,173,00882,801071,12.0,76133.0
11-09-173-00882-801072,09,173,00882,801072,7.53,15071.0
11-09-173-00882-801073,09,173,00882,801073,2.17,7931.0
11-09-173-00883-801074,09,173,00883,801074,2.5,10788.0
11-09-174-00885-801075,09,174,00885,801075,16.31,16936.0
11-09-174-00885-801076,09,174,00885,801076,12.1,14423.0
11-09-174-00886-801077,09,174,00886,801077,14.44,16457.0
11-09-174-00886-801078,09,174,00886,801078,0.53,16467.0
11-09-174-00887-160728,09,174,00887,160728,2.71,8490.0
11-09-174-00887-160729,09,174,00887,160729,2.0,5065.0
11-09-174-00887-801079,09,174,00887,801079,1.88,17260.0
11-09-174-00887-801080,09,174,00887,801080,5.31,9820.0
11-09-174-00887-801081,09,174,00887,801081,1.89,19538.0
11-09-175-00888-161173,09,175,00888,161173,2.1,10624.0
11-09-175-00888-801082,09,175,00888,801082,3.5,19645.0
11-09-175-00888-801083,09,175,00888,801083,12.66,28288.0
11-09-175-00889-161734,09,175,00889,161734,9.0,4815.0
11-09-175-00889-161735,09,175,00889,161735,6.0,4406.0
11-09-175-00889-161736,09,175,00889,161736,2.0,20023.0
11-09-175-00889-801084,09,175,00889,801084,5.5,13878.0
11-09-175-00889-801085,09,175,00889,801085,2.62,22998.0
11-09-175-00890-161836,09,175,00890,161836,2.38,10749.0
11-09-175-00890-161837,09,175,00890,161837,4.18,8342.0
11-09-175-00890-801086,09,175,00890,801086,70.05,1168385.0
11-09-175-00890-801087,09,175,00890,801087,18.068,26944.0
11-09-175-00891-162178,09,175,00891,162178,1.36,5483.0
11-09-175-00891-162179,09,175,00891,162179,5.0,7125.0
11-09-175-00891-801088,09,175,00891,801088,2.0,17785.0
11-09-175-00892-162513,09,175,00892,162513,4.6,6408.0
11-09-175-00892-162514,09,175,00892,162514,7.22,12190.0
11-09-175-00892-162515,09,175,00892,162515,2.0,4876.0
11-09-175-00892-162516,09,175,00892,162516,1.19,4066.0
11-09-175-00892-162517,09,175,00892,162517,6.34,5552.0
11-09-175-00892-162518,09,175,00892,162518,0.28,4641.0
11-09-175-00893-801089,09,175,00893,801089,5.42,21798.0
11-09-175-00894-801090,09,175,00894,801090,1.75,12686.0
11-09-175-00894-801091,09,175,00894,801091,2.59,16345.0
11-09-175-00895-801092,09,175,00895,801092,7.0,14821.0
11-09-176-00896-801093,09,176,00896,801093,8.0,35582.0
11-09-176-00897-801094,09,176,00897,801094,9.35,14255.0
11-09-176-00898-164843,09,176,00898,164843,2.19,5682.0
11-09-176-00898-164844,09,176,00898,164844,2.11027,11858.0
11-09-176-00898-164845,09,176,00898,164845,5.0,27207.0
11-09-176-00898-801095,09,176,00898,801095,0.83,15662.0
11-09-176-00898-801096,09,176,00898,801096,3.63,81486.0
11-09-176-00898-801097,09,176,00898,801097,4.33,21317.0
11-09-176-00898-801098,09,176,00898,801098,5.0,12107.0
11-09-176-00898-801099,09,176,00898,801099,2.5,34443.0
11-09-176-00899-801100,09,176,00899,801100,3.0,9456.0
11-09-176-00900-801101,09,176,00900,801101,6.38,18338.0
11-09-176-00901-801102,09,176,00901,801102,7.84,12438.0
11-09-176-00901-801103,09,176,00901,801103,2.0,17200.0
11-09-176-00901-801104,09,176,00901,801104,2.0,13772.0
11-09-177-00902-801105,09,177,00902,801105,8.0,43091.0
11-09-177-00904-801106,09,177,00904,801106,3.0,13154.0
11-09-177-00905-166581,09,177,00905,166581,3.0,6478.0
11-09-177-00905-166582,09,177,00905,166582,2.0,9618.0
11-09-177-00905-166583,09,177,00905,166583,1.0,7019.0
11-09-177-00905-801107,09,177,00905,801107,19.68,12391.0
11-09-177-00905-801108,09,177,00905,801108,16.02,165228.0
11-09-177-00905-801109,09,177,00905,801109,10.24,55890.0
11-09-177-00905-801110,09,177,00905,801110,2.0,12931.0
11-09-177-00906-801111,09,177,00906,801111,9.83,14453.0
11-09-178-00907-167328,09,178,00907,167328,0.6374,6445.0
11-09-178-00907-801112,09,178,00907,801112,3.0,13136.0
11-09-178-00907-801113,09,178,00907,801113,10.46,95516.0
11-09-178-00907-801114,09,178,00907,801114,5.0,15838.0
11-09-178-00909-168112,09,178,00909,168112,1.01,6376.0
11-09-178-00909-801115,09,178,00909,801115,0.341,31972.0
11-09-178-00910-801116,09,178,00910,801116,72.47,111447.0
11-09-179-00912-169021,09,179,00912,169021,7.1,11605.0
11-09-179-00912-169022,09,179,00912,169022,1.48,5702.0
11-09-179-00912-169023,09,179,00912,169023,1.42,7345.0
11-09-179-00912-801117,09,179,00912,801117,0.59,7999.0
11-09-179-00914-169575,09,179,00914,169575,1.13,6524.0
11-09-179-00914-801118,09,179,00914,801118,0.72,13849.0
11-09-179-00915-170003,09,179,00915,170003,2.953,8304.0
11-09-179-00915-801119,09,179,00915,801119,12.0,107640.0
11-09-179-00917-801120,09,179,00917,801120,1.69,8927.0
11-09-179-00918-801121,09,179,00918,801121,6.0,14011.0
11-09-179-00918-801122,09,179,00918,801122,4.0,8010.0
11-09-180-00919-171633,09,180,00919,171633,5.42,16445.0
11-09-180-00919-801123,09,180,00919,801123,2.0,48337.0
11-09-180-00921-801124,09,180,00921,801124,7.54,13750.0
11-09-180-00921-801125,09,180,00921,801125,13.3,186223.0
11-09-180-00922-801126,09,180,00922,801126,3.0,19289.0
11-09-181-00923-801127,09,181,00923,801127,5.5,23780.0
11-09-181-00924-801128,09,181,00924,801128,0.721,14869.0
11-09-182-00925-173406,09,182,00925,173406,4.33,4302.0
11-09-182-00925-801129,09,182,00925,801129,36.28,82488.0
11-09-182-00926-173796,09,182,00926,173796,3.79,5748.0
11-09-182-00926-801130,09,182,00926,801130,2.06,24488.0
11-09-182-00926-801131,09,182,00926,801131,3.0,17220.0
11-09-182-00927-801132,09,182,00927,801132,4.5,32145.0
11-09-183-00928-174749,09,183,00928,174749,4.0,10195.0
11-09-183-00928-174750,09,183,00928,174750,4.80558,14391.0
11-09-183-00928-174751,09,183,00928,174751,2.30819,4609.0
11-09-183-00928-801133,09,183,00928,801133,1.0,10472.0
11-09-183-00928-801134,09,183,00928,801134,24.62,114046.0
11-09-183-00929-801135,09,183,00929,801135,0.32,8108.0
11-09-183-00929-801136,09,183,00929,801136,1.781,29435.0
11-09-183-00930-801137,09,183,00930,801137,3.51,17314.0
11-09-183-00931-175980,09,183,00931,175980,1.215,6998.0
11-09-183-00931-801138,09,183,00931,801138,7.0,9461.0
11-09-184-00932-801139,09,184,00932,801139,6.0,14492.0
11-09-184-00932-801140,09,184,00932,801140,2.75,9326.0
11-09-184-00933-801141,09,184,00933,801141,9.0,25422.0
11-09-184-00933-801142,09,184,00933,801142,10.0,24444.0
11-09-184-00934-801143,09,184,00934,801143,13.0,41057.0
11-09-184-00935-178061,09,184,00935,178061,2.2613,8253.0
11-09-184-00936-178487,09,184,00936,178487,2.112,6999.0
11-09-184-00936-801144,09,184,00936,801144,12.0,30698.0
11-09-185-00938-801145,09,185,00938,801145,3.4,9158.0
11-09-185-00938-801146,09,185,00938,801146,3.09,14282.0
11-09-185-00939-801147,09,185,00939,801147,19.47,114657.0
11-09-186-00941-801148,09,186,00941,801148,3.0,27897.0
11-09-186-00942-182983,09,186,00942,182983,1.0,8477.0
11-09-186-00942-182984,09,186,00942,182984,2.0,13844.0
11-09-186-00942-801149,09,186,00942,801149,7.0,47847.0
11-09-186-00942-801150,09,186,00942,801150,4.0,19181.0
11-09-186-00943-801151,09,186,00943,801151,9.0,11285.0
11-09-187-00944-183830,09,187,00944,183830,1.54,6286.0
11-09-187-00944-801152,09,187,00944,801152,8.0,33753.0
11-09-187-00945-801153,09,187,00945,801153,6.57,18414.0
11-09-187-00945-801154,09,187,00945,801154,8.0,20963.0
11-09-187-00946-801155,09,187,00946,801155,4.0,10113.0
11-09-187-00947-801156,09,187,00947,801156,8.0,11271.0
11-09-187-00947-801157,09,187,00947,801157,18.0,33930.0
11-09-188-00948-801158,09,188,00948,801158,6.0,13517.0
11-09-188-00949-185391,09,188,00949,185391,1.0,6270.0
11-09-188-00949-801159,09,188,00949,801159,25.0,32886.0
11-09-188-00950-185901,09,188,00950,185901,6.0,8534.0
11-09-188-00950-185902,09,188,00950,185902,7.0,8328.0
11-09-188-00950-185903,09,188,00950,185903,1.16,7139.0
11-09-188-00950-185904,09,188,00950,185904,1.51,5051.0
11-09-188-00950-185905,09,188,00950,185905,1.21,4581.0
11-09-188-00950-801160,09,188,00950,801160,141.016,673446.0
11-09-188-00950-801161,09,188,00950,801161,8.0,15621.0
11-09-188-00951-801162,09,188,00951,801162,6.0,10818.0
11-09-188-00952-801163,09,188,00952,801163,0.751,15313.0
11-09-188-00954-801164,09,188,00954,801164,4.0,13335.0
11-09-188-00954-801165,09,188,00954,801165,6.0,21290.0
11-09-189-00955-801166,09,189,00955,801166,5.0,16117.0
11-09-189-00955-801167,09,189,00955,801167,6.89,49723.0
11-09-189-00956-801168,09,189,00956,801168,9.0,14433.0
11-09-189-00956-801169,09,189,00956,801169,10.0,23526.0
11-09-189-00956-801170,09,189,00956,801170,3.2,12801.0
11-09-189-00957-189407,09,189,00957,189407,1.61,6216.0
11-09-189-00957-801171,09,189,00957,801171,21.0,22214.0
11-09-189-00958-801172,09,189,00958,801172,8.0,23077.0
11-09-190-00959-801173,09,190,00959,801173,0.37,6468.0
11-09-190-00959-801174,09,190,00959,801174,1.79,9943.0
11-09-190-00959-801175,09,190,00959,801175,16.19,129479.0
11-09-190-00960-801176,09,190,00960,801176,16.0,34014.0
11-09-190-00961-801177,09,190,00961,801177,8.0,36459.0
11-09-190-00962-801178,09,190,00962,801178,6.0,15352.0
11-09-190-00962-801179,09,190,00962,801179,10.57,20818.0
11-09-190-00962-801180,09,190,00962,801180,4.0,21124.0
11-09-190-00962-801181,09,190,00962,801181,10.0,28307.0
11-09-190-00963-801182,09,190,00963,801182,4.0,14839.0
11-09-191-00964-801183,09,191,00964,801183,2.0,9374.0
11-09-191-00965-801184,09,191,00965,801184,11.5,6735.0
11-09-191-00965-801185,09,191,00965,801185,4.98,13096.0
11-09-191-00965-801186,09,191,00965,801186,4.0,11816.0
11-09-191-00965-801187,09,191,00965,801187,3.13,12160.0
11-09-191-00966-194082,09,191,00966,194082,1.36,5189.0
11-09-191-00966-194083,09,191,00966,194083,0.61,8820.0
11-09-191-00966-194084,09,191,00966,194084,3.48,6225.0
11-09-191-00966-194085,09,191,00966,194085,0.796,15367.0
11-09-191-00966-194086,09,191,00966,194086,1.1,7853.0
11-09-191-00966-194087,09,191,00966,194087,3.66,30339.0
11-09-191-00966-194088,09,191,00966,194088,3.12,8195.0
11-09-191-00966-801188,09,191,00966,801188,9.0,70463.0
11-09-191-00966-801189,09,191,00966,801189,12.7,110983.0
11-09-191-00967-801190,09,191,00967,801190,1.84,13848.0
11-09-191-00967-801191,09,191,00967,801191,5.0,19055.0
11-09-191-00968-195176,09,191,00968,195176,5.0,6246.0
11-09-191-00968-801192,09,191,00968,801192,5.5,9329.0
11-09-191-00969-801193,09,191,00969,801193,2.99,13467.0
11-09-191-00970-801194,09,191,00970,801194,5.0,14841.0
11-09-192-00971-801195,09,192,00971,801195,5.0,11799.0
11-09-192-00971-801196,09,192,00971,801196,0.61,5234.0
11-09-192-00971-801197,09,192,00971,801197,11.0,39165.0
11-09-192-00972-196761,09,192,00972,196761,1.02,4837.0
11-09-192-00973-197188,09,192,00973,197188,1.09,6427.0
11-09-192-00973-197189,09,192,00973,197189,1.5,4405.0
11-09-192-00973-197190,09,192,00973,197190,1.5,14157.0
11-09-192-00973-801198,09,192,00973,801198,7.7,34782.0
11-09-192-00973-801199,09,192,00973,801199,4.5,13717.0
11-09-192-00973-801200,09,192,00973,801200,39.0,278745.0
11-09-192-00974-197677,09,192,00974,197677,6.18,25589.0
11-09-192-00974-197678,09,192,00974,197678,1.69,5555.0
11-09-192-00974-197679,09,192,00974,197679,0.42,13016.0
11-09-192-00974-801201,09,192,00974,801201,12.0,41780.0
11-09-193-00975-801202,09,193,00975,801202,11.5,20404.0
11-09-193-00976-801203,09,193,00976,801203,6.5,23986.0
11-09-193-00977-801204,09,193,00977,801204,6.0,31765.0
11-09-193-00978-199391,09,193,00978,199391,2.0,6523.0
11-09-193-00978-199392,09,193,00978,199392,1.0,7063.0
11-09-193-00978-801205,09,193,00978,801205,6.0,21879.0
11-09-193-00978-801206,09,193,00978,801206,16.0,104424.0
11-09-193-00979-801207,09,193,00979,801207,6.0,19890.0
11-09-193-00979-801208,09,193,00979,801208,3.5,21201.0
11-09-193-00979-801209,09,193,00979,801209,5.58,20615.0
11-09-193-00979-801210,09,193,00979,801210,4.12,26359.0
11-09-194-00981-801211,09,194,00981,801211,4.0,26556.0
11-09-194-00981-801212,09,194,00981,801212,6.0,19438.0
11-09-194-00983-801213,09,194,00983,801213,2.5,20004.0
11-09-194-00983-801214,09,194,00983,801214,2.36,26107.0
11-09-194-00984-202318,09,194,00984,202318,1.72,5618.0
11-09-194-00984-202319,09,194,00984,202319,0.66,5108.0
11-09-194-00984-202320,09,194,00984,202320,1.44,4800.0
11-09-194-00984-801215,09,194,00984,801215,25.3,180362.0
11-09-194-00984-801216,09,194,00984,801216,2.46,10792.0
11-09-194-00985-203003,09,194,00985,203003,5.0,6212.0
11-09-194-00985-801217,09,194,00985,801217,4.43,22778.0
11-09-194-00986-203428,09,194,00986,203428,1.44,5280.0
11-09-194-00986-801218,09,194,00986,801218,3.0,13525.0
11-09-195-00987-801219,09,195,00987,801219,4.0,12361.0
11-09-195-00988-801220,09,195,00988,801220,5.21,24338.0
11-09-195-00989-801221,09,195,00989,801221,4.11,12223.0
11-09-195-00989-801222,09,195,00989,801222,18.3,121020.0
11-09-195-00990-801223,09,195,00990,801223,5.0,19992.0
11-09-195-00990-801224,09,195,00990,801224,6.35,38328.0
11-09-195-00991-801225,09,195,00991,801225,10.0,12855.0
11-09-195-00991-801226,09,195,00991,801226,9.36,33243.0
11-09-196-00992-207292,09,196,00992,207292,1.0,7394.0
11-09-196-00993-207806,09,196,00993,207806,1.63,8515.0
11-09-196-00993-207807,09,196,00993,207807,0.87,7891.0
11-09-196-00993-207808,09,196,00993,207808,0.98,7971.0
11-09-196-00993-207809,09,196,00993,207809,0.83,13757.0
11-09-196-00993-207810,09,196,00993,207810,0.93,8243.0
11-09-196-00993-801227,09,196,00993,801227,16.55,109650.0
11-09-196-00993-801228,09,196,00993,801228,15.0,20441.0
11-09-196-00993-801229,09,196,00993,801229,5.76,23020.0
11-09-196-00993-801230,09,196,00993,801230,2.17,18315.0
11-09-196-00994-801231,09,196,00994,801231,8.0,17356.0
11-09-197-00995-208865,09,197,00995,208865,4.2,11383.0
11-09-197-00996-209729,09,197,00996,209729,3.98,12470.0
11-09-197-00996-209730,09,197,00996,209730,4.4,6295.0
11-09-197-00996-209731,09,197,00996,209731,4.0,6352.0
11-09-197-00996-209732,09,197,00996,209732,4.0,5139.0
11-09-197-00996-209733,09,197,00996,209733,3.37,8233.0
11-09-197-00996-209734,09,197,00996,209734,1.41,5870.0
11-09-197-00996-209735,09,197,00996,209735,2.491,6195.0
11-09-197-00996-209736,09,197,00996,209736,0.66,6427.0
11-09-197-00996-209737,09,197,00996,209737,0.56,5553.0
11-09-197-00996-209738,09,197,00996,209738,1.59,7377.0
11-09-197-00996-209739,09,197,00996,209739,1.66,5381.0
11-09-197-00996-209740,09,197,00996,209740,0.68,7710.0
11-09-197-00996-209741,09,197,00996,209741,2.65,6577.0
11-09-197-00996-209742,09,197,00996,209742,1.21,6033.0
11-09-197-00996-209743,09,197,00996,209743,2.33,10454.0
11-09-197-00996-209744,09,197,00996,209744,4.85,11350.0
11-09-197-00996-209745,09,197,00996,209745,1.61,12156.0
11-09-197-00996-209746,09,197,00996,209746,1.35,7269.0
11-09-197-00996-209747,09,197,00996,209747,2.78,6429.0
11-09-197-00996-209748,09,197,00996,209748,1.7,6934.0
11-09-197-00996-209749,09,197,00996,209749,1.43,6153.0
11-09-197-00996-209750,09,197,00996,209750,1.32,10126.0
11-09-197-00996-209751,09,197,00996,209751,1.9,4653.0
11-09-197-00996-209752,09,197,00996,209752,1.83,5825.0
11-09-197-00996-209753,09,197,00996,209753,0.91,4824.0
11-09-197-00996-209754,09,197,00996,209754,0.791,15384.0
11-09-197-00996-209755,09,197,00996,209755,1.83,14394.0
11-09-197-00996-209756,09,197,00996,209756,1.24,25596.0
11-09-197-00996-209757,09,197,00996,209757,2.11,20466.0
11-09-197-00996-209758,09,197,00996,209758,1.14,16405.0
11-09-197-00996-209759,09,197,00996,209759,0.51,11685.0
11-09-197-00996-209760,09,197,00996,209760,0.95,5124.0
11-09-197-00996-209761,09,197,00996,209761,0.9,11228.0
11-09-197-00996-801232,09,197,00996,801232,2.0,7561.0
11-09-197-00996-801233,09,197,00996,801233,4.72,14119.0
11-09-197-00996-801234,09,197,00996,801234,3.0,14298.0
11-09-197-00996-801235,09,197,00996,801235,82.1,1198491.0
11-09-197-00996-801236,09,197,00996,801236,3.624,49132.0
11-09-198-00997-210167,09,198,00997,210167,0.11,6769.0
11-09-198-00997-801237,09,198,00997,801237,6.54,18843.0
11-09-198-00997-801238,09,198,00997,801238,8.0,13408.0
11-09-198-00997-801239,09,198,00997,801239,8.0,94620.0
11-09-198-00998-210622,09,198,00998,210622,2.0,6286.0
11-09-198-00998-210623,09,198,00998,210623,1.6,5580.0
11-09-198-00998-801240,09,198,00998,801240,2.25,12808.0
11-09-198-00998-801241,09,198,00998,801241,6.64,19058.0
11-09-198-00999-210982,09,198,00999,210982,4.12,5241.0
11-09-198-00999-801242,09,198,00999,801242,5.0,25929.0
11-09-198-00999-801243,09,198,00999,801243,5.0,20760.0
11-09-199-01000-211672,09,199,01000,211672,1.56,4568.0
11-09-199-01000-211673,09,199,01000,211673,2.51,7665.0
11-09-199-01000-211674,09,199,01000,211674,1.5,4926.0
11-09-199-01000-211675,09,199,01000,211675,2.5,5420.0
11-09-199-01000-211676,09,199,01000,211676,0.74,6629.0
11-09-199-01000-801244,09,199,01000,801244,38.85,234871.0
11-09-199-01000-801245,09,199,01000,801245,5.5,15958.0
11-09-199-01003-212949,09,199,01003,212949,1.26,5378.0
11-09-199-01003-801246,09,199,01003,801246,14.0,37185.0
11-09-199-01003-801247,09,199,01003,801247,4.8,24967.0
11-09-200-01004-801248,09,200,01004,801248,3.23,7291.0
11-09-200-01005-214088,09,200,01005,214088,30.71,21082.0
11-09-200-01005-801249,09,200,01005,801249,3.5,36689.0
11-09-200-01005-801250,09,200,01005,801250,4.22,6883.0
11-09-200-01005-801251,09,200,01005,801251,5.0,14302.0
11-09-200-01005-801252,09,200,01005,801252,16.0,46574.0
11-09-200-01006-214380,09,200,01006,214380,1.0,5221.0
11-09-200-01006-214381,09,200,01006,214381,3.0,23966.0
11-09-200-01006-214382,09,200,01006,214382,5.4592,17978.0
11-09-200-01006-214383,09,200,01006,214383,5.741,7923.0
11-09-200-01006-214384,09,200,01006,214384,3.0109,10482.0
11-09-200-01006-214385,09,200,01006,214385,3.0109,13409.0
11-09-200-01006-214386,09,200,01006,214386,8.1301,9420.0
11-09-200-01006-801253,09,200,01006,801253,14.8,12560.0
11-09-200-01006-801254,09,200,01006,801254,2.0,20076.0
11-09-200-01006-801255,09,200,01006,801255,5.0,41792.0
11-09-200-01006-801256,09,200,01006,801256,1.31523,3631.0
11-09-200-01006-801257,09,200,01006,801257,8.0,15063.0
11-09-201-01007-801258,09,201,01007,801258,1.0,11644.0
11-09-201-01007-801259,09,201,01007,801259,1.63,28396.0
11-09-201-01007-801260,09,201,01007,801260,4.0,12009.0
11-09-201-01008-215120,09,201,01008,215120,3.74,12414.0
11-09-201-01008-801261,09,201,01008,801261,1.5,8089.0
11-09-201-01008-801262,09,201,01008,801262,13.49,118517.0
11-09-201-01008-801263,09,201,01008,801263,5.18,19542.0
11-09-201-01008-801264,09,201,01008,801264,2.5,8418.0
11-09-201-01009-801265,09,201,01009,801265,3.67,38130.0
11-09-201-01009-801266,09,201,01009,801266,1.5,10983.0
11-09-202-01010-801267,09,202,01010,801267,1.0,27468.0
11-09-202-01010-801268,09,202,01010,801268,2.5,12429.0
11-09-202-01010-801269,09,202,01010,801269,7.54,101277.0
11-09-202-01011-801270,09,202,01011,801270,6.82,24067.0
11-09-202-01011-801271,09,202,01011,801271,2.19,10830.0
11-09-202-01012-215988,09,202,01012,215988,1.96,9835.0
11-09-202-01012-801272,09,202,01012,801272,2.05,4919.0
11-09-202-01012-801273,09,202,01012,801273,2.59,45385.0
11-09-202-01012-801274,09,202,01012,801274,4.0,14366.0
11-09-202-01012-801275,09,202,01012,801275,2.12,15740.0
11-09-202-01012-801276,09,202,01012,801276,4.0,21891.0
11-10-203-01014-801277,10,203,01014,801277,16.2,48411.0
11-10-203-01017-801278,10,203,01017,801278,10.96,49507.0
11-10-203-01019-801279,10,203,01019,801279,46.83,112634.0
11-10-203-01025-801280,10,203,01025,801280,7.57,27095.0
11-10-203-01028-217372,10,203,01028,217372,0.46,6451.0
11-10-203-01028-217373,10,203,01028,217373,1.37,9995.0
11-10-203-01028-801281,10,203,01028,801281,8.01,132209.0
11-10-203-01029-217429,10,203,01029,217429,3.0,6863.0
11-10-204-01031-801282,10,204,01031,801282,5.82,55536.0
11-10-204-01034-801283,10,204,01034,801283,19.25,38815.0
11-10-204-01039-801284,10,204,01039,801284,12.93,42063.0
11-10-204-01041-801285,10,204,01041,801285,16.38,126158.0
11-10-204-01045-801286,10,204,01045,801286,13.7,26014.0
11-10-204-01047-801287,10,204,01047,801287,17.1,18984.0
11-10-204-01051-801288,10,204,01051,801288,6.23,20686.0
11-10-204-01052-801289,10,204,01052,801289,19.13,29582.0
11-10-204-01055-801290,10,204,01055,801290,6.05,17510.0
11-10-204-01057-801291,10,204,01057,801291,7.16,25995.0
11-10-205-01060-801292,10,205,01060,801292,9.33,28116.0
11-10-206-01063-801293,10,206,01063,801293,14.32,42895.0
11-10-206-01072-801294,10,206,01072,801294,10.09,20566.0
11-10-206-01074-219625,10,206,01074,219625,1.39,5815.0
11-10-206-01074-801295,10,206,01074,219627,1.25,7970.0
11-10-206-01074-801295,10,206,01074,219626,2.17,14631.0
11-10-206-01074-801295,10,206,01074,801295,4.35,67818.0
11-10-206-01074-801296,10,206,01074,801296,2.28,15674.0
11-10-206-01077-801297,10,206,01077,801297,3.1,15129.0
11-10-207-01083-801298,10,207,01083,801298,1.61,21782.0
11-10-207-01093-220486,10,207,01093,220486,0.57,7070.0
11-10-207-01093-801299,10,207,01093,801299,2.52,75736.0
11-10-207-01095-220625,10,207,01095,220625,1.49,8060.0
11-10-207-01097-801300,10,207,01097,801300,12.44,30590.0
11-10-207-01098-801301,10,207,01098,801301,8.73,18257.0
11-10-208-01101-801302,10,208,01101,801302,5.3,20189.0
11-10-208-01102-801303,10,208,01102,801303,8.67,19932.0
11-10-208-01109-801304,10,208,01109,801304,22.37,65437.0
11-10-209-01113-801305,10,209,01113,801305,15.12,39281.0
11-10-209-01113-801306,10,209,01113,801306,4.98,50475.0
11-10-209-01116-801307,10,209,01116,801307,30.97,79021.0
11-10-210-01123-801308,10,210,01123,801308,10.46,18348.0
11-10-210-01125-801309,10,210,01125,801309,29.17,36993.0
11-10-210-01127-801310,10,210,01127,801310,30.12,105782.0
11-10-211-01128-801311,10,211,01128,801311,20.15,30336.0
11-10-211-01134-801312,10,211,01134,801312,92.29,282248.0
11-10-211-01135-801313,10,211,01135,801313,15.74,30421.0
11-10-212-01147-225104,10,212,01147,225104,5.35,6355.0
11-10-212-01151-801314,10,212,01151,801314,51.7,240838.0
11-10-212-01156-801315,10,212,01156,801315,11.31,26629.0
11-10-213-01159-225836,10,213,01159,225836,1.26,5298.0
11-10-213-01161-801316,10,213,01161,801316,25.84,54472.0
11-10-213-01164-801317,10,213,01164,801317,14.07,28691.0
11-10-214-01174-801318,10,214,01174,801318,21.13,156540.0
11-10-215-01184-227112,10,215,01184,227112,1.29,7566.0
11-10-215-01184-801319,10,215,01184,801319,19.18,296039.0
11-10-215-01188-801320,10,215,01188,801320,46.02,75317.0
11-10-215-01189-227464,10,215,01189,227464,1.04,4406.0
11-10-216-01199-801321,10,216,01199,801321,9.81,23224.0
11-10-216-01200-801322,10,216,01200,801322,12.77,28572.0
11-10-216-01204-228693,10,216,01204,228693,1.48,13884.0
11-10-216-01204-801323,10,216,01204,801323,16.16,25051.0
11-10-216-01212-229455,10,216,01212,229455,2.28,6301.0
11-10-216-01212-229456,10,216,01212,229456,0.88,6820.0
11-10-216-01212-229457,10,216,01212,229457,0.5,4919.0
11-10-216-01212-229458,10,216,01212,229458,1.87,10204.0
11-10-216-01212-801324,10,216,01212,801324,26.43,354462.0
11-10-217-01215-801325,10,217,01215,801325,12.06,20193.0
11-10-217-01221-230711,10,217,01221,230711,1.06,7156.0
11-10-217-01222-801326,10,217,01222,801326,5.48,26240.0
11-10-217-01224-801327,10,217,01224,801327,11.11,67339.0
11-10-217-01226-801328,10,217,01226,801328,22.21,41877.0
11-10-218-01230-801329,10,218,01230,801329,13.05,135066.0
11-10-218-01236-801330,10,218,01236,801330,7.6,24282.0
11-10-218-01240-801331,10,218,01240,801331,6.23,23565.0
11-10-219-01257-801332,10,219,01257,801332,12.48,39039.0
11-10-219-01258-233708,10,219,01258,233708,2.09,11362.0
11-10-219-01258-801333,10,219,01258,801333,16.96,202352.0
11-10-219-01260-801334,10,219,01260,801334,12.62,29932.0
11-10-219-01266-801335,10,219,01266,801335,13.27,32741.0
11-10-219-01267-801336,10,219,01267,801336,8.27,37776.0
11-10-220-01270-801337,10,220,01270,801337,7.86,37098.0
11-10-220-01278-801338,10,220,01278,801338,19.64,147688.0
11-10-220-01283-801339,10,220,01283,801339,10.02,48293.0
11-10-221-01284-236297,10,221,01284,236297,1.23,5323.0
11-10-221-01285-236373,10,221,01285,236373,0.71,7627.0
11-10-221-01288-236603,10,221,01288,236603,0.7,5291.0
11-10-221-01288-236604,10,221,01288,236604,1.17,6614.0
11-10-221-01288-801340,10,221,01288,801340,3.45,67925.0
11-10-221-01297-801341,10,221,01297,801341,2.94,23862.0
11-10-221-01300-801342,10,221,01300,801342,1.03,31155.0
11-10-222-01309-237758,10,222,01309,237758,1.27,5359.0
11-10-222-01311-801343,10,222,01311,801343,17.55,71660.0
11-10-222-01311-801344,10,222,01311,801344,15.8,56234.0
11-10-222-01312-238047,10,222,01312,238047,9.01,12439.0
11-10-222-01312-238048,10,222,01312,238048,0.72,7202.0
11-10-222-01312-801345,10,222,01312,801345,23.45,67952.0
11-10-222-01314-238158,10,222,01314,238158,1.02,9376.0
11-10-222-01314-801346,10,222,01314,801346,47.51,252008.0
11-10-222-01316-801347,10,222,01316,801347,10.65,40043.0
11-10-222-01319-801348,10,222,01319,801348,14.74,47550.0
11-10-223-01323-801349,10,223,01323,801349,2.97,49406.0
11-10-223-01327-801350,10,223,01327,801350,9.49,37753.0
11-10-224-01332-801351,10,224,01332,801351,11.24,49069.0
11-10-224-01336-239325,10,224,01336,239325,0.24,1797.0
11-10-224-01336-801352,10,224,01336,801352,0.63,33700.0
11-10-224-01338-239423,10,224,01338,239423,3.72,12575.0
11-10-224-01339-239576,10,224,01339,239576,0.52,5595.0
11-10-224-01340-801353,10,224,01340,801353,12.29,52892.0
11-10-224-01343-240182,10,224,01343,240182,0.67,12063.0
11-10-224-01343-240183,10,224,01343,240183,9.33,30829.0
11-10-224-01343-240184,10,224,01343,240184,0.29,3866.0
11-10-224-01343-801354,10,224,01343,801354,30.17,400146.0
11-10-225-01346-801355,10,225,01346,801355,11.18,25336.0
11-10-225-01350-801356,10,225,01350,801356,18.87,45977.0
11-10-226-01356-801357,10,226,01356,801357,17.5,213303.0
11-10-226-01357-242654,10,226,01357,242654,0.67,4922.0
11-10-226-01358-801358,10,226,01358,801358,10.65,105434.0
11-10-226-01360-801359,10,226,01360,801359,9.74,31385.0
11-10-226-01361-243123,10,226,01361,243123,0.28,6327.0
11-10-226-01362-243202,10,226,01362,243202,1.56,11299.0
11-10-226-01362-243203,10,226,01362,243203,1.06,7450.0
11-10-227-01365-801360,10,227,01365,801360,26.54,43032.0
11-10-227-01368-801361,10,227,01368,801361,24.79,99979.0
11-10-228-01372-801362,10,228,01372,801362,15.6,46075.0
11-10-228-01374-801363,10,228,01374,801363,27.9,62927.0
11-10-229-01386-801364,10,229,01386,801364,23.5,297268.0
11-10-229-01390-801365,10,229,01390,801365,22.96,51052.0
11-10-229-01391-244896,10,229,01391,244896,1.27,6672.0
11-10-229-01392-801366,10,229,01392,801366,6.0,35641.0
11-10-229-01394-801367,10,229,01394,801367,50.18,41587.0
11-10-229-01395-801368,10,229,01395,801368,9.0,25674.0
11-10-230-01398-801369,10,230,01398,801369,12.0,40068.0
11-10-230-01399-801370,10,230,01399,801370,16.41,182429.0
11-10-230-01399-801371,10,230,01399,801371,3.42,28723.0
11-10-230-01399-801372,10,230,01399,245263,1.66,7392.0
11-10-230-01399-801372,10,230,01399,801372,3.66,44364.0
11-10-230-01400-801373,10,230,01400,245296,0.64,3531.0
11-10-230-01400-801373,10,230,01400,801373,107.69,1684297.0
11-10-230-01402-245396,10,230,01402,245396,2.5,16680.0
11-10-230-01402-245397,10,230,01402,245397,2.04,9880.0
11-10-230-01402-801374,10,230,01402,801374,6.48,81740.0
11-10-230-01403-245486,10,230,01403,245486,4.53,8435.0
11-10-230-01403-801375,10,230,01403,801375,25.91,47549.0
11-10-230-01404-801376,10,230,01404,801376,14.39,25011.0
11-10-230-01405-801377,10,230,01405,801377,13.99,22486.0
11-10-230-01407-245825,10,230,01407,245825,2.22,10614.0
11-10-230-01408-801378,10,230,01408,801378,9.43,59803.0
11-10-230-01411-801379,10,230,01411,801379,4.9,50961.0
11-10-230-01413-801380,10,230,01413,801380,4.23,15731.0
11-10-230-01414-801381,10,230,01414,801381,13.18,47897.0
11-10-230-01417-801382,10,230,01417,801382,4.5,61470.0
11-10-230-01420-246571,10,230,01420,246571,1.81,4851.0
11-10-230-01420-801383,10,230,01420,801383,14.18,60678.0
11-10-231-01421-801384,10,231,01421,801384,11.04,17767.0
11-10-231-01422-801385,10,231,01422,801385,30.97,261430.0
11-10-231-01424-801386,10,231,01424,801386,5.6,17725.0
11-10-231-01427-801387,10,231,01427,801387,4.06,26707.0
11-10-231-01428-801388,10,231,01428,801388,25.63,32447.0
11-10-231-01429-801389,10,231,01429,801389,6.47,33785.0
11-10-232-01440-801390,10,232,01440,801390,15.33,53618.0
11-10-232-01441-248330,10,232,01441,248330,1.01,8020.0
11-10-232-01441-801391,10,232,01441,801391,5.16,102861.0
11-10-233-01446-249048,10,233,01446,249048,4.06,8690.0
11-10-233-01449-249508,10,233,01449,249508,1.27,6702.0
11-10-233-01453-801392,10,233,01453,801392,7.12,50179.0
11-10-234-01459-801393,10,234,01459,801393,5.87,18890.0
11-10-234-01461-801394,10,234,01461,801394,15.64,48465.0
11-10-234-01463-801395,10,234,01463,801395,8.69,23819.0
11-10-234-01466-801396,10,234,01466,801396,13.45,27302.0
11-10-234-01468-252038,10,234,01468,252038,0.47,5317.0
11-10-234-01468-252039,10,234,01468,252039,2.5,6569.0
11-10-234-01471-801397,10,234,01471,801397,10.9,147408.0
11-10-234-01473-801398,10,234,01473,801398,21.32,137231.0
11-10-234-01474-252657,10,234,01474,252657,2.99,8260.0
11-10-234-01475-252695,10,234,01475,252695,4.65,4504.0
11-10-235-01476-801399,10,235,01476,801399,13.96,52364.0
11-10-235-01477-252831,10,235,01477,252831,1.62,7940.0
11-10-235-01479-801400,10,235,01479,801400,4.56,35536.0
11-10-235-01480-253375,10,235,01480,253375,1.98,14786.0
11-10-235-01481-801401,10,235,01481,801401,21.33,102244.0
11-10-235-01483-801402,10,235,01483,801402,17.42,23984.0
11-10-236-01488-801403,10,236,01488,801403,2.66,21324.0
11-10-236-01495-255396,10,236,01495,255396,1.32,1894.0
11-10-236-01495-801404,10,236,01495,801404,50.17,474093.0
11-10-236-01497-255563,10,236,01497,255563,0.74,5185.0
11-10-236-01503-801405,10,236,01503,801405,10.79,40666.0
11-10-236-01505-801406,10,236,01505,801406,19.58,38439.0
11-10-237-01512-257561,10,237,01512,257561,3.14,20739.0
11-10-237-01512-801407,10,237,01512,801407,5.68,98029.0
11-10-237-01513-801408,10,237,01513,801408,13.11,34056.0
11-10-237-01520-801409,10,237,01520,801409,6.33,32585.0
11-10-237-01524-801410,10,237,01524,801410,18.08,30170.0
11-10-238-01527-801411,10,238,01527,801411,26.45,87357.0
11-10-238-01530-259057,10,238,01530,259057,4.97,6072.0
11-10-238-01530-259058,10,238,01530,259058,1.97,5400.0
11-10-238-01530-801412,10,238,01530,801412,9.87,40646.0
11-10-238-01533-259424,10,238,01533,259424,4.7,5858.0
11-10-239-01536-801413,10,239,01536,801413,20.23,103202.0
11-10-239-01540-801414,10,239,01540,801414,20.39,31994.0
11-10-240-01542-801415,10,240,01542,801415,24.43,51849.0
11-11-241-01548-801416,11,241,01548,801416,1.76,4644.0
11-11-242-01549-801417,11,242,01549,801417,3.6,4013.0
11-11-242-01550-801418,11,242,01550,801418,0.115,1235.0
11-11-243-01551-801419,11,243,01551,801419,7.15,12190.0
11-11-243-01551-801420,11,243,01551,801420,0.45,9009.0
11-11-244-01553-801421,11,244,01553,801421,19.2,100286.0
11-11-244-01553-801422,11,244,01553,801422,0.176,5868.0
11-11-244-01553-801423,11,244,01553,801423,1.79,10450.0
11-11-244-01555-261376,11,244,01555,261376,4.0,5883.0
11-12-245-01559-801424,12,245,01559,801424,0.21802382,11202.0
11-12-246-01566-801425,12,246,01566,801425,7.173735,3750.0
11-12-246-01569-801426,12,246,01569,801426,6.7669506,8370.0
11-12-246-01572-261802,12,246,01572,261802,9.910771,3812.0
11-12-247-01584-801427,12,247,01584,801427,4.915501,18350.0
11-12-248-01596-801428,12,248,01596,801428,13.402473,59490.0
11-12-248-01597-801429,12,248,01597,801429,4.196478,36158.0
11-12-248-01601-801430,12,248,01601,801430,0.82224745,1315.0
11-12-249-01615-801431,12,249,01615,801431,1.3712797,13405.0
11-12-250-01634-801432,12,250,01634,801432,5.6604695,20684.0
11-12-250-01636-801433,12,250,01636,801433,3.5386457,4284.0
11-12-251-01643-801434,12,251,01643,801434,41.801456,2979.0
11-12-251-01655-801435,12,251,01655,801435,9.120783,24656.0
11-12-252-01663-801436,12,252,01663,801436,45.1893,6540.0
11-12-253-01671-801437,12,253,01671,801437,1.4804932,6236.0
11-12-253-01678-801438,12,253,01678,801438,0.30688792,7151.0
11-12-253-01680-801439,12,253,01680,801439,3.534797,5841.0
11-12-254-01684-801440,12,254,01684,801440,6.24615,6648.0
11-12-254-01686-801441,12,254,01686,801441,5.0201783,9928.0
11-12-254-01690-801442,12,254,01690,801442,10.462908,4234.0
11-12-255-01695-801443,12,255,01695,801443,2.4335675,12806.0
11-12-256-01708-801444,12,256,01708,801444,1.3745553,2345.0
11-12-257-01718-801445,12,257,01718,801445,6.097832,2384.0
11-12-258-01724-801446,12,258,01724,801446,1.7544098,11389.0
11-12-259-01729-801447,12,259,01729,801447,7.602588,18184.0
11-12-259-01732-801448,12,259,01732,801448,1.7265166,14246.0
11-12-260-01743-801449,12,260,01743,801449,9.951243,982.0
11-13-261-01744-801450,13,261,01744,801450,4.814066,8116.0
11-13-261-01748-801451,13,261,01748,801451,16.822842,26328.0
11-13-262-01760-267135,13,262,01760,267135,4.333136,4416.0
11-13-262-01760-801452,13,262,01760,801452,13.44671,7864.0
11-13-262-01761-801453,13,262,01761,801453,10.889629,7532.0
11-13-262-01766-801454,13,262,01766,801454,9.99419,35913.0
11-13-263-01772-801455,13,263,01772,801455,5.3592076,22633.0
11-13-263-01777-267382,13,263,01777,267382,4.8894796,4964.0
11-13-264-01789-801456,13,264,01789,801456,5.665023,35004.0
11-13-265-01796-267667,13,265,01796,267667,0.6249138,16108.0
11-13-265-01796-267668,13,265,01796,267668,2.686297,6673.0
11-13-265-01796-801457,13,265,01796,801457,8.191584,122834.0
11-13-265-01797-267722,13,265,01797,267722,1.7973127,7385.0
11-13-265-01797-267723,13,265,01797,267723,2.389703,10246.0
11-13-265-01797-801458,13,265,01797,801458,6.6011333,25885.0
11-13-265-01799-801459,13,265,01799,801459,14.893974,8738.0
11-13-266-01801-801460,13,266,01801,801460,5.2693777,14204.0
11-13-266-01809-801461,13,266,01809,801461,25.969255,10371.0
11-13-267-01817-801462,13,267,01817,801462,12.858622,36774.0
11-13-268-01833-801463,13,268,01833,801463,3.3343704,7613.0
11-13-269-01837-801464,13,269,01837,801464,6.8315105,16487.0
11-13-270-01843-801465,13,270,01843,801465,8.96054,6315.0
11-13-270-01849-268273,13,270,01849,268273,15.074135,15734.0
11-13-270-01849-801466,13,270,01849,801466,1.6397297,99039.0
11-13-271-01852-801467,13,271,01852,801467,4.532599,8706.0
11-13-271-01857-801468,13,271,01857,801468,10.735287,5084.0
11-14-272-01861-268681,14,272,01861,268681,7.420525,7476.0
11-14-273-01866-269207,14,273,01866,269207,18.50335,19363.0
11-14-274-01871-269800,14,274,01871,269800,1.139919,7771.0
11-14-274-01871-269801,14,274,01871,269801,0.6891216,8293.0
11-14-274-01871-269802,14,274,01871,269802,0.75753546,2293.0
11-14-275-01873-801469,14,275,01873,801469,7.23,17081.0
11-14-275-01873-801470,14,275,01873,801470,5.2,7161.0
11-14-275-01874-801471,14,275,01874,801471,6.2,12167.0
11-14-275-01874-801472,14,275,01874,801472,4.65,13078.0
11-14-275-01875-801473,14,275,01875,801473,6.6,19893.0
11-14-275-01875-801474,14,275,01875,801474,2.6,8579.0
11-14-275-01875-801475,14,275,01875,801475,4.57,9546.0
11-14-276-01876-801476,14,276,01876,801476,1.2,22888.0
11-14-276-01876-801488,14,276,01876,801488,0.89,5861.0
11-14-276-01877-801477,14,276,01877,801477,1.55,2974.0
11-14-276-01877-801478,14,276,01877,801478,2.53,8055.0
11-14-276-01877-801479,14,276,01877,801479,2.84,45947.0
11-14-276-01877-801480,14,276,01877,801480,2.29,7390.0
11-14-276-01877-801481,14,276,01877,801481,8.0,9569.0
11-14-276-01878-801482,14,276,01878,801482,2.59,5132.0
11-14-276-01878-801483,14,276,01878,801483,2.54,11379.0
11-14-276-01878-801484,14,276,01878,801484,7.02,32138.0
11-14-277-01879-801485,14,277,01879,801485,4.99,8130.0
11-14-277-01879-801486,14,277,01879,801486,1.16,5065.0
11-14-277-01880-270116,14,277,01880,270116,1.49,10593.0
11-14-277-01880-270117,14,277,01880,270117,1.87,5451.0
11-14-277-01880-801469,14,277,01880,801469,4.5,5431.0
11-14-277-01881-270122,14,277,01881,270122,0.74,7501.0
11-14-277-01881-270123,14,277,01881,270123,0.38,4964.0
11-14-277-01881-270124,14,277,01881,270124,3.38,5775.0
11-14-277-01881-801487,14,278,01885,801487,6.83,83737.0
11-14-277-01881-801487,14,277,01881,801487,27.65,193459.0
11-14-277-01882-801488,14,277,01882,801488,1.61,10721.0
11-14-277-01882-801489,14,277,01882,801489,3.45,24239.0
11-14-277-01882-801490,14,277,01882,801490,5.37,14878.0
11-14-277-01882-801491,14,277,01882,801491,3.2,9106.0
11-14-277-01882-801492,14,277,01882,801492,5.16,17566.0
11-14-277-01882-801492,14,278,01886,801476,3.11,2012.0
11-14-278-01883-801493,14,278,01883,801493,3.2,7343.0
11-14-278-01884-801494,14,278,01884,801494,4.67,4601.0
11-14-278-01885-270312,14,278,01885,270312,1.56,6191.0
11-14-278-01885-270313,14,278,01885,270313,0.86,5459.0
11-14-278-01885-270314,14,278,01885,270314,1.06,6096.0
11-14-278-01885-270315,14,278,01885,270315,1.74,3458.0
11-14-278-01885-270316,14,278,01885,270316,4.41,6115.0
11-14-278-01885-270317,14,278,01885,270317,7.0,4586.0
11-14-278-01885-270318,14,278,01885,270318,1.39,5268.0
11-14-278-01885-270319,14,278,01885,270319,0.97,7987.0
11-14-278-01885-270320,14,278,01885,270320,0.61,4904.0
11-14-278-01885-270321,14,278,01885,270321,1.43,10534.0
11-14-278-01885-270322,14,278,01885,270322,1.78,10836.0
11-14-278-01885-270323,14,278,01885,270323,3.47,5336.0
11-14-278-01886-801495,14,278,01886,801495,1.7,8744.0
11-14-279-01888-270457,14,279,01888,270457,21.707457,27187.0
11-14-280-01893-801496,14,280,01893,801496,1.0,16847.0
11-15-281-01896-801497,15,281,01896,801497,24.0,3733.0
11-15-281-01896-801498,15,281,01896,801498,41.0,7884.0
11-15-281-01898-801499,15,281,01898,801499,17.0,3282.0
11-15-282-01899-801500,15,282,01899,801500,22.0,7732.0
11-15-282-01900-801501,15,282,01900,801501,20.0,10554.0
11-15-282-01900-801502,15,282,01900,801502,26.0,4320.0
11-15-282-01900-801503,15,282,01900,801503,104.0,24272.0
11-15-283-01901-801505,15,283,01901,801505,22.0,5950.0
11-15-283-01901-801506,15,283,01901,801506,176.0,293416.0
11-15-283-01902-801504,15,283,01902,801504,16.0,3769.0
11-15-283-01905-801507,15,283,01905,801507,9.0,11619.0
11-15-284-01907-801508,15,284,01907,801508,78.0,11022.0
11-15-284-01907-801509,15,284,01907,801509,7.0,2496.0
11-15-284-01908-801510,15,284,01908,801510,80.0,32734.0
11-15-284-01911-801511,15,284,01911,801511,2.0,2277.0
11-15-285-01910-801512,15,285,01910,801512,59.0,21158.0
11-15-285-01910-801513,15,285,01910,801513,36.0,7259.0
11-15-285-01911-801514,15,285,01911,801514,8.0,3602.0
11-15-286-01913-801515,15,286,01913,801515,12.0,4554.0
11-15-286-01914-801516,15,286,01914,801516,44.0,57011.0
11-15-286-01915-801517,15,286,01915,801517,10.0,7187.0
11-15-287-01917-801518,15,287,01917,801518,38.200817,20830.0
11-15-288-01921-801519,15,288,01921,801519,53.0,25110.0
11-16-289-01922-271863,16,289,01922,271863,13.25,15481.0
11-16-289-01922-271864,16,289,01922,271864,6.16,7404.0
11-16-289-01922-271865,16,289,01922,271865,8.16,12917.0
11-16-289-01922-271866,16,289,01922,271866,8.76,14572.0
11-16-289-01931-272002,16,289,99999,801522,1.95,13104.0
11-16-289-01931-272013,16,289,01931,272013,11.58,13866.0
11-16-289-01931-272014,16,289,01931,272014,3.26,7041.0
11-16-289-01931-272015,16,289,01931,272015,8.06,11359.0
11-16-289-01931-272016,16,289,01931,272016,6.58,11949.0
11-16-289-01932-272023,16,289,01932,272023,5.85,19598.0
11-16-289-01932-272024,16,289,01932,272024,14.21,13814.0
11-16-289-01932-272025,16,289,01932,272025,8.36,16941.0
11-16-289-01932-272026,16,289,01932,272026,6.23,14105.0
11-16-289-01932-272027,16,289,01932,272027,14.76,16579.0
11-16-289-01934-272081,16,289,01934,272081,10.55,11369.0
11-16-289-01936-272126,16,289,01936,272126,4.05,5607.0
11-16-289-99999-801520,16,289,99999,801520,5.82,18526.0
11-16-289-99999-801521,16,289,99999,801521,3.75,21032.0
11-16-289-99999-801523,16,289,99999,801523,58.84,400004.0
11-16-289-99999-801524,16,289,99999,801524,9.51,21085.0
11-16-289-99999-801525,16,289,99999,801525,4.13,11285.0
11-16-290-01941-272233,16,290,01941,272233,3.53,9052.0
11-16-290-01941-272234,16,290,01941,272234,1.33,8361.0
11-16-290-01941-272235,16,290,01941,272235,11.37,11160.0
11-16-290-01941-272236,16,290,01941,272236,3.52,6530.0
11-16-290-01946-272360,16,290,01946,272360,8.93,5273.0
11-16-290-99999-801526,16,290,99999,801526,8.6,32758.0
11-16-290-99999-801527,16,290,99999,801527,3.57,10838.0
11-16-290-99999-801528,16,290,99999,801528,26.94,11921.0
11-16-290-99999-801529,16,290,99999,801529,5.74,19996.0
11-16-290-99999-801530,16,290,99999,801530,5.06,7142.0
11-16-291-01949-272465,16,291,01949,272465,5.74,4827.0
11-16-291-01950-272488,16,291,01950,272488,5.04,8515.0
11-16-291-99999-801531,16,291,99999,801531,10.16,10872.0
11-16-291-99999-801532,16,291,99999,801532,14.77,16285.0
11-16-292-01956-272655,16,292,01956,272655,8.82,8761.0
11-16-292-01956-272656,16,292,01956,272656,18.53,14758.0
11-16-292-01959-272707,16,292,01959,272707,4.12,5371.0
11-16-292-01960-272731,16,292,01960,272731,11.87,15341.0
11-16-292-99999-801533,16,292,99999,801533,6.19,22405.0
11-16-292-99999-801534,16,292,99999,801534,10.69,40595.0
11-16-292-99999-801535,16,292,99999,801535,3.5,13054.0
11-17-293-01965-801536,17,293,01965,801536,18.32,74858.0
11-17-294-01970-801537,17,294,01970,801537,7.62,19595.0
11-17-294-01974-801538,17,294,01974,801538,16.92,24597.0
11-17-295-01977-801539,17,295,01977,801539,8.8,13131.0
11-17-296-01980-801540,17,296,01980,801540,76.0,28742.0
11-17-296-01982-801541,17,296,01982,801541,20.63,14363.0
11-17-297-01985-801542,17,297,01985,801542,46.0,17055.0
11-17-297-01987-278071,17,297,01987,278071,11.98,8198.0
11-17-298-01989-278353,17,298,01989,278353,6.14,55012.0
11-17-298-01989-278354,17,298,01989,278354,2.02,27219.0
11-17-298-01989-278355,17,298,01989,278355,1.65,15017.0
11-17-298-01989-278356,17,298,01989,278356,6.63,6184.0
11-17-298-01989-278357,17,298,01989,278357,20.51,8529.0
11-17-298-01989-278358,17,298,01989,278358,2.93,38004.0
11-17-298-01989-278359,17,298,01989,278359,2.11,29194.0
11-17-298-01989-278360,17,298,01989,278360,1.57,4846.0
11-17-298-01989-278361,17,298,01989,278361,2.73,7381.0
11-17-298-01989-278362,17,298,01989,278362,2.19,8214.0
11-17-298-01989-801543,17,298,01989,801543,1.98,11930.0
11-17-298-01989-801544,17,298,01989,801544,10.36,143229.0
11-17-298-01994-278901,17,298,01994,278901,7.8,11722.0
11-17-299-01996-801545,17,299,01996,801545,8.0,28430.0
11-18-300-02001-279898,18,300,02001,279898,2.94,6874.0
11-18-300-02001-801546,18,300,02001,801546,4.0,9068.0
11-18-300-02004-280388,18,300,02004,280388,1.14,4863.0
11-18-300-02004-801547,18,300,02004,801547,8.24,34136.0
11-18-301-02005-801550,18,301,02005,801550,2.95,12163.0
11-18-301-02007-280885,18,301,02007,280885,3.5,8244.0
11-18-301-02008-281039,18,301,02008,281039,2.65,8838.0
11-18-301-02008-801548,18,301,02008,801548,2.95,25124.0
11-18-301-02008-801549,18,301,02008,801549,4.23,63388.0
11-18-301-02009-281338,18,301,02009,281338,2.05,2050.0
11-18-301-02009-801551,18,301,02009,801551,5.19,37410.0
11-18-301-02010-801552,18,301,02010,801552,3.79,20322.0
11-18-301-02012-281759,18,301,02012,281759,4.63,26162.0
11-18-302-02013-282027,18,302,02013,282027,3.25,7954.0
11-18-302-02013-801553,18,302,02013,801553,5.2,15633.0
11-18-302-02014-282248,18,302,02014,282248,8.06,11863.0
11-18-302-02014-282249,18,302,02014,282249,6.45,9636.0
11-18-302-02014-801554,18,302,02014,801554,12.76,53430.0
11-18-302-02015-282403,18,302,02015,282403,1.36,5550.0
11-18-302-02015-282404,18,302,02015,282404,7.2,11709.0
11-18-302-02015-282405,18,302,02015,282405,4.11,7356.0
11-18-302-02016-282470,18,302,02016,282470,9.82,4922.0
11-18-302-02016-282471,18,302,02016,282471,4.23,4384.0
11-18-302-02016-282472,18,302,02016,282472,2.01,5625.0
11-18-303-02018-282691,18,303,02018,282691,1.05,6091.0
11-18-303-02018-282692,18,303,02018,282692,3.0,10210.0
11-18-303-02018-801555,18,303,02018,801555,4.52,35571.0
11-18-303-02018-801556,18,303,02018,801556,1.59,8112.0
11-18-303-02021-283005,18,303,02021,283005,3.47,8264.0
11-18-303-02022-801557,18,303,02022,801557,13.36,42649.0
11-18-303-02022-801558,18,303,02022,801558,3.75,18301.0
11-18-303-02023-801559,18,303,02023,801559,2.9,6913.0
11-18-303-02024-801560,18,303,02024,801560,2.74,11242.0
11-18-304-02026-283613,18,304,02026,283613,12.4,17739.0
11-18-304-02026-283614,18,304,02026,283614,3.9,5567.0
11-18-304-02026-283615,18,304,02026,283615,1.97,3806.0
11-18-304-02027-283737,18,304,02027,283737,2.2,9845.0
11-18-304-02028-283840,18,304,02028,283840,1.03,7177.0
11-18-304-02029-801561,18,304,02029,801561,4.0,29164.0
11-18-305-02032-284490,18,305,02032,284490,2.33,8052.0
11-18-305-02034-801562,18,305,02034,801562,4.0,19235.0
11-18-305-02035-284816,18,305,02035,284816,2.89,10235.0
11-18-305-02035-284817,18,305,02035,284817,1.06,6315.0
11-18-305-02035-284818,18,305,02035,284818,2.35,10318.0
11-18-305-02035-801563,18,305,02035,801563,11.91,121628.0
11-18-305-02036-801564,18,305,02036,801564,1.08,11030.0
11-18-305-02037-801565,18,305,02037,801565,6.1,10371.0
11-18-305-02038-285193,18,305,02038,285193,2.54,6280.0
11-18-305-02038-285194,18,305,02038,285194,2.43,8318.0
11-18-305-02038-285195,18,305,02038,285195,4.03,9809.0
11-18-305-02038-801566,18,305,02038,801566,5.28,36638.0
11-18-305-02039-285309,18,305,02039,285309,3.8,7377.0
11-18-305-02039-801567,18,305,02039,801567,5.0,13118.0
11-18-305-02040-285495,18,305,02040,285495,4.16,22658.0
11-18-305-02040-801568,18,305,02040,801568,7.77,31347.0
11-18-305-02040-801569,18,305,02040,801569,13.85,36805.0
11-18-306-02041-801570,18,306,02041,801570,5.18,21579.0
11-18-306-02042-801571,18,306,02042,801571,9.07,18393.0
11-18-306-02043-286340,18,306,02043,286340,3.83,8154.0
11-18-306-02043-286341,18,306,02043,286341,3.14,10900.0
11-18-306-02043-801572,18,306,02043,286342,2.82,7911.0
11-18-306-02043-801572,18,306,02043,801572,16.82,75540.0
11-18-306-02045-801573,18,306,02045,801573,6.02,19145.0
11-18-306-02047-801574,18,306,02047,801574,9.013638,8038.0
11-18-306-02047-801574,18,306,02046,801574,3.8590848,4185.0
11-18-307-02048-801575,18,307,02048,801575,7.24,6001.0
11-18-307-02049-801576,18,307,02049,801576,2.0,12016.0
11-18-307-02052-801577,18,307,02052,801577,13.74,59814.0
11-18-307-02053-801578,18,307,02053,801578,13.17,13502.0
11-18-308-02055-801579,18,308,02055,801579,3.5,12816.0
11-18-308-02056-801580,18,308,02056,801580,9.86,25662.0
11-18-308-02057-289621,18,308,02057,289621,0.87,4459.0
11-18-308-02057-289622,18,308,02057,289622,1.32,5348.0
11-18-309-02059-290058,18,309,02059,290058,5.41,10305.0
11-18-309-02060-801581,18,309,02060,801581,4.3,21572.0
11-18-309-02060-801582,18,309,02060,801582,3.66,16923.0
11-18-309-02061-290740,18,309,02061,290740,0.41,6129.0
11-18-309-02061-290741,18,309,02061,290741,2.25,6821.0
11-18-309-02061-801583,18,309,02061,801583,19.51,116322.0
11-18-309-02061-801583,18,309,02061,290742,4.91,3246.0
11-18-309-02062-291062,18,309,02062,291062,5.3,12726.0
11-18-309-02062-291063,18,309,02062,291063,0.72,5241.0
11-18-309-02062-291064,18,309,02062,291064,2.09,11717.0
11-18-309-02062-291065,18,309,02062,291065,4.21,5091.0
11-18-309-02062-801584,18,309,02062,801584,4.03,21736.0
11-18-309-02062-801585,18,309,02062,801585,4.7,26914.0
11-18-310-02064-291355,18,310,02064,291355,0.63,2884.0
11-18-310-02064-801586,18,310,02064,801586,20.77,144063.0
11-18-310-02064-801586,18,310,02063,801586,1.9935908,1425.0
11-18-310-02064-801586,18,310,02063,291253,4.43,5924.0
11-18-310-02065-801587,18,310,02065,801587,0.94,8966.0
11-18-310-02066-291703,18,310,02066,291703,2.11,28626.0
11-18-310-02066-291704,18,310,02066,291704,4.9,8752.0
11-18-310-02067-292012,18,310,02067,292012,1.14,8434.0
11-18-310-02069-292421,18,310,02069,292421,5.22,15719.0
11-18-310-02069-801588,18,310,02069,801588,5.34,18937.0
11-18-311-02071-801589,18,311,02071,801589,10.95,50781.0
11-18-311-02072-801590,18,311,02072,801590,9.41,8002.0
11-18-311-02073-801591,18,311,02073,801591,8.0,13304.0
11-18-311-02073-801592,18,311,02073,801592,1.6,8286.0
11-18-311-02074-801593,18,311,02074,801593,8.0,19810.0
11-18-311-02075-293297,18,311,02075,293297,3.37,4234.0
11-18-311-02075-801594,18,311,02075,801594,1.6,5679.0
11-18-312-02077-293676,18,312,02077,293676,3.38,5015.0
11-18-312-02077-293677,18,312,02077,293677,3.82,4708.0
11-18-312-02077-293678,18,312,02077,293678,1.7,5094.0
11-18-312-02077-293679,18,312,02077,293679,3.06,4312.0
11-18-312-02078-293752,18,312,02078,293752,1.75,8056.0
11-18-312-02078-293753,18,312,02078,293753,3.84,9026.0
11-18-312-02078-801595,18,312,02078,293754,0.55,10071.0
11-18-312-02078-801595,18,312,02077,801595,13.488437,28790.0
11-18-312-02078-801595,18,312,02078,801595,53.5,97946.0
11-18-312-02079-801596,18,312,02079,801596,13.65,8795.0
11-18-312-02080-801597,18,312,02080,801597,3.33,17920.0
11-18-312-02081-801598,18,312,02081,801598,3.6,20801.0
11-18-313-02082-294282,18,313,02082,294282,4.92,5639.0
11-18-313-02082-294283,18,313,02082,294283,4.41,2318.0
11-18-313-02082-801599,18,313,02082,801599,6.0,10143.0
11-18-313-02084-801600,18,313,02084,801600,4.92,20059.0
11-18-313-02085-801601,18,313,02085,801601,7.32,41989.0
11-18-313-02087-801602,18,313,02087,801602,3.81,9931.0
11-18-313-02087-801603,18,313,02087,801603,5.07,7657.0
11-18-314-02088-801604,18,314,02088,801604,10.0,8747.0
11-18-314-02088-801605,18,314,02088,801605,4.0,9116.0
11-18-314-02089-296732,18,314,02089,296732,0.46,2508.0
11-18-314-02089-801606,18,314,02089,801606,16.48,61797.0
11-18-314-02089-801607,18,314,02089,801607,3.0,19877.0
11-18-314-02090-801608,18,314,02090,801608,1.51,5443.0
11-18-314-02090-801609,18,314,02090,801609,2.0,5478.0
11-18-315-02092-801610,18,315,02092,801610,3.98,10376.0
11-18-315-02093-801611,18,315,02093,801611,12.79,43756.0
11-18-315-02094-801612,18,315,02094,801612,3.0,2121.0
11-18-315-02095-801613,18,315,02095,801613,2.0,6236.0
11-18-316-02096-299130,18,316,02096,299130,2.96,5687.0
11-18-316-02096-299131,18,316,02096,299131,4.97,6182.0
11-18-316-02097-299378,18,316,02097,299378,1.89,4640.0
11-18-316-02097-299379,18,316,02097,299379,2.82,8753.0
11-18-316-02097-299380,18,316,02097,299380,2.65,5083.0
11-18-316-02097-299381,18,316,02097,299381,3.28,4121.0
11-18-316-02097-299382,18,316,02097,299382,2.61,11691.0
11-18-316-02097-299383,18,316,02097,299383,3.89,7971.0
11-18-316-02097-299384,18,316,02097,299384,1.52,5187.0
11-18-316-02097-299385,18,316,02097,299385,3.36,7685.0
11-18-316-02097-299386,18,316,02097,299386,2.12,9519.0
11-18-316-02097-299388,18,316,02097,299388,3.12,14283.0
11-18-316-02097-299389,18,316,02097,299389,2.88,6960.0
11-18-316-02097-801614,18,316,02097,299387,3.01,6313.0
11-18-316-02097-801614,18,316,02097,801614,17.12,178865.0
11-18-316-02097-801614,18,316,02097,299391,0.82,6219.0
11-18-316-02097-801614,18,316,02097,299390,1.32,6977.0
11-18-316-02098-299492,18,316,02098,299492,2.59,9051.0
11-18-316-02100-801615,18,316,02100,801615,1.66,10277.0
11-18-317-02101-300147,18,317,02101,300147,2.83,7001.0
11-18-317-02101-300148,18,317,02101,300148,1.06,7358.0
11-18-317-02101-801616,18,317,02101,801616,6.09,56854.0
11-18-317-02102-300230,18,317,02102,300230,1.2,8882.0
11-18-317-02102-300231,18,317,02102,300231,1.12,5087.0
11-18-317-02102-300232,18,317,02102,300232,2.07,11220.0
11-18-317-02102-801617,18,317,02102,801617,4.9,13298.0
11-18-318-02106-300978,18,318,02106,300978,1.78,2732.0
11-18-318-02107-801618,18,318,02107,801618,4.55,33637.0
11-18-318-02108-801619,18,318,02108,801619,4.2,11771.0
11-18-319-02110-301325,18,319,02110,301325,3.0,14896.0
11-18-319-02110-801620,18,319,02110,801620,14.31,67322.0
11-18-319-02111-301473,18,319,02111,301473,2.82,5744.0
11-18-319-02112-801621,18,319,02112,801621,4.74,15847.0
11-18-319-02114-301806,18,319,02114,301806,6.82,6001.0
11-18-320-02004-801622,18,320,02004,801622,4.88,13849.0
11-18-320-02114-302042,18,320,02114,302042,4.18,8231.0
11-18-320-02115-801623,18,320,02115,801623,3.0,13257.0
11-18-321-02116-302426,18,321,02116,302426,3.21,4644.0
11-18-321-02116-801624,18,321,02116,801624,9.25,27889.0
11-18-321-02119-302704,18,321,02119,302704,5.0,13898.0
11-18-321-02119-302705,18,321,02119,302705,5.28,7628.0
11-18-321-02119-302706,18,321,02119,302706,9.22,15188.0
11-18-321-02119-302707,18,321,02119,302707,2.15,4727.0
11-18-321-02125-303357,18,321,02125,303357,4.75,7540.0
11-18-321-02125-303358,18,321,02125,303358,6.68,11790.0
11-18-321-02125-303359,18,321,02125,303359,2.19,7095.0
11-18-321-02125-303360,18,321,02125,303360,2.84,8397.0
11-18-321-02125-303361,18,321,02125,303361,2.63,6529.0
11-18-321-02125-303362,18,321,02125,303362,6.02,5788.0
11-18-321-02125-303363,18,321,02125,303363,2.91,4534.0
11-18-321-02125-801625,18,321,02125,801625,1.03,4925.0
11-18-321-02126-303396,18,321,02126,303396,3.69,5354.0
11-18-321-02126-303397,18,321,02126,303397,6.69,6468.0
11-18-322-02126-303429,18,322,02126,303429,1.02,8855.0
11-18-322-02126-801626,18,322,02126,801626,8.0,10328.0
11-18-322-02127-303419,18,322,02127,303419,2.6,8780.0
11-18-322-02127-303420,18,322,02127,303420,3.49,4400.0
11-18-322-02127-303421,18,322,02127,303421,4.78,4774.0
11-18-322-02127-303422,18,322,02127,303422,4.07,9917.0
11-18-322-02127-303423,18,322,02127,303423,5.5,8095.0
11-18-322-02129-801627,18,322,02129,801627,150.39725,528563.0
11-18-322-02129-801627,18,322,02128,801627,24.593874,433771.0
11-18-322-02130-303578,18,322,02130,303578,3.83,3207.0
11-18-322-02130-303579,18,322,02130,303579,1.33,5444.0
11-18-322-02130-303580,18,322,02130,303580,2.52,5771.0
11-18-322-02131-303624,18,322,02131,303624,6.23,5106.0
11-18-323-02132-801628,18,323,02132,801628,1.4,4599.0
11-18-323-02133-303707,18,323,02133,303707,3.12,4981.0
11-18-323-02133-303708,18,323,02133,303708,4.6,8523.0
11-18-323-02133-303709,18,323,02133,303709,4.01,5550.0
11-18-323-02133-303710,18,323,02133,303710,2.43,4534.0
11-18-323-02133-303711,18,323,02133,303711,4.86,5873.0
11-18-323-02135-303895,18,323,02135,303895,1.64,4004.0
11-18-323-02136-303978,18,323,02136,303978,4.95,6359.0
11-18-323-02136-303979,18,323,02136,303979,3.82,5285.0
11-18-323-02136-303980,18,323,02136,303980,12.11,5183.0
11-18-323-02136-801629,18,323,02136,801629,12.5,27839.0
11-18-324-02018-304182,18,324,02018,304182,3.57,6611.0
11-18-324-02141-304411,18,324,02141,304411,2.29,5631.0
11-18-325-02148-305104,18,325,02148,305104,5.41,11004.0
11-18-325-02148-801630,18,325,02148,801630,4.62,25989.0
11-18-325-02149-801631,18,325,02149,801631,2.36,18501.0
11-18-326-02150-305512,18,326,02150,305512,1.99,5112.0
11-18-326-02151-801632,18,326,02151,801632,3.19,17183.0
11-18-326-02152-801633,18,326,02152,801633,4.69,15279.0
11-19-327-02154-306188,19,327,02154,306188,12.0,6102.0
11-19-327-02154-306189,19,327,02154,306189,6.81,4089.0
11-19-327-02154-306190,19,327,02154,306190,7.49,5802.0
11-19-327-02154-306191,19,327,02154,306191,6.0,5792.0
11-19-327-02156-306271,19,327,02156,306271,3.09,6789.0
11-19-327-02159-306392,19,327,02159,306392,0.12,4450.0
11-19-327-02159-306393,19,327,02159,306393,5.81,11635.0
11-19-327-02159-306394,19,327,02159,306394,7.14,5150.0
11-19-327-02159-306395,19,327,02159,306395,5.52,5644.0
11-19-327-02161-306489,19,327,02161,306489,17.99,14444.0
11-19-327-02162-306562,19,327,02162,306562,1.48,9184.0
11-19-327-02162-306563,19,327,02162,306563,1.64,14558.0
11-19-327-02162-306564,19,327,02162,306564,2.51,4916.0
11-19-327-02162-306565,19,327,02162,306565,2.1,5892.0
11-19-327-02162-306566,19,327,02162,306566,2.1,11529.0
11-19-327-02162-306567,19,327,02162,306567,2.9,15616.0
11-19-327-02163-306661,19,327,02163,306661,2.7,13416.0
11-19-327-02163-306662,19,327,02163,306662,1.63,25044.0
11-19-327-02163-306663,19,327,02163,306663,2.36,8747.0
11-19-327-02163-306664,19,327,02163,306664,2.9,11058.0
11-19-327-02163-306665,19,327,02163,306665,3.4,6894.0
11-19-327-02163-306666,19,327,02163,306666,1.46,2647.0
11-19-327-02165-306854,19,327,02165,306854,1.53,5192.0
11-19-327-02165-306855,19,327,02165,306855,2.51,6660.0
11-19-327-99999-801634,19,327,99999,801634,7.43,118805.0
11-19-327-99999-801635,19,327,99999,801635,8.68,49403.0
11-19-327-99999-801636,19,327,99999,801636,6.5,11513.0
11-19-327-99999-801637,19,327,99999,801637,7.5,42446.0
11-19-327-99999-801638,19,328,99999,801638,21.8,218718.0
11-19-327-99999-801638,19,327,99999,801638,15.491945,294546.0
11-19-328-02166-306882,19,328,02166,306882,24.06,119040.0
11-19-328-02166-306883,19,328,02166,306883,58.93,58840.0
11-19-328-02166-306884,19,328,02166,306884,3.84,5251.0
11-19-328-02167-306988,19,328,02167,306988,9.28,14194.0
11-19-328-02167-306989,19,328,02167,306989,6.01,4997.0
11-19-328-02167-306990,19,328,02167,306990,3.03,4981.0
11-19-328-02168-307019,19,328,02168,307019,0.31,4215.0
11-19-328-02168-307020,19,328,02168,307020,2.98,4973.0
11-19-328-02168-307021,19,328,02168,307021,6.51,5934.0
11-19-328-02170-307104,19,328,02170,307104,4.27,4130.0
11-19-328-02170-307105,19,328,02170,307105,4.29,9631.0
11-19-328-02171-307147,19,328,02171,307147,1.69,42254.0
11-19-328-02171-307148,19,328,02171,307148,1.98,9592.0
11-19-328-02171-307149,19,328,02171,307149,4.91,18454.0
11-19-328-02171-307150,19,328,02171,307150,6.68,16350.0
11-19-328-02172-307204,19,328,02172,307204,3.62,7137.0
11-19-328-02172-307205,19,328,02172,307205,3.49,6392.0
11-19-328-02172-307206,19,328,02172,307206,3.51,12022.0
11-19-328-02173-307254,19,328,02173,307254,6.32,14334.0
11-19-328-02173-307255,19,328,02173,307255,1.44,7613.0
11-19-328-02173-307256,19,328,02173,307256,7.2,10733.0
11-19-328-02173-307257,19,328,02173,307257,2.4,12670.0
11-19-328-02173-307258,19,328,02173,307258,6.12,10821.0
11-19-328-02174-307337,19,328,02174,307337,3.62,8132.0
11-19-328-02174-307338,19,328,02174,307338,1.53,5488.0
11-19-328-02175-307399,19,328,02175,307399,5.2,6474.0
11-19-328-02175-307400,19,328,02175,307400,4.29,8963.0
11-19-328-02175-307401,19,328,02175,307401,5.7,11408.0
11-19-328-02175-307402,19,328,02175,307402,4.92,19716.0
11-19-328-02176-307505,19,328,02176,307505,8.83,15652.0
11-19-328-02176-307506,19,328,02176,307506,15.54,11535.0
11-19-328-02176-307507,19,328,02176,307507,3.0,7577.0
11-19-328-02177-307593,19,328,02177,307593,12.38,30490.0
11-19-328-02177-307594,19,328,02177,307594,4.36,7469.0
11-19-328-02178-307623,19,328,02178,307623,58.03,61661.0
11-19-328-99999-801639,19,328,99999,801639,7.5,25218.0
11-19-328-99999-801640,19,328,99999,801640,12.97,107341.0
11-19-328-99999-801641,19,328,99999,801641,14.66,44719.0
11-19-328-99999-801642,19,328,99999,801642,9.78,65232.0
11-19-329-02180-307872,19,329,02180,307872,1.97,4483.0
11-19-329-02183-308211,19,329,02183,308211,3.8,7844.0
11-19-329-02183-308212,19,329,02183,308212,5.1,21064.0
11-19-329-02183-308213,19,329,02183,308213,2.8,4383.0
11-19-329-02184-308325,19,329,02184,308325,2.38,4841.0
11-19-329-02184-308326,19,329,02184,308326,5.69,23122.0
11-19-329-02184-308327,19,329,02184,308327,1.56,5021.0
11-19-329-02184-308328,19,329,02184,308328,4.49,8582.0
11-19-329-02184-308329,19,329,02184,308329,3.14,12418.0
11-19-329-02185-308402,19,329,02185,308402,2.53,5339.0
11-19-329-02186-308456,19,329,02186,308456,0.69,5480.0
11-19-329-02187-308587,19,329,02187,308587,1.5,4379.0
11-19-329-99999-801643,19,329,99999,801643,10.5,14404.0
11-19-329-99999-801644,19,329,99999,801644,3.9,9127.0
11-19-329-99999-801645,19,329,99999,801645,3.79,23890.0
11-19-329-99999-801646,19,329,99999,801646,8.3,77935.0
11-19-329-99999-801647,19,329,99999,801647,2.49,20998.0
11-19-329-99999-801648,19,329,99999,801648,4.6,36124.0
11-19-330-02191-308948,19,330,02191,308948,2.88,5777.0
11-19-330-02193-309202,19,330,02193,309202,3.72,5939.0
11-19-330-02196-309798,19,330,02196,309798,2.04,6011.0
11-19-330-02196-309799,19,330,02196,309799,3.9,10067.0
11-19-330-02199-310328,19,330,02199,310328,2.75,6022.0
11-19-330-99999-801649,19,330,99999,801649,11.07,54340.0
11-19-330-99999-801650,19,330,99999,801650,15.75,36930.0
11-19-330-99999-801651,19,330,99999,801651,10.76,183612.0
11-19-330-99999-801652,19,330,99999,801652,11.7,53530.0
11-19-331-02201-310762,19,331,02201,310762,2.45,7016.0
11-19-331-02204-311370,19,331,02204,311370,1.6,3225.0
11-19-331-02204-311371,19,331,02204,311371,3.68,5268.0
11-19-331-02207-311965,19,331,02207,311965,1.19,5021.0
11-19-331-99999-801653,19,331,99999,801653,10.29,56217.0
11-19-331-99999-801654,19,331,99999,801654,10.76,153279.0
11-19-331-99999-801654,19,331,02204,311372,1.28,6269.0
11-19-332-02210-312245,19,332,02210,312245,1.79,5570.0
11-19-332-02214-312781,19,332,02214,312781,1.19,6175.0
11-19-332-02214-312782,19,332,02214,312782,1.13,5464.0
11-19-332-02216-313212,19,332,02216,313212,1.33,7255.0
11-19-332-02216-313213,19,332,02216,313213,0.81,5752.0
11-19-332-02216-313214,19,332,02216,313214,1.2,6452.0
11-19-332-02216-313215,19,332,02216,313215,0.73,5898.0
11-19-332-02217-313331,19,332,02217,313331,4.36,5022.0
11-19-332-02217-313332,19,332,02217,313332,0.52,5582.0
11-19-332-02217-313333,19,332,02217,313333,1.83,9906.0
11-19-332-02218-313466,19,332,02218,313466,5.1,12581.0
11-19-332-02218-313467,19,332,02218,313467,3.68,10589.0
11-19-332-02218-313468,19,332,02218,313468,3.13,8660.0
11-19-332-02220-313613,19,332,02220,313613,0.91,11216.0
11-19-332-02220-313614,19,332,02220,313614,1.96,8778.0
11-19-332-02220-313615,19,332,02220,313615,2.4,15808.0
11-19-332-02220-313616,19,332,02220,313616,0.68,7731.0
11-19-332-02220-313617,19,332,02220,313617,3.03,5460.0
11-19-332-02220-313618,19,332,02220,313618,1.9,13550.0
11-19-332-02220-313619,19,332,02220,313619,1.21,7585.0
11-19-332-02220-313620,19,332,02220,313620,1.7,12664.0
11-19-332-02220-313621,19,332,02220,313621,3.38,12379.0
11-19-332-02220-313622,19,332,02220,313622,1.71,17347.0
11-19-332-02220-313623,19,332,02220,313623,2.4,10941.0
11-19-332-02221-313689,19,332,02221,313689,1.0,3838.0
11-19-332-02222-313762,19,332,02222,313762,4.16,13454.0
11-19-332-02222-313763,19,332,02222,313763,9.92,16470.0
11-19-332-99999-801655,19,332,99999,801655,9.68,84012.0
11-19-332-99999-801656,19,332,99999,801656,13.25,205521.0
11-19-333-02223-313830,19,333,02223,313830,3.7,20126.0
11-19-333-02223-313831,19,333,02223,313831,9.86,4374.0
11-19-333-02223-313832,19,333,02223,313832,9.38,15046.0
11-19-333-02223-313833,19,333,02223,313833,1.27,6042.0
11-19-333-02223-313834,19,333,02223,313834,1.24,6812.0
11-19-333-02223-313835,19,333,02223,313835,4.71,9851.0
11-19-333-02223-313836,19,333,02223,313836,5.66,22297.0
11-19-333-02223-313837,19,333,02223,313837,3.43,21737.0
11-19-333-02224-313871,19,333,02224,313871,4.77,12940.0
11-19-333-02224-313872,19,333,02224,313872,3.05,28332.0
11-19-333-02224-313873,19,333,02224,313873,3.46,36925.0
11-19-333-02224-313874,19,333,02224,313874,0.49,8264.0
11-19-333-02224-313875,19,333,02224,313875,1.15,14244.0
11-19-333-02224-313876,19,333,02224,313876,3.31,17800.0
11-19-333-02224-313877,19,333,02224,313877,0.63,8900.0
11-19-333-02224-313878,19,333,02224,313878,0.92,5379.0
11-19-333-02224-313879,19,333,02224,313879,3.07,23141.0
11-19-333-02224-313880,19,333,02224,313880,2.0,12599.0
11-19-333-02224-313881,19,333,02224,313881,1.36,6830.0
11-19-333-02225-313940,19,333,02225,313940,1.11,6312.0
11-19-333-02225-313941,19,333,02225,313941,0.38,6347.0
11-19-333-02225-313942,19,333,02225,313942,3.28,9239.0
11-19-333-02225-313943,19,333,02225,313943,1.96,7207.0
11-19-333-02226-313979,19,333,02226,313979,0.71,11261.0
11-19-333-02226-313980,19,333,02226,313980,0.41,6506.0
11-19-333-02226-313981,19,333,02226,313981,2.77,39261.0
11-19-333-02226-313982,19,333,02226,313982,0.66,6979.0
11-19-333-02226-313983,19,333,02226,313983,1.13,8171.0
11-19-333-02226-313984,19,333,02226,313984,2.72,15688.0
11-19-333-02226-313985,19,333,02226,313985,7.72,40683.0
11-19-333-02226-313986,19,333,02226,313986,0.77,6015.0
11-19-333-02226-313987,19,333,02226,313987,1.25,5360.0
11-19-333-02226-313988,19,333,02226,313988,1.48,9423.0
11-19-333-02226-313989,19,333,02226,313989,1.64,5510.0
11-19-333-02226-313990,19,333,02226,313990,1.05,5526.0
11-19-333-02226-313991,19,333,02226,313991,3.6,7772.0
11-19-333-02227-314052,19,333,02227,314052,3.6,7837.0
11-19-333-02227-314053,19,333,02227,314053,2.51,14027.0
11-19-333-02227-314054,19,333,02227,314054,1.15,8451.0
11-19-333-02227-314055,19,333,02227,314055,5.67,16587.0
11-19-333-02227-314056,19,333,02227,314056,2.47,9528.0
11-19-333-02227-314057,19,333,02227,314057,2.95,6083.0
11-19-333-02228-314135,19,333,02228,314135,6.16,17131.0
11-19-333-02228-314136,19,333,02228,314136,2.5,15260.0
11-19-333-02228-314137,19,333,02228,314137,1.48,7685.0
11-19-333-02228-314138,19,333,02228,314138,1.63,10512.0
11-19-333-02228-314139,19,333,02228,314139,1.57,23280.0
11-19-333-02228-314140,19,333,02228,314140,0.86,7277.0
11-19-333-02228-314141,19,333,02228,314141,1.22,6081.0
11-19-333-02228-314142,19,333,02228,314142,3.54,25058.0
11-19-333-02228-314143,19,333,02228,314143,1.19,10742.0
11-19-333-02228-314144,19,333,02228,314144,1.03,11074.0
11-19-333-02236-314805,19,333,02236,314805,4.09,15019.0
11-19-333-02236-314806,19,333,02236,314806,1.99,9411.0
11-19-333-02241-315443,19,333,02241,315443,1.91,4850.0
11-19-333-02241-315444,19,333,02241,315444,2.78,11724.0
11-19-333-02241-315445,19,333,02241,315445,3.37,10400.0
11-19-333-02241-315446,19,333,02241,315446,2.81,12829.0
11-19-333-02241-315447,19,333,02241,315447,9.62,23415.0
11-19-333-02241-315448,19,333,02241,315448,1.79,5200.0
11-19-333-02241-315449,19,333,02241,315449,1.57,8883.0
11-19-333-02241-315450,19,333,02241,315450,5.13,25336.0
11-19-333-02241-315451,19,333,02241,315451,2.12,6627.0
11-19-333-02244-315619,19,333,02244,315619,4.25,8852.0
11-19-333-02246-315742,19,333,02246,315742,7.15,22894.0
11-19-333-99999-801657,19,333,99999,801657,6.25,95706.0
11-19-333-99999-801658,19,333,99999,801658,8.2,88165.0
11-19-333-99999-801659,19,333,99999,801659,10.74218,51790.0
11-19-333-99999-801660,19,333,99999,801660,17.25,44019.0
11-19-333-99999-801661,19,333,99999,801661,12.97,55632.0
11-19-333-99999-801662,19,333,99999,801662,31.42,195223.0
11-19-333-99999-801663,19,333,99999,801663,3.98,29205.0
11-19-334-02249-316075,19,334,02249,316075,11.76,6614.0
11-19-334-02249-316076,19,334,02249,316076,4.88,10477.0
11-19-334-02249-316077,19,334,02249,316077,1.05,5770.0
11-19-334-02250-316149,19,334,02250,316149,1.63,9796.0
11-19-334-02254-316504,19,334,02254,316504,2.57,8118.0
11-19-334-02255-316618,19,334,02255,316618,3.15,10176.0
11-19-334-02258-317006,19,334,02258,317006,9.84,13965.0
11-19-334-02259-317119,19,334,02259,317119,2.45,10466.0
11-19-334-02259-317120,19,334,02259,317120,0.58,4770.0
11-19-334-02261-317446,19,334,02261,317446,1.61,9242.0
11-19-334-02262-317626,19,334,02262,317626,2.11,5419.0
11-19-334-02263-317763,19,334,02263,317763,1.48,5267.0
11-19-334-02264-317933,19,334,02264,317933,8.14,12160.0
11-19-334-02265-318067,19,334,02265,318067,1.86,7125.0
11-19-334-99999-801664,19,334,99999,801664,12.0,41534.0
11-19-334-99999-801665,19,334,99999,801665,6.25,57833.0
11-19-334-99999-801666,19,334,99999,801666,9.47,67864.0
11-19-334-99999-801667,19,334,99999,801667,10.0,44601.0
11-19-334-99999-801668,19,334,99999,801668,16.84,38041.0
11-19-334-99999-801669,19,334,99999,801669,13.13,80210.0
11-19-335-02268-318539,19,335,02268,318539,19.65,39098.0
11-19-335-02268-318540,19,335,02268,318540,3.9,22599.0
11-19-335-02269-318587,19,335,02269,318587,5.21,8399.0
11-19-335-02269-318588,19,335,02269,318588,3.38,12480.0
11-19-335-02269-318589,19,335,02269,318589,4.11,8855.0
11-19-335-02269-318590,19,335,02269,318590,7.19,5444.0
11-19-335-02269-318591,19,335,02269,318591,1.22,9165.0
11-19-335-02270-318636,19,335,02270,318636,3.18,5127.0
11-19-335-02270-318637,19,335,02270,318637,2.17,4329.0
11-19-335-02270-318638,19,335,02270,318638,4.03,3459.0
11-19-335-02270-318639,19,335,02270,318639,7.53,6617.0
11-19-335-02270-318640,19,335,02270,318640,7.95,15731.0
11-19-335-02270-318641,19,335,02270,318641,4.49,8894.0
11-19-335-02271-318655,19,335,02271,318655,1.38,4508.0
11-19-335-02271-318656,19,335,02271,318656,1.18,5358.0
11-19-335-02271-318657,19,335,02271,318657,4.24,13179.0
11-19-335-02271-318658,19,335,02271,318658,3.01,5703.0
11-19-335-02271-318659,19,335,02271,318659,2.95,4459.0
11-19-335-02271-318660,19,335,02271,318660,3.93,7471.0
11-19-335-02271-318661,19,335,02271,318661,2.12,7371.0
11-19-335-02271-318662,19,335,02271,318662,3.01,5445.0
11-19-335-02271-318663,19,335,02271,318663,4.22,5112.0
11-19-335-02271-318666,19,335,02271,318666,0.87,6006.0
11-19-335-02271-318667,19,335,02271,318667,1.67,6468.0
11-19-335-02272-318681,19,335,02272,318681,1.85,8961.0
11-19-335-02272-318682,19,335,02272,318682,7.49,15383.0
11-19-335-02272-318684,19,335,02272,318684,7.33,24104.0
11-19-335-02272-318685,19,335,02272,318685,1.34,4188.0
11-19-335-02272-318686,19,335,02272,318686,7.81,8449.0
11-19-335-02272-318688,19,335,02272,318688,10.33,27275.0
11-19-335-02272-318689,19,335,02272,318689,2.44,8980.0
11-19-335-02272-318689,19,335,02273,318718,2.5,5910.0
11-19-335-02272-318690,19,335,02272,318690,2.83,4811.0
11-19-335-02272-318691,19,335,02272,318691,3.64,13633.0
11-19-335-02272-318692,19,335,02272,318692,8.84,6177.0
11-19-335-02272-318693,19,335,02272,318693,2.85,19924.0
11-19-335-02272-318694,19,335,02272,318694,1.95,6609.0
11-19-335-02273-318642,19,335,02273,318642,8.26,6875.0
11-19-335-02273-318642,19,335,02270,318642,0.19065557,3875.0
11-19-335-02273-318683,19,335,02273,318683,1.4899925,11527.0
11-19-335-02273-318683,19,335,02272,318683,1.76,1965.0
11-19-335-02273-318687,19,335,02273,318687,6.73,10367.0
11-19-335-02273-318687,19,335,02272,318687,0.44794706,845.0
11-19-335-02273-318710,19,335,02273,318710,4.08,8565.0
11-19-335-02273-318711,19,335,02273,318711,5.94,5446.0
11-19-335-02273-318712,19,335,02273,318712,7.95,15107.0
11-19-335-02273-318713,19,335,02273,318713,2.42,15704.0
11-19-335-02273-318714,19,335,02273,318714,3.35,4841.0
11-19-335-02273-318715,19,335,02273,318715,7.11,8488.0
11-19-335-02273-318716,19,335,02273,318716,4.51,4626.0
11-19-335-02273-318717,19,335,02273,318717,3.31,6399.0
11-19-335-02273-318719,19,335,02273,318719,5.64,13806.0
11-19-335-02273-318720,19,335,02273,318720,3.59,17510.0
11-19-335-02274-318772,19,335,02274,318772,3.87,4592.0
11-19-335-02274-318773,19,335,02274,318773,2.2,5635.0
11-19-335-02274-318774,19,335,02274,318774,5.41,4600.0
11-19-335-02274-318775,19,335,02274,318775,3.11,5383.0
11-19-335-02274-318776,19,335,02274,318776,5.43,5549.0
11-19-335-02274-318777,19,335,02274,318777,2.53,4795.0
11-19-335-02275-318860,19,335,02275,318860,3.78,7808.0
11-19-335-02275-318861,19,335,02275,318861,14.12,15967.0
11-19-335-02275-318862,19,335,02275,318862,4.96,6665.0
11-19-335-02275-318863,19,335,02275,318863,7.32,5856.0
11-19-335-02275-318864,19,335,02275,318864,8.66,23789.0
11-19-335-02275-318865,19,335,02275,318865,0.87,9967.0
11-19-335-02275-318866,19,335,02275,318866,2.59,4479.0
11-19-335-02281-319354,19,335,02281,319354,1.03,6473.0
11-19-335-02283-319518,19,335,02283,319518,4.43,19830.0
11-19-335-02283-319519,19,335,02283,319519,2.17,7141.0
11-19-335-02283-319520,19,335,02283,319520,1.72,4571.0
11-19-335-02283-319521,19,335,02283,319521,1.89,4688.0
11-19-335-02283-319522,19,335,02283,319522,1.57,17044.0
11-19-335-02287-319949,19,335,02287,319949,3.6,5470.0
11-19-335-02287-319950,19,335,02287,319950,4.62,13093.0
11-19-335-02287-319951,19,335,02287,319951,3.96,4558.0
11-19-335-02289-320101,19,335,02289,320101,4.55,6483.0
11-19-335-02289-320102,19,335,02289,320102,3.26,12819.0
11-19-335-02289-320103,19,335,02289,320103,11.62,7733.0
11-19-335-02289-320104,19,335,02289,320104,4.83,13072.0
11-19-335-02290-320193,19,335,02290,320193,2.81,6347.0
11-19-335-02291-320306,19,335,02291,320306,1.84,4420.0
11-19-335-02293-320495,19,335,02293,320495,2.6,9951.0
11-19-335-02293-320496,19,335,02293,320496,2.55,3678.0
11-19-335-02293-320497,19,335,02293,320497,1.61,7178.0
11-19-335-02294-320610,19,335,02294,320610,2.42,10100.0
11-19-335-02296-320846,19,335,02296,320846,5.69,7858.0
11-19-335-99999-801670,19,335,99999,801670,96.0,313809.0
11-19-335-99999-801671,19,335,99999,801671,125.23,563917.0
11-19-335-99999-801672,19,335,99999,801672,79.2,149220.0
11-19-335-99999-801673,19,335,99999,801673,24.99,129441.0
11-19-335-99999-801673,19,335,02271,318664,3.66,7623.0
11-19-335-99999-801673,19,335,02271,318665,1.66,4715.0
11-19-335-99999-801674,19,335,99999,801674,154.2,566517.0
11-19-335-99999-801675,19,335,99999,801675,8.43,81615.0
11-19-335-99999-801676,19,335,99999,801676,10.36,24397.0
11-19-335-99999-801677,19,335,99999,801677,17.17,35388.0
11-19-335-99999-801678,19,335,99999,801678,26.3,314265.0
11-19-335-99999-801679,19,335,99999,801679,4.4,56722.0
11-19-335-99999-801680,19,335,99999,801680,8.84,41451.0
11-19-336-02299-321124,19,336,02299,321124,1.62,9661.0
11-19-336-02299-321125,19,336,02299,321125,3.46,13000.0
11-19-336-02303-321418,19,336,02303,321418,3.78,14391.0
11-19-336-02303-321419,19,336,02303,321419,6.19,14293.0
11-19-336-02304-321527,19,336,02304,321527,3.93,23822.0
11-19-336-02304-321528,19,336,02304,321528,2.52,10556.0
11-19-336-02305-321612,19,336,02305,321612,4.12,14123.0
11-19-336-02306-321657,19,336,02306,321657,2.48,5440.0
11-19-336-02307-321679,19,336,02307,321679,3.1,9137.0
11-19-336-02307-321680,19,336,02307,321680,1.8,11148.0
11-19-336-02307-321681,19,336,02307,321681,3.41,6806.0
11-19-336-02307-321682,19,336,02307,321682,2.7,14085.0
11-19-336-02307-321683,19,336,02307,321683,2.12,7831.0
11-19-336-02307-321684,19,336,02307,321684,0.37,5013.0
11-19-336-02307-321685,19,336,02307,321685,1.15,5053.0
11-19-336-02308-321776,19,336,02308,321776,5.75,4511.0
11-19-336-02308-321777,19,336,02308,321777,1.85,11474.0
11-19-336-02308-321778,19,336,02308,321778,3.71,12963.0
11-19-336-02310-321911,19,336,02310,321911,3.6,22649.0
11-19-336-02310-321912,19,336,02310,321912,4.82,18051.0
11-19-336-02310-321913,19,336,02310,321913,1.54,6441.0
11-19-336-02311-321979,19,336,02311,321979,6.01,11336.0
11-19-336-02311-321980,19,336,02311,321980,1.61,4983.0
11-19-336-02311-321981,19,336,02311,321981,1.95,5268.0
11-19-336-02311-321982,19,336,02311,321982,3.0,9584.0
11-19-336-02311-321983,19,336,02311,321983,15.02,55653.0
11-19-336-02312-322044,19,336,02312,322044,1.61,5532.0
11-19-336-02312-322045,19,336,02312,322045,7.71,19998.0
11-19-336-02312-322046,19,336,02312,322046,2.56,10280.0
11-19-336-02312-322047,19,336,02312,322047,2.08,5349.0
11-19-336-02312-322048,19,336,02312,322048,2.94,20662.0
11-19-336-02312-322049,19,336,02312,322049,1.36,9847.0
11-19-336-02312-322050,19,336,02312,322050,2.54,5220.0
11-19-336-02312-322051,19,336,02312,322051,1.53,7818.0
11-19-336-02312-322052,19,336,02312,322052,1.93,9584.0
11-19-336-02313-322163,19,336,02313,322163,2.49,5202.0
11-19-336-02313-322166,19,336,02313,322166,3.12,10707.0
11-19-336-02313-322167,19,336,02313,322167,3.36,10168.0
11-19-336-02313-322168,19,336,02313,322168,1.62,5858.0
11-19-336-02314-322317,19,336,02314,322317,1.41,6857.0
11-19-336-02314-322318,19,336,02314,322318,2.56,8275.0
11-19-336-02314-322319,19,336,02314,322319,1.79,8536.0
11-19-336-02314-322320,19,336,02314,322320,1.99,12700.0
11-19-336-02314-322321,19,336,02314,322321,1.53,5027.0
11-19-336-02314-322322,19,336,02314,322322,1.59,5763.0
11-19-336-02314-322323,19,336,02314,322323,1.87,5106.0
11-19-336-02314-322324,19,336,02314,322324,3.3,13675.0
11-19-336-02314-322325,19,336,02314,322325,4.99,14991.0
11-19-336-02314-322326,19,336,02314,322326,3.86,10406.0
11-19-336-02315-322410,19,336,02315,322410,9.13,3989.0
11-19-336-02315-322411,19,336,02315,322411,1.61,6945.0
11-19-336-02315-322412,19,336,02315,322412,1.35,5759.0
11-19-336-02315-322413,19,336,02315,322413,2.1,6916.0
11-19-336-99999-801681,19,336,99999,801681,11.66,125543.0
11-19-336-99999-801682,19,336,99999,801682,15.96,153062.0
11-19-336-99999-801683,19,336,99999,801683,25.88,151777.0
11-19-336-99999-801684,19,336,99999,801684,2.01,38039.0
11-19-336-99999-801685,19,336,99999,801685,5.52,30799.0
11-19-336-99999-801686,19,336,02313,322164,4.12,13969.0
11-19-336-99999-801686,19,336,99999,801686,7.72,75365.0
11-19-336-99999-801686,19,336,02313,322165,4.5659184,3982.0
11-19-336-99999-801687,19,336,99999,801687,1.5,23119.0
11-19-336-99999-801688,19,336,99999,801688,15.54,95203.0
11-19-336-99999-801689,19,336,99999,801689,29.14,100575.0
11-19-336-99999-801690,19,336,99999,801690,30.0,58998.0
11-19-337-02318-322772,19,337,02318,322772,1.7,7113.0
11-19-337-02318-322773,19,337,02318,322773,1.87,4995.0
11-19-337-02318-322774,19,337,02318,322774,0.8,6919.0
11-19-337-02318-322775,19,337,02318,322775,2.36,10165.0
11-19-337-02318-322776,19,337,02318,322776,2.72,9594.0
11-19-337-02318-322777,19,337,02318,322777,5.87,20803.0
11-19-337-02318-322778,19,337,02318,322778,1.74,5172.0
11-19-337-02319-322844,19,337,02319,322844,1.59,4360.0
11-19-337-02320-322900,19,337,02320,322900,1.71,7737.0
11-19-337-02320-322901,19,337,02320,322901,1.7,10790.0
11-19-337-02320-322902,19,337,02320,322902,1.63,7773.0
11-19-337-02320-322903,19,337,02320,322903,2.01,9404.0
11-19-337-02320-322904,19,337,02320,322904,1.16,5895.0
11-19-337-02320-322905,19,337,02320,322905,2.47,7950.0
11-19-337-02321-322982,19,337,02321,322982,2.3,12025.0
11-19-337-02321-322983,19,337,02321,322983,0.8,7193.0
11-19-337-02321-322984,19,337,02321,322984,1.01,5856.0
11-19-337-02321-322985,19,337,02321,322985,3.91,10741.0
11-19-337-02322-323066,19,337,02322,323066,3.65,6659.0
11-19-337-02323-323105,19,337,02323,323105,1.77,5994.0
11-19-337-02323-323106,19,337,02323,323106,3.49,6748.0
11-19-337-02323-323107,19,337,02323,323107,3.07,8192.0
11-19-337-02323-323108,19,337,02323,323108,1.97,6349.0
11-19-337-02323-323110,19,337,02323,323110,2.2,5705.0
11-19-337-02323-323111,19,337,02323,323111,1.08,7611.0
11-19-337-02323-323112,19,337,02323,323112,1.1,10819.0
11-19-337-02323-323113,19,337,02323,323113,1.83,17001.0
11-19-337-02323-323114,19,337,02323,323114,1.72,6408.0
11-19-337-02323-323115,19,337,02323,323115,2.31,5219.0
11-19-337-02324-323133,19,337,02324,323133,1.43,8942.0
11-19-337-02324-323134,19,337,02324,323134,2.0,19062.0
11-19-337-02324-323135,19,337,02324,323135,1.45,9096.0
11-19-337-02324-323136,19,337,02324,323136,7.81,17781.0
11-19-337-02324-323137,19,337,02324,323137,0.71,11108.0
11-19-337-02324-323138,19,337,02324,323138,2.0,17661.0
11-19-337-02324-323139,19,337,02324,323139,1.1,16979.0
11-19-337-02324-323141,19,337,02324,323141,1.0,17802.0
11-19-337-02324-323142,19,337,02324,323142,0.53,6081.0
11-19-337-02324-323143,19,337,02324,323143,1.21,13249.0
11-19-337-02324-323144,19,337,02324,323144,0.77,8491.0
11-19-337-02324-323145,19,337,02324,323145,0.62,10930.0
11-19-337-02325-323216,19,337,02325,323216,1.48,6317.0
11-19-337-02325-323217,19,337,02325,323217,2.12,5830.0
11-19-337-02325-323218,19,337,02325,323218,2.48,6301.0
11-19-337-02325-323219,19,337,02325,323219,0.59,5047.0
11-19-337-02325-323220,19,337,02325,323220,3.29,25557.0
11-19-337-02325-323221,19,337,02325,323221,2.34,12537.0
11-19-337-02325-323222,19,337,02325,323222,5.6,16134.0
11-19-337-02325-323223,19,337,02325,323223,1.4,8159.0
11-19-337-02325-323224,19,337,02325,323224,0.52,6993.0
11-19-337-02325-323225,19,337,02325,323225,1.36,6824.0
11-19-337-02325-323226,19,337,02325,323226,0.54,8088.0
11-19-337-02325-323227,19,337,02325,323227,1.57,11615.0
11-19-337-02326-323305,19,337,02326,323305,2.55,11994.0
11-19-337-02327-323413,19,337,02327,323413,2.74,9663.0
11-19-337-02328-323510,19,337,02328,323510,2.26,7275.0
11-19-337-02329-323571,19,337,02329,323571,1.33,8679.0
11-19-337-02329-323572,19,337,02329,323572,3.37,6387.0
11-19-337-02329-323573,19,337,02329,323573,2.36,6027.0
11-19-337-02330-323641,19,337,02330,323641,1.46,5148.0
11-19-337-02330-323642,19,337,02330,323642,2.12,6803.0
11-19-337-02330-323643,19,337,02330,323643,2.08,5339.0
11-19-337-02332-323765,19,337,02332,323765,1.57,8245.0
11-19-337-02332-323766,19,337,02332,323766,6.32,16553.0
11-19-337-02332-323767,19,337,02332,323767,1.11,6349.0
11-19-337-02332-323768,19,337,02332,323768,1.32,5413.0
11-19-337-02332-323769,19,337,02332,323769,3.85,12660.0
11-19-337-02332-323770,19,337,02332,323770,2.14,6431.0
11-19-337-02332-323771,19,337,02332,323771,2.91,6890.0
11-19-337-02332-323772,19,337,02332,323772,3.89,24249.0
11-19-337-02332-323773,19,337,02332,323773,0.97,13496.0
11-19-337-02333-323846,19,337,02333,323846,3.11,3474.0
11-19-337-02333-323847,19,337,02333,323847,4.12,3637.0
11-19-337-02336-323976,19,337,02336,323976,2.17,6248.0
11-19-337-02337-324019,19,337,02337,324019,5.92,8179.0
11-19-337-02337-324020,19,337,02337,324020,3.15,6897.0
11-19-337-99999-801691,19,337,99999,801691,14.27,108864.0
11-19-337-99999-801692,19,337,02323,323109,1.82,8521.0
11-19-337-99999-801692,19,337,99999,801692,8.29,124939.0
11-19-337-99999-801693,19,337,99999,801693,9.06,129576.0
11-19-337-99999-801694,19,337,99999,801694,11.55,217900.0
11-19-337-99999-801695,19,337,99999,801695,34.69,386019.0
11-19-337-99999-801696,19,337,99999,801696,13.5,45377.0
11-19-337-99999-801697,19,337,99999,801697,21.8,147221.0
11-19-337-99999-801698,19,337,99999,801698,20.5,121592.0
11-19-337-99999-801699,19,337,99999,801699,6.47,85336.0
11-19-337-99999-801700,19,337,99999,801700,12.61,132806.0
11-19-337-99999-801701,19,337,99999,801701,3.68,17380.0
11-19-337-99999-801702,19,337,99999,801702,10.61,152783.0
11-19-337-99999-801703,19,337,99999,801703,3.24,116541.0
11-19-337-99999-801704,19,337,99999,801704,6.87,108496.0
11-19-337-99999-801704,19,337,02324,323140,0.83,8115.0
11-19-337-99999-801705,19,337,99999,801705,19.38,377347.0
11-19-337-99999-801706,19,337,99999,801706,22.43,52493.0
11-19-337-99999-801707,19,337,99999,801707,34.5,278435.0
11-19-337-99999-801708,19,337,99999,801708,21.56,196127.0
11-19-337-99999-801709,19,337,99999,801709,6.89,76846.0
11-19-337-99999-801710,19,337,99999,801710,26.45,249142.0
11-19-337-99999-801711,19,337,99999,801711,10.96,330211.0
11-19-337-99999-801712,19,337,99999,801712,7.12,245213.0
11-19-337-99999-801713,19,337,99999,801713,9.73,114786.0
11-19-337-99999-801714,19,337,99999,801714,17.6,403316.0
11-19-337-99999-801715,19,337,99999,801715,28.0,402844.0
11-19-337-99999-801716,19,337,99999,801716,33.5,215514.0
11-19-337-99999-801717,19,337,99999,801717,1.75,1095.0
11-19-337-99999-801718,19,337,99999,801718,22.05,125254.0
11-19-337-99999-801719,19,337,99999,801719,12.96,38263.0
11-19-338-02344-324899,19,338,02344,324899,2.29,8717.0
11-19-338-02344-324900,19,338,02344,324900,3.75,30700.0
11-19-338-02344-324901,19,338,02344,324901,1.29,3665.0
11-19-338-02344-324902,19,338,02344,324902,1.22,7252.0
11-19-338-02345-325035,19,338,02345,325035,1.04,5052.0
11-19-338-02345-325036,19,338,02345,325036,2.69,8482.0
11-19-338-02345-325037,19,338,02345,325037,3.12,7224.0
11-19-338-02345-325038,19,338,02345,325038,2.7,7430.0
11-19-338-02346-325091,19,338,02346,325091,1.52,7271.0
11-19-338-02346-325092,19,338,02346,325092,1.53,7665.0
11-19-338-02346-325093,19,338,02346,325093,2.03,14919.0
11-19-338-02346-325094,19,338,02346,325094,1.6,6685.0
11-19-338-02346-325095,19,338,02346,325095,1.24,7910.0
11-19-338-02346-325096,19,338,02346,325096,11.19,4613.0
11-19-338-02346-325097,19,338,02346,325097,0.73,8601.0
11-19-338-02346-325098,19,338,02346,325098,1.6,10357.0
11-19-338-02346-325099,19,338,02346,325099,1.67,8148.0
11-19-338-02346-325100,19,338,02346,325100,2.24,18875.0
11-19-338-02346-325101,19,338,02346,325101,0.69,8994.0
11-19-338-02346-325103,19,338,02346,325103,2.46,15969.0
11-19-338-02346-325104,19,338,02346,325104,0.93,8456.0
11-19-338-02346-325105,19,338,02346,325105,3.7,15988.0
11-19-338-02348-325454,19,338,02348,325454,1.24,4566.0
11-19-338-02349-325555,19,338,02349,325555,1.48,5068.0
11-19-338-02349-325556,19,338,02349,325556,6.4,21382.0
11-19-338-02349-325557,19,338,02349,325557,4.91,7517.0
11-19-338-02349-325558,19,338,02349,325558,2.59,5242.0
11-19-338-02349-325559,19,338,02349,325559,2.13,6731.0
11-19-338-02349-325560,19,338,02349,325560,2.69,6522.0
11-19-338-02350-325576,19,338,02350,325576,3.29,10998.0
11-19-338-02350-325577,19,338,02350,325577,1.61,11254.0
11-19-338-02350-325579,19,338,02350,325579,2.19,6266.0
11-19-338-02350-325580,19,338,02350,325580,1.66,7262.0
11-19-338-02350-325581,19,338,02350,325581,2.54,18358.0
11-19-338-02350-325582,19,338,02350,325582,2.68,8772.0
11-19-338-02350-325583,19,338,02350,325583,1.6,26814.0
11-19-338-02350-325584,19,338,02350,325584,1.5,9650.0
11-19-338-02351-325632,19,338,02351,325632,2.86,8007.0
11-19-338-02351-325633,19,338,02351,325633,3.09,7478.0
11-19-338-02351-325634,19,338,02351,325634,2.19,7862.0
11-19-338-02351-325635,19,338,02351,325635,3.39,7428.0
11-19-338-02351-325636,19,338,02351,325636,1.86,5558.0
11-19-338-02351-325637,19,338,02351,325637,3.91,12728.0
11-19-338-02351-325638,19,338,02351,325638,4.48,12208.0
11-19-338-02351-325639,19,338,02351,325639,4.4,6811.0
11-19-338-02351-325640,19,338,02351,325640,4.65,7068.0
11-19-338-02352-325661,19,338,02352,325661,1.1,6247.0
11-19-338-02352-325662,19,338,02352,325662,1.37,4882.0
11-19-338-02352-325663,19,338,02352,325663,1.15,5148.0
11-19-338-02352-325664,19,338,02352,325664,2.48,5180.0
11-19-338-02352-325665,19,338,02352,325665,1.2,7035.0
11-19-338-02352-325666,19,338,02352,325666,2.12,10487.0
11-19-338-02352-325667,19,338,02352,325667,2.98,6432.0
11-19-338-02352-325668,19,338,02352,325668,3.49,8428.0
11-19-338-02352-325669,19,338,02352,325669,2.0,10375.0
11-19-338-02352-325670,19,338,02352,325670,3.95,12837.0
11-19-338-02352-325671,19,338,02352,325671,1.74,4703.0
11-19-338-02352-325672,19,338,02352,325672,2.46,6996.0
11-19-338-02352-325673,19,338,02352,325673,1.22,7136.0
11-19-338-02352-325674,19,338,02352,325674,1.01,5411.0
11-19-338-02352-325675,19,338,02352,325675,1.77,8205.0
11-19-338-02353-325804,19,338,02353,325804,5.86,16479.0
11-19-338-99999-801720,19,338,99999,801720,9.08,103920.0
11-19-338-99999-801721,19,338,99999,801721,17.29,179931.0
11-19-338-99999-801721,19,338,02346,325102,1.38,13140.0
11-19-338-99999-801722,19,338,99999,801722,22.03,166867.0
11-19-338-99999-801723,19,338,99999,801723,3.9,30947.0
11-19-338-99999-801724,19,338,99999,801724,34.75,66175.0
11-19-338-99999-801725,19,338,99999,801725,8.28,101477.0
11-19-338-99999-801726,19,338,99999,801726,6.54,111251.0
11-19-338-99999-801727,19,338,99999,801727,12.03,121110.0
11-19-338-99999-801728,19,338,99999,801728,17.6,181842.0
11-19-338-99999-801729,19,338,99999,801729,6.5,124577.0
11-19-338-99999-801729,19,338,02350,325578,6.15,16503.0
11-19-338-99999-801730,19,338,99999,801730,4.32,76172.0
11-19-338-99999-801731,19,338,99999,801731,19.5,94936.0
11-19-338-99999-801732,19,338,99999,801732,16.3,159147.0
11-19-339-02359-326636,19,339,02359,326636,3.89,5326.0
11-19-339-02363-327361,19,339,02363,327361,3.64,5311.0
11-19-339-02363-327362,19,339,02363,327362,7.25,14012.0
11-19-339-02363-327363,19,339,02363,327363,1.52,6463.0
11-19-339-02367-328010,19,339,02367,328010,5.65,8483.0
11-19-339-02372-328949,19,339,02372,328949,4.0,7206.0
11-19-339-02373-329103,19,339,02373,329103,1.41,5056.0
11-19-339-02373-329104,19,339,02373,329104,1.62,7382.0
11-19-339-02376-329617,19,339,02376,329617,2.42,6280.0
11-19-339-99999-801733,19,339,99999,801733,19.06,137386.0
11-19-339-99999-801734,19,339,99999,801734,11.65,29085.0
11-19-339-99999-801735,19,339,99999,801735,22.019,67783.0
11-19-340-02378-329896,19,340,02378,329896,8.29,10259.0
11-19-340-02379-330011,19,340,02379,330011,6.17,5748.0
11-19-340-02379-330012,19,340,02379,330012,2.49,5878.0
11-19-340-02380-330145,19,340,02380,330145,4.95,2507.0
11-19-340-02380-330146,19,340,02380,330146,3.87,6884.0
11-19-340-02380-330147,19,340,02380,330147,3.13,5506.0
11-19-340-02380-330148,19,340,02380,330148,2.9,6556.0
11-19-340-02380-330149,19,340,02380,330149,5.38,11171.0
11-19-340-02381-330256,19,340,02381,330256,2.9,5963.0
11-19-340-02382-330359,19,340,02382,330359,8.64,21272.0
11-19-340-02383-330483,19,340,02383,330483,4.41,5094.0
11-19-340-02383-330484,19,340,02383,330484,1.42,7917.0
11-19-340-02383-330485,19,340,02383,330485,6.23,5279.0
11-19-340-02384-330589,19,340,02384,330589,3.91,5929.0
11-19-340-02385-330799,19,340,02385,330799,1.62,5435.0
11-19-340-02385-330800,19,340,02385,330800,8.79,14956.0
11-19-340-02385-330801,19,340,02385,330801,3.23,5367.0
11-19-340-02387-331032,19,340,02387,331032,4.29,5694.0
11-19-340-02390-331380,19,340,02390,331380,8.72,9384.0
11-19-340-02391-331510,19,340,02391,331510,1.72,5995.0
11-19-340-02391-331511,19,340,02391,331511,3.23,6347.0
11-19-340-02393-331744,19,340,02393,331744,9.51,24431.0
11-19-340-02394-331960,19,340,02394,331960,3.35,8056.0
11-19-340-02395-332204,19,340,02395,332204,4.03,9521.0
11-19-340-02397-332475,19,340,02397,332475,3.61,5993.0
11-19-340-99999-801736,19,340,99999,801736,3.88,19544.0
11-19-340-99999-801737,19,340,99999,801737,13.0,25561.0
11-19-340-99999-801738,19,340,99999,801738,14.0,121067.0
11-19-341-02399-332617,19,341,02399,332617,2.5019,4612.0
11-19-341-02399-332618,19,341,02399,332618,3.0156,5409.0
11-19-341-02399-332619,19,341,02399,332619,3.8599,5813.0
11-19-341-02400-332693,19,341,02400,332693,1.975,6069.0
11-19-341-02400-332694,19,341,02400,332694,2.9876,13183.0
11-19-341-02400-332695,19,341,02400,332695,1.5643,6715.0
11-19-341-02400-332696,19,341,02400,332696,4.4201,16699.0
11-19-341-02400-332697,19,341,02400,332697,2.174,6456.0
11-19-341-02400-332698,19,341,02400,332698,2.5469,6156.0
11-19-341-02400-332699,19,341,02400,332699,1.7707,6747.0
11-19-341-02401-332767,19,341,02401,332767,4.2665,7113.0
11-19-341-02401-332768,19,341,02401,332768,1.6065,3348.0
11-19-341-02401-332769,19,341,02401,332769,1.6432,6779.0
11-19-341-02401-332770,19,341,02401,332770,1.7,6004.0
11-19-341-02401-332771,19,341,02401,332771,0.9618,4872.0
11-19-341-02401-332772,19,341,02401,332772,3.1455,10600.0
11-19-341-02401-332773,19,341,02401,332773,5.0794,13573.0
11-19-341-02401-332774,19,341,02401,332774,3.445,9171.0
11-19-341-02401-332775,19,341,02401,332775,1.8188,4596.0
11-19-341-02401-332776,19,341,02401,332776,1.1648,5187.0
11-19-341-02402-332809,19,341,02402,332809,4.1057,8425.0
11-19-341-02402-332810,19,341,02402,332810,2.6349,5461.0
11-19-341-02402-332811,19,341,02402,332811,1.5919,4363.0
11-19-341-02402-332812,19,341,02402,332812,3.83,18433.0
11-19-341-02402-332813,19,341,02402,332813,4.3,13704.0
11-19-341-02402-332814,19,341,02402,332814,2.4506,6810.0
11-19-341-02402-332815,19,341,02402,332815,1.24,6547.0
11-19-341-02402-332816,19,341,02402,332816,1.75,5667.0
11-19-341-02402-332817,19,341,02402,332817,1.71,8713.0
11-19-341-02402-332818,19,341,02402,332818,1.46,9567.0
11-19-341-02402-332819,19,341,02402,332819,1.58,7203.0
11-19-341-02402-332820,19,341,02402,332820,1.14,15171.0
11-19-341-02402-332821,19,341,02402,332821,3.59,63957.0
11-19-341-02402-332822,19,341,02402,332822,3.47,27818.0
11-19-341-02402-332823,19,341,02402,332823,2.18,11130.0
11-19-341-02402-332824,19,341,02402,332824,2.4,9408.0
11-19-341-02402-332825,19,341,02402,332825,0.9962,5505.0
11-19-341-02402-332826,19,341,02402,332826,2.39,12073.0
11-19-341-02402-332827,19,341,02402,332827,1.0674,5002.0
11-19-341-02402-332828,19,341,02402,332828,1.17,7212.0
11-19-341-02402-332829,19,341,02402,332829,4.64,27210.0
11-19-341-02402-332830,19,341,02402,332830,1.8239,5476.0
11-19-341-02402-332831,19,341,02402,332831,2.12,18223.0
11-19-341-02403-332834,19,341,02403,332834,4.59,16259.0
11-19-341-02403-332835,19,341,02403,332835,2.6605,9598.0
11-19-341-02403-332836,19,341,02403,332836,11.68,113377.0
11-19-341-02403-332837,19,341,02403,332837,3.72,35282.0
11-19-341-02403-332838,19,341,02403,332838,3.52,11923.0
11-19-341-02403-332839,19,341,02403,332839,0.76,7500.0
11-19-341-02403-332840,19,341,02403,332840,1.02,6265.0
11-19-341-02404-332855,19,341,02404,332855,3.2188,23740.0
11-19-341-02404-332856,19,341,02404,332856,0.8664,5114.0
11-19-341-02404-332857,19,341,02404,332857,1.8,10715.0
11-19-341-02404-332858,19,341,02404,332858,0.52,6302.0
11-19-341-02404-332859,19,341,02404,332859,2.43,20962.0
11-19-341-02404-332860,19,341,02404,332860,0.4471,4585.0
11-19-341-02404-332861,19,341,02404,332861,1.45,16940.0
11-19-341-02404-332862,19,341,02404,332862,2.3317,12239.0
11-19-341-02404-332863,19,341,02404,332863,1.9264,6338.0
11-19-341-02404-332864,19,341,02404,332864,0.8173,5875.0
11-19-341-02404-332865,19,341,02404,332865,1.52,10312.0
11-19-341-02404-332866,19,341,02404,332866,0.61,5980.0
11-19-341-02404-332867,19,341,02404,332867,1.92,19283.0
11-19-341-02404-332868,19,341,02404,332868,1.54,21589.0
11-19-341-02404-332869,19,341,02404,332869,0.52,9626.0
11-19-341-02404-332870,19,341,02404,332870,2.82,29114.0
11-19-341-02404-332871,19,341,02404,332871,4.1738,8812.0
11-19-341-02404-332872,19,341,02404,332872,1.7635,5289.0
11-19-341-02404-332873,19,341,02404,332873,2.41,19804.0
11-19-341-02404-332874,19,341,02404,332874,4.35,25200.0
11-19-341-02404-332875,19,341,02404,332875,1.29,6738.0
11-19-341-02404-332876,19,341,02404,332876,1.53,6911.0
11-19-341-02404-332877,19,341,02404,332877,2.15,14165.0
11-19-341-02405-332892,19,341,02405,332892,3.0952,7742.0
11-19-341-02405-332893,19,341,02405,332893,0.7557,4474.0
11-19-341-02405-332894,19,341,02405,332894,2.2639,5111.0
11-19-341-02405-332895,19,341,02405,332895,4.2819,12618.0
11-19-341-02405-332896,19,341,02405,332896,0.8487,5434.0
11-19-341-02405-332897,19,341,02405,332897,1.752,7533.0
11-19-341-02405-332898,19,341,02405,332898,4.0368,21820.0
11-19-341-02405-332899,19,341,02405,332899,5.4813,14330.0
11-19-341-02405-332900,19,341,02405,332900,3.9521,8869.0
11-19-341-02405-332901,19,341,02405,332901,1.7998,6977.0
11-19-341-02405-332902,19,341,02405,332902,1.52,6658.0
11-19-341-02405-332903,19,341,02405,332903,3.13,10871.0
11-19-341-02405-332904,19,341,02405,332904,1.6,7787.0
11-19-341-02405-332905,19,341,02405,332905,1.93,14540.0
11-19-341-02405-332906,19,341,02405,332906,1.38,5823.0
11-19-341-02405-332907,19,341,02405,332907,3.1996,9784.0
11-19-341-02405-332908,19,341,02405,332908,3.3761,16067.0
11-19-341-02405-332909,19,341,02405,332909,1.8522,6951.0
11-19-341-02405-332910,19,341,02405,332910,4.51,26432.0
11-19-341-02405-332911,19,341,02405,332911,2.73,9022.0
11-19-341-02406-332935,19,341,02406,332935,3.5278,7402.0
11-19-341-02406-332936,19,341,02406,332936,4.7783,11507.0
11-19-341-02406-332937,19,341,02406,332937,2.5974,12770.0
11-19-341-02406-332938,19,341,02406,332938,4.019,13091.0
11-19-341-02406-332939,19,341,02406,332939,2.6157,7081.0
11-19-341-02406-332940,19,341,02406,332940,1.14,7695.0
11-19-341-02406-332941,19,341,02406,332941,0.5886,5681.0
11-19-341-02406-332942,19,341,02406,332942,1.5528456,5544.0
11-19-341-02406-332944,19,341,02406,332944,4.3098,12583.0
11-19-341-02406-332945,19,341,02406,332945,1.21,5868.0
11-19-341-02406-332946,19,341,02406,332946,2.6685,6597.0
11-19-341-02406-332947,19,341,02406,332947,0.8794,2017.0
11-19-341-02407-333014,19,341,02407,333014,2.6707,6488.0
11-19-341-02407-333015,19,341,02407,333015,1.4973,5932.0
11-19-341-02407-333016,19,341,02407,333016,1.2256,5552.0
11-19-341-02407-333017,19,341,02407,333017,1.6107,5462.0
11-19-341-02407-333018,19,341,02407,333018,2.8594,7177.0
11-19-341-02408-333060,19,341,02408,333060,2.272,6517.0
11-19-341-02408-333061,19,341,02408,333061,3.3673,4737.0
11-19-341-02408-333062,19,341,02408,333062,4.7984,12405.0
11-19-341-02408-333063,19,341,02408,333063,2.4666,8914.0
11-19-341-02408-333064,19,341,02408,333064,1.923,7380.0
11-19-341-02408-333065,19,341,02408,333065,2.7709,6760.0
11-19-341-02408-333066,19,341,02408,333066,2.1634,4742.0
11-19-341-02408-333067,19,341,02408,333067,1.8128,9297.0
11-19-341-02408-333068,19,341,02408,333068,1.48,10996.0
11-19-341-02408-333069,19,341,02408,333069,1.84,9636.0
11-19-341-02409-333112,19,341,02409,333112,3.84,7856.0
11-19-341-02409-333113,19,341,02409,333113,4.0223,7534.0
11-19-341-02409-333114,19,341,02409,333114,2.3615,5895.0
11-19-341-02409-333115,19,341,02409,333115,1.4434,4782.0
11-19-341-02409-333116,19,341,02409,333116,1.2284,4707.0
11-19-341-02409-333117,19,341,02409,333117,2.6949,7961.0
11-19-341-02409-333118,19,341,02409,333118,2.7229,6637.0
11-19-341-02410-333182,19,341,02410,333182,3.3865,7354.0
11-19-341-02410-333183,19,341,02410,333183,3.7174,5271.0
11-19-341-02410-333184,19,341,02410,333184,1.8421,4623.0
11-19-341-02410-333185,19,341,02410,333185,2.9961,5381.0
11-19-341-02411-333259,19,341,02411,333259,2.9132,5865.0
11-19-341-02411-333260,19,341,02411,333260,3.53,6914.0
11-19-341-02411-333261,19,341,02411,333261,2.5404,7910.0
11-19-341-99999-801739,19,341,99999,801739,11.81,293373.0
11-19-341-99999-801740,19,341,99999,801740,51.74,1077075.0
11-19-341-99999-801741,19,341,99999,801741,33.71,235345.0
11-19-341-99999-801741,19,341,02406,332943,2.77,12970.0
11-19-342-99999-801742,19,342,99999,801742,185.0,4496694.0
11-19-343-02412-333296,19,343,02412,333296,5.66,24985.0
11-19-343-02412-333297,19,343,02412,333297,2.68,5210.0
11-19-343-02412-333298,19,343,02412,333298,2.32,7200.0
11-19-343-02412-333299,19,343,02412,333299,1.68,6272.0
11-19-343-02412-333300,19,343,02412,333300,1.62,3887.0
11-19-343-02412-333301,19,343,02412,333301,1.8,15735.0
11-19-343-02412-333302,19,343,02412,333302,1.32,6252.0
11-19-343-02412-333303,19,343,02412,333303,2.15,7180.0
11-19-343-02413-333317,19,343,02413,333317,5.32,23084.0
11-19-343-02413-333318,19,343,02413,333318,1.397377,5251.0
11-19-343-02413-333319,19,343,02413,333319,0.86,16764.0
11-19-343-02413-333320,19,343,02413,333320,1.07,5187.0
11-19-343-02413-333321,19,343,02413,333321,0.49,4618.0
11-19-343-02413-333323,19,343,02413,333323,4.84,22078.0
11-19-343-02414-333385,19,343,02414,333385,1.59,12035.0
11-19-343-02414-333386,19,343,02414,333386,3.26,11144.0
11-19-343-02414-333387,19,343,02414,333387,3.62,10968.0
11-19-343-02414-333388,19,343,02414,333388,4.42,14076.0
11-19-343-02414-333389,19,343,02414,333389,3.41,8657.0
11-19-343-02415-333475,19,343,02415,333475,1.76,6568.0
11-19-343-02415-333476,19,343,02415,333476,2.24,5559.0
11-19-343-02415-333477,19,343,02415,333477,1.81,5030.0
11-19-343-02415-333478,19,343,02415,333478,1.8,10823.0
11-19-343-02416-333532,19,343,02416,333532,6.58,17422.0
11-19-343-02416-333533,19,343,02416,333533,2.52,5927.0
11-19-343-02416-333534,19,343,02416,333534,2.15,6657.0
11-19-343-02416-333535,19,343,02416,333535,1.94,5274.0
11-19-343-02416-333536,19,343,02416,333536,2.31,5656.0
11-19-343-02416-333537,19,343,02416,333537,1.51,4650.0
11-19-343-02416-333538,19,343,02416,333538,2.03,4698.0
11-19-343-02416-333539,19,343,02416,333539,3.61,5971.0
11-19-343-02416-333540,19,343,02416,333540,1.53,8765.0
11-19-343-02416-333541,19,343,02416,333541,1.8,3778.0
11-19-343-02416-333542,19,343,02416,333542,0.46,6754.0
11-19-343-02417-333608,19,343,02417,333608,5.29,6675.0
11-19-343-02417-333609,19,343,02417,333609,1.83,6766.0
11-19-343-02417-333610,19,343,02417,333610,1.61,8196.0
11-19-343-02417-333611,19,343,02417,333611,1.14,4630.0
11-19-343-02417-333612,19,343,02417,333612,2.64,5860.0
11-19-343-02417-333613,19,343,02417,333613,1.57,4914.0
11-19-343-02417-333614,19,343,02417,333614,2.06,7109.0
11-19-343-02418-333696,19,343,02418,333696,0.81,4842.0
11-19-343-02418-333697,19,343,02418,333697,1.51,6037.0
11-19-343-02418-333698,19,343,02418,333698,2.23,9763.0
11-19-343-02420-333812,19,343,02420,333812,4.17,10075.0
11-19-343-02420-333813,19,343,02420,333813,3.07,5260.0
11-19-343-02420-333814,19,343,02420,333814,7.2,29521.0
11-19-343-02420-333815,19,343,02420,333815,3.19,9754.0
11-19-343-02420-333816,19,343,02420,333816,3.47,12459.0
11-19-343-02420-333817,19,343,02420,333817,3.73,8346.0
11-19-343-02420-333818,19,343,02420,333818,10.2,31920.0
11-19-343-02420-333819,19,343,02420,333819,2.77,15881.0
11-19-343-02421-333881,19,343,02421,333881,2.68,11192.0
11-19-343-02422-334008,19,343,02422,334008,1.26,9596.0
11-19-343-02422-334009,19,343,02422,334009,1.95,4805.0
11-19-343-02422-334010,19,343,02422,334010,1.33,6340.0
11-19-343-02422-334011,19,343,02422,334011,1.44,19120.0
11-19-343-02422-334012,19,343,02422,334012,1.75,12027.0
11-19-343-02422-334013,19,343,02422,334013,2.18,12111.0
11-19-343-02422-334014,19,343,02422,334014,2.7,9373.0
11-19-343-02422-334015,19,343,02422,334015,1.75,4277.0
11-19-343-02422-334017,19,343,02422,334017,0.83,5091.0
11-19-343-02422-334018,19,343,02422,334018,0.88,6360.0
11-19-343-02422-334019,19,343,02422,334019,1.88,5782.0
11-19-343-02423-334098,19,343,02423,334098,4.53,10055.0
11-19-343-02423-334099,19,343,02423,334099,7.45,22024.0
11-19-343-02423-334100,19,343,02423,334100,1.85,6772.0
11-19-343-02423-334101,19,343,02423,334101,0.9,6474.0
11-19-343-02423-334102,19,343,02423,334102,3.16,11494.0
11-19-343-02423-334103,19,343,02423,334103,0.97,5699.0
11-19-343-02423-334104,19,343,02423,334104,0.45,6330.0
11-19-343-02423-334105,19,343,02423,334105,3.02,17392.0
11-19-343-02424-334187,19,343,02424,334187,1.03,4409.0
11-19-343-02424-334188,19,343,02424,334188,4.83,10250.0
11-19-343-02424-334189,19,343,02424,334189,1.04,4703.0
11-19-343-02424-334190,19,343,02424,334190,0.93,6210.0
11-19-343-02424-334191,19,343,02424,334191,1.24,6230.0
11-19-343-02424-334192,19,343,02424,334192,1.45,5536.0
11-19-343-02424-334193,19,343,02424,334193,3.31,10716.0
11-19-343-02424-334194,19,343,02424,334194,3.57,13086.0
11-19-343-02424-334195,19,343,02424,334195,1.67,4517.0
11-19-343-02425-334325,19,343,02425,334325,2.19,5267.0
11-19-343-02425-334326,19,343,02425,334326,2.07,4741.0
11-19-343-02425-334327,19,343,02425,334327,3.37,5286.0
11-19-343-02425-334328,19,343,02425,334328,2.76,8105.0
11-19-343-02426-334397,19,343,02426,334397,1.71,5839.0
11-19-343-02426-334398,19,343,02426,334398,1.1,5664.0
11-19-343-02426-334399,19,343,02426,334399,1.18,4845.0
11-19-343-02426-334400,19,343,02426,334400,2.66,4658.0
11-19-343-02427-334491,19,343,02427,334491,0.889,4993.0
11-19-343-02428-334672,19,343,02428,334672,4.12,10748.0
11-19-343-02428-334673,19,343,02428,334673,1.65,5804.0
11-19-343-02429-334783,19,343,02429,334783,3.98,6777.0
11-19-343-02429-334784,19,343,02429,334784,1.85,5218.0
11-19-343-02429-334785,19,343,02429,334785,5.69,13060.0
11-19-343-02430-334881,19,343,02430,334881,1.85,5207.0
11-19-343-02430-334882,19,343,02430,334882,0.56,4691.0
11-19-343-02430-334883,19,343,02430,334883,3.0,8146.0
11-19-343-02430-334884,19,343,02430,334884,5.02,7797.0
11-19-343-02431-334952,19,343,02431,334952,0.98,5593.0
11-19-343-02431-334953,19,343,02431,334953,1.4,6104.0
11-19-343-02431-334954,19,343,02431,334954,4.71,16155.0
11-19-343-02431-334955,19,343,02431,334955,2.78,6810.0
11-19-343-02431-334956,19,343,02431,334956,1.52,5937.0
11-19-343-02431-334957,19,343,02431,334957,1.1,5723.0
11-19-343-02432-335005,19,343,02432,335005,2.02,8014.0
11-19-343-02432-335006,19,343,02432,335006,2.54,4366.0
11-19-343-02434-335119,19,343,02434,335119,2.32,6625.0
11-19-343-99999-801743,19,343,02412,333295,1.23,9302.0
11-19-343-99999-801743,19,343,99999,801743,44.18,448317.0
11-19-343-99999-801744,19,343,02413,333322,1.87,6353.0
11-19-343-99999-801744,19,343,99999,801744,9.06,76837.0
11-19-343-99999-801745,19,343,99999,801745,8.32,37047.0
11-19-343-99999-801746,19,343,99999,801746,49.25,424368.0
11-19-343-99999-801747,19,343,99999,801747,9.5,53128.0
11-19-343-99999-801747,19,343,02422,334016,10.0,22430.0
11-19-343-99999-801748,19,343,99999,801748,10.36,41802.0
11-19-343-99999-801749,19,343,99999,801749,5.85,25922.0
11-19-344-02441-335884,19,344,02441,335884,1.38,5724.0
11-19-344-02444-337141,19,344,02444,337141,2.89,5165.0
11-19-344-02444-337142,19,344,02444,337142,0.61,5109.0
11-19-344-02445-337373,19,344,02445,337373,1.11,6796.0
11-19-344-02445-337374,19,344,02445,337374,1.97,7754.0
11-19-344-02445-337375,19,344,02445,337375,1.67,6169.0
11-19-344-02460-341706,19,344,02460,341706,32.37,82735.0
11-19-344-02460-341707,19,344,02460,341707,2.17,9344.0
11-19-344-02462-342538,19,344,02462,342538,4.66,13784.0
11-19-344-02465-343469,19,344,02465,343469,4.09,9007.0
11-19-344-02467-343888,19,344,02467,343888,5.28,6186.0
11-19-344-99999-801750,19,344,99999,801750,15.83,19611.0
11-19-344-99999-801751,19,344,99999,801751,11.65,16384.0
11-19-344-99999-801752,19,344,99999,801752,16.58,23629.0
11-19-344-99999-801753,19,344,99999,801753,10.26,12118.0
11-19-344-99999-801754,19,344,99999,801754,10.4,54591.0
11-19-344-99999-801755,19,344,99999,801755,18.36,169264.0
11-19-344-99999-801756,19,344,99999,801756,21.4,61712.0
11-19-344-99999-801757,19,344,99999,801757,90.65,207604.0
11-19-345-02471-344458,19,345,02471,344458,6.07,25191.0
11-19-345-02471-344459,19,345,02471,344459,4.52,14261.0
11-19-345-02471-344460,19,345,02471,344460,2.15,6906.0
11-19-345-02471-344461,19,345,02471,344461,1.31,4120.0
11-19-345-02472-344561,19,345,02472,344561,1.36,5532.0
11-19-345-02472-344562,19,345,02472,344562,0.64,5180.0
11-19-345-02473-344649,19,345,02473,344649,2.17,5477.0
11-19-345-02473-344650,19,345,02473,344650,2.13,9746.0
11-19-345-02475-344826,19,345,02475,344826,1.63,6664.0
11-19-345-02476-344911,19,345,02476,344911,1.12,6597.0
11-19-345-02477-345051,19,345,02477,345051,0.83,6400.0
11-19-345-02480-345536,19,345,02480,345536,2.61,6797.0
11-19-345-02480-345537,19,345,02480,345537,2.03,4958.0
11-19-345-02481-345650,19,345,02481,345650,1.14,6083.0
11-19-345-02481-345651,19,345,02481,345651,3.75,5332.0
11-19-345-02482-345732,19,345,02482,345732,3.32,5155.0
11-19-345-02484-345855,19,345,02484,345855,2.56,5803.0
11-19-345-02485-345896,19,345,02485,345896,2.86,5274.0
11-19-345-02489-346431,19,345,02489,346431,1.35,5455.0
11-19-345-02493-346996,19,345,02493,346996,2.19,5344.0
11-19-345-99999-801758,19,345,99999,801758,19.94,57932.0
11-19-345-99999-801759,19,345,99999,801759,17.86,65306.0
11-19-345-99999-801760,19,345,99999,801760,109.65,200827.0
11-19-345-99999-801761,19,345,99999,801761,17.21,30148.0
11-19-345-99999-801762,19,345,99999,801762,14.25,92226.0
11-20-346-02496-347181,20,346,02496,347181,2.18,5262.0
11-20-346-02499-801763,20,346,02499,801763,24.86,18349.0
11-20-346-02509-801764,20,346,02509,801764,12.46,46059.0
11-20-347-02518-801765,20,347,02518,801765,16.0,49985.0
11-20-347-02525-349494,20,347,02525,349494,16.61,12969.0
11-20-348-02527-349733,20,348,02527,349733,7.0,7184.0
11-20-348-02527-349734,20,348,02527,349734,1.82,5753.0
11-20-348-02527-801766,20,348,02527,801766,6.47,24633.0
11-20-348-02527-801767,20,348,02527,801767,51.14,87867.0
11-20-348-02528-349865,20,348,02528,349865,11.04,15809.0
11-20-349-02535-351169,20,349,02535,351169,2.7,8777.0
11-20-349-02539-352238,20,349,02539,352238,1.6,6970.0
11-20-349-02539-352239,20,349,02539,352239,3.08,7181.0
11-20-349-02539-352240,20,349,02539,352240,0.93,7389.0
11-20-349-02539-352241,20,349,02539,352241,4.58,6321.0
11-20-349-02539-352242,20,349,02539,352242,1.18,7769.0
11-20-349-02539-352243,20,349,02539,352243,1.25,8854.0
11-20-349-02539-352244,20,349,02539,352244,1.11,5293.0
11-20-349-02539-801768,20,349,02539,801768,9.75,114533.0
11-20-349-02542-352566,20,349,02542,352566,18.68,18933.0
11-20-349-02543-352758,20,349,02543,352758,4.54,6255.0
11-20-349-02543-352759,20,349,02543,352759,3.24,9749.0
11-20-350-02545-801769,20,350,02545,801769,119.6,203123.0
11-20-350-02550-801770,20,350,02550,801770,12.139,55238.0
11-20-351-02558-356840,20,351,02558,356840,2.21,10969.0
11-20-351-02561-357411,20,351,02561,357411,3.71,4970.0
11-20-351-02561-801771,20,351,02561,801771,8.59,48480.0
11-20-352-02564-801772,20,352,02564,801772,4.25,88214.0
11-20-352-02566-358526,20,352,02566,358526,0.24,6964.0
11-20-352-02567-358800,20,352,02567,358800,3.66,9753.0
11-20-352-02567-358801,20,352,02567,358801,0.25,4732.0
11-20-352-02569-359221,20,352,02569,359221,1.0,5336.0
11-20-352-02569-801773,20,352,02569,801773,7.5,22514.0
11-20-352-02570-359350,20,352,02570,359350,6.26,9536.0
11-20-352-02572-359741,20,352,02572,359741,4.06,12617.0
11-20-353-02576-360488,20,353,02576,360488,4.03,7153.0
11-20-353-02576-360489,20,353,02576,360489,2.66,6184.0
11-20-353-02576-360490,20,353,02576,360490,0.82,8335.0
11-20-353-02576-801774,20,353,02576,801774,11.08,45840.0
11-20-354-02581-361401,20,354,02581,361401,4.38,6938.0
11-20-354-02581-361402,20,354,02581,361402,3.29,6082.0
11-20-354-02581-361403,20,354,02581,361403,8.96,31495.0
11-20-354-02581-361404,20,354,02581,361404,5.05,6845.0
11-20-354-02582-361597,20,354,02582,361597,1.3,5685.0
11-20-354-02582-361598,20,354,02582,361598,1.59,5170.0
11-20-354-02582-361599,20,354,02582,361599,2.12,4427.0
11-20-354-02582-361600,20,354,02582,361600,2.87,4316.0
11-20-354-02582-361601,20,354,02582,361601,1.58,3890.0
11-20-354-02582-361602,20,354,02582,361602,2.62,6772.0
11-20-354-02582-361603,20,354,02582,361603,2.05,4637.0
11-20-354-02582-361604,20,354,02582,361604,2.1,6360.0
11-20-354-02582-361605,20,354,02582,361605,3.28,8820.0
11-20-354-02582-361606,20,354,02582,361606,1.57,6381.0
11-20-354-02582-361607,20,354,02582,361607,1.71,5656.0
11-20-354-02582-361608,20,354,02582,361608,1.31,6777.0
11-20-354-02582-361609,20,354,02582,361609,2.56,8232.0
11-20-354-02582-361610,20,354,02582,361610,5.05,9410.0
11-20-354-02582-361611,20,354,02582,361611,6.22,9489.0
11-20-354-02582-361612,20,354,02582,361612,3.25,5884.0
11-20-354-02582-361613,20,354,02582,361613,0.94,4550.0
11-20-354-02582-361614,20,354,02582,361614,2.56,5196.0
11-20-354-02583-361835,20,354,02583,361835,2.83,11318.0
11-20-354-02583-361836,20,354,02583,361836,1.6,6392.0
11-20-354-02583-361837,20,354,02583,361837,5.87,7603.0
11-20-354-02584-361864,20,354,02584,361864,19.83,6611.0
11-20-354-02584-361865,20,354,02584,361865,1.02,5450.0
11-20-354-02584-361866,20,354,02584,361866,1.16,4647.0
11-20-354-02584-361867,20,354,02584,361867,0.65,4570.0
11-20-354-02584-361868,20,354,02584,361868,2.19,4185.0
11-20-354-02584-801775,20,354,02584,801775,33.05,1162472.0
11-20-354-02586-361933,20,354,02586,361933,0.737,4609.0
11-20-354-02586-361934,20,354,02586,361934,4.398,4708.0
11-20-354-02586-361935,20,354,02586,361935,4.887,10097.0
11-20-354-02587-362184,20,354,02587,362184,0.87,4818.0
11-20-354-02587-362185,20,354,02587,362185,5.214,9563.0
11-20-354-02587-362186,20,354,02587,362186,2.598,14794.0
11-20-354-02587-362187,20,354,02587,362187,2.119,4640.0
11-20-354-02587-362188,20,354,02587,362188,2.462,11829.0
11-20-354-02587-362189,20,354,02587,362189,1.257,24125.0
11-20-354-02587-362190,20,354,02587,362190,3.658,7051.0
11-20-354-02587-362191,20,354,02587,362191,2.951,18830.0
11-20-354-02587-362192,20,354,02587,362192,0.857,4832.0
11-20-354-02587-362193,20,354,02587,362193,6.003,11434.0
11-20-354-02587-362194,20,354,02587,362194,2.411,7296.0
11-20-354-02587-801776,20,354,02587,801776,6.26,45508.0
11-20-355-02588-362264,20,355,02588,362264,3.05,4606.0
11-20-355-02589-362286,20,355,02589,362286,12.79,14274.0
11-20-355-02589-362287,20,355,02589,362287,6.83,5390.0
11-20-355-02589-362288,20,355,02589,362288,7.6,27425.0
11-20-355-02589-362289,20,355,02589,362289,5.22,5111.0
11-20-355-02589-362290,20,355,02589,362290,4.95,4070.0
11-20-355-02589-362291,20,355,02589,362291,2.18,4376.0
11-20-355-02589-362292,20,355,02589,362292,12.29,22740.0
11-20-355-02590-362296,20,355,02590,362296,20.98,39305.0
11-20-355-02590-362297,20,355,02590,362297,1.65,7789.0
11-20-355-02590-362298,20,355,02590,362298,11.18,17401.0
11-20-355-02590-362299,20,355,02590,362299,11.3,31882.0
11-20-355-02590-801777,20,355,02590,801777,45.22,89178.0
11-20-355-02591-362417,20,355,02591,362417,26.11,48141.0
11-20-355-02591-362418,20,355,02591,362418,8.42,11195.0
11-20-355-02591-362419,20,355,02591,362419,5.17,3659.0
11-20-355-02591-362420,20,355,02591,362420,10.87,15212.0
11-20-355-02591-362421,20,355,02591,362421,20.17,22080.0
11-20-355-02592-362486,20,355,02592,362486,5.46,4533.0
11-20-355-02594-362594,20,355,02594,362594,14.19,13192.0
11-20-355-02594-362595,20,355,02594,362595,2.69,8143.0
11-20-355-02594-362596,20,355,02594,362596,4.75,7982.0
11-20-355-02595-362723,20,355,02595,362723,162.91,414820.0
11-20-355-02595-362724,20,355,02595,362724,4.15,7859.0
11-20-355-02595-801778,20,355,02595,801778,20.49,141640.0
11-20-355-02596-362853,20,355,02596,362853,2.89,4636.0
11-20-355-02596-362854,20,355,02596,362854,3.28,7005.0
11-20-356-02601-801779,20,356,02601,801779,35.2,57411.0
11-20-357-02606-363453,20,357,02606,363453,2.24,78356.0
11-20-357-02606-363454,20,357,02606,363454,3.92,25360.0
11-20-357-02606-363455,20,357,02606,363455,2.63,23788.0
11-20-357-02606-363456,20,357,02606,363456,4.48,18801.0
11-20-357-02606-363457,20,357,02606,363457,2.63,31843.0
11-20-357-02606-363458,20,357,02606,363458,3.23,20718.0
11-20-357-02606-363459,20,357,02606,363459,2.23,7897.0
11-20-357-02606-801780,20,357,02606,801780,9.5,223805.0
11-20-357-02606-801781,20,357,02606,801781,99.75,677350.0
11-20-357-02606-801782,20,357,02606,801782,1.29,49660.0
11-20-357-02607-363618,20,357,02607,363618,15.97,40624.0
11-20-357-02608-363910,20,357,02608,363910,6.35,10485.0
11-20-357-02609-363954,20,357,02609,363954,6.94,18563.0
11-20-357-02609-363955,20,357,02609,363955,10.99,31035.0
11-20-357-02613-801783,20,357,02613,801783,15.12,16306.0
11-20-358-02615-801784,20,358,02615,801784,13.0,29241.0
11-20-358-02618-365336,20,358,02618,365336,2.303,11811.0
11-20-358-02624-801785,20,358,02624,801785,40.0,42925.0
11-20-358-02633-366659,20,358,02633,366659,2.269,14552.0
11-20-358-02633-366660,20,358,02633,366660,6.874,14880.0
11-20-358-02633-366661,20,358,02633,366661,5.985,12497.0
11-20-358-02633-801786,20,358,02633,801786,8.83,78396.0
11-20-358-02634-366842,20,358,02634,366842,0.889,8188.0
11-20-358-02634-366843,20,358,02634,366843,4.289,13513.0
11-20-359-02636-367010,20,359,02636,367010,13.22,7888.0
11-20-359-02639-801787,20,359,02639,801787,13.42,26981.0
11-20-359-02643-367614,20,359,02643,367614,7.96,4943.0
11-20-359-02643-367615,20,359,02643,367615,4.48,12046.0
11-20-360-02644-367884,20,360,02644,367884,4.94,5361.0
11-20-360-02645-368007,20,360,02645,368007,3.67,11867.0
11-20-360-02645-368008,20,360,02645,368008,8.45,8258.0
11-20-360-02652-368484,20,360,02652,368484,1.97,4847.0
11-20-360-02652-368485,20,360,02652,368485,2.1,5279.0
11-20-360-02653-368578,20,360,02653,368578,4.37,7780.0
11-20-360-02653-368579,20,360,02653,368579,2.77,10447.0
11-20-360-02653-368580,20,360,02653,368580,0.85,11106.0
11-20-360-02653-801788,20,360,02653,801788,26.35,142489.0
11-20-360-02654-368662,20,360,02654,368662,1.61,14848.0
11-20-360-02655-368709,20,360,02655,368709,3.76,5996.0
11-20-360-02655-368710,20,360,02655,368710,2.34,7239.0
11-20-360-02657-368870,20,360,02657,368870,4.93,4948.0
11-20-360-02658-368911,20,360,02658,368911,3.79,6842.0
11-20-360-02659-368937,20,360,02659,368937,11.11,6405.0
11-20-360-02659-368938,20,360,02659,368938,3.33,8239.0
11-20-360-02659-368939,20,360,02659,368939,7.86,13356.0
11-20-361-02660-369009,20,361,02660,369009,1.392,32899.0
11-20-361-02660-369010,20,361,02660,369010,2.825,81915.0
11-20-361-02660-369011,20,361,02660,369011,2.729,5347.0
11-20-361-02660-369012,20,361,02660,369012,0.79,4451.0
11-20-361-02660-369013,20,361,02660,369013,1.187,3915.0
11-20-361-02660-369014,20,361,02660,369014,1.398,8017.0
11-20-361-02660-369015,20,361,02660,369015,1.117,18475.0
11-20-361-02661-369090,20,361,02661,369090,17.052,10223.0
11-20-361-02661-369091,20,361,02661,369091,8.501,5080.0
11-20-361-02661-369092,20,361,02661,369092,6.719,24202.0
11-20-361-02661-369093,20,361,02661,369093,8.388,16054.0
11-20-361-02661-369094,20,361,02661,369094,8.081,13547.0
11-20-361-02661-369095,20,361,02661,369095,13.483,21356.0
11-20-361-02661-369096,20,361,02661,369096,4.097,5028.0
11-20-361-02661-369097,20,361,02661,369097,9.977,5809.0
11-20-361-02661-369098,20,361,02661,369098,8.442,6186.0
11-20-361-02661-369099,20,361,02661,369099,14.117,5236.0
11-20-361-02661-369100,20,361,02661,369100,2.163,6554.0
11-20-361-02662-369121,20,361,02662,369121,10.571,19871.0
11-20-361-02662-369122,20,361,02662,369122,4.436,5298.0
11-20-361-02662-801789,20,361,02662,801789,37.685,88781.0
11-20-361-02664-369184,20,361,02664,369184,3.986,7874.0
11-20-361-02664-369185,20,361,02664,369185,6.9372,22837.0
11-20-362-02667-801790,20,362,02667,801790,17.23,17123.0
11-20-362-02673-371565,20,362,02673,371565,1.62,8320.0
11-20-362-02673-371566,20,362,02673,371566,1.13,7117.0
11-20-362-02673-371567,20,362,02673,371567,1.15,10034.0
11-20-362-02673-801791,20,362,02673,801791,6.12,47584.0
11-20-363-02677-372617,20,363,02677,372617,3.11,5868.0
11-20-363-02678-801792,20,363,02678,801792,18.0,29415.0
11-20-363-02678-801793,20,363,02678,801793,10.94,40463.0
11-20-364-02683-373458,20,364,02683,373458,5.79,4487.0
11-20-364-02683-373459,20,364,02683,373459,16.78,24876.0
11-20-364-02683-373460,20,364,02683,373460,5.85,6977.0
11-20-364-02683-373461,20,364,02683,373461,16.66,20010.0
11-20-364-02684-373565,20,364,02684,373565,4.9,17560.0
11-20-364-02684-373566,20,364,02684,373566,4.64,9582.0
11-20-364-02684-801794,20,364,02684,801794,175.12,1073427.0
11-20-364-02685-373657,20,364,02685,373657,2.81,5210.0
11-20-364-02688-373896,20,364,02688,373896,5.717,12744.0
11-20-364-02690-374058,20,364,02690,374058,3.17,12878.0
11-20-364-02690-374059,20,364,02690,374059,5.72,6346.0
11-20-364-02690-374060,20,364,02690,374060,4.86,8615.0
11-20-364-02691-374098,20,364,02691,374098,8.85,22379.0
11-20-364-02692-374144,20,364,02692,374144,4.338,11190.0
11-20-364-02698-801795,20,364,02698,801795,18.0,21054.0
11-20-365-02701-374963,20,365,02701,374963,8.5,8592.0
11-20-365-02704-801796,20,365,02704,801796,25.8,36390.0
11-20-366-02707-375635,20,366,02707,375635,15.9104,8580.0
11-20-366-02712-376061,20,366,02712,376061,2.9029,5237.0
11-20-366-02712-801797,20,366,02712,801797,7.89,51264.0
11-20-367-02718-801798,20,367,02718,801798,36.2,42944.0
11-20-368-02731-801799,20,368,02731,801799,13.87,56531.0
11-20-368-02735-377852,20,368,02735,377852,10.9,12453.0
11-20-368-02736-377916,20,368,02736,377916,4.01,12554.0
11-20-368-02736-377917,20,368,02736,377917,15.77,8629.0
11-20-368-02736-377918,20,368,02736,377918,28.8,17954.0
11-20-368-02736-377919,20,368,02736,377919,1.65,5992.0
11-20-368-02736-377920,20,368,02736,377920,2.65,9372.0
11-20-368-02739-801800,20,368,02739,801800,9.2,69565.0
11-20-368-02742-378290,20,368,02742,378290,17.1,13068.0
11-20-368-02743-378378,20,368,02743,378378,5.64,7310.0
11-20-368-02743-378379,20,368,02743,378379,4.33,4606.0
11-20-369-02748-378866,20,369,02748,378866,1.11,4839.0
11-20-369-02748-378867,20,369,02748,378867,6.74,43256.0
11-20-369-02752-379287,20,369,02752,379287,2.69,8157.0
11-20-369-02752-379288,20,369,02752,379288,2.07,7505.0
11-20-369-02752-801801,20,369,02752,801801,49.0,174355.0
11-20-369-02753-379462,20,369,02753,379462,2.02,6382.0
11-20-369-02753-801802,20,369,02753,801802,5.62,14252.0
11-21-370-02757-801803,21,370,02757,801803,20.8,17625.0
11-21-370-02761-380309,21,370,02761,380309,681.9,6917.0
11-21-370-02762-380419,21,370,02762,380419,5.67,6922.0
11-21-370-02763-801804,21,370,02763,801804,14.2,20850.0
11-21-370-02765-380612,21,370,02765,380612,6.83,5441.0
11-21-370-02765-380613,21,370,02765,380613,3.22,6865.0
11-21-370-02765-801805,21,370,02765,801805,20.8,80625.0
11-21-370-02767-380737,21,370,02767,380737,370.0,4865.0
11-21-371-02772-801806,21,371,02772,801806,41.65,38993.0
11-21-371-02773-381073,21,371,02773,381073,5.0,9735.0
11-21-371-02774-801807,21,371,02774,801807,41.4,80403.0
11-21-371-02775-381107,21,371,02775,381107,2.3,4304.0
11-21-371-02776-801808,21,371,02776,801808,70.47,97730.0
11-21-372-02782-801809,21,372,02782,801809,16.84,15576.0
11-21-372-02785-381702,21,372,02785,381702,1254.0,10867.0
11-21-372-02787-801810,21,372,02787,801810,17.6,30207.0
11-21-372-02788-801811,21,372,02788,801811,25.42,46698.0
11-21-372-02797-801812,21,372,02797,801812,37.4,15379.0
11-21-372-02799-801813,21,372,02799,801813,46.5,189366.0
11-21-373-02800-801814,21,373,02800,801814,24.1,22390.0
11-21-374-02808-801815,21,374,02808,801815,23.83,45036.0
11-21-374-02814-384265,21,374,02814,384265,5.4,9923.0
11-21-374-02814-801816,21,374,02814,801816,26.99,51362.0
11-21-374-02814-801817,21,374,02814,801817,6.0,2397.0
11-21-374-02816-384373,21,374,02816,384373,1399.0,9043.0
11-21-374-02816-801818,21,374,02816,801818,21.8,33442.0
11-21-374-02821-384612,21,374,02821,384612,1095.5,15789.0
11-21-374-02821-384613,21,374,02821,384613,3.289,8938.0
11-21-374-02823-384647,21,374,02823,384647,5.3,7405.0
11-21-374-02826-384803,21,374,02826,384803,10.83,6763.0
11-21-374-02827-384964,21,374,02827,384964,1.9,4469.0
11-21-374-02830-385209,21,374,02830,385209,22.0,7080.0
11-21-374-02832-801819,21,374,02832,801819,32.6,320040.0
11-21-374-02833-801820,21,374,02833,801820,99.0,216410.0
11-21-375-02834-801821,21,375,02834,801821,41.44,66540.0
11-21-375-02835-385278,21,375,02835,385278,11.42,11708.0
11-21-375-02837-801822,21,375,02837,801822,7020.0,46631.0
11-21-375-02838-385392,21,375,02838,385392,20.0,7482.0
11-21-375-02839-385509,21,375,02839,385509,4.9,10394.0
11-21-375-02840-385564,21,375,02840,385564,3.27,6064.0
11-21-375-02845-801823,21,375,02845,801823,26.65,60590.0
11-21-375-02852-386860,21,375,02852,386860,3.9088602,4065.0
11-21-375-02854-801824,21,375,02854,801824,72.872,39585.0
11-21-376-02861-801825,21,376,02861,801825,14.38,34929.0
11-21-376-02867-388645,21,376,02867,388645,10.2,5101.0
11-21-376-02870-801826,21,376,02870,801826,18.48,22865.0
11-21-376-02884-801827,21,376,02884,801827,7.89,13152.0
11-21-376-02888-801828,21,376,02888,801828,29.65,116849.0
11-21-377-02890-801829,21,377,02890,801829,17.9,25747.0
11-21-377-02902-801830,21,377,02902,801830,30.5,33378.0
11-21-377-02903-801831,21,377,02903,801831,20.454,17264.0
11-21-377-02907-801832,21,377,02907,801832,23.6,32531.0
11-21-377-02909-801833,21,377,02909,801833,19.4,144373.0
11-21-378-02913-801834,21,378,02913,801834,18.45,22920.0
11-21-378-02914-394886,21,378,02914,394886,9.5,7890.0
11-21-378-02914-801835,21,378,02914,801835,30.72,121338.0
11-21-378-02915-801836,21,378,02915,801836,74.78,33690.0
11-21-379-02926-801837,21,379,02926,801837,2.5,36528.0
11-21-379-02927-801838,21,379,02927,801838,10.8,47006.0
11-21-380-02934-801839,21,380,02934,801839,23.4,68585.0
11-21-380-02935-397173,21,380,02935,397173,2.4,4790.0
11-21-380-02939-397783,21,380,02939,397783,3.95,8974.0
11-21-380-02940-801840,21,380,02940,801840,17.7,33631.0
11-21-381-02946-398818,21,381,02946,398818,3.77,6284.0
11-21-381-02948-801841,21,381,02948,801841,6.22,17521.0
11-21-381-02949-399027,21,381,02949,399027,2.7,8057.0
11-21-381-02950-801842,21,381,02950,801842,10.4,17304.0
11-21-381-02951-399153,21,381,02951,399153,1.07,5005.0
11-21-381-02951-399154,21,381,02951,399154,5.1,5516.0
11-21-381-02954-399315,21,381,02954,399315,0.9684919,4016.0
11-21-381-02954-801843,21,381,02954,801843,31.01,52999.0
11-21-381-02955-399421,21,381,02955,399421,3.0,4611.0
11-21-381-02955-399422,21,381,02955,399422,51.0,4545.0
11-21-381-02968-801844,21,381,02968,801844,149.2,610189.0
11-21-382-02971-400546,21,382,02971,400546,10.05,5505.0
11-21-382-02971-400547,21,382,02971,400547,10.73,5028.0
11-21-382-02974-801845,21,382,02974,801845,42.78,56946.0
11-21-382-02977-801846,21,382,02977,801846,11.65,37458.0
11-21-382-02979-401372,21,382,02979,401372,4.17,10721.0
11-21-382-02980-401469,21,382,02980,401469,1.34,4080.0
11-21-382-02980-401470,21,382,02980,401470,9.58,6561.0
11-21-382-02984-402000,21,382,02984,402000,1.62,8798.0
11-21-383-02987-402315,21,383,02987,402315,9.92,6426.0
11-21-383-02988-801847,21,383,02988,801847,11.149,16810.0
11-21-383-02990-801848,21,383,02990,801848,18.04,22200.0
11-21-383-02999-403392,21,383,02999,403392,10.0,4656.0
11-21-383-02999-801849,21,383,02999,801849,30.56,67414.0
11-21-384-03000-403538,21,384,03000,403538,8.22,5749.0
11-21-384-03002-403727,21,384,03002,403727,6.25,6345.0
11-21-384-03005-403904,21,384,03005,403904,2.06,2981.0
11-21-384-03006-801850,21,384,03006,801850,25.46,40841.0
11-21-384-03007-404088,21,384,03007,404088,8.47,4144.0
11-21-384-03007-404089,21,384,03007,404089,7.81,15787.0
11-21-384-03007-404090,21,384,03007,404090,9.58,15169.0
11-21-384-03007-404091,21,384,03007,404091,2.0,3613.0
11-21-384-03008-404105,21,384,03008,404105,6.75,4428.0
11-21-384-03008-404106,21,384,03008,404106,3.59,1359.0
11-21-384-03009-404118,21,384,03009,404118,1.15,19644.0
11-21-384-03009-404119,21,384,03009,404119,6.54,6668.0
11-21-384-03009-404120,21,384,03009,404120,6.6,4256.0
11-21-384-03010-404192,21,384,03010,404192,12.19,6129.0
11-21-384-03010-404193,21,384,03010,404193,11.01,7420.0
11-21-384-03010-404194,21,384,03010,404194,8.48,5920.0
11-21-384-03011-801851,21,384,03011,801851,21.71,43795.0
11-21-384-03017-801852,21,384,03017,801852,29.01,12298.0
11-21-385-03023-405611,21,385,03023,405611,5.09,6906.0
11-21-385-03026-406078,21,385,03026,406078,6.0,9181.0
11-21-385-03026-801853,21,385,03026,801853,20.0,9038.0
11-21-385-03028-801854,21,385,03028,801854,16.0,17030.0
11-21-385-03029-406325,21,385,03029,406325,3.86,10317.0
11-21-385-03031-406632,21,385,03031,406632,3.1,5401.0
11-21-385-03033-406975,21,385,03033,406975,2.75,5565.0
11-21-385-03033-406976,21,385,03033,406976,2.38,6299.0
11-21-385-03033-406977,21,385,03033,406977,1.95,10001.0
11-21-386-03036-801855,21,386,03036,801855,25.84,46205.0
11-21-386-03037-407456,21,386,03037,407456,1004.0,4512.0
11-21-386-03042-407607,21,386,03042,407607,6.65,12830.0
11-21-386-03043-407707,21,386,03043,407707,187.0,5598.0
11-21-386-03043-407708,21,386,03043,407708,341.02,7110.0
11-21-386-03043-407709,21,386,03043,407709,251.0,6438.0
11-21-386-03049-801856,21,386,03049,801856,18.3,63697.0
11-21-386-03052-408169,21,386,03052,408169,3.52,4471.0
11-21-386-03052-408170,21,386,03052,408170,0.19,6898.0
11-21-386-03053-408299,21,386,03053,408299,1.8,6271.0
11-21-386-03053-801857,21,386,03053,801857,6.12,17645.0
11-21-386-03054-801858,21,386,03054,801858,24.34,17278.0
11-21-386-03055-801859,21,386,03055,801859,135.0,885363.0
11-21-387-03056-408665,21,387,03056,408665,779.0,5967.0
11-21-387-03057-801860,21,387,03057,801860,8.8,17623.0
11-21-387-03058-801861,21,387,03058,801861,14.6,19289.0
11-21-387-03061-801862,21,387,03061,801862,35.1,16779.0
11-21-387-03065-409802,21,387,03065,409802,4.78,4708.0
11-21-387-03070-801863,21,387,03070,801863,16.8,200564.0
11-21-388-03071-410351,21,388,03071,410351,3.48,5645.0
11-21-388-03072-801864,21,388,03072,801864,7.54,15176.0
11-21-388-03074-410673,21,388,03074,410673,5.08,5137.0
11-21-388-03074-410674,21,388,03074,410674,3.99,7078.0
11-21-388-03074-801865,21,388,03074,801865,6.06,20482.0
11-21-388-03074-801866,21,388,03074,801866,2.5,11297.0
11-21-388-03076-801867,21,388,03076,801867,3661.0,14867.0
11-21-388-03077-411193,21,388,03077,411193,5.25,6982.0
11-21-388-03078-411296,21,388,03078,411296,1.3,4983.0
11-21-388-03078-801868,21,388,03078,801868,5.31,21428.0
11-21-388-03079-411360,21,388,03079,411360,2.18,4253.0
11-21-388-03080-801869,21,388,03080,801869,18.13,17430.0
11-21-388-03081-801870,21,388,03081,801870,36.26,23119.0
11-21-388-03082-801871,21,388,03082,801871,12.94,13965.0
11-21-388-03083-411948,21,388,03083,411948,0.27,6072.0
11-21-388-03083-801872,21,388,03083,801872,61.0,13022.0
11-21-388-03084-412057,21,388,03084,412057,2.36,5019.0
11-21-388-03084-801873,21,388,03084,801873,7.77,12111.0
11-21-388-03085-801874,21,388,03085,801874,4.4,22027.0
11-21-388-03086-412128,21,388,03086,412128,39.0,6411.0
11-21-388-03086-801875,21,388,03086,801875,90.0,11747.0
11-21-388-03088-412160,21,388,03088,412160,4.132,8001.0
11-21-388-03089-801876,21,388,03089,801876,34.9,15366.0
11-21-388-03090-412347,21,388,03090,412347,3.108,4458.0
11-21-388-03090-801877,21,388,03090,801877,11.81,24671.0
11-21-388-03092-412551,21,388,03092,412551,4.8,6653.0
11-21-388-03093-412604,21,388,03093,412604,7.3,7361.0
11-21-388-03093-412605,21,388,03093,412605,8.02,4855.0
11-21-388-03093-412606,21,388,03093,412606,5.58,10411.0
11-21-388-03093-412607,21,388,03093,412607,1.74,16377.0
11-21-388-03094-412633,21,388,03094,412633,2.57,4401.0
11-21-388-03094-412634,21,388,03094,412634,5.68,6232.0
11-21-388-03094-801878,21,388,03094,801878,2.56,7221.0
11-21-388-03095-412725,21,388,03095,412725,25.0,7993.0
11-21-388-03095-412726,21,388,03095,412726,2.55,8258.0
11-21-388-03096-801879,21,388,03096,801879,10.22,13190.0
11-21-388-03097-801880,21,388,03097,801880,6.48,11645.0
11-21-388-03098-413350,21,388,03098,413350,2.0,6059.0
11-21-388-03099-801881,21,388,03099,801881,79.8,356598.0
11-21-389-03101-413958,21,389,03101,413958,2.51,5197.0
11-21-389-03102-414260,21,389,03102,414260,8.4,4851.0
11-21-389-03104-801882,21,389,03104,801882,10.36,9684.0
11-21-389-03105-801883,21,389,03105,801883,3.6,46272.0
11-21-389-03107-414848,21,389,03107,414848,10.13,4662.0
11-21-390-03112-801884,21,390,03112,801884,16.0,37371.0
11-21-390-03114-801885,21,390,03114,801885,13.24,11302.0
11-21-390-03119-416820,21,390,03119,416820,16.64,16611.0
11-21-390-03125-417521,21,390,03125,417521,5.86,6995.0
11-21-391-03130-801886,21,391,03130,801886,20.7,20424.0
11-21-392-03135-801887,21,392,03135,801887,21.42,15765.0
11-21-392-03138-419524,21,392,03138,419524,3.29,5072.0
11-21-392-03139-801888,21,392,03139,801888,15.13,20770.0
11-21-392-03140-801889,21,392,03140,801889,13.0,8334.0
11-21-393-03141-419976,21,393,03141,419976,6.16,6220.0
11-21-393-03142-801890,21,393,03142,801890,31.08,98238.0
11-21-393-03143-420513,21,393,03143,420513,4.06,4823.0
11-21-393-03144-801891,21,393,03144,801891,18.26,21024.0
11-21-393-03148-421195,21,393,03148,421195,10.437268,5431.0
11-21-393-03149-801892,21,393,03149,801892,7.77,21819.0
11-21-393-03150-421343,21,393,03150,421343,11.02,5759.0
11-21-393-03152-801893,21,393,03152,801893,15.34,34067.0
11-21-394-03153-801894,21,394,03153,801894,29.526,18967.0
11-21-394-03156-801895,21,394,03156,801895,23.83,15087.0
11-21-395-03159-801896,21,395,03159,801896,14.5,19239.0
11-21-395-03160-422708,21,395,03160,422708,7.01,7892.0
11-21-395-03164-801897,21,395,03164,801897,15.4,69045.0
11-21-395-03166-801898,21,395,03166,801898,15.54,19656.0
11-21-395-03170-424227,21,395,03170,424227,2.24,6155.0
11-21-396-03173-425011,21,396,03173,425011,2.7,8346.0
11-21-396-03175-425462,21,396,03175,425462,4.6,8399.0
11-21-396-03176-425727,21,396,03176,425727,8.52,4660.0
11-21-396-03181-426511,21,396,03181,426511,5.17,18552.0
11-21-396-03181-801899,21,396,03181,801899,18.7,71208.0
11-21-396-03183-801900,21,396,03183,801900,11.7,28870.0
11-21-396-03184-801901,21,396,03184,801901,6.47,6931.0
11-21-397-03187-427270,21,397,03187,427270,2.0,5936.0
11-21-397-03189-801902,21,397,03189,801902,25.9,28993.0
11-21-397-03193-427776,21,397,03193,427776,9.62,9390.0
11-21-397-03196-801903,21,397,03196,801903,21.004,36945.0
11-21-397-03198-428090,21,397,03198,428090,259.0,6361.0
11-21-398-03199-801904,21,398,03199,801904,13.0,16326.0
11-21-398-03200-428283,21,398,03200,428283,9.31,9785.0
11-21-398-03208-801905,21,398,03208,801905,61.1,47468.0
11-21-398-03209-801906,21,398,03209,801906,25.0,84830.0
11-21-398-03216-801907,21,398,03216,801907,34.41,50394.0
11-21-398-03217-429994,21,398,03217,429994,12.3,8862.0
11-21-398-03217-429995,21,398,03217,429995,1276.0,8504.0
11-21-399-03220-801908,21,399,03220,801908,18.06,31007.0
11-21-399-03223-430673,21,399,03223,430673,1.77,6725.0
11-21-399-03226-801909,21,399,03226,801909,4.85,11796.0
11-22-400-03232-431500,22,400,03232,431500,3.12,4552.0
11-22-400-03232-801910,22,400,03232,801910,17.38,23514.0
11-22-400-03232-801911,22,400,03232,801911,38.0,28431.0
11-22-400-03234-801912,22,400,03234,801912,6.93,33071.0
11-22-400-03234-801913,22,400,03234,801913,4.28,17400.0
11-22-400-03234-801914,22,400,03234,801914,14.0,7680.0
11-22-400-03234-801915,22,400,03234,801915,1.34,5334.0
11-22-400-03235-801916,22,400,03232,801916,41.752754,16010.0
11-22-400-03235-801916,22,400,03235,801916,25.757687,69307.0
11-22-401-03236-801917,22,401,03236,801917,6.7,11893.0
11-22-401-03237-801918,22,401,03237,801918,3.29,4456.0
11-22-401-03238-801919,22,401,03238,801919,5.65,6048.0
11-22-401-03239-801920,22,401,03239,801920,9.5,5635.0
11-22-401-03239-801921,22,401,03239,801921,5.73,7228.0
11-22-401-03240-801922,22,401,03240,801922,10.47,7448.0
11-22-401-03242-432613,22,401,03242,432613,5.15,4392.0
11-22-401-03242-432614,22,401,03242,432614,4.63,6567.0
11-22-401-03242-801923,22,401,03242,801923,13.52,20189.0
11-22-401-03242-801924,22,401,03242,801924,3.68,11367.0
11-22-401-03244-801925,22,401,03244,801925,12.74,11204.0
11-22-401-03246-801926,22,401,03246,801926,12.06,4954.0
11-22-401-03247-801927,22,401,03247,801927,40.17,121071.0
11-22-401-03248-801928,22,401,03248,801928,6.69,6270.0
11-22-401-03250-801929,22,401,03250,801929,6.0,4838.0
11-22-401-03252-801930,22,401,03252,801930,8.34,9361.0
11-22-402-03255-801931,22,402,03255,801931,25.81,10427.0
11-22-402-03257-801932,22,402,03257,801932,13.73,28301.0
11-22-402-03259-434068,22,402,03259,434068,7.54,13846.0
11-22-402-03262-801933,22,402,03262,801933,14.96,16613.0
11-22-402-03262-801934,22,402,03262,801934,16.87,6805.0
11-22-403-03263-801935,22,403,03263,801935,31.25,14354.0
11-22-403-03264-801936,22,403,03264,801936,2.0,8208.0
11-22-403-03265-801937,22,403,03265,801937,13.0,9455.0
11-22-403-03267-801938,22,403,03267,801938,2.0,13102.0
11-22-403-03267-801939,22,403,03267,801939,33.73,150019.0
11-22-403-03268-801940,22,403,03268,801940,16.0,4744.0
11-22-403-03269-801941,22,403,03269,801941,3.24,18939.0
11-22-403-03270-801942,22,403,03270,801942,2.67,14954.0
11-22-403-03271-801943,22,403,03271,801943,8.8,6927.0
11-22-403-03271-801944,22,403,03271,801944,6.81,5600.0
11-22-404-03272-435923,22,404,03272,435923,5.98,5892.0
11-22-404-03272-801945,22,404,03272,801945,17.98,22690.0
11-22-404-03272-801946,22,404,03272,801946,7.72,8239.0
11-22-404-03272-801947,22,404,03272,801947,7.45,27158.0
11-22-404-03274-801948,22,404,03274,801948,2.64,5514.0
11-22-404-03275-436411,22,404,03275,436411,18.82,11544.0
11-22-404-03275-801949,22,404,03272,801949,129.36494,140573.0
11-22-404-03275-801949,22,404,03275,801949,98.23597,224680.0
11-22-405-03277-801950,22,405,03277,801950,19.36,40561.0
11-22-405-03278-801951,22,405,03278,801951,19.71,22712.0
11-22-405-03279-801952,22,405,03279,801952,14.19,13630.0
11-22-405-03280-801953,22,405,03280,801953,18.59,8118.0
11-22-405-03280-801954,22,405,03280,801954,7.69,9707.0
11-22-405-03281-801955,22,405,03281,801955,18.57,45256.0
11-22-405-03281-801956,22,405,03281,801956,14.77,7216.0
11-22-405-03282-801957,22,405,03282,801957,9.07,21955.0
11-22-405-03282-801958,22,405,03282,801958,6.68,8793.0
11-22-405-03283-801959,22,405,03283,801959,11.94,6160.0
11-22-405-03283-801960,22,405,03283,801960,17.65,10193.0
11-22-405-03284-801961,22,405,03284,801961,10.87,7854.0
11-22-405-03284-801962,22,405,03284,801962,6.32,7688.0
11-22-405-03285-801963,22,405,03285,801963,13.89,7272.0
11-22-405-03286-801964,22,405,03286,801964,16.07,7946.0
11-22-406-03287-801965,22,406,03287,801965,25.0,18165.0
11-22-406-03289-801966,22,406,03289,801966,18.67,14120.0
11-22-406-03290-801967,22,406,03290,801967,9.4,15156.0
11-22-406-03291-801968,22,406,03291,801968,10.62,18405.0
11-22-406-03291-801969,22,406,03291,801969,44.25,24636.0
11-22-406-03292-801970,22,406,03292,801970,18.83,36450.0
11-22-406-03293-801971,22,406,03293,801971,16.63,6349.0
11-22-406-03293-801972,22,406,03293,801972,11.21,7484.0
11-22-406-03294-801973,22,406,03294,801973,5.0,19968.0
11-22-406-03294-801974,22,406,03294,801974,11.48,12861.0
11-22-406-03295-438767,22,406,03295,438767,4.43,7065.0
11-22-406-03295-438768,22,406,03295,438768,4.21,22209.0
11-22-406-03295-438769,22,406,03295,438769,1.83,17265.0
11-22-406-03295-438770,22,406,03295,438770,5.52,8231.0
11-22-406-03295-801975,22,406,03294,801975,5.583811,16472.0
11-22-406-03295-801975,22,406,03295,801975,24.793816,349107.0
11-22-406-03295-801976,22,406,03295,801976,7.7,30465.0
11-22-406-03295-801977,22,406,03295,801977,6.47,18428.0
11-22-406-03296-801978,22,406,03296,801978,14.24,8505.0
11-22-406-03297-801979,22,406,03297,801979,18.0,17481.0
11-22-406-03297-801980,22,406,03297,801980,6.54,11048.0
11-22-407-03298-801981,22,407,03298,801981,14.87,46657.0
11-22-407-03298-801982,22,407,03298,801982,3.59,4859.0
11-22-407-03299-801983,22,407,03299,801983,7.99,5689.0
11-22-407-03300-801984,22,407,03300,801984,9.47,7017.0
11-22-407-03301-801985,22,407,03301,801985,11.31,16165.0
11-22-407-03301-801986,22,407,03301,801986,8.92,7008.0
11-22-408-03302-801987,22,408,03302,801987,15.04,13278.0
11-22-408-03302-801988,22,408,03302,801988,2.77,7093.0
11-22-408-03303-801989,22,408,03303,801989,19.05,22564.0
11-22-408-03304-801990,22,408,03304,801990,24.68,37372.0
11-22-408-03305-801991,22,408,03305,801991,76.05,163114.0
11-22-408-03306-801992,22,408,03306,801992,5.96,4509.0
11-22-408-03307-801993,22,408,03307,801993,4.31,14693.0
11-22-408-03310-801994,22,408,03310,801994,11.48,9889.0
11-22-409-03311-801995,22,409,03311,801995,16.64,10541.0
11-22-409-03311-801996,22,409,03311,801996,17.67,6596.0
11-22-409-03312-801997,22,409,03312,801997,11.82,28536.0
11-22-409-03313-801998,22,409,03313,801998,10.87,5257.0
11-22-409-03313-801999,22,409,03313,801999,10.45,6358.0
11-22-409-03313-802000,22,409,03313,802000,9.13,3741.0
11-22-409-03314-802001,22,409,03314,802001,3.5,8373.0
11-22-409-03315-802002,22,409,03315,802002,11.43,5165.0
11-22-409-03316-802003,22,409,03316,802003,15.08,9961.0
11-22-409-03316-802004,22,409,03316,802004,27.78,20384.0
11-22-409-03316-802005,22,409,03318,802005,9.726763,8600.0
11-22-409-03316-802005,22,409,03316,802005,19.157671,26444.0
11-22-409-03317-802006,22,409,03316,802006,11.082443,3067.0
11-22-409-03317-802006,22,409,03317,802006,32.54276,22811.0
11-22-409-03317-802008,22,409,03318,802008,51.839844,9123.0
11-22-409-03317-802008,22,409,03317,802008,115.88371,618611.0
11-22-409-03317-802009,22,409,03317,802009,54.11,268806.0
11-22-409-03317-802010,22,409,03317,802010,5.47,8752.0
11-22-409-03318-802007,22,409,03318,802007,10.370111,85310.0
11-22-409-03318-802007,22,409,03316,802007,8.352813,5643.0
11-22-409-03318-802007,22,409,03317,802007,7.8149366,7055.0
11-22-409-03318-802011,22,409,03318,802011,15.11,10133.0
11-22-409-03319-802012,22,409,03319,802012,6.15,4851.0
11-22-409-03319-802013,22,409,03319,802013,9.62,8614.0
11-22-409-03320-802014,22,409,03320,802014,5.93,6045.0
11-22-409-03321-802015,22,409,03321,802015,4.62,23648.0
11-22-409-03322-802016,22,409,03322,802016,17.12,44363.0
11-22-409-03322-802016,22,409,03322,802017,9.02,6160.0
11-22-409-03322-802018,22,409,03322,802018,13.57,8042.0
11-22-409-03323-802019,22,409,03323,802019,3.72,3775.0
11-22-410-03324-443594,22,410,03324,443594,9.5,5139.0
11-22-410-03324-802020,22,410,03324,802020,14.32,16027.0
11-22-410-03325-802021,22,410,03325,802021,13.79,57537.0
11-22-410-03326-443851,22,410,03326,443851,5.02,5100.0
11-22-410-03326-802022,22,410,03326,802022,7.56,26632.0
11-22-410-03326-802023,22,410,03326,802023,16.71,8984.0
11-22-410-03327-802024,22,410,03327,802024,14.29,8567.0
11-22-410-03328-802025,22,410,03328,802025,14.2,8211.0
11-22-410-03328-802026,22,410,03328,802026,14.74,14071.0
11-22-410-03329-802027,22,410,03329,802027,15.24,10371.0
11-22-410-03329-802028,22,410,03329,802028,3.68,5544.0
11-22-410-03330-444587,22,410,03330,444587,13.41,12807.0
11-22-410-03330-802029,22,410,03330,802029,23.49,19091.0
11-22-410-03331-802030,22,410,03331,802030,18.25,14432.0
11-22-410-03331-802031,22,410,03331,802031,7.83,29315.0
11-22-410-03332-444782,22,410,03332,444782,11.37,10721.0
11-22-410-03332-802032,22,410,03332,802032,16.48,8857.0
11-22-410-03332-802033,22,410,03332,802033,36.85,96294.0
11-22-410-03332-802034,22,410,03332,802034,155.7,1027264.0
11-22-410-03332-802035,22,410,03332,802035,6.0,11953.0
11-22-410-03333-802036,22,410,03333,802036,15.43,9752.0
11-22-410-03333-802037,22,410,03333,802037,10.07,14090.0
11-22-410-03334-802038,22,410,03334,802038,30.61,36682.0
11-22-410-03334-802039,22,410,03334,802039,15.16,9236.0
11-22-410-03335-802040,22,410,03335,802040,5.88,10517.0
11-22-410-03336-802041,22,410,03336,802041,5.0,6095.0
11-22-411-03339-802042,22,411,03339,802042,3.94,10345.0
11-22-411-03340-802043,22,411,03340,802043,12.65,20043.0
11-22-411-03341-802044,22,411,03341,802044,8.91,7394.0
11-22-411-03341-802045,22,411,03341,802045,14.73,54413.0
11-22-411-03342-802046,22,411,03342,802046,3.54,8428.0
11-22-411-03343-802047,22,411,03343,802047,15.55,19529.0
11-22-412-03344-802048,22,412,03344,802048,15.5,7547.0
11-22-412-03344-802049,22,412,03344,802049,13.4,13783.0
11-22-412-03345-802050,22,412,03345,802050,11.66,6280.0
11-22-412-03346-802051,22,412,03346,802051,12.76,6600.0
11-22-412-03346-802052,22,412,03346,802052,34.94,101677.0
11-22-412-03347-802053,22,412,03347,802053,10.23,13308.0
11-22-413-03348-802054,22,413,03348,802054,3.8,9707.0
11-22-413-03349-802055,22,413,03349,802055,1.32,8125.0
11-22-413-03351-802056,22,413,03351,802056,23.93,37442.0
11-22-413-03352-802057,22,413,03352,802057,14.25,4509.0
11-22-413-03353-802058,22,413,03353,802058,9.45,6777.0
11-22-413-03354-802059,22,413,03354,802059,10.52,10201.0
11-22-414-03355-802060,22,414,03355,802060,19.71,11115.0
11-22-414-03356-802061,22,414,03356,802061,32.68,9641.0
11-22-414-03357-802062,22,414,03357,802062,7.39,30921.0
11-22-414-03359-802063,22,414,03359,802063,26.6,6306.0
11-22-414-03360-802064,22,414,03360,802064,50.49,125463.0
11-22-414-03363-802065,22,414,03363,802065,36.84,10048.0
11-22-415-03367-802066,22,415,03367,802066,20.4,22106.0
11-22-416-03369-802067,22,416,03369,802067,15.88,13633.0
11-22-416-03369-802068,22,416,03369,802068,35.34,21435.0
11-22-416-03370-802069,22,416,03370,802069,27.34,6636.0
11-22-416-03370-802070,22,416,03370,802070,9.15,7440.0
11-22-416-03372-802071,22,416,03372,802071,10.58,18887.0
11-22-416-03373-802072,22,416,03373,802072,7.93,7238.0
11-22-416-03373-802073,22,416,03373,802073,5.9,7038.0
11-22-416-03375-802074,22,416,03375,802074,30.98,13926.0
11-22-417-03376-802075,22,417,03376,802075,13.17,4445.0
11-22-417-03378-802076,22,417,03378,802076,32.16,16129.0
11-22-417-03379-802077,22,417,03379,802077,35.96,9026.0
11-23-418-03380-802078,23,418,03380,802078,2.17,16964.0
11-23-418-03382-802079,23,418,03382,802079,6.29,71951.0
11-23-418-03383-802080,23,418,03383,802080,32.02,18437.0
11-23-419-03385-802081,23,419,03385,802081,3.85,47177.0
11-23-419-03386-802082,23,419,03386,802082,12.17,39669.0
11-23-419-03387-452273,23,419,03387,452273,10.42,32087.0
11-23-419-03387-802083,23,419,03387,802083,12.0,200482.0
11-23-419-03387-802084,23,419,03387,802084,3.43,32838.0
11-23-419-03388-802085,23,419,03388,802085,4.0,42153.0
11-23-419-03389-802086,23,419,03389,802086,1.72,25920.0
11-23-419-03390-802087,23,419,03390,802087,12.59,9803.0
11-23-419-03390-802088,23,419,03390,802088,8.57,40333.0
11-23-420-03392-802089,23,420,03392,802089,13.99,12657.0
11-23-420-03392-802090,23,420,03392,802090,17.18,197585.0
11-23-420-03392-802091,23,420,03392,802091,30.31,12534.0
11-23-420-03393-802092,23,420,03393,802092,4.0,21335.0
11-23-420-03394-802093,23,420,03394,802093,17.0,20841.0
11-23-420-03395-453453,23,420,03395,453453,8.0,7492.0
11-23-420-03395-802094,23,420,03395,802094,14.91,58939.0
11-23-420-03395-802095,23,420,03395,802095,58.69,20147.0
11-23-420-03397-802096,23,420,03397,802096,19.11,16935.0
11-23-420-03398-802097,23,420,03398,802097,19.04,35674.0
11-23-420-03398-802098,23,420,03398,802098,12.11,10686.0
11-23-420-03398-802099,23,420,03398,802099,12.7,18097.0
11-23-421-03399-802100,23,421,03399,802100,173.68,1054420.0
11-23-421-03399-802101,23,421,03399,802101,10.03,48464.0
11-23-421-03400-454188,23,421,03400,454188,6.34,12348.0
11-23-421-03400-454189,23,421,03400,454189,2.03,13868.0
11-23-421-03400-454190,23,421,03400,454190,10.16,20629.0
11-23-421-03400-454191,23,421,03400,454191,2.6,8423.0
11-23-421-03400-802102,23,421,03400,802102,44.97,12893.0
11-23-421-03400-802103,23,421,03400,802103,2.59,12425.0
11-23-421-03400-802104,23,421,03400,802104,3.79,61277.0
11-23-421-03401-802105,23,421,03401,802105,23.94,19096.0
11-23-421-03402-802106,23,421,03402,802106,22.74,9949.0
11-23-422-03403-802107,23,422,03403,802107,2.93,23140.0
11-23-422-03404-802108,23,422,03404,802108,18.05,23045.0
11-23-422-03405-802109,23,422,03405,802109,6.64,100284.0
11-23-422-03405-802110,23,422,03405,802110,0.49,10309.0
11-23-422-03406-802111,23,422,03406,802111,1.68,25204.0
11-23-423-03408-802112,23,423,03408,802112,81.11,179977.0
11-23-423-03409-802113,23,423,03409,802113,8.0,19385.0
11-23-423-03410-802114,23,423,03410,802114,12.0,28705.0
11-23-423-03411-802115,23,423,03411,802115,1.63,19781.0
11-23-423-03412-802116,23,423,03412,802116,7.77,13571.0
11-23-423-03413-802117,23,423,03413,802117,0.68,18127.0
11-23-423-03414-802118,23,423,03414,802118,8.43,15877.0
11-23-424-03415-802119,23,424,03415,802119,16.09,7674.0
11-23-424-03415-802120,23,424,03415,802120,14.91,23724.0
11-23-424-03416-802121,23,424,03416,802121,29.67,11511.0
11-23-424-03417-802122,23,424,03417,802122,17.37,9426.0
11-23-424-03417-802123,23,424,03417,802123,0.55,26883.0
11-23-424-03418-802124,23,424,03418,802124,32.29,12974.0
11-23-424-03418-802125,23,424,03418,802125,21.25,17499.0
11-23-424-03420-802126,23,424,03420,802126,25.83,17493.0
11-23-424-03421-802127,23,424,03421,802127,0.31,9079.0
11-23-424-03422-802128,23,424,03422,802128,0.43,14813.0
11-23-424-03423-802129,23,424,03423,802129,8.46,10409.0
11-23-424-03423-802130,23,424,03423,802130,6.22,79106.0
11-23-424-03423-802131,23,424,03423,802131,39.13,9282.0
11-23-425-03424-802132,23,425,03424,802132,32.88,8918.0
11-23-425-03425-802133,23,425,03425,802133,25.04,22002.0
11-23-425-03426-802134,23,425,03426,802134,24.88,12838.0
11-23-425-03427-802135,23,425,03427,802135,4.49,18529.0
11-23-425-03427-802136,23,425,03427,802136,20.86,40580.0
11-23-425-03428-802137,23,425,03428,802137,28.42,13625.0
11-23-425-03428-802138,23,425,03428,802138,14.5,23328.0
11-23-425-03429-457953,23,425,03429,457953,2.76,5377.0
11-23-425-03429-802139,23,425,03429,802139,15.56,142128.0
11-23-425-03430-802140,23,425,03430,802140,27.85,14253.0
11-23-425-03430-802141,23,425,03430,802141,59.8,24481.0
11-23-425-03431-802142,23,425,03431,802142,27.16,18335.0
11-23-425-03432-802143,23,425,03432,802143,23.49,13301.0
11-23-425-03433-802144,23,425,03433,802144,23.5,10592.0
11-23-425-03433-802145,23,425,03433,802145,25.72,20513.0
11-23-425-03434-802146,23,425,03434,802146,14.73,10216.0
11-23-426-03435-802147,23,426,03435,802147,6.81,16656.0
11-23-426-03436-802148,23,426,03436,802148,10.0,59091.0
11-23-426-03437-802149,23,426,03437,802149,13.11,12785.0
11-23-426-03437-802150,23,426,03437,802150,26.85,8452.0
11-23-426-03439-802151,23,426,03439,802151,17.44,13886.0
11-23-426-03440-802152,23,426,03440,802152,6.56,14465.0
11-23-427-03443-459749,23,427,03443,459749,2.16,5035.0
11-23-427-03443-459750,23,427,03443,459750,5.49,8493.0
11-23-427-03443-802153,23,427,03443,802153,12.0,64529.0
11-23-427-03444-802154,23,427,03444,802154,11.03,51108.0
11-23-427-03446-802155,23,427,03446,802155,10.02,30923.0
11-23-427-03447-802156,23,427,03447,802156,4.11,16300.0
11-23-427-03448-802157,23,427,03448,802157,6.54,31537.0
11-23-427-03449-460960,23,427,03449,460960,16.36,10647.0
11-23-427-03449-460963,23,427,03449,460963,3.54,24232.0
11-23-427-03449-460964,23,427,03449,460964,4.32,23861.0
11-23-427-03449-460965,23,427,03449,460965,8.57,9677.0
11-23-427-03449-460966,23,427,03449,460966,5.13,7984.0
11-23-427-03449-802158,23,427,03449,802158,17.94,13668.0
11-23-427-03449-802159,23,427,03449,460962,2.81,5144.0
11-23-427-03449-802159,23,427,03449,802159,34.26,274556.0
11-23-427-03449-802159,23,427,03449,460961,1.3,1902.0
11-23-427-03449-802160,23,427,03449,802160,16.35,40513.0
11-23-427-03450-802161,23,427,03450,802161,2.98,32726.0
11-23-427-03451-802162,23,427,03451,802162,27.86,30329.0
11-23-427-03453-802163,23,427,03453,802163,5.0,25632.0
11-23-428-03454-802164,23,428,03454,802164,6.29,32465.0
11-23-428-03457-462255,23,428,03457,462255,2.5,6735.0
11-23-428-03457-802165,23,428,03457,802165,19.24,21026.0
11-23-428-03458-462495,23,428,03458,462495,5.95,5458.0
11-23-428-03458-802166,23,428,03458,802166,62.12,16001.0
11-23-428-03458-802167,23,428,03458,462494,2.02,8100.0
11-23-428-03458-802167,23,428,03458,802167,33.23,139561.0
11-23-428-03459-462691,23,428,03459,462691,4.81,6806.0
11-23-428-03460-802168,23,428,03460,802168,14.33,14399.0
11-23-428-03460-802168,23,452,03638,802369,33.03,13077.0
11-23-429-03461-463140,23,429,03461,463140,4.0,5249.0
11-23-429-03461-802169,23,429,03461,802169,2.11,8793.0
11-23-429-03461-802170,23,429,03461,802170,79.01,282977.0
11-23-429-03462-463335,23,429,03462,463335,7.34,8290.0
11-23-429-03462-802171,23,429,03462,802171,83.0,23316.0
11-23-429-03463-802172,23,429,03463,802172,12.62,14339.0
11-23-429-03463-802173,23,429,03463,802173,10.66,9685.0
11-23-429-03464-802174,23,429,03464,802174,4.4,22568.0
11-23-429-03465-802175,23,429,03465,802175,7.8,18442.0
11-23-429-03466-802176,23,429,03466,802176,23.54,13638.0
11-23-429-03467-802177,23,429,03467,802177,17.43,7520.0
11-23-429-03468-802178,23,429,03468,802178,18.81,19409.0
11-23-429-03470-802179,23,429,03470,802179,10.36,40192.0
11-23-430-03471-802180,23,430,03471,802180,5.21,10678.0
11-23-430-03471-802181,23,430,03471,802181,37.09,17039.0
11-23-430-03473-802182,23,430,03473,802182,37.16,11878.0
11-23-430-03473-802183,23,430,03473,802183,4.31,10282.0
11-23-430-03474-802184,23,430,03474,802184,12.6,13700.0
11-23-430-03475-802185,23,430,03475,802185,10.27,13446.0
11-23-430-03476-802186,23,430,03476,802186,30.35,16771.0
11-23-430-03477-802187,23,430,03477,802187,36.91,26420.0
11-23-430-03478-802188,23,430,03478,802188,15.4,10404.0
11-23-430-03479-467331,23,430,03479,467331,5.33,4358.0
11-23-430-03479-802189,23,430,03479,802189,102.0,235654.0
11-23-430-03479-802190,23,430,03479,802190,13.23,10547.0
11-23-430-03481-802191,23,430,03481,802191,8.5,14608.0
11-23-431-03482-802192,23,431,03482,802192,12.68,33114.0
11-23-431-03483-802193,23,431,03483,802193,88.0,15891.0
11-23-431-03485-468176,23,431,03485,468176,4.03,4408.0
11-23-431-03485-468177,23,431,03485,468177,8.85,8260.0
11-23-431-03485-802194,23,431,03485,802194,20.42,22324.0
11-23-431-03486-468238,23,431,03486,468238,2.88,4664.0
11-23-431-03486-802195,23,431,03486,802195,15.96,21883.0
11-23-432-03487-468368,23,432,03487,468368,12.5,5683.0
11-23-432-03487-802196,23,432,03487,802196,77.54,7951.0
11-23-432-03487-802197,23,432,03487,802197,12.24,17129.0
11-23-432-03488-802198,23,432,03488,802198,9.03,9523.0
11-23-432-03488-802199,23,432,03488,802199,18.78,7994.0
11-23-432-03489-802200,23,432,03489,802200,22.04,128561.0
11-23-432-03490-802201,23,432,03490,802201,27.25,11518.0
11-23-432-03491-802202,23,432,03491,802202,2.59,18364.0
11-23-432-03491-802203,23,432,03491,802203,3.61,26551.0
11-23-432-03491-802204,23,432,03491,802204,2.59,11956.0
11-23-433-03492-469140,23,433,03492,469140,2.25,7178.0
11-23-433-03492-802205,23,433,03492,802205,8.0,21013.0
11-23-433-03493-802206,23,433,03493,802206,0.78,8332.0
11-23-433-03493-802207,23,433,03493,802207,0.31,10191.0
11-23-433-03493-802208,23,433,03493,802208,6.72,15070.0
11-23-433-03494-802209,23,433,03494,802209,0.52,15122.0
11-23-433-03495-802210,23,433,03495,802210,3.02,24637.0
11-23-433-03496-802211,23,433,03496,802211,36.36,141667.0
11-23-433-03497-802212,23,433,03497,802212,24.69,7034.0
11-23-433-03498-802213,23,433,03498,802213,4.3,14056.0
11-23-433-03499-802214,23,433,03499,802214,6.81,13304.0
11-23-434-03500-802215,23,434,03500,802215,1.15,8294.0
11-23-434-03501-802216,23,434,03501,802216,14.54,74907.0
11-23-434-03501-802217,23,434,03501,802217,25.45,8700.0
11-23-434-03502-802218,23,434,03502,802218,2.78,24115.0
11-23-434-03503-802219,23,434,03503,802219,1.24,14913.0
11-23-434-03504-802220,23,434,03504,802220,2.59,11989.0
11-23-434-03507-471043,23,434,03507,471043,2.18,9084.0
11-23-434-03507-802221,23,434,03507,802221,19.81,9774.0
11-23-434-03507-802222,23,434,03507,802222,39.19,264914.0
11-23-435-03508-802224,23,435,03508,802224,10.4,34191.0
11-23-435-03509-802225,23,435,03509,802225,23.83,100039.0
11-23-435-03509-802226,23,435,03509,802226,25.79,14774.0
11-23-435-03510-471486,23,435,03510,471486,7.89,7608.0
11-23-435-03510-802227,23,435,03510,802227,15.15,34362.0
11-23-435-03512-802228,23,435,03512,802228,1.45,24908.0
11-23-435-03512-802229,23,435,03512,802229,10.0,11678.0
11-23-435-03513-802230,23,435,03513,802230,92.68,515215.0
11-23-435-03514-802231,23,435,03514,802231,7.02,36438.0
11-23-436-03515-802232,23,436,03515,802232,1.07,14781.0
11-23-436-03515-802233,23,436,03515,802233,0.26,16432.0
11-23-436-03516-802234,23,436,03516,802234,0.31,16690.0
11-23-436-03516-802235,23,436,03516,802235,35.4,7217.0
11-23-436-03517-802236,23,436,03517,802236,0.23,13834.0
11-23-436-03518-802237,23,436,03518,802237,3.52,37917.0
11-23-436-03518-802238,23,436,03518,802238,0.23,10458.0
11-23-436-03519-802239,23,436,03519,802239,17.19,69263.0
11-23-436-03519-802240,23,436,03519,802240,19.19,20088.0
11-23-436-03522-802241,23,436,03522,802241,7.74,51225.0
11-23-436-03522-802242,23,436,03522,802242,19.45,11652.0
11-23-436-03522-802243,23,436,03522,802243,2.17,12268.0
11-23-436-03523-473253,23,436,03523,473253,6.28,11723.0
11-23-437-03524-802244,23,437,03524,802244,4.0,7979.0
11-23-437-03525-802245,23,437,03525,802245,2.59,12166.0
11-23-437-03525-802246,23,437,03525,802246,1.37,16545.0
11-23-437-03525-802247,23,437,03525,802247,3.15,9652.0
11-23-437-03526-802248,23,437,03526,802248,100.22,289550.0
11-23-437-03527-802249,23,437,03527,802249,1.94,17744.0
11-23-437-03528-802250,23,437,03528,802250,14.0,9202.0
11-23-437-03528-802251,23,437,03528,802251,11.24,10405.0
11-23-437-03528-802252,23,437,03528,802252,14.97,14108.0
11-23-437-03529-802253,23,437,03529,802253,44.48,11266.0
11-23-437-03529-802254,23,437,03529,802254,9.0,10310.0
11-23-437-03530-802255,23,437,03530,802255,2.21,17419.0
11-23-437-03531-802256,23,437,03531,802256,2.34,25413.0
11-23-438-03532-802257,23,438,03532,802257,3.01,20917.0
11-23-438-03533-802258,23,438,03533,802258,9.36,20668.0
11-23-438-03533-802259,23,438,03533,802259,5.45,7293.0
11-23-438-03534-475181,23,438,03534,475181,1.5,8606.0
11-23-438-03534-802260,23,438,03534,802260,36.0,93917.0
11-23-438-03534-802261,23,438,03534,802261,75.51,126200.0
11-23-438-03534-802262,23,438,03534,802262,42.2,10657.0
11-23-438-03536-475533,23,438,03536,475533,4.94,9274.0
11-23-438-03536-802263,23,438,03536,802263,12.37,28331.0
11-23-438-03537-802264,23,438,03537,802264,8.3,8509.0
11-23-438-03538-802265,23,438,03538,802265,15.08,30393.0
11-23-438-03539-802266,23,434,03507,802223,2.86,8341.0
11-23-438-03539-802266,23,438,03539,802266,13.74,32093.0
11-23-438-03539-802267,23,438,03539,802267,4.0,16363.0
11-23-439-03540-802268,23,439,03540,802268,0.29,14584.0
11-23-439-03540-802269,23,439,03540,802269,0.73,17474.0
11-23-439-03540-802270,23,439,03540,802270,8.08,15999.0
11-23-439-03541-476111,23,439,03541,476111,11.43,15761.0
11-23-439-03541-802271,23,439,03541,802271,18.85,10425.0
11-23-439-03542-476238,23,439,03542,476238,9.6,10393.0
11-23-439-03542-802272,23,439,03542,802272,8.0,16150.0
11-23-439-03543-476370,23,439,03543,476370,5.33,5050.0
11-23-439-03543-476371,23,439,03543,476371,4.72,18697.0
11-23-439-03543-476372,23,439,03543,476372,3.93,9488.0
11-23-439-03543-476373,23,439,03543,476373,6.1,10225.0
11-23-439-03543-476374,23,439,03543,476374,6.1,8774.0
11-23-439-03543-802273,23,439,03543,476368,5.86,9357.0
11-23-439-03543-802273,23,439,03543,476369,4.05,10684.0
11-23-439-03543-802273,23,439,03543,476367,3.18,10165.0
11-23-439-03543-802273,23,439,03543,476366,4.65,18534.0
11-23-439-03543-802273,23,439,03541,802273,8.453699,1975.0
11-23-439-03543-802273,23,439,03543,802273,149.46548,1992422.0
11-23-439-03543-802273,23,439,03543,476365,11.19,64213.0
11-23-439-03543-802274,23,439,03543,802274,14.74,36055.0
11-23-439-03544-476554,23,439,03544,476554,3.03,6540.0
11-23-439-03544-802275,23,439,03544,802275,18.93,81702.0
11-23-439-03544-802275,23,439,03544,476553,1.3,5409.0
11-23-439-03544-802276,23,439,03544,802276,13.0,30012.0
11-23-439-03544-802277,23,439,03544,802277,13.66,7621.0
11-23-440-03545-802278,23,440,03545,476878,0.98,13514.0
11-23-440-03545-802278,23,440,03545,802278,1.55,26459.0
11-23-440-03545-802279,23,440,03545,802279,8.19,38740.0
11-23-440-03546-802280,23,440,03546,802280,6.09,24411.0
11-23-440-03546-802281,23,440,03546,802281,0.72,12343.0
11-23-440-03547-802282,23,440,03547,802282,3.88,22750.0
11-23-440-03549-802283,23,440,03549,802283,1.79,16217.0
11-23-440-03550-802284,23,440,03550,477622,3.02,5383.0
11-23-440-03550-802284,23,440,03550,802284,26.73,116150.0
11-23-440-03550-802284,23,440,03550,477623,2.92,11835.0
11-23-440-03551-477736,23,440,03551,477736,1.44,11054.0
11-23-441-03554-802285,23,441,03554,802285,27.0,55504.0
11-23-441-03556-478249,23,441,03556,478249,5.13,6821.0
11-23-441-03557-802286,23,441,03557,802286,15.54,26289.0
11-23-441-03558-802287,23,441,03558,802287,9.0,20947.0
11-23-441-03558-802288,23,441,03558,802288,7.63,10113.0
11-23-441-03559-802289,23,441,03559,802289,6.14,12166.0
11-23-441-03559-802290,23,441,03559,802290,5.3,15744.0
11-23-441-03561-802291,23,441,03561,802291,25.0,56485.0
11-23-442-03563-802292,23,442,03563,802292,21.54,9476.0
11-23-442-03563-802293,23,442,03563,802293,9.25,21724.0
11-23-442-03564-802294,23,442,03564,802294,6.47,18928.0
11-23-442-03564-802295,23,442,03564,802295,4.0,8501.0
11-23-442-03565-802296,23,442,03565,802296,7.77,29726.0
11-23-442-03565-802297,23,442,03565,802297,20.41,10785.0
11-23-442-03566-802298,23,442,03566,802298,15.15,10596.0
11-23-442-03566-802299,23,442,03566,802299,6.96,49093.0
11-23-442-03567-802300,23,442,03567,802300,5.68,37435.0
11-23-442-03568-802301,23,442,03568,802301,12.95,32329.0
11-23-442-03568-802302,23,442,03568,802302,21.83,9886.0
11-23-442-03569-802303,23,442,03569,802303,25.79,27396.0
11-23-442-03569-802304,23,442,03569,802304,23.41,10582.0
11-23-443-03570-802305,23,443,03570,802305,51.41,18844.0
11-23-443-03571-802306,23,443,03571,802306,9.99,52460.0
11-23-443-03572-802307,23,443,03572,802307,4.24,15487.0
11-23-443-03573-481320,23,443,03573,481320,4.07,7258.0
11-23-443-03573-802308,23,443,03573,802308,16.55,78289.0
11-23-443-03576-802309,23,443,03576,802309,4.0,11329.0
11-23-443-03579-802310,23,443,03579,802310,5.83,155951.0
11-23-444-03580-802311,23,444,03580,802311,13.99,30951.0
11-23-444-03581-802312,23,444,03581,802312,285.88,1798218.0
11-23-444-03581-802313,23,444,03581,802313,50.18,87882.0
11-23-445-03582-802314,23,445,03582,802314,15.11,109118.0
11-23-445-03584-802315,23,445,03584,802315,15.78,53184.0
11-23-445-03584-802316,23,445,03584,802316,25.0,10526.0
11-23-445-03585-802317,23,445,03585,802317,1.46,8206.0
11-23-445-03586-802318,23,445,03586,802318,0.31,15221.0
11-23-445-03587-802319,23,445,03587,802319,8.08,23788.0
11-23-445-03588-802320,23,445,03588,802320,23.38,16808.0
11-23-445-03589-802321,23,445,03589,802321,9.28,11611.0
11-23-446-03590-802322,23,446,03590,802322,14.4,8401.0
11-23-446-03590-802323,23,446,03590,802323,19.08,44162.0
11-23-446-03591-802324,23,446,03591,802324,14.55,18184.0
11-23-446-03592-802325,23,446,03592,802325,18.46,34031.0
11-23-446-03593-484481,23,446,03593,484481,3.9,14755.0
11-23-446-03593-802326,23,446,03593,802326,14.77,10268.0
11-23-446-03593-802327,23,446,03593,802327,12.78,59654.0
11-23-446-03593-802328,23,446,03593,802328,29.86,22845.0
11-23-446-03594-802329,23,446,03594,802329,26.44,34663.0
11-23-446-03595-802330,23,446,03595,802330,37.45,19603.0
11-23-446-03596-802331,23,446,03596,802331,22.91,18623.0
11-23-446-03597-802332,23,446,03597,802332,13.77,18236.0
11-23-447-03598-802333,23,447,03598,802333,18.87,11961.0
11-23-447-03599-802334,23,447,03599,802334,3.5,11915.0
11-23-447-03600-802335,23,447,03600,802335,17.1,103330.0
11-23-447-03600-802336,23,447,03600,802336,1.19,10630.0
11-23-447-03601-802337,23,447,03601,802337,2.88,9282.0
11-23-447-03602-485963,23,447,03602,485963,4.0,9745.0
11-23-447-03602-802338,23,447,03602,802338,35.42,86141.0
11-23-447-03603-486095,23,447,03603,486095,1.89,5956.0
11-23-447-03604-802339,23,447,03604,802339,10.59,29976.0
11-23-447-03605-802340,23,447,03605,802340,6.39,30215.0
11-23-448-03606-802341,23,448,03606,802341,9.75,22737.0
11-23-448-03608-802342,23,448,03608,802342,9.72,74268.0
11-23-448-03610-802343,23,448,03610,802343,8.55,22359.0
11-23-449-03612-802344,23,449,03612,802344,4.61,30100.0
11-23-449-03613-487411,23,449,03613,487411,10.11,7878.0
11-23-449-03613-487412,23,449,03613,487412,7.5,5625.0
11-23-449-03613-487413,23,449,03613,487413,18.63,4561.0
11-23-449-03613-802345,23,449,03613,802345,14.15,99330.0
11-23-449-03614-802346,23,449,03614,802346,24.27,117988.0
11-23-449-03615-487509,23,449,03615,487509,2.8,9540.0
11-23-449-03616-802347,23,449,03616,802347,8.19,16741.0
11-23-449-03617-802348,23,449,03617,802348,2.9,25040.0
11-23-449-03618-487930,23,449,03618,487930,9.78,12295.0
11-23-449-03618-802349,23,449,03618,802349,7.0,48826.0
11-23-449-03618-802350,23,449,03618,802350,10.01,12062.0
11-23-450-03620-802351,23,450,03620,802351,68.57,221883.0
11-23-450-03622-802352,23,450,03622,802352,18.1,13946.0
11-23-450-03624-802353,23,450,03624,802353,10.22,19343.0
11-23-450-03624-802354,23,450,03624,802354,3.72,8371.0
11-23-451-03627-802355,23,451,03627,802355,23.67,44048.0
11-23-451-03628-802356,23,451,03628,802356,6.29,13210.0
11-23-451-03629-802357,23,451,03629,802357,12.37,19040.0
11-23-451-03629-802358,23,451,03629,802358,13.03,14624.0
11-23-451-03630-802359,23,451,03630,802359,6.66,13601.0
11-23-451-03631-490021,23,451,03631,490021,19.92,9839.0
11-23-451-03631-490022,23,451,03631,490022,7.65,9285.0
11-23-451-03631-490023,23,451,03631,490023,1.89,12599.0
11-23-451-03631-490024,23,451,03631,490024,2.0,6916.0
11-23-451-03631-490025,23,451,03631,490025,3.0,7682.0
11-23-451-03631-802360,23,451,03631,802360,28.49,72261.0
11-23-451-03631-802361,23,451,03632,490242,4.13,14452.0
11-23-451-03631-802361,23,451,03631,802361,73.76899,1069292.0
11-23-451-03631-802361,23,451,03632,802361,,12385.0
11-23-451-03631-802361,23,451,03632,490244,4.09,10728.0
11-23-451-03631-802361,23,451,03632,490243,2.9,8957.0
11-23-451-03631-802362,23,451,03631,802362,16.12,6657.0
11-23-451-03631-802363,23,451,03631,802363,9.89,12620.0
11-23-451-03632-490245,23,451,03632,490245,4.12,5084.0
11-23-451-03632-490246,23,451,03632,490246,2.62,14349.0
11-23-451-03632-490247,23,451,03632,490247,2.61,14787.0
11-23-451-03632-490248,23,451,03632,490248,4.43,8087.0
11-23-451-03632-490249,23,451,03632,490249,1.78,6743.0
11-23-451-03632-802364,23,451,03632,802364,12.0,27932.0
11-23-451-03633-490449,23,451,03633,490449,4.4,4856.0
11-23-452-03634-802365,23,452,03634,802365,12.25,28074.0
11-23-452-03635-491055,23,452,03635,491055,8.39,9977.0
11-23-452-03635-802366,23,452,03635,802366,12.89,47604.0
11-23-452-03636-491258,23,452,03636,491258,1.97,6770.0
11-23-452-03636-802367,23,452,03636,802367,15.01,59966.0
11-23-452-03637-491406,23,452,03637,491406,4.32,8143.0
11-23-452-03637-802368,23,452,03637,802368,21.7,29929.0
11-23-453-03639-802370,23,453,03639,802370,9.5,10995.0
11-23-453-03640-802371,23,453,03640,802371,11.56,21323.0
11-23-454-03641-802372,23,454,03641,802372,7.5,8248.0
11-23-454-03643-492983,23,454,03643,492983,2.12,10008.0
11-23-454-03643-492984,23,454,03643,492984,4.59,6438.0
11-23-454-03643-802373,23,454,03643,802373,10.83,55133.0
11-23-454-03643-802374,23,454,03643,802374,8.88,10266.0
11-23-454-03645-802375,23,454,03645,802375,5.5,10427.0
11-23-454-03646-493668,23,454,03646,493668,4.0,4755.0
11-23-454-03646-802376,23,454,03646,802376,22.08,24914.0
11-23-455-03648-802377,23,455,03648,802377,11.93,14141.0
11-23-455-03649-802378,23,455,03649,802378,28.85,11000.0
11-23-455-03650-802379,23,455,03650,802379,1.31,12956.0
11-23-455-03651-494680,23,455,03651,494680,6.25,4078.0
11-23-455-03651-494681,23,455,03651,494681,5.16,7061.0
11-23-455-03651-802380,23,455,03651,802380,11.42,22583.0
11-23-455-03651-802381,23,455,03651,802381,9.0,24663.0
11-23-455-03652-494772,23,455,03652,494772,5.81,3113.0
11-23-455-03652-494773,23,455,03652,494773,5.44,5953.0
11-23-455-03652-494774,23,455,03652,494774,7.29,7430.0
11-23-455-03652-494775,23,455,03652,494775,5.01,7975.0
11-23-455-03652-494776,23,455,03652,494776,2.33,6282.0
11-23-455-03652-802382,23,455,03652,802382,4.99,9840.0
11-23-455-03652-802383,23,455,03652,802383,13.3,42786.0
11-23-455-03652-802384,23,455,03652,802384,6.36,16497.0
11-23-455-03652-802385,23,455,03652,802385,3.6,9895.0
11-23-455-03654-495003,23,455,03654,495003,5.44,14989.0
11-23-455-03654-802386,23,455,03654,802386,41.76,175052.0
11-23-455-03656-495334,23,455,03656,495334,2.0,7497.0
11-23-455-03656-802387,23,455,03656,802387,15.93,27459.0
11-23-455-03656-802388,23,455,03656,802388,0.78,9909.0
11-23-455-03656-802389,23,455,03656,802389,0.33,9950.0
11-23-455-03656-802390,23,455,03656,802390,5.88,8595.0
11-23-455-03658-802391,23,455,03658,802391,23.32,45479.0
11-23-456-03659-802392,23,456,03659,802392,18.79,17302.0
11-23-456-03660-496095,23,456,03660,496095,5.6,15371.0
11-23-456-03661-496325,23,456,03661,496325,5.16,7120.0
11-23-456-03663-496624,23,456,03663,496624,5.12,9654.0
11-23-456-03664-802393,23,456,03664,802393,15.95,102343.0
11-23-456-03665-802394,23,456,03665,802394,9.24,12100.0
11-23-457-03667-802395,23,457,03667,802395,11.5,16146.0
11-23-457-03668-497374,23,457,03668,497374,8.81,8451.0
11-23-457-03669-802396,23,457,03669,802396,19.29,27494.0
11-23-457-03671-497647,23,457,03671,497647,8.68,5533.0
11-23-457-03672-497814,23,457,03672,497814,3.36,6315.0
11-23-457-03672-497815,23,457,03672,497815,4.3,10357.0
11-23-457-03672-497816,23,457,03672,497816,0.62,8970.0
11-23-457-03672-802397,23,457,03672,802397,18.19,84261.0
11-23-457-03673-497965,23,457,03673,497965,6.2,6137.0
11-23-457-03674-802398,23,457,03674,802398,29.15,16650.0
11-23-457-03674-802399,23,457,03674,802399,80.45,34176.0
11-23-457-03675-498469,23,457,03675,498469,4.37,6768.0
11-23-457-03676-802400,23,457,03676,802400,12.4,13558.0
11-23-458-03677-802401,23,458,03677,802401,45.75,180935.0
11-23-458-03679-802402,23,458,03679,802402,73.79,62163.0
11-23-458-03681-802403,23,458,03681,802403,5.3,19707.0
11-23-458-03682-802404,23,458,03682,802404,20.01,28010.0
11-23-458-03683-802405,23,458,03683,802405,11.65,21860.0
11-23-459-03684-802406,23,459,03684,802406,25.26,12583.0
11-23-459-03685-802407,23,459,03685,802407,14.87,33081.0
11-23-459-03686-802408,23,459,03686,802408,4.43,81828.0
11-23-459-03688-802409,23,459,03688,802409,17.98,26192.0
11-23-460-03689-802410,23,460,03689,802410,14.47,10653.0
11-23-460-03689-802411,23,460,03689,802411,35.14,24545.0
11-23-460-03690-802412,23,460,03690,802412,23.41,8233.0
11-23-460-03691-501529,23,461,03694,501529,7.8,9677.0
11-23-460-03691-501529,23,460,03691,501529,11.7106285,20677.0
11-23-460-03691-501530,23,460,03691,501530,4.36,4366.0
11-23-460-03691-802413,23,460,03691,802413,24.28,86681.0
11-23-460-03691-802414,23,460,03691,802414,10.45,19289.0
11-23-460-03691-802415,23,460,03691,802415,24.86,45156.0
11-23-461-03693-802416,23,461,03693,802416,36.65,32682.0
11-23-461-03693-802417,23,461,03693,802417,12.09,29704.0
11-23-461-03694-501949,23,461,03694,501949,8.44,9273.0
11-23-461-03694-501950,23,461,03694,501950,9.12,8796.0
11-23-461-03694-501951,23,461,03694,501951,9.0,4785.0
11-23-461-03694-501952,23,461,03694,501952,7.14,20873.0
11-23-461-03694-501953,23,461,03694,501953,6.85,5127.0
11-23-461-03694-501954,23,461,03694,501954,13.67,9686.0
11-23-461-03694-501955,23,461,03694,501955,9.95,9480.0
11-23-461-03694-802418,23,461,03694,802418,15.06,28447.0
11-23-461-03694-802419,23,461,03694,802419,12.85,19899.0
11-23-461-03695-802420,23,461,03695,802420,8.0,8396.0
11-23-461-03696-802421,23,461,03696,802421,46.57,8416.0
11-23-462-03697-802422,23,462,03697,802422,24.75,11936.0
11-23-462-03698-802423,23,462,03698,802423,23.97,14962.0
11-23-462-03699-802424,23,462,03699,802424,12.31,54331.0
11-23-462-03701-802425,23,462,03701,802425,21.44,11892.0
11-23-463-03703-503654,23,463,03703,503654,5.74,6529.0
11-23-463-03705-802426,23,463,03705,802426,284.46,220257.0
11-23-464-03706-802427,23,464,03706,802427,6.04,15756.0
11-23-464-03707-802428,23,464,03707,802428,5.11,15174.0
11-23-464-03708-504556,23,464,03708,504556,8.64,12929.0
11-23-464-03709-802429,23,464,03709,802429,6.34,35753.0
11-23-464-03710-802430,23,464,03710,802430,4.9,12371.0
11-23-465-03711-802431,23,465,03711,802431,22.3,10968.0
11-23-465-03712-802432,23,465,03712,802432,1.33,11976.0
11-23-465-03713-505451,23,465,03713,505451,6.0,5632.0
11-23-465-03713-802433,23,465,03713,802433,13.01,28498.0
11-23-466-03714-802434,23,466,03714,802434,16.88,22052.0
11-23-466-03716-802435,23,466,03716,802435,35.77,200738.0
11-23-466-03717-802436,23,466,03717,802436,12.69,10063.0
11-23-466-03717-802437,23,466,03717,802437,17.53,12889.0
11-23-466-03718-802438,23,466,03718,802438,13.89,13694.0
11-23-467-03719-802439,23,467,03719,802439,12.67,210886.0
11-23-467-03719-802440,23,467,03719,802440,38.82,19719.0
11-23-467-03721-802441,23,467,03721,802441,29.69,29682.0
11-24-468-03723-802442,24,468,03723,802442,51.83,28407.0
11-24-468-03724-802443,24,468,03724,802443,27.08,39532.0
11-24-468-03725-802444,24,468,03725,802444,17.81,87183.0
11-24-468-03726-506921,24,468,03726,506921,11.17,7109.0
11-24-468-03726-506922,24,468,03726,506922,10.76,13303.0
11-24-468-03726-506923,24,468,03726,506923,19.56,11975.0
11-24-468-03726-802445,24,468,03726,802445,39.79,148834.0
11-24-468-03726-802445,24,468,03726,506920,28.43,32293.0
11-24-468-03729-802446,24,468,03729,802446,14.89,51376.0
11-24-468-03730-507349,24,468,03730,507349,20.75,20338.0
11-24-468-03731-507356,24,468,03731,507356,7.8,13155.0
11-24-468-03731-507357,24,468,03731,507357,9.64,11256.0
11-24-468-03731-507358,24,468,03731,507358,2.97,15782.0
11-24-468-03731-802447,24,468,03731,802447,29.58,247992.0
11-24-469-03733-802448,24,469,03733,802448,22.24,27954.0
11-24-469-03734-802449,24,469,03734,802449,26.11,29578.0
11-24-469-03737-508001,24,469,03737,508001,17.41,17753.0
11-24-469-03738-508111,24,469,03738,508111,6.77,8379.0
11-24-469-03739-508228,24,469,03739,508228,3.94,6250.0
11-24-469-03739-508229,24,469,03739,508229,7.88,12389.0
11-24-469-03739-802450,24,469,03739,802450,39.5,141592.0
11-24-469-03740-508379,24,469,03740,508379,2.02,4994.0
11-24-469-03740-802451,24,469,03740,802451,20.81,111160.0
11-24-469-03741-508450,24,469,03741,508450,11.54,14912.0
11-24-469-03742-802452,24,469,03742,802452,26.41,21894.0
11-24-469-03743-802453,24,469,03743,802453,13.62,18060.0
11-24-470-03745-802454,24,470,03745,802454,36.95,39558.0
11-24-470-03746-508785,24,470,03746,508785,10.62,9734.0
11-24-470-03746-802455,24,470,03746,802455,22.08,61867.0
11-24-470-03747-802456,24,470,03747,802456,17.82,133737.0
11-24-470-03748-802457,24,470,03748,802457,30.09,20253.0
11-24-470-03750-802458,24,470,03750,802458,20.52,15932.0
11-24-471-03752-802459,24,471,03752,802459,37.0,21843.0
11-24-471-03753-802460,24,471,03753,802460,25.0,57108.0
11-24-471-03754-802461,24,471,03754,802461,9.06,76753.0
11-24-471-03755-802462,24,471,03755,802462,44.27,27790.0
11-24-471-03756-802463,24,471,03756,802463,4.98,35118.0
11-24-471-03757-509558,24,471,03757,509558,5.18,3915.0
11-24-471-03757-509559,24,471,03757,509559,3.88,7072.0
11-24-471-03757-802464,24,471,03757,802464,31.76,190753.0
11-24-471-03758-509611,24,471,03758,509611,8.77,12574.0
11-24-471-03759-802465,24,471,03759,802465,18.43,81404.0
11-24-472-03760-802466,24,472,03760,802466,27.32,25001.0
11-24-472-03761-509953,24,472,03761,509953,5.75,6078.0
11-24-472-03762-802467,24,472,03762,802467,36.61,20646.0
11-24-472-03763-802468,24,472,03763,802468,29.81,42306.0
11-24-472-03764-510317,24,472,03764,510317,13.77,16074.0
11-24-472-03765-510446,24,472,03765,510446,5.66,11363.0
11-24-472-03766-510581,24,472,03766,510581,9.92,13841.0
11-24-472-03766-510582,24,472,03766,510582,6.22,6255.0
11-24-472-03766-802469,24,472,03766,802469,8.82,81137.0
11-24-472-03767-802470,24,472,03767,802470,20.43,23596.0
11-24-472-03768-802471,24,472,03768,802471,22.4,18298.0
11-24-472-03769-802472,24,472,03769,802472,13.47,67648.0
11-24-472-03771-510996,24,472,03771,510996,7.94,6378.0
11-24-472-03772-511118,24,472,03772,511118,7.58,7213.0
11-24-472-03772-802473,24,472,03772,802473,23.57,17886.0
11-24-473-03773-511183,24,473,03773,511183,14.76,10215.0
11-24-473-03773-511184,24,473,03773,511184,2.63,5859.0
11-24-473-03773-802474,24,473,03773,802474,1.89,2660.0
11-24-473-03773-802475,24,473,03773,802475,34.1,134426.0
11-24-473-03773-802475,24,473,03773,511185,13.23,13882.0
11-24-473-03773-802476,24,473,03773,802476,0.53,535.0
11-24-473-03774-802477,24,473,03774,802477,26.9,30347.0
11-24-473-03775-511285,24,473,03775,511285,7.61,12628.0
11-24-473-03775-511286,24,473,03775,511286,11.2,2634.0
11-24-473-03775-511287,24,473,03775,511287,17.91,11957.0
11-24-473-03775-511288,24,473,03775,511288,6.95,6823.0
11-24-473-03775-511289,24,473,03775,511289,4.33,9735.0
11-24-473-03775-802478,24,473,03775,802478,25.26,23497.0
11-24-473-03775-802479,24,473,03775,802479,182.3,292797.0
11-24-473-03776-802480,24,473,03776,802480,26.99,42632.0
11-24-474-03779-802481,24,474,03779,802481,13.67,55821.0
11-24-474-03780-802482,24,474,03780,802482,157.71,95890.0
11-24-474-03781-802483,24,474,03781,802483,5.59,7588.0
11-24-474-03781-802484,24,474,03781,802484,468.92,5577940.0
11-24-474-03781-802484,24,474,03782,802484,32.743034,55987.0
11-24-474-03782-511685,24,474,03782,511685,5.65,37635.0
11-24-474-03782-511686,24,474,03782,511686,3.75,12547.0
11-24-474-03782-511687,24,474,03782,511687,9.07,9176.0
11-24-474-03782-802485,24,474,03782,802485,20.37,19690.0
11-24-474-03783-802486,24,474,03783,802486,20.85,80945.0
11-24-474-03784-802487,24,474,03784,802487,46.68,42458.0
11-24-474-03785-511845,24,474,03785,511845,23.53,16944.0
11-24-474-03786-802488,24,474,03786,802488,32.04,17951.0
11-24-474-03787-802489,24,474,03787,802489,62.66,32475.0
11-24-475-03788-802490,24,475,03788,802490,74.14,32024.0
11-24-475-03789-802491,24,475,03789,802491,14.31,75133.0
11-24-475-03790-512159,24,475,03790,512159,11.57,11944.0
11-24-475-03790-802492,24,475,03790,802492,51.31,17725.0
11-24-475-03792-802493,24,475,03792,802493,38.59,177851.0
11-24-475-03792-802494,24,475,03792,802494,20.01,75755.0
11-24-475-03794-802495,24,475,03794,802495,50.39,42351.0
11-24-475-03794-802496,24,475,03794,802496,28.16,21364.0
11-24-475-03797-802497,24,475,03797,802497,6.18,42769.0
11-24-476-03798-802498,24,476,03798,802498,61.08,15964.0
11-24-476-03799-512713,24,476,03799,512713,10.82,12565.0
11-24-476-03799-512715,24,476,03799,512715,12.93,5786.0
11-24-476-03799-802499,24,476,03799,512714,4.67,16637.0
11-24-476-03799-802499,24,476,03799,802499,42.99,210451.0
11-24-476-03799-802499,24,476,03799,512716,8.02,12206.0
11-24-476-03801-512863,24,476,03801,512863,11.27,8906.0
11-24-476-03801-802500,24,476,03801,802500,4.53,43881.0
11-24-476-03802-512921,24,476,03802,512921,16.12,10547.0
11-24-476-03803-513004,24,476,03803,513004,8.23,5874.0
11-24-476-03803-513006,24,476,03803,513006,17.86,53794.0
11-24-476-03803-802501,24,476,03803,802501,157.45,1323363.0
11-24-476-03803-802501,24,476,03803,513005,10.07,13483.0
11-24-476-03804-513044,24,476,03804,802502,4.24,671.0
11-24-476-03805-513090,24,476,03805,513090,15.52,9249.0
11-24-476-03805-513091,24,476,03805,513091,12.32,19152.0
11-24-476-03806-802503,24,476,03806,802503,44.28,48483.0
11-24-476-03807-802504,24,476,03807,802504,74.48,112197.0
11-24-476-03809-802505,24,476,03809,802505,93.77,19404.0
11-24-476-03809-802506,24,476,03809,802506,50.57,58775.0
11-24-476-03810-802507,24,476,03810,802507,79.46,84545.0
11-24-476-03811-513446,24,476,03811,513446,21.91,9815.0
11-24-476-03811-802508,24,476,03811,802508,36.0,118302.0
11-24-477-03812-513486,24,477,03812,513486,22.1,10508.0
11-24-477-03812-802509,24,477,03812,802509,36.46,62052.0
11-24-477-03812-802510,24,477,03812,802510,42.07,38873.0
11-24-477-03813-513571,24,477,03813,513571,17.6,13463.0
11-24-477-03813-802511,24,477,03813,802511,9.56,33246.0
11-24-477-03813-802512,24,477,03813,802512,3.24,41734.0
11-24-477-03814-513672,24,477,03814,513672,1.23,6161.0
11-24-477-03814-802513,24,477,03814,802513,4.28,28814.0
11-24-477-03814-802514,24,477,03814,802514,2.64,467.0
11-24-477-03814-802515,24,477,03814,802515,23.88,12796.0
11-24-477-03814-802516,24,477,03814,802516,55.25,600943.0
11-24-477-03816-802517,24,477,03816,802517,39.02,25883.0
11-24-477-03817-802518,24,477,03817,802518,35.89,28314.0
11-24-477-03819-802519,24,477,03819,802519,41.69,19777.0
11-24-477-03820-802520,24,477,03820,802520,35.26,22142.0
11-24-477-03821-802521,24,477,03821,802521,69.48,25892.0
11-24-478-03822-802522,24,478,03822,802522,32.72,152760.0
11-24-478-03822-802522,24,478,03822,514241,6.94,16744.0
11-24-478-03822-802523,24,478,03822,802523,17.76,47699.0
11-24-478-03823-802524,24,478,03823,514303,5.04,5872.0
11-24-478-03823-802524,24,478,03823,802524,79.66,46018.0
11-24-478-03824-802525,24,478,03824,802525,36.21,16581.0
11-24-479-03825-802526,24,479,03825,802526,30.39,15291.0
11-24-479-03825-802527,24,479,03825,802527,27.01,30850.0
11-24-479-03826-802528,24,479,03826,802528,35.64,14554.0
11-24-479-03827-514522,24,479,03827,514522,4.23,5039.0
11-24-479-03827-802529,24,479,03827,802529,57.16,319462.0
11-24-479-03829-802530,24,479,03829,802530,26.12,19515.0
11-24-479-03831-802531,24,479,03831,802531,41.87,76193.0
11-24-479-03832-802532,24,479,03832,802532,77.09,69779.0
11-24-479-03833-802533,24,479,03833,802533,21.54,22720.0
11-24-479-03834-802534,24,479,03834,802534,9.8,21060.0
11-24-479-03835-515053,24,479,03835,515053,5.12,14676.0
11-24-479-03835-802535,24,479,03835,802535,39.95,171121.0
11-24-479-03836-802536,24,479,03836,802536,34.91,26132.0
11-24-479-03837-802537,24,479,03837,802537,16.58,41492.0
11-24-479-03838-802538,24,479,03838,802538,37.41,58528.0
11-24-480-03840-802539,24,480,03840,802539,59.62,25270.0
11-24-480-03841-802540,24,480,03841,802540,36.15,21173.0
11-24-480-03841-802541,24,480,03841,802541,21.85,16614.0
11-24-480-03842-515569,24,480,03842,515569,18.15,10359.0
11-24-480-03843-802542,24,480,03843,802542,64.99,117967.0
11-24-480-03844-802543,24,480,03844,802543,50.61,34521.0
11-24-480-03845-802544,24,480,03845,802544,22.34,16721.0
11-24-480-03846-802545,24,480,03846,802545,8.0,78354.0
11-24-480-03848-802546,24,480,03848,802546,28.77,27167.0
11-24-480-03849-802547,24,480,03849,802547,2.32,38489.0
11-24-481-03850-802548,24,481,03850,802548,10.36,130327.0
11-24-481-03851-802549,24,481,03851,802549,40.91,15852.0
11-24-481-03852-516183,24,481,03852,516183,20.16,14448.0
11-24-481-03852-802550,24,481,03852,802550,64.5,29872.0
11-24-481-03853-516225,24,481,03853,516225,15.53,8044.0
11-24-481-03853-516226,24,481,03853,516226,5.61,7560.0
11-24-481-03854-516283,24,481,03854,516283,13.53,9467.0
11-24-481-03854-516284,24,481,03854,516284,20.46,11354.0
11-24-481-03854-516285,24,481,03854,516285,12.76,11795.0
11-24-481-03854-516286,24,481,03854,516286,5.07,4765.0
11-24-481-03854-802551,24,481,03854,802551,54.14,605882.0
11-24-481-03855-516334,24,481,03855,516334,11.94,12208.0
11-24-481-03856-516414,24,481,03856,516414,8.43,6027.0
11-24-481-03856-802552,24,481,03856,802552,32.38,54547.0
11-24-481-03857-802553,24,481,03857,802553,27.65,33949.0
11-24-481-03858-802554,24,481,03858,802554,12.95,64497.0
11-24-481-03859-802555,24,481,03859,802555,14.38,27822.0
11-24-481-03859-802556,24,481,03859,802556,12.52,18480.0
11-24-481-03859-802556,24,481,03859,516672,11.63,8309.0
11-24-481-03860-516804,24,481,03860,516804,6.56,8677.0
11-24-481-03860-802557,24,481,03860,802557,7.07,98519.0
11-24-482-03862-802558,24,482,03862,802558,14.34,16713.0
11-24-482-03863-802559,24,482,03863,802559,20.2,33762.0
11-24-482-03864-516946,24,482,03864,516946,4.48,14262.0
11-24-482-03864-802560,24,482,03864,802560,15.42,19865.0
11-24-482-03864-802561,24,482,03864,802561,32.97,23250.0
11-24-482-03864-802562,24,482,03864,516945,5.73,14582.0
11-24-482-03864-802562,24,482,03864,802562,48.29,209410.0
11-24-482-03864-802563,24,482,03864,802563,2.3,23783.0
11-24-482-03864-802564,24,482,03864,802564,16.11,35285.0
11-24-482-03864-802565,24,482,03864,802565,3.27,5035.0
11-24-482-03865-802566,24,482,03865,802566,9.19,55330.0
11-24-482-03866-802567,24,482,03866,802567,80.77,99164.0
11-24-482-03867-802568,24,482,03867,802568,24.89,63377.0
11-24-482-03867-802569,24,482,03867,802569,0.19,166.0
11-24-482-03868-802570,24,482,03868,802570,21.84,21003.0
11-24-483-03869-802571,24,483,03869,802571,19.21,49308.0
11-24-483-03870-517318,24,483,03870,517318,12.62,10238.0
11-24-483-03871-802572,24,483,03871,802572,21.64,39330.0
11-24-483-03872-802573,24,483,03872,802573,16.68,22071.0
11-24-483-03873-802574,24,483,03873,802574,13.15,35368.0
11-24-483-03874-802575,24,483,03874,802575,21.62,25575.0
11-24-483-03876-802576,24,483,03876,802576,29.54,225071.0
11-24-483-03876-802577,24,483,03876,802577,25.31,39581.0
11-24-483-03876-802578,24,483,03876,802578,10.18,17881.0
11-24-483-03877-802579,24,483,03877,802579,13.81,17722.0
11-24-483-03878-802580,24,483,03878,802580,14.4,15806.0
11-24-483-03878-802581,24,483,03878,802581,16.22,25658.0
11-24-484-03881-802582,24,484,03881,802582,17.15,19465.0
11-24-484-03882-802583,24,484,03882,802583,12.77,36954.0
11-24-484-03883-802584,24,484,03883,802584,18.39,19175.0
11-24-484-03885-518647,24,484,03885,518647,6.94,9685.0
11-24-484-03885-518648,24,484,03885,518648,8.04,9107.0
11-24-484-03885-802585,24,484,03885,802585,20.16,143644.0
11-24-484-03886-802586,24,484,03886,802586,7.45,32084.0
11-24-484-03886-802587,24,484,03886,802587,0.72,448.0
11-24-484-03888-802588,24,484,03888,802588,26.99,64265.0
11-24-485-03891-519237,24,485,03891,519237,3.03,7448.0
11-24-485-03891-802589,24,485,03891,802589,9.02,28720.0
11-24-485-03892-519389,24,485,03892,519389,2.41,3924.0
11-24-485-03893-519476,24,485,03893,519476,2.74,11657.0
11-24-485-03893-802590,24,485,03893,802590,23.27,118846.0
11-24-485-03895-802591,24,485,03895,802591,9.49,21030.0
11-24-486-03897-802592,24,486,03897,802592,15.82,18467.0
11-24-486-03898-519906,24,486,03898,519906,7.85,8290.0
11-24-486-03898-519907,24,486,03898,519907,6.92,11726.0
11-24-486-03898-519908,24,486,03898,519908,0.96,7103.0
11-24-486-03898-519909,24,486,03898,519909,1.91,9611.0
11-24-486-03898-519910,24,486,03898,519910,6.95,3417.0
11-24-486-03898-519912,24,486,03898,519912,1.82,4929.0
11-24-486-03898-802593,24,486,03898,802593,2.06,3679.0
11-24-486-03898-802594,24,486,03898,802594,4.05,1951.0
11-24-486-03898-802595,24,486,03898,802595,3.23,2242.0
11-24-486-03898-802596,24,486,03898,802596,270.21,1752371.0
11-24-486-03898-802596,24,486,03898,519911,4.39,16902.0
11-24-486-03898-802597,24,486,03898,802597,1.35,311.0
11-24-486-03899-520022,24,486,03899,520022,13.89,7200.0
11-24-486-03899-520023,24,486,03899,520023,11.91,16604.0
11-24-486-03899-802598,24,486,03899,802598,3.68,248.0
11-24-486-03900-520236,24,486,03900,520236,4.41,7864.0
11-24-486-03901-802599,24,486,03901,802599,4.01,25787.0
11-24-486-03902-520513,24,486,03902,520513,2.04,9553.0
11-24-486-03903-520732,24,486,03903,520732,3.3,8076.0
11-24-486-03904-520918,24,486,03904,520918,4.25,8951.0
11-24-486-03904-520919,24,486,03904,520919,3.05,12184.0
11-24-486-03905-802600,24,486,03905,802600,23.82,51240.0
11-24-486-03906-802601,24,486,03906,802601,7.03,46660.0
11-24-486-03907-802602,24,486,03907,802602,15.71,30405.0
11-24-487-03910-521555,24,487,03910,521555,6.28,6788.0
11-24-487-03910-802603,24,487,03910,802603,4.45,34845.0
11-24-487-03911-521769,24,487,03911,521769,5.83,9026.0
11-24-487-03912-521866,24,487,03912,521866,5.38,4496.0
11-24-487-03912-521867,24,487,03912,521867,3.19,6717.0
11-24-488-03913-802604,24,488,03913,802604,38.7,43344.0
11-24-488-03914-802605,24,488,03914,802605,18.5,15237.0
11-24-488-03916-522158,24,488,03916,522158,4.11,12334.0
11-24-488-03916-522159,24,488,03916,522159,2.75,5748.0
11-24-488-03916-522160,24,488,03916,522160,3.46,13583.0
11-24-488-03916-522161,24,488,03916,522161,3.28,24605.0
11-24-488-03916-522162,24,488,03916,522162,9.73,28148.0
11-24-488-03916-522163,24,488,03916,522163,0.9,10704.0
11-24-488-03916-802606,24,488,03916,802606,1.33,3332.0
11-24-488-03916-802607,24,488,03916,802607,17.38,169007.0
11-24-488-03918-522386,24,488,03918,522386,1.9,16730.0
11-24-488-03918-522387,24,488,03918,522387,6.28,25332.0
11-24-488-03918-522388,24,488,03918,522388,5.49,16671.0
11-24-488-03918-522389,24,488,03918,522389,7.07,13233.0
11-24-488-03918-522390,24,488,03918,522390,0.85,5344.0
11-24-488-03918-802608,24,488,03918,802608,9.59,89457.0
11-24-488-03918-802609,24,488,03918,802609,15.48,24789.0
11-24-488-03918-802610,24,488,03918,802610,10.51,836.0
11-24-488-03919-522437,24,488,03919,522437,7.46,5436.0
11-24-488-03920-802611,24,488,03920,802611,2.96,1084.0
11-24-488-03920-802612,24,488,03920,802612,2.06,5.0
11-24-489-03921-522842,24,489,03921,522842,2.3,6715.0
11-24-489-03921-522843,24,489,03921,522843,4.04,15004.0
11-24-489-03921-802613,24,489,03921,802613,4.17,2968.0
11-24-490-03922-522911,24,490,03922,522911,2.64,10147.0
11-24-490-03922-802614,24,490,03922,522910,0.34,4591.0
11-24-490-03922-802614,24,490,03922,522909,2.53,15699.0
11-24-490-03922-802614,24,490,03922,802614,23.69,171109.0
11-24-490-03923-522985,24,490,03923,522985,3.44,10749.0
11-24-490-03923-802615,24,490,03923,802615,3.68,81245.0
11-24-490-03924-523041,24,490,03924,523041,3.03,10346.0
11-24-490-03924-523043,24,490,03924,523043,2.71,6936.0
11-24-490-03924-802616,24,490,03924,802616,4.38,16827.0
11-24-490-03924-802617,24,490,03924,802617,16.0,53187.0
11-24-490-03924-802617,24,490,03924,523042,3.34,7204.0
11-24-490-03925-523131,24,490,03925,523131,1.09,7025.0
11-24-490-03926-523226,24,490,03926,523226,5.88,14072.0
11-24-491-03927-523315,24,491,03927,523315,2.85,10172.0
11-24-491-03927-523316,24,491,03927,523316,6.81,5454.0
11-24-491-03927-523317,24,491,03927,523317,6.22,12296.0
11-24-491-03927-523318,24,491,03927,523318,4.49,3486.0
11-24-491-03927-802618,24,491,03927,523313,1.74,7833.0
11-24-491-03927-802618,24,491,03927,523314,3.44,12291.0
11-24-491-03927-802618,24,491,03927,802618,23.79,139764.0
11-24-491-03927-802619,24,491,03927,802619,1.08,1162.0
11-24-491-03928-802620,24,491,03928,802620,15.51,24178.0
11-24-491-03929-523501,24,491,03929,523501,2.32,5420.0
11-24-491-03929-523502,24,491,03929,523502,4.03,12380.0
11-24-491-03929-523503,24,491,03929,523503,8.02,5486.0
11-24-491-03929-523504,24,491,03929,523504,2.07,18829.0
11-24-491-03929-523505,24,491,03929,523505,3.05,18776.0
11-24-491-03929-523506,24,491,03929,523506,12.22,5746.0
11-24-491-03929-523507,24,491,03929,523507,5.27,8549.0
11-24-491-03929-802621,24,491,03929,802621,13.1,28495.0
11-24-491-03929-802622,24,491,03929,802622,22.44,163630.0
11-24-491-03929-802623,24,491,03929,802623,9.31,34162.0
11-24-491-03931-523679,24,491,03931,523679,13.12,19903.0
11-24-491-03931-523680,24,491,03931,523680,7.47,9022.0
11-24-491-03931-523681,24,491,03931,523681,9.61,10475.0
11-24-491-03931-523682,24,491,03931,523682,6.01,15544.0
11-24-491-03931-523683,24,491,03931,523683,10.78,7892.0
11-24-491-03931-523684,24,491,03931,523684,6.55,18796.0
11-24-491-03931-802624,24,491,03931,802624,5.09,925.0
11-24-491-03931-802625,24,491,03931,802625,12.69,27859.0
11-24-491-03931-802626,24,491,03931,802626,2.69,6976.0
11-24-492-03932-523788,24,492,03932,523788,2.29,18638.0
11-24-492-03932-523789,24,492,03932,523789,7.02,15324.0
11-24-492-03933-523880,24,492,03933,523880,17.15,16151.0
11-24-492-03933-802627,24,492,03933,802627,6.57,29305.0
11-24-492-03935-802628,24,492,03935,802628,7.56,18214.0
11-24-492-03936-524162,24,492,03936,524162,3.75,6137.0
11-24-492-03937-802629,24,492,03938,802631,0.53,18.0
11-24-492-03937-802629,24,492,03937,802629,335.82,4467797.0
11-24-492-03937-802629,24,492,03938,802629,18.116352,33813.0
11-24-492-03938-524203,24,492,03938,524203,4.31,5679.0
11-24-492-03938-524204,24,492,03938,524204,3.17,12097.0
11-24-492-03938-524205,24,492,03938,524205,0.25,3683.0
11-24-492-03938-524206,24,492,03938,524206,7.45,13924.0
11-24-492-03938-524207,24,492,03938,524207,1.3,9167.0
11-24-492-03938-524208,24,492,03938,524208,4.39,28102.0
11-24-492-03938-802630,24,492,03938,802630,52.67,5562.0
11-24-492-03938-802632,24,492,03938,802632,6.16,2680.0
11-24-492-03938-802633,24,492,03938,802633,6.98,28327.0
11-24-492-03939-524260,24,492,03939,524260,2.82,9033.0
11-24-492-03939-524261,24,492,03939,524261,4.19,27336.0
11-24-492-03939-524262,24,492,03939,524262,3.36,21795.0
11-24-492-03940-524347,24,492,03940,524347,4.66,15610.0
11-24-492-03940-802634,24,492,03940,802634,6.47,60821.0
11-24-493-03944-524716,24,493,03944,524716,9.37,7453.0
11-24-493-03944-524717,24,493,03944,524717,1.53,5730.0
11-24-493-03944-802635,24,493,03944,802635,15.97,26515.0
11-24-493-03945-802636,24,493,03945,802636,7.92,39789.0
11-25-494-03947-802637,25,494,03947,802637,11.66,23991.0
11-25-495-03948-524926,25,495,03948,524926,2.98,7443.0
11-25-495-03948-524927,25,495,03948,524927,2.93,12717.0
11-25-495-03948-524928,25,495,03948,524928,4.27,10936.0
11-25-495-03948-524929,25,495,03948,524929,7.53,12470.0
11-25-495-03948-524930,25,495,03948,524930,6.06,52578.0
11-25-495-03948-524931,25,495,03948,524931,6.41,18434.0
11-25-495-03948-802638,25,495,03948,802638,6.68,44282.0
11-26-496-03949-524997,26,496,03949,524997,4.57,13039.0
11-26-496-03949-524998,26,496,03949,524998,12.79,16260.0
11-26-496-03949-524999,26,496,03949,524999,3.64,12553.0
11-26-496-03949-525000,26,496,03949,525000,4.95,12139.0
11-26-496-03949-525001,26,496,03949,525001,2.58,8339.0
11-26-496-03949-802639,26,496,03949,802639,17.17,98265.0
11-27-497-03950-525192,27,497,03950,525192,3.83,7235.0
11-27-497-03950-525193,27,497,03950,525193,2.28,17840.0
11-27-497-03950-525194,27,497,03950,525194,1.18,4812.0
11-27-497-03951-525357,27,497,03951,525357,1.42,6093.0
11-27-497-03952-802640,27,497,03952,802640,2.16,26363.0
11-27-497-03953-802641,27,497,03953,802641,2.04,61376.0
11-27-497-03954-802642,27,497,03954,802642,31.41,111037.0
11-27-497-03955-525949,27,497,03955,525949,1.23,6511.0
11-27-497-03955-802643,27,497,03955,802643,14.5,34207.0
11-27-498-03956-802644,27,498,03956,802644,6.0,76905.0
11-27-498-03957-802645,27,498,03957,802645,32.5,46767.0
11-27-498-03958-526463,27,498,03958,526463,0.49,7696.0
11-27-498-03958-526464,27,498,03958,526464,9.68,21764.0
11-27-498-03959-526630,27,498,03959,526630,8.32,29636.0
11-27-498-03959-526631,27,498,03959,526631,6.97,7977.0
11-27-498-03959-526632,27,498,03959,526632,6.25,4732.0
11-27-498-03959-802646,27,498,03959,802646,46.46,375559.0
11-27-499-03960-802647,27,499,03960,802647,6.62,72783.0
11-27-499-03961-802648,27,499,03961,802648,53.79,36706.0
11-27-499-03961-802649,27,499,03961,802649,4.25,26602.0
11-27-499-03962-802650,27,499,03962,802650,2.07,20584.0
11-27-499-03962-802651,27,499,03962,802651,2.2,27039.0
11-27-499-03965-527148,27,499,03965,527148,3.77,7501.0
11-27-499-03965-527149,27,499,03965,527149,11.42,16353.0
11-27-499-03965-527150,27,499,03965,527150,23.32,35411.0
11-27-499-03965-802652,27,499,03965,802652,13.38,187421.0
11-27-499-03966-802653,27,499,03966,802653,68.24,460228.0
11-27-499-03967-802654,27,499,03967,802654,3.3,31071.0
11-27-499-03968-802655,27,499,03968,802655,4.77,35375.0
11-27-499-03969-802656,27,499,03969,802656,15.62,95994.0
11-27-499-03970-802657,27,499,03970,802657,4.22,37666.0
11-27-499-03971-802658,27,499,03971,802658,48.27,37214.0
11-27-499-03972-527863,27,499,03972,527863,4.93,10630.0
11-27-499-03972-802659,27,499,03972,802659,18.59,97551.0
11-27-499-03973-527991,27,499,03973,527991,13.31,211.0
11-27-499-03973-802660,27,499,03973,802660,5.04,59609.0
11-27-499-03974-802661,27,499,03974,802661,40.74,46762.0
11-27-500-03975-802662,27,500,03975,802662,3.35,28276.0
11-27-500-03977-802663,27,500,03977,802663,5.83,59672.0
11-27-500-03978-802664,27,500,03978,802664,17.09,44419.0
11-27-500-03979-802665,27,500,03979,802665,5.12,67740.0
11-27-500-03981-802666,27,500,03981,802666,13.36,94191.0
11-27-500-03982-802667,27,500,03982,802667,6.5,45248.0
11-27-500-03983-802668,27,500,03983,802668,7.9,57889.0
11-27-500-03984-529327,27,500,03984,529327,2.71,13317.0
11-27-500-03984-802669,27,500,03984,802669,10.89,67431.0
11-27-500-03985-802670,27,500,03985,802670,7.86,30827.0
11-27-500-03986-802671,27,500,03986,802671,39.49,16434.0
11-27-500-03987-802672,27,500,03987,802672,0.66,23416.0
11-27-501-03988-802673,27,501,03988,802673,1.1,20986.0
11-27-501-03989-802674,27,501,03989,802674,14.34,92637.0
11-27-501-03990-802675,27,501,03990,802675,5.46,44594.0
11-27-501-03991-530164,27,501,03991,530164,3.34,6756.0
11-27-501-03991-530165,27,501,03991,530165,3.34,20262.0
11-27-501-03991-530166,27,501,03991,530166,3.23,6047.0
11-27-501-03991-530167,27,501,03991,530167,8.64,13699.0
11-27-501-03991-530168,27,501,03991,530168,6.35,15420.0
11-27-501-03991-530169,27,501,03991,530169,4.04,12133.0
11-27-501-03991-802676,27,501,03991,802676,23.44,425817.0
11-27-501-03992-802677,27,501,03992,802677,5.5,40295.0
11-27-501-03993-802678,27,501,03993,802678,5.18,21095.0
11-27-502-03996-802679,27,502,03996,802679,4.33,30983.0
11-27-502-03997-802680,27,502,03997,802680,13.55,67907.0
11-27-502-03999-802681,27,502,03999,802681,47.8,78387.0
11-27-502-04000-802682,27,502,04000,802682,14.41,34136.0
11-27-503-04001-531532,27,503,04001,531532,8.75,15761.0
11-27-503-04002-802683,27,503,04002,802683,3.94,5158.0
11-27-503-04003-802684,27,503,04003,802684,3.34,56380.0
11-27-503-04004-802685,27,503,04004,802685,16.54,112311.0
11-27-503-04005-802686,27,503,04005,802686,1.98,18759.0
11-27-503-04006-802687,27,503,04006,802687,17.59,37333.0
11-27-503-04007-802688,27,503,04007,802688,39.35,45482.0
11-27-503-04007-802689,27,503,04007,802689,19.3,21748.0
11-27-503-04009-802690,27,503,04009,802690,121.65,647057.0
11-27-503-04011-802691,27,503,04011,802691,4.14,36463.0
11-27-503-04013-802692,27,503,04013,802692,2.54,19776.0
11-27-503-04014-802693,27,503,04014,802693,3.24,21059.0
11-27-504-04017-802694,27,504,04017,802694,6.78,42822.0
11-27-504-04018-802695,27,504,04018,802695,7.05,12858.0
11-27-504-04019-534191,27,504,04019,534191,10.86,23661.0
11-27-504-04019-534192,27,504,04019,534192,6.98,20956.0
11-27-504-04019-534193,27,504,04019,534193,7.4,6386.0
11-27-504-04019-534194,27,504,04019,534194,4.18,8883.0
11-27-504-04019-534195,27,504,04019,534195,2.91,12119.0
11-27-504-04019-534196,27,504,04019,534196,4.56,19759.0
11-27-504-04019-534197,27,504,04019,534197,9.6,14394.0
11-27-504-04019-802696,27,504,04019,802696,11.84,106444.0
11-27-504-04020-802697,27,504,04020,802697,2.67,33925.0
11-27-504-04020-802698,27,504,04020,802698,1.41,19288.0
11-27-504-04021-802699,27,504,04021,802699,12.77,101805.0
11-27-505-04023-802700,27,505,04023,802700,6.65,8777.0
11-27-505-04023-802701,27,505,04023,802701,3.96,21127.0
11-27-505-04024-802702,27,505,04024,802702,19.74,43267.0
11-27-505-04025-535202,27,505,04025,535202,6.86,10341.0
11-27-505-04025-802703,27,505,04025,802703,14.67,19578.0
11-27-505-04025-802704,27,505,04025,802704,1.52,6987.0
11-27-505-04026-535332,27,505,04026,535332,2.07,7628.0
11-27-505-04026-535333,27,505,04026,535333,5.12,9393.0
11-27-505-04026-535334,27,505,04026,535334,5.12,7290.0
11-27-505-04026-535335,27,505,04026,535335,5.15,12077.0
11-27-505-04026-535336,27,505,04026,535336,3.3,18469.0
11-27-505-04026-802705,27,505,04026,802705,3.23,32498.0
11-27-505-04026-802706,27,505,04026,802706,3.09,14659.0
11-27-505-04027-535451,27,505,04027,535451,12.67,13741.0
11-27-505-04027-535452,27,505,04027,535452,5.02,22945.0
11-27-505-04027-535453,27,505,04028,535610,7.17,5099.0
11-27-505-04027-535453,27,505,04027,535453,7.38,10624.0
11-27-505-04028-802707,27,505,04028,802707,3.54,22310.0
11-27-505-04029-535734,27,505,04029,535734,13.06,14606.0
11-27-505-04030-535809,27,505,04030,535809,3.48,21481.0
11-27-505-04030-535810,27,505,04030,535810,9.15,6321.0
11-27-505-04030-535811,27,505,04030,535811,5.14,15727.0
11-27-505-04030-802708,27,505,04030,802708,4.27,86793.0
11-27-505-04030-802709,27,505,04030,802709,15.1,12457.0
11-27-505-04031-535965,27,505,04031,535965,6.07,8602.0
11-27-505-04031-535966,27,505,04031,535966,5.06,17330.0
11-27-505-04031-535967,27,505,04031,535967,4.57,24499.0
11-27-505-04031-535968,27,505,04031,535968,5.91,13294.0
11-27-505-04031-535969,27,505,04031,535969,8.4,12072.0
11-27-505-04031-535970,27,505,04031,535970,7.26,54048.0
11-27-505-04031-535971,27,505,04031,535971,4.29,14545.0
11-27-505-04031-535972,27,505,04031,535972,7.63,9387.0
11-27-505-04032-802710,27,505,04032,802710,217.56,2405665.0
11-27-505-04033-536123,27,505,04033,536123,5.71,20888.0
11-27-505-04033-536124,27,505,04033,536124,4.38,38157.0
11-27-505-04033-536125,27,505,04033,536125,8.34,37667.0
11-27-505-04033-536126,27,505,04033,536126,7.62,6148.0
11-27-505-04033-536127,27,505,04033,536127,6.45,2562.0
11-27-505-04033-536128,27,505,04033,536128,5.22,4366.0
11-27-505-04033-536129,27,505,04033,536129,4.32,11363.0
11-27-505-04034-802711,27,505,04034,802711,7.7,53971.0
11-27-506-04037-536793,27,506,04037,536793,6.73,4352.0
11-27-506-04037-802712,27,506,04037,802712,7.37,44869.0
11-27-506-04038-536901,27,506,04038,536901,4.36,13058.0
11-27-506-04039-537068,27,506,04039,537068,2.66,6339.0
11-27-506-04039-537069,27,506,04039,537069,4.26,4459.0
11-27-506-04039-537070,27,506,04039,537070,5.52,5914.0
11-27-506-04039-537071,27,506,04039,537071,2.26,9192.0
11-27-506-04039-537072,27,506,04039,537072,3.09,8770.0
11-27-506-04039-802713,27,506,04039,802713,16.84,91845.0
11-27-506-04040-537168,27,506,04040,537168,8.59,14636.0
11-27-506-04041-537272,27,506,04041,537272,2.13,7576.0
11-27-506-04042-802714,27,506,04042,802714,8.53,22821.0
11-27-507-04044-802715,27,507,04044,802715,15.63,25181.0
11-27-507-04046-537887,27,507,04046,537887,8.58,11549.0
11-27-507-04046-537888,27,507,04046,537888,7.42,6440.0
11-27-507-04046-537889,27,507,04046,537889,4.5,5480.0
11-27-507-04046-537890,27,507,04046,537890,11.85,6794.0
11-27-507-04046-802716,27,507,04046,802716,18.11,132813.0
11-27-507-04047-537972,27,507,04047,537972,7.55,10972.0
11-27-507-04047-537973,27,507,04047,537973,2.88,6925.0
11-27-507-04048-538065,27,507,04048,538065,3.62,5197.0
11-27-507-04051-538467,27,507,04051,538467,14.02,14579.0
11-27-508-04052-802717,27,508,04052,802717,26.68,28781.0
11-27-508-04054-538734,27,508,04054,538734,4.93,7430.0
11-27-508-04057-802718,27,508,04057,802718,29.29,54152.0
11-27-508-04058-539421,27,508,04058,539421,2.1,5634.0
11-27-508-04062-539998,27,508,04062,539998,9.53,14609.0
11-27-508-04063-540146,27,508,04063,540146,2.71,7427.0
11-27-509-04064-802719,27,509,04064,802719,16.59,46532.0
11-27-509-04067-802720,27,509,04067,802720,21.92,36025.0
11-27-509-04070-541242,27,509,04070,541242,2.0,13877.0
11-27-509-04070-802721,27,509,04070,802721,36.01,60565.0
11-27-509-04071-541334,27,509,04071,541334,2.98,10497.0
11-27-509-04071-541335,27,509,04071,541335,10.24,17693.0
11-27-509-04071-541336,27,509,04071,541336,1.18,4748.0
11-27-509-04071-541337,27,509,04071,541337,8.09,4942.0
11-27-509-04071-541338,27,509,04071,541338,3.5,5275.0
11-27-509-04071-541339,27,509,04071,541339,12.94,32654.0
11-27-509-04071-541340,27,509,04071,541340,3.51,5634.0
11-27-509-04071-802722,27,509,04071,802722,56.35,320379.0
11-27-509-04072-802723,27,509,04072,802723,23.15,25449.0
11-27-509-04074-541549,27,509,04074,541549,6.6,3836.0
11-27-509-04074-541550,27,509,04074,541550,12.45,9398.0
11-27-509-04074-802724,27,509,04074,802724,16.51,89452.0
11-27-509-04075-541661,27,509,04075,541661,8.96,4882.0
11-27-509-04075-541662,27,509,04075,541662,9.8,9378.0
11-27-509-04075-541663,27,509,04075,541663,17.1,26755.0
11-27-509-04077-541855,27,509,04077,541855,7.89,4320.0
11-27-509-04077-541856,27,509,04077,541856,4.27,4945.0
11-27-509-04077-802725,27,509,04077,802725,2.93,29668.0
11-27-509-04078-541954,27,509,04078,541954,5.63,8474.0
11-27-510-04079-802726,27,510,04079,802726,24.72,29302.0
11-27-510-04082-542500,27,510,04082,542500,6.19,8317.0
11-27-510-04082-542502,27,510,04082,542502,2.43,12684.0
11-27-510-04082-542503,27,510,04082,542503,20.79,22664.0
11-27-510-04082-542504,27,510,04082,542504,3.3,21752.0
11-27-510-04082-542505,27,510,04082,542505,5.47,40884.0
11-27-510-04082-802727,27,510,04082,802727,10.17,116551.0
11-27-510-04082-802727,27,510,04082,542501,8.28,14766.0
11-27-510-04083-542651,27,510,04083,542651,2.83,8303.0
11-27-510-04083-802728,27,510,04083,802728,2.15,25791.0
11-27-510-04084-802729,27,510,04084,802729,11.35,44767.0
11-27-510-04085-542919,27,510,04085,542919,1.89,9949.0
11-27-510-04085-802730,27,510,04085,802730,7.62,73046.0
11-27-510-04086-802731,27,510,04086,802731,29.26,47458.0
11-27-510-04089-802732,27,510,04089,802732,10.88,21293.0
11-27-510-04090-802733,27,510,04090,802733,3.99,31094.0
11-27-510-04094-544100,27,510,04094,544100,6.58,10692.0
11-27-510-04094-802734,27,510,04094,802734,9.01,58840.0
11-27-511-04096-544383,27,511,04096,544383,4.16,11600.0
11-27-511-04096-802735,27,511,04096,802735,13.75,28454.0
11-27-511-04098-802736,27,511,04098,802736,2.59,27433.0
11-27-511-04100-544752,27,511,04100,544752,2.7,9772.0
11-27-511-04100-544753,27,511,04100,544753,4.67,9809.0
11-27-511-04100-544754,27,511,04100,544754,1.53,11939.0
11-27-511-04100-802737,27,511,04100,802737,58.16,550439.0
11-27-511-04101-802738,27,511,04101,802738,18.22,23517.0
11-27-511-04102-802739,27,511,04102,802739,19.89,32899.0
11-27-511-04103-802740,27,511,04103,802740,3.47,13501.0
11-27-511-04104-802741,27,511,04104,802741,12.75,33741.0
11-27-511-04105-802742,27,511,04105,802742,1.26,14760.0
11-27-511-04105-802743,27,511,04105,802743,19.61,14923.0
11-27-511-04107-802744,27,511,04107,802744,26.96,24125.0
11-27-511-04108-802745,27,511,04108,802745,11.08,24843.0
11-27-511-04109-802746,27,511,04109,802746,33.1,27650.0
11-27-511-04110-802747,27,511,04110,802747,7.41,54493.0
11-27-512-04112-802748,27,512,04112,802748,33.72,85103.0
11-27-512-04114-802749,27,512,04114,802749,10.8,24784.0
11-27-512-04115-802750,27,512,04115,802750,11.94,68846.0
11-27-513-04116-802751,27,513,04116,802751,4.6,46915.0
11-27-513-04117-802752,27,513,04117,802752,25.82,44291.0
11-27-513-04118-802753,27,513,04118,802753,57.6,307170.0
11-27-513-04119-802754,27,513,04119,802754,8.44,32488.0
11-27-513-04120-802755,27,513,04120,802755,1.54,36853.0
11-27-513-04121-802756,27,513,04121,802756,2.82,15765.0
11-27-513-04122-802757,27,513,04122,802757,10.16,49891.0
11-27-513-04124-802758,27,513,04124,802758,1.91,36433.0
11-27-514-04125-802759,27,514,04125,802759,2.59,24416.0
11-27-514-04127-802760,27,514,04127,802760,81.64,285577.0
11-27-514-04129-802761,27,514,04129,802761,11.96,31553.0
11-27-514-04131-802762,27,514,04131,802762,9.97,35883.0
11-27-515-04133-802763,27,515,04133,802763,4.5,40759.0
11-27-515-04135-802764,27,515,04135,802764,35.83,58230.0
11-27-515-04137-548933,27,515,04137,548933,5.62,65620.0
11-27-515-04137-548934,27,515,04137,548934,21.7,39973.0
11-27-515-04137-548935,27,515,04137,548935,1.12,10346.0
11-27-515-04137-802765,27,515,04137,802765,138.5,1175116.0
11-27-515-04137-802766,27,515,04137,802766,9.62,18051.0
11-27-515-04138-802767,27,515,04138,802767,5.12,15749.0
11-27-515-04139-802768,27,515,04139,802768,10.52,41296.0
11-27-515-04140-549399,27,515,04140,549399,8.31,6166.0
11-27-515-04140-549400,27,515,04140,549400,6.92,4979.0
11-27-515-04140-549401,27,515,04140,549401,6.47,42877.0
11-27-515-04140-549402,27,515,04140,549402,19.74,20220.0
11-27-515-04140-802769,27,515,04140,802769,22.27,27745.0
11-27-515-04141-549592,27,515,04141,549592,8.03,11507.0
11-27-515-04141-802770,27,515,04141,802770,5.08,41536.0
11-27-516-04142-549783,27,516,04142,549783,3.53,6263.0
11-27-516-04145-802771,27,516,04145,802771,29.52,37701.0
11-27-516-04146-550299,27,516,04146,550299,5.93,49192.0
11-27-516-04146-550300,27,516,04146,550300,6.16,34341.0
11-27-516-04146-550301,27,516,04146,550301,5.65,10815.0
11-27-516-04146-550302,27,516,04146,550302,6.87,11881.0
11-27-516-04146-802772,27,516,04146,802772,25.23,481228.0
11-27-516-04147-802773,27,516,04147,802773,3.89,23604.0
11-27-516-04147-802774,27,516,04147,802774,28.7,80058.0
11-27-516-04148-550516,27,516,04148,550516,36.93,25341.0
11-27-516-04151-802775,27,516,04151,802775,1.89,12056.0
11-27-516-04152-551018,27,516,04152,551018,5.68,5156.0
11-27-516-04152-551019,27,516,04152,551019,7.92,6798.0
11-27-516-04152-551020,27,516,04152,551020,6.32,5780.0
11-27-516-04152-551021,27,516,04152,551021,9.15,9376.0
11-27-516-04152-802776,27,516,04152,802776,259.13,1486053.0
11-27-516-04152-802777,27,516,04152,802777,53.03,54027.0
11-27-516-04152-802778,27,516,04152,802778,0.67,12353.0
11-27-516-04153-551139,27,516,04153,551139,7.84,24838.0
11-27-516-04153-802779,27,516,04153,802779,28.97,30989.0
11-27-516-04154-802780,27,516,04154,802780,50.09,65299.0
11-27-516-04155-551404,27,516,04155,551404,41.37,51297.0
11-27-516-04155-551405,27,516,04155,551405,6.28,17360.0
11-27-516-04155-551406,27,516,04155,551406,3.67,5741.0
11-27-516-04156-802781,27,516,04156,802781,12.79,49826.0
11-27-517-04158-551750,27,517,04158,551750,7.77,13646.0
11-27-517-04158-802782,27,517,04158,802782,18.2,50287.0
11-27-517-04159-551844,27,517,04159,551844,6.27,5991.0
11-27-517-04160-802783,27,517,04160,802783,3.52,12040.0
11-27-517-04162-552181,27,517,04162,552181,3.92,7204.0
11-27-517-04162-552182,27,517,04162,552182,10.83,16750.0
11-27-517-04163-552386,27,517,04163,552386,1.99,11398.0
11-27-517-04163-552387,27,517,04163,552387,8.9,36151.0
11-27-517-04163-552388,27,517,04163,552388,5.63,10397.0
11-27-517-04163-552389,27,517,04163,552389,0.93,8942.0
11-27-517-04163-552390,27,517,04163,552390,2.44,31699.0
11-27-517-04163-552391,27,517,04163,552391,8.51,8710.0
11-27-517-04163-552392,27,517,04163,552392,7.05,10421.0
11-27-517-04163-552393,27,517,04163,552393,7.71,5971.0
11-27-517-04163-552394,27,517,04163,552394,1.33,7605.0
11-27-517-04163-552395,27,517,04163,552395,7.21,6962.0
11-27-517-04163-552396,27,517,04163,552396,2.83,18194.0
11-27-517-04163-802784,27,517,04163,802784,64.0,68930.0
11-27-517-04164-552447,27,517,04164,552447,4.76,7750.0
11-27-517-04164-802785,27,517,04164,802785,319.39,1222390.0
11-27-517-04165-802786,27,517,04165,802786,79.4,809378.0
11-27-517-04165-802787,27,517,04165,802787,128.23,1841488.0
11-27-517-04165-802788,27,517,04165,802788,108.68,1120547.0
11-27-517-04166-552675,27,517,04166,552675,3.13,6633.0
11-27-517-04166-552676,27,517,04166,552676,5.27,14899.0
11-27-517-04166-552677,27,517,04166,552677,1.8,26016.0
11-27-517-04166-552678,27,517,04166,552678,2.51,5666.0
11-27-517-04166-552679,27,517,04166,552679,1.74,5780.0
11-27-517-04166-552680,27,517,04166,552680,5.52,6642.0
11-27-517-04166-552681,27,517,04166,552681,3.56,12898.0
11-27-517-04166-552682,27,517,04166,552682,3.34,12907.0
11-27-517-04166-552683,27,517,04166,552683,6.63,5250.0
11-27-517-04166-552684,27,517,04166,552684,3.62,10928.0
11-27-517-04166-552685,27,517,04166,552685,2.73,6588.0
11-27-517-04166-552686,27,517,04166,552686,5.22,15573.0
11-27-517-04166-552687,27,517,04166,552687,5.55,24295.0
11-27-517-04166-802789,27,517,04166,802789,26.41,709665.0
11-27-517-04167-552913,27,517,04167,552913,15.49,15611.0
11-27-517-04167-552914,27,517,04167,552914,6.41,11623.0
11-27-517-04167-552915,27,517,04167,552915,3.97,20561.0
11-27-517-04167-552916,27,517,04167,552916,7.59,5579.0
11-27-517-04167-552917,27,517,04167,552917,0.8,4232.0
11-27-517-04167-552918,27,517,04167,552918,7.15,13104.0
11-27-517-04168-553005,27,517,04168,553005,7.35,5436.0
11-27-517-04168-553006,27,517,04168,553006,1.73,29462.0
11-27-517-04168-802790,27,517,04168,802790,57.13,1247327.0
11-27-517-04169-802791,27,517,04169,802791,13.0,506098.0
11-27-517-04170-553083,27,517,04170,553083,8.73,12628.0
11-27-517-04170-802792,27,517,04170,802792,36.05,174226.0
11-27-517-04170-802793,27,517,04170,802793,38.0,253475.0
11-27-517-04171-553290,27,517,04171,553290,8.28,18725.0
11-27-518-99999-802794,27,519,99999,802794,77.78098,3085411.0
11-27-518-99999-802794,27,518,99999,802794,603.0,9356962.0
11-27-520-04172-553350,27,520,04172,553350,3.13,7485.0
11-27-520-04172-553351,27,520,04172,553351,4.92,6603.0
11-27-520-04172-553352,27,520,04172,553352,8.32,16714.0
11-27-520-04172-553353,27,520,04172,553353,5.24,8234.0
11-27-520-04172-802795,27,520,04172,802795,2.29,30439.0
11-27-520-04173-553512,27,520,04173,553512,5.23,14318.0
11-27-520-04173-553513,27,520,04173,553513,11.04,80612.0
11-27-520-04173-553514,27,520,04173,553514,41.86,195373.0
11-27-520-04173-553515,27,520,04173,553515,0.41,9194.0
11-27-520-04173-553516,27,520,04173,553516,3.13,7341.0
11-27-520-04173-553517,27,520,04173,553517,4.04,4275.0
11-27-520-04173-553518,27,520,04173,553518,2.59,6626.0
11-27-520-04173-802796,27,520,04173,802796,12.17,180020.0
11-27-520-04174-553695,27,520,04174,553695,12.86,18429.0
11-27-520-04174-802797,27,520,04174,802797,7.24,4393.0
11-27-520-04174-802798,27,520,04174,802798,7.5,29663.0
11-27-520-04175-553817,27,520,04175,553817,1.77,6497.0
11-27-520-04175-553818,27,520,04175,553818,2.62,9694.0
11-27-520-04175-553819,27,520,04175,553819,3.6,8632.0
11-27-520-04175-802799,27,520,04175,802799,30.17,71141.0
11-27-520-04176-553989,27,520,04176,553989,9.11,5389.0
11-27-520-04176-553990,27,520,04176,553990,1.76,3389.0
11-27-520-04176-802800,27,520,04176,802800,9.82,37852.0
11-27-520-04177-554203,27,520,04177,554203,2.12,5035.0
11-27-520-04177-554204,27,520,04177,554204,2.08,11039.0
11-27-520-04177-554205,27,520,04177,554205,3.95,4869.0
11-27-520-04177-802801,27,520,04177,802801,1.81,20743.0
11-27-520-04178-802802,27,520,04178,802802,3.51,12216.0
11-27-520-04179-554446,27,520,04179,554446,8.08,12549.0
11-27-520-04179-554447,27,520,04179,554447,1.71,8871.0
11-27-520-04179-554448,27,520,04179,554448,5.9,5066.0
11-27-520-04179-802803,27,520,04179,802803,1.71,20849.0
11-27-520-04180-554547,27,520,04180,554547,4.0,9176.0
11-27-520-04181-554733,27,520,04181,554733,4.5,11380.0
11-27-520-04181-554734,27,520,04181,554734,2.92,7155.0
11-27-520-04183-554876,27,520,04183,554876,4.64,6952.0
11-27-520-04183-802804,27,520,04183,802804,4.04,15123.0
11-27-520-04184-554960,27,520,04184,554960,5.89,9679.0
11-27-520-04185-555142,27,520,04185,555142,5.61,4871.0
11-27-520-04185-555143,27,520,04185,555143,4.25,8829.0
11-27-520-04185-802805,27,520,04185,802805,4.07,27536.0
11-27-520-04186-555230,27,520,04186,555230,4.89,5944.0
11-27-521-04187-802806,27,521,04187,802806,2.65,25315.0
11-27-521-04188-555557,27,521,04188,555557,8.57,18876.0
11-27-521-04189-555673,27,521,04189,555673,19.56,13116.0
11-27-521-04189-555674,27,521,04189,555674,17.07,13543.0
11-27-521-04189-802807,27,521,04189,802807,6.27,37111.0
11-27-521-04190-555861,27,521,04190,555861,4.5,25146.0
11-27-521-04190-555862,27,521,04190,555862,17.12,41113.0
11-27-521-04190-555863,27,521,04190,555863,6.91,9200.0
11-27-521-04190-555864,27,521,04190,555864,5.09,12654.0
11-27-521-04190-555865,27,521,04190,555865,5.46,12576.0
11-27-521-04190-802808,27,521,04190,802808,6.84,28645.0
11-27-521-04191-556053,27,521,04191,556053,10.7,14595.0
11-27-521-04191-556054,27,521,04191,556054,4.49,13435.0
11-27-521-04191-556055,27,521,04191,556055,7.06,15612.0
11-27-521-04191-802809,27,521,04191,802809,10.0,56435.0
11-27-521-04191-802810,27,521,04191,802810,38.0,57698.0
11-27-521-04192-556201,27,521,04192,556201,8.33,11459.0
11-27-521-04192-556202,27,521,04192,556202,9.66,14174.0
11-27-521-04193-556326,27,521,04193,556326,5.66,6133.0
11-27-521-04193-556327,27,521,04193,556327,33.67,33479.0
11-27-521-04193-556328,27,521,04193,556328,6.72,7685.0
11-27-521-04193-802811,27,521,04193,802811,184.72,1727692.0
11-27-521-04193-802812,27,521,04193,802812,36.0,48961.0
11-27-521-04194-802813,27,521,04194,802813,13.88,71781.0
11-27-521-04194-802814,27,521,04194,802814,276.4,3124458.0
11-27-521-04194-802815,27,521,04194,802815,13.23,78684.0
11-27-521-04195-556432,27,521,04195,556432,13.43,6863.0
11-27-521-04195-802816,27,521,04195,802816,6.23,49450.0
11-27-521-04196-556541,27,521,04196,556541,4.49,11228.0
11-27-521-04196-802817,27,521,04196,802817,22.56,31821.0
11-27-521-04196-802818,27,521,04196,802818,6.68,14515.0
11-27-521-04198-802819,27,521,04198,802819,8.36,18453.0
11-27-521-04199-556983,27,521,04199,556983,13.03,19346.0
11-27-521-04199-802820,27,521,04199,802820,4.35,54415.0
11-27-521-04200-802821,27,521,04200,802821,5.62,25515.0
11-27-522-04201-557317,27,522,04201,557317,13.79,10046.0
11-27-522-04202-557488,27,522,04202,557488,3.01,21860.0
11-27-522-04202-802822,27,522,04202,802822,16.32,65804.0
11-27-522-04203-802823,27,522,04203,802823,10.53,65273.0
11-27-522-04204-802824,27,522,04204,802824,12.98,36004.0
11-27-522-04204-802825,27,522,04204,802825,22.33,22335.0
11-27-522-04205-802826,27,522,04205,802826,9.02,89282.0
11-27-522-04208-802827,27,522,04208,802827,33.62,27211.0
11-27-522-04209-558166,27,522,04209,558166,8.44,11790.0
11-27-522-04209-558167,27,522,04209,558167,8.12,6885.0
11-27-522-04209-558168,27,522,04209,558168,5.19,18802.0
11-27-522-04209-558169,27,522,04209,558169,7.96,10860.0
11-27-522-04209-802828,27,522,04209,802828,58.0,350859.0
11-27-522-04209-802829,27,522,04209,802829,35.06,28986.0
11-27-522-04210-802830,27,522,04210,802830,42.41,38813.0
11-27-522-04210-802831,27,522,04210,802831,43.71,30997.0
11-27-522-04212-802832,27,522,04212,802832,85.65,31134.0
11-27-522-04213-558631,27,522,04213,558631,20.91,11659.0
11-27-522-04214-558718,27,522,04214,558718,29.52,34017.0
11-27-523-04215-558895,27,523,04215,558895,25.65,11972.0
11-27-523-04218-802833,27,523,04218,802833,4.3,33562.0
11-27-523-04219-802834,27,523,04219,802834,4.73,49453.0
11-27-523-04221-559688,27,523,04221,559688,51.14,56531.0
11-27-523-04221-802835,27,523,04221,802835,8.29,146709.0
11-27-523-04222-802836,27,523,04222,802836,41.27,30704.0
11-27-523-04223-802837,27,523,04223,802837,4.94,20417.0
11-27-523-04224-802838,27,523,04224,802838,7.81,90975.0
11-27-523-04225-802839,27,523,04225,802839,10.18,73975.0
11-27-524-04226-560210,27,524,04226,560210,6.76,14015.0
11-27-524-04226-802840,27,524,04226,802840,21.0,382940.0
11-27-524-04228-802841,27,524,04228,802841,18.15,43936.0
11-27-524-04232-802842,27,524,04232,802842,5.61,36118.0
11-27-524-04233-802843,27,524,04233,802843,16.86,36172.0
11-27-524-04235-561037,27,524,04235,561037,10.2,8249.0
11-27-524-04235-802844,27,524,04235,802844,5.8,103550.0
11-27-525-04236-802845,27,525,04236,802845,4.52,18758.0
11-27-525-04237-802846,27,525,04237,802846,4.6,18561.0
11-27-525-04239-802847,27,525,04239,802847,3.2,25713.0
11-27-525-04240-802848,27,525,04240,802848,94.07,111825.0
11-27-525-04241-802849,27,525,04241,802849,4.16,34011.0
11-27-525-04241-802850,27,525,04241,802850,11.65,18341.0
11-27-525-04243-802851,27,525,04243,802851,3.57,18371.0
11-27-525-04243-802852,27,525,04243,802852,3.24,35477.0
11-27-526-04244-802853,27,526,04244,802853,4.74,23199.0
11-27-526-04245-802854,27,526,04245,802854,6.48,22463.0
11-27-526-04246-802855,27,526,04246,802855,36.26,118722.0
11-27-526-04247-802856,27,526,04247,802856,178.57,951558.0
11-27-526-04249-802857,27,526,04249,802857,17.28,98923.0
11-27-526-04250-562511,27,526,04250,562511,28.15,17930.0
11-27-526-04250-562512,27,526,04250,562512,11.08,39972.0
11-27-526-04250-562513,27,526,04250,562513,2.54,6499.0
11-27-526-04251-802858,27,526,04251,802858,68.82,34321.0
11-27-526-04252-802859,27,526,04252,802859,1.25,21824.0
11-27-526-04254-802860,27,526,04254,802860,4.42,40103.0
11-27-526-04254-802861,27,526,04254,802861,1.94,12363.0
11-27-526-04254-802862,27,526,04254,802862,1.56,11214.0
11-27-527-04255-802863,27,527,04255,802863,145.04,13393.0
11-27-527-04255-802864,27,527,04255,802864,6.86,14894.0
11-27-527-04256-563165,27,527,04256,563165,5.02,791.0
11-27-527-04256-802865,27,527,04256,802865,3.63,36025.0
11-27-527-04257-563232,27,527,04257,563232,24.54,18723.0
11-27-527-04258-563358,27,527,04258,563358,8.15,8054.0
11-27-527-04258-802866,27,527,04258,802866,14.61,52118.0
11-27-527-04259-802867,27,527,04259,802867,88.19,24120.0
11-27-527-04261-563744,27,527,04261,563744,13.95,24690.0
11-27-527-04261-802868,27,527,04261,802868,38.88,17633.0
11-27-527-04262-563956,27,527,04262,563956,7.71,14266.0
11-27-527-04262-563957,27,527,04262,563957,13.0,29140.0
11-27-527-04262-563958,27,527,04262,563958,5.42,22517.0
11-27-527-04262-563959,27,527,04262,563959,5.26,26106.0
11-27-527-04262-802869,27,527,04262,802869,8.15,120195.0
11-27-527-04263-564121,27,527,04263,564121,3.18,4678.0
11-27-527-04264-564465,27,527,04264,564465,5.77,13779.0
11-27-527-04265-564683,27,527,04265,564683,3.89,9317.0
11-27-527-04265-564684,27,527,04265,564684,5.93,13913.0
11-27-527-04265-564685,27,527,04265,564685,16.94,20476.0
11-27-527-04265-802870,27,527,04265,802870,2.54,53879.0
11-27-527-04265-802871,27,527,04265,802871,8.51,31671.0
11-27-528-04267-564968,27,528,04267,564968,8.06,5025.0
11-27-528-04267-564969,27,528,04267,564969,4.59,6480.0
11-27-528-04267-564970,27,528,04267,564970,8.95,7038.0
11-27-528-04267-802872,27,528,04267,802872,4.51,15713.0
11-27-528-04268-802873,27,528,04268,802873,3.21,16892.0
11-27-528-04269-565351,27,528,04269,565351,6.64,12397.0
11-27-528-04269-802874,27,528,04269,802874,14.79,55139.0
11-27-528-04270-565473,27,528,04270,565473,3.74,1621.0
11-27-528-04271-565670,27,528,04271,565670,3.69,7803.0
11-27-528-04271-565671,27,528,04271,565671,5.72,11688.0
11-27-528-04271-565672,27,528,04271,565672,1.12,4382.0
11-27-528-04271-565673,27,528,04271,565673,2.77,6497.0
11-27-528-04271-802875,27,528,04271,802875,10.49,76229.0
11-27-528-04272-565872,27,528,04272,565872,16.59,12689.0
11-27-528-04273-565995,27,528,04273,565995,17.11,14377.0
11-27-528-04274-802876,27,528,04274,802876,6.19,9753.0
11-27-529-04277-566496,27,529,04277,566496,5.93,8011.0
11-27-529-04277-802877,27,529,04277,802877,8.46,16398.0
11-27-529-04278-802878,27,529,04278,802878,6.27,18648.0
11-27-529-04279-802879,27,529,04279,802879,12.98,12392.0
11-27-529-04280-566839,27,529,04280,566839,4.5,16015.0
11-27-529-04281-566922,27,529,04281,566922,9.06,5080.0
11-27-529-04281-566923,27,529,04281,566923,10.31,6611.0
11-27-529-04281-802880,27,529,04281,802880,6.78,23851.0
11-27-530-04283-802881,27,530,04283,802881,1.94,5339.0
11-27-530-04284-567260,27,530,04284,567260,5.62,4693.0
11-27-530-04284-802882,27,530,04284,802882,1.58,3121.0
11-27-530-04285-567319,27,530,04285,567319,6.68,20420.0
11-27-530-04285-567320,27,530,04285,567320,8.42,38146.0
11-27-530-04285-567321,27,530,04285,567321,17.15,28953.0
11-27-530-04285-802883,27,530,04285,802883,10.0,25651.0
11-27-530-04285-802884,27,530,04285,802884,29.89,287353.0
11-27-530-04286-802885,27,530,04286,802885,9.01,48510.0
11-27-530-04286-802886,27,530,04286,802886,25.86,22372.0
11-27-530-04287-567497,27,530,04287,567497,5.73,9075.0
11-27-530-04287-567498,27,530,04287,567498,0.41,12601.0
11-27-530-04287-567499,27,530,04287,567499,8.98,31238.0
11-27-530-04287-567500,27,530,04287,567500,6.67,22353.0
11-27-530-04287-567501,27,530,04287,567501,1.92,7222.0
11-27-530-04287-567502,27,530,04287,567502,7.81,8623.0
11-27-530-04287-567503,27,530,04287,567503,8.04,5223.0
11-27-530-04287-567504,27,530,04287,567504,15.03,10138.0
11-27-530-04287-802887,27,530,04287,802887,66.82,549236.0
11-27-530-04290-802888,27,530,04290,802888,77.38,34106.0
11-27-530-04290-802889,27,530,04290,802889,13.84,11194.0
11-27-530-04292-567964,27,530,04292,567964,7.88,17257.0
11-27-530-04293-802890,27,530,04293,802890,3.38,27185.0
11-27-531-04296-802891,27,531,04296,802891,40.42,67391.0
11-27-531-04296-802892,27,531,04296,802892,83.7,37105.0
11-27-531-04299-802893,27,531,04299,802893,55.27,48289.0
11-27-531-04301-802894,27,531,04301,802894,43.42,37945.0
11-27-531-04302-568758,27,531,04302,568758,10.7,14666.0
11-27-531-04302-568759,27,531,04302,568759,2.59,11168.0
11-27-531-04302-802895,27,531,04302,802895,118.18,502793.0
11-28-532-04306-569017,28,532,04306,569017,4.22,22216.0
11-28-532-04306-802896,28,532,04306,802896,16.48,117167.0
11-28-532-04318-802897,28,532,04318,802897,12.87,57583.0
11-28-532-04319-569539,28,532,04319,569539,16.7,23059.0
11-28-532-04320-569557,28,532,04320,569557,2.56,6342.0
11-28-532-04321-569596,28,532,04321,569596,13.65,16005.0
11-28-532-04322-569638,28,532,04322,569638,8.78,12358.0
11-28-532-04339-802898,28,532,04339,802898,35.06,49764.0
11-28-532-04344-802899,28,532,04344,802899,14.25,88433.0
11-28-532-04347-570458,28,532,04347,570458,13.93,13485.0
11-28-532-04349-570509,28,532,04349,570509,22.55,9683.0
11-28-532-04349-570510,28,532,04349,570510,13.28,5133.0
11-28-532-04350-802900,28,532,04349,802900,1.055235,1883.0
11-28-532-04350-802900,28,532,04350,802900,13.84,53958.0
11-28-532-04352-570569,28,532,04352,570569,6.5,32385.0
11-28-532-04352-802901,28,532,04352,802901,39.5,52352.0
11-28-532-04353-570590,28,532,04353,570590,5.94,11322.0
11-28-532-04354-570612,28,532,04354,570612,2.8,12656.0
11-28-532-04354-570613,28,532,04354,570613,23.72,31244.0
11-28-532-04354-570614,28,532,04354,570614,12.08,9656.0
11-28-532-04354-570615,28,532,04354,570615,11.42,20061.0
11-28-532-04354-802902,28,532,04354,802902,39.04,89935.0
11-28-532-04356-570685,28,532,04356,570685,24.53,23579.0
11-28-533-04360-802903,28,533,04360,802903,32.83,64023.0
11-28-533-04361-570807,28,533,04361,570807,8.07,6820.0
11-28-533-04368-802904,28,533,04368,802904,30.5,311152.0
11-28-533-04370-802905,28,551,05210,802994,60.93,28819.0
11-28-533-04370-802905,28,533,04370,802905,21.36,77573.0
11-28-533-04377-571239,28,533,04377,571239,4.49,5182.0
11-28-533-04383-571384,28,533,04383,571384,8.96,28384.0
11-28-533-04386-571473,28,533,04386,571473,10.66,14923.0
11-28-533-04390-802906,28,533,04390,802906,14.11,80315.0
11-28-534-04399-571754,28,534,04399,571754,12.94,7380.0
11-28-534-04399-802907,28,534,04399,802907,145.94,237559.0
11-28-534-04399-802907,28,534,04400,802907,18.997492,5420.0
11-28-534-04400-571779,28,534,04400,571779,23.63,9329.0
11-28-534-04400-571780,28,534,04400,571780,2.58,3154.0
11-28-534-04408-571999,28,534,04408,571999,10.36,41171.0
11-28-534-04414-802908,28,534,04414,802908,17.8,103930.0
11-28-534-04416-802909,28,534,04416,802909,22.79,66504.0
11-28-534-04417-802910,28,534,04417,802910,48.04,50902.0
11-28-534-04428-572326,28,534,04428,572326,4.9,7626.0
11-28-534-04428-802911,28,534,04438,802911,1.2900074,6164.0
11-28-534-04428-802911,28,534,04428,802911,49.75,283657.0
11-28-534-04430-572368,28,534,04430,572368,28.89,33706.0
11-28-534-04435-802912,28,534,04435,802912,12.5,83186.0
11-28-534-04440-572560,28,534,04440,572560,3.78,11537.0
11-28-535-04452-572812,28,535,04452,572812,7.51,15610.0
11-28-535-04454-572862,28,535,04454,572862,2.72,6227.0
11-28-535-04456-802913,28,535,04456,802913,28.1,46880.0
11-28-535-04459-572998,28,535,04459,572998,7.2,6647.0
11-28-535-04459-802914,28,535,04459,572997,36.13,40707.0
11-28-535-04459-802914,28,535,04459,802914,4.45,66737.0
11-28-535-04466-573158,28,535,04466,573158,4.28,5747.0
11-28-535-04474-573373,28,535,04474,573373,3.79,11276.0
11-28-535-04474-802915,28,535,04474,802915,52.12,71166.0
11-28-535-04479-573524,28,535,04479,573524,6.82,18494.0
11-28-535-04483-573642,28,535,04483,573642,23.33,24961.0
11-28-535-04490-802916,28,535,04490,802916,40.29,47920.0
11-28-535-04492-573894,28,535,04492,573894,6.51,11514.0
11-28-535-04492-573895,28,535,04492,573895,6.2,11759.0
11-28-535-04492-802917,28,535,04492,802917,14.45,72344.0
11-28-535-04493-573922,28,535,04493,573922,9.3,6608.0
11-28-535-04493-573923,28,535,04493,573923,7.82,6840.0
11-28-535-04493-573924,28,535,04493,573924,8.36,34667.0
11-28-535-04494-573945,28,535,04494,573945,8.48,5596.0
11-28-535-04494-573946,28,535,04494,573946,9.02,8276.0
11-28-535-04494-573947,28,535,04494,573947,8.06,8777.0
11-28-535-04494-573948,28,535,04494,573948,18.05,36452.0
11-28-535-04494-573949,28,535,04494,573949,14.12,9203.0
11-28-535-04494-802918,28,535,04494,802918,35.23,46255.0
11-28-535-04495-573956,28,535,04495,573956,9.0,15381.0
11-28-535-04495-802918,28,535,04495,802918,9.982243,91827.0
11-28-536-04499-802919,28,536,04499,802919,22.81,217910.0
11-28-536-04501-573968,28,536,04501,573968,3.9,6762.0
11-28-536-04508-802918,28,536,04506,802918,14.210691,442229.0
11-28-536-04508-802918,28,536,04501,802918,9.978444,341099.0
11-28-536-04508-802918,28,536,04497,802918,3.4977112,59070.0
11-28-536-04508-802918,28,536,04502,802918,13.755538,153558.0
11-28-536-04508-802918,28,536,04508,802918,19.785055,468158.0
11-28-536-04508-802918,28,536,04504,802918,8.919653,189378.0
11-28-536-04508-802918,28,536,04500,802918,14.280738,172542.0
11-28-536-04508-802918,28,536,04505,802918,190.28,271385.0
11-28-536-04508-802918,28,536,04498,802918,7.949079,135370.0
11-28-536-04508-802918,28,536,04509,802918,20.891066,330193.0
11-28-536-04508-802918,28,536,04511,802918,9.700958,345722.0
11-28-536-04508-802918,28,536,04507,802918,12.356224,213359.0
11-28-536-04508-802918,28,536,04496,802918,31.056997,250932.0
11-28-536-04508-802918,28,536,04503,802918,12.238866,108062.0
11-28-536-04508-802918,28,536,04510,802918,8.649598,237594.0
11-28-537-04517-802918,28,537,04543,802918,2.2519643,2523.0
11-28-537-04517-802918,28,537,04524,802918,39.59022,384835.0
11-28-537-04517-802918,28,537,04516,802918,69.03355,309320.0
11-28-537-04517-802918,28,537,04522,802918,32.773457,119330.0
11-28-537-04517-802918,28,537,04527,802918,64.42579,253114.0
11-28-537-04517-802918,28,537,04521,802918,68.322525,413571.0
11-28-537-04517-802918,28,537,04520,802918,0.5669925,1723.0
11-28-537-04517-802918,28,537,04526,574216,2.32,12740.0
11-28-537-04517-802918,28,537,04526,802918,751.01,460877.0
11-28-537-04517-802918,28,537,04517,802918,56.06186,567996.0
11-28-537-04517-802918,28,537,04518,802918,100.86418,437649.0
11-28-537-04517-802918,28,537,04523,802918,28.635567,31035.0
11-28-537-04517-802918,28,537,04525,802918,86.27304,154556.0
11-28-537-04518-574070,28,537,04518,574070,20.28,13465.0
11-28-537-04518-574071,28,537,04518,574071,12.15,27563.0
11-28-537-04518-574072,28,537,04518,574072,10.78,15575.0
11-28-537-04519-574108,28,537,04519,574108,15.98,35611.0
11-28-537-04520-574137,28,537,04520,574137,24.19,44562.0
11-28-537-04522-574150,28,537,04522,574150,14.19,30502.0
11-28-537-04523-574170,28,537,04523,574170,13.83,19763.0
11-28-537-04523-574171,28,537,04523,574171,6.0,43692.0
11-28-537-04523-574172,28,537,04523,574172,4.95,10787.0
11-28-537-04523-574173,28,537,04523,574173,7.89,32586.0
11-28-537-04525-574202,28,537,04525,574202,20.53,15689.0
11-28-537-04525-574203,28,537,04525,574203,1.0,5349.0
11-28-537-04526-574213,28,537,04526,574213,2.5,27461.0
11-28-537-04526-574214,28,537,04526,574214,4.0,32013.0
11-28-537-04526-574215,28,537,04526,574215,5.31,15913.0
11-28-537-04527-574242,28,537,04527,574242,6.9,9449.0
11-28-537-04527-574243,28,537,04527,574243,5.77,12734.0
11-28-537-04527-574244,28,537,04527,574244,4.17,7288.0
11-28-537-04530-802920,28,537,04530,802920,46.7,53143.0
11-28-537-04534-802921,28,537,04534,802921,5.8,65115.0
11-28-537-04535-574503,28,537,04535,574503,9.4,6711.0
11-28-537-04543-574760,28,537,04543,574760,17.8,32583.0
11-28-537-04546-574853,28,537,04546,574853,20.79,12349.0
11-28-538-04559-575211,28,538,04559,575211,13.58,45675.0
11-28-538-04560-575227,28,538,04560,575227,9.39,10519.0
11-28-538-04567-575384,28,538,04567,575384,15.83,17958.0
11-28-538-04567-575385,28,538,04567,575385,10.3,32598.0
11-28-538-04568-575402,28,538,04568,575402,13.52,9247.0
11-28-538-04568-575403,28,538,04568,575403,15.2,10611.0
11-28-538-04568-802922,28,538,04568,802922,51.44,190400.0
11-28-538-04570-802923,28,538,04570,802923,11.86,41752.0
11-28-538-04576-575593,28,538,04576,575593,36.84,28060.0
11-28-538-04578-575632,28,538,04578,575632,3.33,4544.0
11-28-538-04579-575653,28,538,04579,575653,13.65,20721.0
11-28-538-04579-575654,28,538,04579,575654,5.05,7704.0
11-28-538-04583-575744,28,538,04583,575744,7.61,26801.0
11-28-538-04587-575835,28,538,04587,575835,6.53,5637.0
11-28-538-04592-575990,28,538,04592,575990,15.52,12297.0
11-28-538-04593-576024,28,538,04593,576024,12.79,19042.0
11-28-538-04595-802924,28,538,04595,802924,27.4,60949.0
11-28-538-04603-802925,28,538,04603,802925,6.14,63177.0
11-28-539-04615-576515,28,539,04615,576515,9.41,4008.0
11-28-539-04616-576531,28,539,04616,576531,12.74,15232.0
11-28-539-04628-802926,28,539,04628,802926,9.63,53339.0
11-28-539-04629-576801,28,539,04629,576801,11.12,8320.0
11-28-539-04630-576824,28,539,04630,576824,28.42,12972.0
11-28-539-04631-576841,28,539,04631,576841,12.79,19092.0
11-28-539-04632-576862,28,539,04632,576862,9.02,10202.0
11-28-539-04633-576878,28,539,04633,576878,17.43,13752.0
11-28-539-04636-576931,28,539,04636,576931,18.26,29126.0
11-28-539-04638-802927,28,539,04638,802927,24.0,106805.0
11-28-539-04646-802928,28,539,04646,802928,123.54,154326.0
11-28-539-04653-577258,28,539,04653,577258,6.72,9683.0
11-28-539-04653-577259,28,539,04653,577259,28.18,29731.0
11-28-539-04655-577305,28,539,04655,577305,11.02,10880.0
11-28-539-04659-577407,28,539,04659,577407,4.15,15887.0
11-28-539-04664-802929,28,539,04664,802929,21.0,104918.0
11-28-539-04668-577573,28,539,04668,577573,31.9,64234.0
11-28-540-04676-577709,28,540,04676,577709,20.24,12721.0
11-28-540-04676-577710,28,540,04676,577710,6.04,6242.0
11-28-540-04678-577744,28,540,04678,577744,7.59,13841.0
11-28-540-04682-577841,28,540,04682,577841,13.43,42387.0
11-28-540-04686-577948,28,540,04686,577948,20.61,11493.0
11-28-540-04695-578157,28,540,04695,578157,10.04,6319.0
11-28-540-04695-802930,28,540,04706,802930,68.0,297078.0
11-28-540-04695-802930,28,540,04678,802930,31.600206,28477.0
11-28-540-04695-802930,28,540,04707,802930,15.708961,11451.0
11-28-540-04695-802930,28,540,04695,578156,9.6,8685.0
11-28-540-04695-802930,28,540,04677,802930,13.66709,2953.0
11-28-540-04695-802930,28,540,04695,578155,16.0,13183.0
11-28-540-04695-802930,28,540,04695,802930,129.82,364611.0
11-28-540-04699-802931,28,540,04699,802931,7.5,52394.0
11-28-540-04707-578354,28,540,04707,578354,11.41,13159.0
11-28-540-04708-578369,28,540,04708,578369,11.49,30963.0
11-28-540-04715-578549,28,540,04715,578549,18.04,19100.0
11-28-540-04718-578603,28,540,04718,578603,17.2,42851.0
11-28-540-04722-578679,28,540,04722,578679,10.36,14425.0
11-28-541-04727-802932,28,541,04727,802932,45.18,32091.0
11-28-541-04730-579086,28,541,04730,579086,12.0,50087.0
11-28-541-04736-579352,28,541,04736,579352,19.1,22149.0
11-28-541-04737-802933,28,541,04737,802933,26.38,80199.0
11-28-541-04738-579388,28,541,04738,579388,4.05,13442.0
11-28-541-04738-579389,28,541,04738,579389,8.5,19944.0
11-28-541-04738-802934,28,541,04738,802934,16.1,79819.0
11-28-541-04738-802934,28,541,04738,579390,7.7,6296.0
11-28-541-04740-802935,28,541,04740,802935,10.9,35056.0
11-28-541-04751-802936,28,541,04751,802936,19.13,31857.0
11-28-541-04757-579684,28,541,04757,579684,4.8,12530.0
11-28-541-04757-579685,28,541,04757,579685,12.7,53442.0
11-28-541-04757-802937,28,541,04756,802937,11.803088,12073.0
11-28-541-04757-802937,28,541,04757,802937,22.37,184210.0
11-28-541-04766-579872,28,541,04766,579872,2.5,22716.0
11-28-542-04775-802938,28,542,04775,802938,32.75,57507.0
11-28-542-04778-802939,28,542,04778,802939,25.25,36493.0
11-28-542-04780-580521,28,542,04780,580521,11.1,18778.0
11-28-542-04783-580732,28,542,04783,580732,2.55,6603.0
11-28-542-04784-580777,28,542,04784,580777,6.15,20760.0
11-28-542-04789-581009,28,542,04789,581009,13.58,28631.0
11-28-542-04796-802940,28,542,04796,802940,29.13,42197.0
11-28-542-04798-802941,28,542,04798,802941,19.65,39799.0
11-28-542-04799-581460,28,542,04799,581460,5.18,26280.0
11-28-542-04802-581553,28,542,04802,581553,10.27,9071.0
11-28-542-04802-802942,28,542,04802,802942,19.36,135367.0
11-28-542-04802-802942,28,542,04806,802942,,2577.0
11-28-542-04803-581592,28,542,04803,581592,11.07,12640.0
11-28-543-04812-802943,28,543,04812,802943,11.24,53844.0
11-28-543-04816-802944,28,543,04816,802944,25.6,56819.0
11-28-543-04817-802945,28,543,04817,802945,19.55,49500.0
11-28-543-04825-582763,28,543,04825,582763,1.04,5687.0
11-28-543-04826-582798,28,543,04826,582798,7.72,18893.0
11-28-543-04827-582830,28,543,04827,582830,3.48,14847.0
11-28-543-04834-583085,28,543,04834,583085,2.95,4911.0
11-28-543-04834-583086,28,543,04834,583086,7.6,14321.0
11-28-543-04836-583130,28,543,04836,583130,5.3,5960.0
11-28-543-04836-583131,28,543,04836,583131,4.46,5229.0
11-28-543-04836-802946,28,543,04836,802946,39.45,228720.0
11-28-543-04837-583163,28,543,04837,583163,2.3,5761.0
11-28-543-04837-583164,28,543,04837,583164,15.54,20498.0
11-28-543-04839-583229,28,543,04839,583229,3.59,5921.0
11-28-544-04844-584103,28,544,04844,584103,1.62,6714.0
11-28-544-04847-584800,28,544,04847,584800,1.0,8787.0
11-28-544-04849-585377,28,544,04849,585377,4.21,7888.0
11-28-544-04850-585551,28,544,04850,585551,3.77,4632.0
11-28-544-04854-585801,28,544,04854,585801,6.83,33757.0
11-28-544-04854-585802,28,544,04854,585802,10.59,12781.0
11-28-544-04861-802947,28,544,04861,802947,8.857008,4621.0
11-28-544-04862-802947,28,544,04862,802947,39.031994,114270.0
11-28-544-04865-586150,28,544,04865,586150,4.9,4513.0
11-28-544-04865-802948,28,544,04865,802948,18.9,55082.0
11-28-544-04867-802947,28,544,04867,802947,513.61,977771.0
11-28-544-04867-802947,28,544,04866,802947,121.7609,260192.0
11-28-544-04868-802947,28,544,04868,802947,106.283165,95291.0
11-28-544-04869-802947,28,544,04869,802947,151.65294,250423.0
11-28-544-04870-802947,28,544,04870,802947,7.135583,25560.0
11-28-544-04871-586202,28,544,04871,586202,6.89,5001.0
11-28-544-04871-802949,28,544,04871,802949,23.28,86519.0
11-28-544-04872-586233,28,544,04872,586233,16.88,20251.0
11-28-544-04879-586424,28,544,04879,586424,10.36,27265.0
11-28-544-04880-586455,28,544,04880,586455,6.73,7603.0
11-28-544-04881-586474,28,544,04881,586474,2.59,27001.0
11-28-545-04890-802950,28,545,04890,802950,7.02,53425.0
11-28-545-04892-587055,28,545,04892,587055,6.32,5073.0
11-28-545-04895-587205,28,545,04895,587205,4.99,9952.0
11-28-545-04903-802951,28,545,04903,802951,41.13,49477.0
11-28-545-04906-802952,28,545,04907,587397,4.4,23572.0
11-28-545-04906-802952,28,545,04907,802952,29.963226,34502.0
11-28-545-04906-802952,28,545,04906,802952,56.03,341831.0
11-28-545-04906-802952,28,545,04907,587399,2.3,16985.0
11-28-545-04907-587398,28,545,04907,587398,7.54,15346.0
11-28-545-04907-587400,28,545,04907,587400,7.67,44637.0
11-28-545-04910-802953,28,545,04910,802953,14.08,56864.0
11-28-545-04911-802954,28,545,04911,802954,22.71,54859.0
11-28-545-04913-587502,28,545,04913,587502,9.99,28369.0
11-28-545-04913-587503,28,545,04913,587503,9.2,24112.0
11-28-545-04914-802955,28,545,04914,802955,57.36,312538.0
11-28-545-04914-802955,28,545,04920,802956,21.65,56063.0
11-28-545-04914-802955,28,545,04913,587504,1.9,6365.0
11-28-545-04914-802955,28,545,04913,802955,26.888533,71644.0
11-28-545-04924-802957,28,545,04924,802957,13.98,43657.0
11-28-545-04941-587890,28,545,04941,587890,4.97,11470.0
11-28-545-04941-802958,28,545,04941,802958,7.2,53231.0
11-28-546-04955-588238,28,546,04955,588238,2.18,5543.0
11-28-546-04958-802959,28,546,04958,802959,24.56,39667.0
11-28-546-04960-802960,28,546,04960,802960,10.36,43809.0
11-28-546-04961-802961,28,546,04961,802961,20.71,104032.0
11-28-546-04966-588436,28,546,04966,588436,1.7,8142.0
11-28-546-04966-802962,28,546,04966,802962,14.55,218020.0
11-28-546-04966-802962,28,546,04966,588438,1.4,10029.0
11-28-546-04966-802962,28,546,04966,588439,4.8,8250.0
11-28-546-04972-802963,28,546,04972,802963,16.78,77962.0
11-28-546-04984-802964,28,546,04984,802964,26.14,146961.0
11-28-546-04984-802964,28,546,04966,588437,1.4,6393.0
11-28-546-04987-802965,28,546,04987,802965,11.32,58770.0
11-28-546-04988-802966,28,546,04988,802966,19.49,81199.0
11-28-547-04991-802967,28,547,04991,802967,23.5,53530.0
11-28-547-04997-588980,28,547,04997,588980,10.49,18567.0
11-28-547-05003-802968,28,547,05003,802968,8.69,58590.0
11-28-547-05009-589205,28,547,05009,589205,15.0,33373.0
11-28-547-05009-589206,28,547,05009,589206,15.0,29432.0
11-28-547-05009-589207,28,547,05009,589207,10.26,11187.0
11-28-547-05010-802969,28,547,05024,802969,15.142319,22927.0
11-28-547-05010-802969,28,547,05011,802969,73.0447,98499.0
11-28-547-05010-802969,28,547,05011,589216,2.4,13941.0
11-28-547-05010-802969,28,547,05011,589215,3.3,22222.0
11-28-547-05010-802969,28,547,05010,802969,181.04,1021806.0
11-28-547-05010-802969,28,547,05024,589511,4.17,34177.0
11-28-547-05021-802970,28,547,05021,802970,12.67,118167.0
11-28-547-05023-589503,28,547,05023,589503,3.37,14616.0
11-28-547-05024-589508,28,547,05024,589508,9.02,49006.0
11-28-547-05024-589509,28,547,05024,589509,11.78,25545.0
11-28-547-05024-589510,28,547,05024,589510,5.77,17462.0
11-28-547-05030-802971,28,547,05030,802971,20.72,30721.0
11-28-547-05034-802972,28,547,05034,802972,26.67,169892.0
11-28-548-05040-802973,28,548,05040,802973,13.48,57290.0
11-28-548-05047-802974,28,548,05047,802974,31.49,63103.0
11-28-548-05054-589981,28,548,05054,589981,3.3,6275.0
11-28-548-05054-802975,28,548,05054,802975,25.45,64149.0
11-28-548-05055-802976,28,548,05055,802976,40.65,107197.0
11-28-548-05058-802977,28,548,05058,802977,21.88,56721.0
11-28-548-05062-802978,28,548,05062,802978,37.53,62550.0
11-28-548-05067-802979,28,548,05067,802979,7.65,117489.0
11-28-548-05070-802980,28,548,05070,802980,18.13,101398.0
11-28-548-05074-802981,28,548,05074,802981,45.79,670073.0
11-28-548-05078-802982,28,548,05078,802982,15.11,164937.0
11-28-548-05084-802983,28,548,05084,802983,26.14,59913.0
11-28-548-05093-802984,28,548,05093,802984,17.92,70777.0
11-28-548-05096-802985,28,548,05096,802985,10.97,50866.0
11-28-549-05115-802986,28,549,05115,802986,22.85,71092.0
11-28-549-05117-590896,28,549,05117,590896,8.81,15169.0
11-28-549-05120-590988,28,549,05120,590988,43.88,31145.0
11-28-549-05123-802987,28,549,05123,802987,13.26,89378.0
11-28-549-05123-802987,28,549,05124,802987,5.1013193,3564.0
11-28-549-05123-802987,28,549,05123,591018,23.7,30858.0
11-28-549-05124-591023,28,549,05124,591023,11.14,38671.0
11-28-549-05133-591202,28,549,05133,591202,20.94,35150.0
11-28-549-05136-591289,28,549,05136,591289,33.06,37420.0
11-28-549-05139-802988,28,549,05139,802988,27.2,204746.0
11-28-549-05139-802988,28,549,05138,802988,8.367823,3598.0
11-28-549-05146-591504,28,549,05146,591504,16.15,20000.0
11-28-549-05148-802989,28,549,05148,802989,33.06,57246.0
11-28-549-05149-591552,28,549,05149,591552,3.38,7145.0
11-28-549-05149-591553,28,549,05149,591553,11.2,19400.0
11-28-550-05158-802990,28,550,05158,802990,22.95,90099.0
11-28-550-05177-592105,28,550,05177,592105,2.81,10927.0
11-28-550-05177-802991,28,550,05177,802991,97.52,547621.0
11-28-550-05184-802992,28,550,05184,802992,57.48,73350.0
11-28-550-05184-802992,28,550,05190,802992,1.9677081,687.0
11-28-550-05187-802993,28,550,05187,802993,25.89,52688.0
11-28-550-05194-592649,28,550,05194,592649,8.0,20924.0
11-28-550-05194-592650,28,550,05194,592650,4.61,19904.0
11-28-550-05197-592765,28,550,05197,592765,1.36,7803.0
11-28-550-05197-592766,28,550,05197,592766,4.56,27504.0
11-28-550-05198-592791,28,550,05198,592791,6.88,6123.0
11-28-551-05200-592856,28,551,05200,592856,11.26,6712.0
11-28-551-05200-592857,28,551,05200,592857,12.68,8337.0
11-28-551-05211-802994,28,551,05211,802994,22.196907,41807.0
11-28-551-05214-593134,28,551,05214,593134,5.92,22936.0
11-28-551-05214-593135,28,551,05214,593135,0.9,11397.0
11-28-551-05214-593136,28,551,05214,593136,13.94,19483.0
11-28-551-05214-802995,28,551,05214,802995,18.78,163970.0
11-28-551-05215-593157,28,551,05215,593157,4.64,6812.0
11-28-551-05215-802996,28,551,05215,802996,24.82,46069.0
11-28-551-05216-593180,28,551,05216,593180,17.87,9775.0
11-28-551-05219-802997,28,551,05219,802997,58.69,65706.0
11-28-551-05223-593289,28,551,05223,593289,5.32,32574.0
11-28-551-05226-593342,28,551,05226,802998,13.91821,2573.0
11-28-551-05230-802998,28,551,05230,802998,182.75,318916.0
11-28-551-05231-802998,28,551,05231,802998,70.35264,23404.0
11-28-551-05239-593543,28,551,05239,593543,3.05,7065.0
11-28-551-05239-802999,28,551,05239,802999,39.78,91234.0
11-28-551-05243-593597,28,551,05243,593597,5.82,12318.0
11-28-551-05246-803000,28,551,05246,803000,10.0,54050.0
11-28-551-05248-593708,28,551,05248,593708,5.1,5175.0
11-28-552-05254-803001,28,552,05254,803001,14.5,95149.0
11-28-552-05259-593921,28,552,05259,593921,9.15,26694.0
11-28-552-05259-803002,28,552,05259,803002,65.7356,312835.0
11-28-552-05259-803002,28,552,05258,803002,97.69,144798.0
11-28-552-05264-593976,28,552,05264,593976,5.96,21452.0
11-28-552-05271-803003,28,552,05271,803003,106.4,184625.0
11-28-552-05279-594245,28,552,05279,594245,25.75,38994.0
11-28-552-05284-803004,28,552,05284,803004,28.88,211424.0
11-28-552-05288-594393,28,552,05288,594393,8.43,20749.0
11-28-552-05288-594394,28,552,05288,594394,13.99,14307.0
11-28-552-05289-803005,28,552,05289,803005,5.0,59272.0
11-28-552-05295-594493,28,552,05295,594493,7.84,6614.0
11-28-552-05301-594601,28,552,05301,594601,23.8,12373.0
11-28-553-05305-803006,28,553,05305,803006,49.73,61749.0
11-28-553-05309-803007,28,553,05309,803007,40.87,126270.0
11-28-553-05310-594760,28,553,05310,594760,22.17,48658.0
11-28-553-05313-803008,28,553,05313,803008,7.45,108171.0
11-28-553-05317-594902,28,553,05317,594902,30.28,35565.0
11-28-553-05321-594956,28,553,05321,594956,11.65,32328.0
11-28-553-05330-595096,28,553,05330,595096,9.9,14227.0
11-28-553-05330-595096,28,554,05400,596289,1.68,11253.0
11-28-553-05330-595097,28,553,05330,595097,3.78,13850.0
11-28-553-05330-595099,28,553,05330,595099,16.01,30128.0
11-28-553-05330-803009,28,553,05330,595098,21.3,15247.0
11-28-553-05330-803009,28,553,05331,803009,7.940615,6157.0
11-28-553-05330-803009,28,553,05330,803009,16.35,261004.0
11-28-553-05336-803010,28,553,05336,803010,40.5,121874.0
11-28-553-05343-803011,28,553,05343,803011,25.88,89429.0
11-28-553-05357-595452,28,553,05357,595452,12.57,10482.0
11-28-553-05363-595553,28,553,05363,595553,30.34,18895.0
11-28-553-05364-803012,28,553,05364,803012,38.16,151677.0
11-28-554-05375-595738,28,554,05375,595738,3.94,6143.0
11-28-554-05375-595739,28,554,05375,595739,6.29,11127.0
11-28-554-05375-595741,28,554,05375,595741,6.85,22963.0
11-28-554-05376-595773,28,554,05376,595773,4.6,26031.0
11-28-554-05378-803013,28,554,05378,803013,12.92,80056.0
11-28-554-05383-596010,28,554,05383,596010,32.21,7741.0
11-28-554-05383-596011,28,554,05383,596011,3.47,37968.0
11-28-554-05383-596012,28,554,05383,596012,5.03,44219.0
11-28-554-05383-596013,28,554,05383,596013,4.64,19318.0
11-28-554-05383-803014,28,554,05375,803014,0.4447909,1902.0
11-28-554-05383-803014,28,554,05383,803014,28.86,293421.0
11-28-554-05383-803014,28,554,05375,595740,6.6,24839.0
11-28-554-05386-596063,28,554,05386,596063,5.85,41489.0
11-28-554-05392-803015,28,554,05392,803015,23.44,180180.0
11-28-554-05406-803016,28,554,05406,803016,29.86,62253.0
11-28-554-05407-803017,28,554,05407,803017,43.29,54092.0
11-28-554-05415-803018,28,554,05415,803018,32.28,54746.0
11-28-554-05421-596725,28,554,05421,596725,3.65,8113.0
11-28-554-05421-596726,28,554,05421,596726,6.62,6812.0
11-28-554-05421-803019,28,554,05421,803019,35.75,160722.0
11-28-554-05422-803020,28,554,05417,803020,1.8478092,2585.0
11-28-554-05422-803020,28,554,05422,803020,17.69,51450.0
11-28-554-05427-596973,28,554,05427,596973,3.1,21963.0
11-29-555-05433-803021,29,555,05433,803021,20.21,62865.0
11-29-555-05433-803022,29,555,05433,803022,14.67,23790.0
11-29-555-05433-803023,29,555,05433,803023,18.48,38307.0
11-29-555-05434-803024,29,555,05434,803024,9.0948,47842.0
11-29-555-05435-803025,29,555,05435,803025,4.89,23154.0
11-29-555-05435-803026,29,555,05435,803026,6.81,18736.0
11-29-555-05436-803027,29,555,05436,803027,11.52,29128.0
11-29-555-05436-803028,29,555,05436,803028,33.38,19386.0
11-29-555-05436-803029,29,555,05436,803029,3.92,8080.0
11-29-555-05436-803030,29,555,05436,803030,18.8,79121.0
11-29-555-05437-803031,29,555,05437,803031,7.29,34637.0
11-29-555-05437-803032,29,555,05437,803032,6.23,22988.0
11-29-555-05438-597793,29,555,05438,597793,5.46,13741.0
11-29-555-05438-597794,29,555,05438,597794,4.44,8204.0
11-29-555-05438-597795,29,555,05438,597795,4.85,10496.0
11-29-555-05438-597796,29,555,05438,597796,4.03,8503.0
11-29-555-05438-597797,29,555,05438,597797,9.28,13159.0
11-29-555-05438-597798,29,555,05438,597798,8.1,7561.0
11-29-555-05438-597802,29,555,05438,597802,13.17,11850.0
11-29-555-05438-803033,29,555,05438,597792,18.09,13946.0
11-29-555-05438-803033,29,555,05438,597801,11.63,18073.0
11-29-555-05438-803033,29,555,05438,803033,99.61,490045.0
11-29-555-05438-803033,29,555,05438,597799,8.18,10999.0
11-29-555-05438-803033,29,555,05438,597800,9.59,17874.0
11-29-555-05438-803034,29,555,05438,803034,7.2,19411.0
11-29-555-05439-598021,29,555,05439,598021,15.7,8837.0
11-29-555-05439-598022,29,555,05439,598022,5.1,5956.0
11-29-555-05439-803035,29,555,05439,803035,4.39,19309.0
11-29-555-05440-803036,29,555,05440,803036,12.76,49182.0
11-29-555-05441-803037,29,555,05441,803037,16.0,41215.0
11-29-555-05442-803038,29,555,05442,803038,2.84,34800.0
11-29-556-05443-803040,29,556,05443,803040,6.7,26088.0
11-29-556-05443-803041,29,556,05443,803041,9.39,68938.0
11-29-556-05443-803042,29,556,05443,803042,13.14,77004.0
11-29-556-05444-803043,29,556,05444,803043,0.58,17792.0
11-29-556-05445-803044,29,556,05445,803044,4.79,52199.0
11-29-556-05446-803045,29,556,05446,803045,5.59,19731.0
11-29-556-05446-803046,29,556,05446,803046,5.55,30943.0
11-29-556-05446-803047,29,556,05446,803047,4.42,33382.0
11-29-556-05447-803048,29,556,05447,803048,49.06,111933.0
11-29-556-05448-599026,29,556,05448,599026,18.31,15620.0
11-29-556-05448-599027,29,556,05448,599027,15.91,15073.0
11-29-556-05448-599028,29,556,05448,599028,21.9,11969.0
11-29-556-05448-803049,29,556,05448,803049,6.01,20877.0
11-29-556-05448-803050,29,556,05448,803050,11.77,60242.0
11-29-556-99999-803039,29,556,99999,803039,9.8,36055.0
11-29-557-05449-803051,29,557,05449,803051,98.73,327427.0
11-29-557-05450-803052,29,557,05450,803052,27.14,38217.0
11-29-557-05451-803053,29,557,05451,803053,1.46,37226.0
11-29-557-05452-803054,29,557,05452,803054,126.51,33198.0
11-29-557-05453-803055,29,557,05453,803055,6.84,34217.0
11-29-557-05453-803056,29,557,05453,803056,2.79,31693.0
11-29-558-05454-803057,29,558,05454,803057,17.21,69717.0
11-29-558-05455-803058,29,558,05455,803058,31.31,40333.0
11-29-558-05456-600120,29,558,05456,600120,16.67,10252.0
11-29-558-05456-803059,29,558,05456,803059,7.06,19849.0
11-29-558-05457-803060,29,558,05457,803060,58.09,216020.0
11-29-558-05458-803061,29,558,05458,803061,6.6,44483.0
11-29-558-05458-803062,29,558,05458,803062,27.79,25298.0
11-29-559-05459-600535,29,559,05459,600535,0.76,16278.0
11-29-559-05459-803063,29,559,05459,803063,7.54,22731.0
11-29-559-05459-803064,29,559,05459,803064,7.37,35411.0
11-29-559-05459-803065,29,559,05459,803065,6.29,13536.0
11-29-559-05460-803066,29,559,05460,803066,0.84,28929.0
11-29-559-05461-600884,29,559,05461,600884,12.73,17088.0
11-29-559-05461-803067,29,559,05461,803067,43.85,234073.0
11-29-559-05462-803068,29,559,05462,803068,2.45,46465.0
11-29-559-05463-803069,29,559,05463,803069,30.58,75837.0
11-29-560-05464-803070,29,560,05464,803070,1.15,14814.0
11-29-560-05465-803071,29,560,05465,803071,11.34,24878.0
11-29-560-05466-803072,29,560,05466,803072,9.21,114642.0
11-29-560-05467-601860,29,560,05467,601860,4.43,8672.0
11-29-560-05467-803073,29,560,05467,803073,10.73,70698.0
11-29-561-05468-803074,29,561,05468,803074,19.57,36291.0
11-29-561-05469-803075,29,561,05469,803075,68.65,23311.0
11-29-561-05469-803076,29,561,05469,803076,18.82,32359.0
11-29-561-05469-803077,29,561,05469,803077,85.72,16690.0
11-29-561-05470-803078,29,561,05470,803078,54.57,172612.0
11-29-561-05470-803079,29,561,05470,803079,7.81,18763.0
11-29-561-05471-803080,29,561,05471,803080,1.71,17610.0
11-29-561-05471-803081,29,561,05471,803081,6.95,36754.0
11-29-561-05472-803082,29,561,05472,803082,6.64,24919.0
11-29-562-05473-803084,29,562,05473,803084,8.47,17228.0
11-29-562-05474-803085,29,562,05474,803085,42.93,24613.0
11-29-562-05474-803086,29,562,05474,803086,11.18,28267.0
11-29-562-05476-803087,29,562,05476,803087,23.92,16917.0
11-29-562-05477-803088,29,562,05477,803088,1.17,18726.0
11-29-562-99999-803083,29,562,99999,803083,156.09494,943788.0
11-29-563-05478-602628,29,563,05478,602628,10.18,4403.0
11-29-563-05478-803090,29,563,05478,803090,36.95,77139.0
11-29-563-05480-602879,29,563,05480,602879,0.78,3556.0
11-29-563-05480-803091,29,563,05480,803091,17.39,24238.0
11-29-563-05481-803092,29,563,05481,803092,64.6,20452.0
11-29-563-05482-603095,29,563,05482,603095,6.04,3670.0
11-29-563-05482-803093,29,563,05482,803093,11.99,18866.0
11-29-563-05483-803094,29,563,05483,803094,11.99,62882.0
11-29-563-05484-603404,29,563,05484,603404,4.73,4286.0
11-29-563-05484-803095,29,563,05484,803095,13.94,22249.0
11-29-563-05484-803095,29,563,05484,603405,2.7,5409.0
11-29-563-05485-803096,29,563,05485,803096,20.42,36719.0
11-29-563-05486-803097,29,563,05486,803097,18.52,14204.0
11-29-563-05487-803098,29,563,05487,803098,8.86,19109.0
11-29-563-05488-603877,29,563,05488,603877,4.47,6928.0
11-29-563-05488-603878,29,563,05488,603878,5.4727,10802.0
11-29-563-05488-803099,29,563,05488,803099,5.23,32000.0
11-29-563-99999-803089,29,563,99999,803089,7.80854,52069.0
11-29-564-05489-803100,29,564,05489,803100,4.04,28207.0
11-29-564-05489-803101,29,564,05489,803101,19.42,22529.0
11-29-564-05490-803102,29,564,05490,803102,5.49,40567.0
11-29-564-05491-803103,29,564,05491,803103,24.36,28159.0
11-29-564-05492-803104,29,564,05492,803104,26.19,67102.0
11-29-564-05493-803105,29,564,05493,803105,3.35,30014.0
11-29-564-05494-803106,29,564,05494,803106,12.93,19191.0
11-29-564-05495-604582,29,564,05495,604582,3.45,6265.0
11-29-564-05495-604583,29,564,05495,604583,1.85,7061.0
11-29-564-05495-803107,29,564,05495,803107,42.32,106406.0
11-29-565-05496-803108,29,565,05496,803108,19.83,27967.0
11-29-565-05498-803109,29,565,05498,803109,49.7,206167.0
11-29-565-05498-803110,29,565,05498,803110,39.62,25552.0
11-29-565-05498-803111,29,565,05498,803111,23.66,39307.0
11-29-565-05499-803112,29,565,05499,803112,31.14,52492.0
11-29-565-05499-803113,29,565,05499,803113,43.25,26224.0
11-29-565-05500-803114,29,565,05500,803114,79.45,410445.0
11-29-565-05501-605045,29,565,05501,605045,1.38,6672.0
11-29-565-05501-605046,29,565,05501,605046,13.01,12453.0
11-29-565-05501-605047,29,565,05501,605047,21.66,22560.0
11-29-565-05501-803115,29,565,05501,803115,22.13,37431.0
11-29-565-05502-803116,29,565,05502,803116,32.18,26680.0
11-29-565-05502-803117,29,565,05502,803117,35.26,26289.0
11-29-566-05503-803118,29,566,05503,803118,43.06,15797.0
11-29-566-05504-803119,29,566,05504,803119,30.71,55194.0
11-29-566-05505-605618,29,566,05505,605618,4.64,5884.0
11-29-566-05505-803120,29,566,05505,803120,23.94,145853.0
11-29-566-05506-605820,29,566,05506,605820,9.48,6236.0
11-29-566-05506-803121,29,566,05506,803121,0.66,15783.0
11-29-566-05507-803122,29,566,05507,803122,5.26,28370.0
11-29-566-05508-803123,29,566,05508,803123,20.22,56416.0
11-29-567-05509-803124,29,567,05509,606289,3.16,2628.0
11-29-567-05509-803124,29,567,05509,606288,40.93,4655.0
11-29-567-05509-803124,29,567,05509,803124,14.62,83219.0
11-29-567-05510-803125,29,567,05510,803125,5.08,47039.0
11-29-567-05511-803126,29,567,05511,803126,0.94,17257.0
11-29-567-05512-803127,29,567,05512,803127,77.12,434971.0
11-29-567-05513-803128,29,567,05513,803128,0.68,17928.0
11-29-567-05514-803129,29,567,05514,803129,1.16,21313.0
11-29-568-05515-803130,29,568,05515,803130,44.33,10847.0
11-29-568-05515-803131,29,568,05515,803131,17.41,54550.0
11-29-568-05516-803132,29,568,05516,803132,1.89,11332.0
11-29-568-05517-803133,29,568,05517,803133,1.8,16864.0
11-29-568-05517-803134,29,568,05517,803134,18.76,36015.0
11-29-568-05518-803135,29,568,05518,803135,3.5,5839.0
11-29-568-05519-803136,29,568,05519,803136,6.7,14528.0
11-29-568-05520-803137,29,568,05520,803137,76.71,322650.0
11-29-568-05521-803138,29,568,05521,803138,66.82,151102.0
11-29-569-05522-608758,29,569,05522,608758,7.33,10229.0
11-29-569-05522-803139,29,569,05522,803139,14.01,30444.0
11-29-569-05523-608845,29,569,05523,608845,5.08,6809.0
11-29-569-05523-608846,29,569,05523,608846,6.82,4778.0
11-29-569-05523-608847,29,569,05523,608847,7.63,7911.0
11-29-569-05523-608848,29,569,05523,608848,3.36,6188.0
11-29-569-05523-608849,29,569,05523,608849,5.25,4944.0
11-29-569-05523-608850,29,569,05523,608850,9.49,9309.0
11-29-569-05523-608851,29,569,05523,608851,7.36,6302.0
11-29-569-05523-608852,29,569,05523,608852,9.63,11854.0
11-29-569-05523-608853,29,569,05523,608853,9.21,5001.0
11-29-569-05523-608854,29,569,05523,608854,4.03,5017.0
11-29-569-05523-608855,29,569,05523,608855,4.17,5018.0
11-29-569-05523-608856,29,575,05561,617507,5.16,5445.0
11-29-569-05523-608856,29,569,05523,608856,4.83,7765.0
11-29-569-05523-608857,29,569,05523,608857,8.82,8117.0
11-29-569-05523-608858,29,569,05523,608858,8.24,11611.0
11-29-569-05523-803140,29,569,05523,803140,14.69,15123.0
11-29-569-05523-803141,29,569,05523,803141,75.92,144960.0
11-29-569-05524-608914,29,569,05524,608914,14.74,6881.0
11-29-569-05524-803142,29,569,05524,803142,23.06,25800.0
11-29-570-05525-803143,29,570,05525,803143,0.46,3922.0
11-29-570-05526-803144,29,570,05526,803144,1.99,4993.0
11-29-570-05527-803145,29,570,05527,803145,1.72,7458.0
11-29-570-05528-803146,29,570,05528,803146,15.02,35942.0
11-29-570-05529-803147,29,570,05529,803147,1.91,22723.0
11-29-570-05529-803148,29,570,05529,803148,10.34,34151.0
11-29-570-05530-803149,29,570,05530,803149,32.74,118401.0
11-29-570-05531-803150,29,570,05531,803150,0.92,9677.0
11-29-570-05531-803151,29,570,05531,803151,45.43,2241.0
11-29-571-05532-610265,29,571,05532,610265,4.75,14304.0
11-29-571-05532-803152,29,571,05532,803152,5.02,23206.0
11-29-571-05533-803153,29,571,05533,803153,12.98,57554.0
11-29-571-05534-803154,29,571,05534,803154,6.57,28486.0
11-29-571-05535-803155,29,571,05535,803155,8.0,29159.0
11-29-571-05536-803156,29,571,05536,803156,1.2,15265.0
11-29-571-05537-803157,29,571,05537,803157,64.27,302143.0
11-29-571-05538-803158,29,571,05538,803158,4.38,18446.0
11-29-571-05539-803159,29,571,05539,803159,10.27,59543.0
11-29-571-05540-612434,29,571,05540,612434,1.25,2623.0
11-29-571-05540-803160,29,571,05540,803160,3.77,14194.0
11-29-571-05541-803161,29,571,05541,803161,5.68,34155.0
11-29-572-05542-612948,29,572,05542,612948,1.93,6587.0
11-29-572-05542-612949,29,572,05542,612949,6.37,13389.0
11-29-572-05542-612952,29,572,05542,612952,1.4132,11554.0
11-29-572-05545-613354,29,572,05545,613354,4.5,12610.0
11-29-572-05545-613355,29,572,05545,613355,3.41,34827.0
11-29-572-05545-613356,29,572,05545,613356,2.03,8824.0
11-29-572-05545-613357,29,572,05545,613357,4.65,15254.0
11-29-572-05545-613358,29,572,05545,613358,7.47,11807.0
11-29-572-05545-613359,29,572,05545,613359,4.34,20532.0
11-29-572-05545-613360,29,572,05545,613360,7.61,17036.0
11-29-572-05545-803163,29,572,05545,803163,5.0,44260.0
11-29-572-99999-803162,29,572,05542,803162,318.26044,23723.0
11-29-572-99999-803162,29,572,05543,613062,6.47,10178.0
11-29-572-99999-803162,29,572,99999,803162,740.64,8443675.0
11-29-572-99999-803162,29,572,05542,612951,3.36,12563.0
11-29-572-99999-803162,29,572,05543,613063,3.38,20622.0
11-29-572-99999-803162,29,572,05542,612950,2.28,14409.0
11-29-572-99999-803162,29,572,05544,803162,185.83276,8143.0
11-29-572-99999-803162,29,572,05543,803162,188.26408,19951.0
11-29-573-05546-803164,29,573,05546,803164,4.26,25946.0
11-29-573-05547-803165,29,573,05547,803165,2.52,17776.0
11-29-573-05548-803166,29,573,05548,803166,3.68,20399.0
11-29-573-05549-614310,29,573,05549,614310,6.13,9074.0
11-29-573-05549-803167,29,573,05549,803167,11.62,25061.0
11-29-573-05550-803168,29,573,05550,803168,16.89,137358.0
11-29-573-05551-614653,29,573,05551,614653,1.97,6393.0
11-29-573-05551-803169,29,573,05551,803169,6.32,28754.0
11-29-573-05552-803170,29,573,05552,803170,3.29,37601.0
11-29-574-05553-803171,29,574,05553,803171,4.69,23352.0
11-29-574-05554-803172,29,574,05554,803172,4.56,22484.0
11-29-574-05555-803173,29,574,05555,803173,11.1344,53216.0
11-29-574-05556-616227,29,574,05556,616227,1.69,4476.0
11-29-574-05556-616228,29,574,05556,616228,2.41,18002.0
11-29-574-05556-803174,29,574,05556,803174,31.2183,155006.0
11-29-574-05557-803175,29,574,05557,803175,1.59,6541.0
11-29-574-05558-803176,29,574,05558,803176,2.37,16810.0
11-29-574-05559-803177,29,574,05559,803177,3.46,29974.0
11-29-574-05560-617422,29,574,05560,617422,7.6,6485.0
11-29-574-05560-803178,29,574,05560,803178,10.5,40417.0
11-29-575-05561-617499,29,575,05561,617499,11.94,7237.0
11-29-575-05561-617500,29,575,05561,617500,7.23,9701.0
11-29-575-05561-617501,29,575,05561,617501,5.32,7433.0
11-29-575-05561-617502,29,575,05561,617502,6.68,5338.0
11-29-575-05561-617503,29,575,05561,617503,8.96,5592.0
11-29-575-05561-617504,29,575,05561,617504,9.15,5686.0
11-29-575-05561-617505,29,575,05561,617505,8.02,7062.0
11-29-575-05561-617506,29,575,05561,617506,5.94,8155.0
11-29-575-05561-617508,29,575,05561,617508,4.5,5426.0
11-29-575-05561-617509,29,575,05561,617509,8.07,5858.0
11-29-575-05561-617511,29,575,05561,617511,4.89,7034.0
11-29-575-05561-617512,29,575,05561,617512,4.01,5077.0
11-29-575-05561-617513,29,575,05561,617513,6.17,6814.0
11-29-575-05561-617514,29,575,05561,617514,10.39,11368.0
11-29-575-05561-617515,29,575,05561,617515,3.63,6452.0
11-29-575-05561-617516,29,575,05561,617516,4.37,8919.0
11-29-575-05561-617517,29,575,05561,617517,8.35,24066.0
11-29-575-05561-617518,29,575,05561,617518,10.15,16505.0
11-29-575-05561-617519,29,575,05561,617519,6.14,9532.0
11-29-575-05561-617520,29,575,05561,617520,5.62,10401.0
11-29-575-05561-803179,29,575,05561,803179,10.1,17274.0
11-29-575-05561-803180,29,575,05561,803180,40.51,29431.0
11-29-575-05561-803181,29,575,05561,617510,8.1442,5503.0
11-29-575-05561-803181,29,575,05561,803181,151.8699,499487.0
11-29-575-05561-803182,29,575,05561,803182,11.11,53773.0
11-29-575-05562-617597,29,575,05562,617597,6.55,4698.0
11-29-575-05562-617598,29,575,05562,617598,6.84,13533.0
11-29-575-05562-617599,29,575,05562,617599,5.34,6230.0
11-29-575-05562-617600,29,575,05562,617600,3.79,5847.0
11-29-575-05562-617601,29,575,05562,617601,7.05,8864.0
11-29-575-05562-617602,29,575,05562,617602,10.72,7800.0
11-29-575-05562-617603,29,575,05562,617603,9.57,5365.0
11-29-575-05562-617604,29,575,05562,617604,6.93,5788.0
11-29-575-05562-617605,29,575,05562,617605,20.37,17618.0
11-29-575-05562-803183,29,575,05562,803183,28.14,40155.0
11-29-575-05563-617685,29,575,05563,617685,8.69,7041.0
11-29-575-05563-803184,29,575,05563,803184,8.87,7746.0
11-29-575-05564-617752,29,575,05564,617752,9.77,7813.0
11-29-575-05564-803185,29,575,05564,803185,35.08,53061.0
11-29-575-05565-803186,29,575,05565,803186,17.13,19958.0
11-29-576-05566-803187,29,576,05566,803187,15.92,33381.0
11-29-576-05567-803188,29,576,05567,803188,1.33,6729.0
11-29-576-05567-803189,29,576,05567,803189,3.26,15326.0
11-29-576-05568-618089,29,576,05568,618089,3.26,8306.0
11-29-576-05568-803190,29,576,05568,803190,2.83,17246.0
11-29-577-05569-803191,29,577,05569,803191,5.99,16685.0
11-29-577-05570-803192,29,577,05570,803192,11.76,50865.0
11-29-577-05571-803193,29,577,05571,803193,8.6,35805.0
11-29-577-05572-618825,29,577,05572,618825,8.93,9826.0
11-29-577-05572-618826,29,577,05572,618826,6.89,7065.0
11-29-577-05572-618828,29,577,05572,618828,1.99,8605.0
11-29-577-05572-618830,29,577,05572,618830,4.73,9041.0
11-29-577-05572-618831,29,577,05572,618831,3.77,11234.0
11-29-577-05572-618832,29,577,05572,618832,7.8,6436.0
11-29-577-05572-803194,29,577,05572,618827,3.44,18308.0
11-29-577-05572-803194,29,577,05572,618829,5.16,23162.0
11-29-577-05572-803194,29,577,05572,803194,112.81,920550.0
11-29-577-05573-803195,29,577,05573,803195,1.89,14313.0
11-29-577-05573-803196,29,577,05573,803196,0.59,11425.0
11-29-577-05574-803197,29,577,05574,803197,14.08,50598.0
11-29-577-05575-619441,29,577,05575,619441,2.33,5343.0
11-29-577-05575-619442,29,577,05575,619442,2.92,14276.0
11-29-577-05575-803198,29,577,05575,803198,3.09,21896.0
11-29-577-05575-803199,29,577,05575,803199,1.0,9980.0
11-29-578-05576-803200,29,578,05576,803200,7.86,28105.0
11-29-578-05577-803201,29,578,05577,803201,18.76,69875.0
11-29-578-05578-803202,29,578,05578,803202,0.43,8779.0
11-29-578-05579-803203,29,578,05579,803203,27.56,57149.0
11-29-578-05579-803204,29,578,05579,803204,11.02,11066.0
11-29-579-05580-803205,29,579,05580,803205,14.73,42371.0
11-29-579-05581-803206,29,579,05581,803206,2.84,27088.0
11-29-579-05582-803207,29,579,05582,803207,64.48,543147.0
11-29-579-05583-803208,29,579,05583,803208,9.84,20897.0
11-29-579-05584-620588,29,579,05584,620588,11.91,6472.0
11-29-579-05584-803209,29,579,05584,803209,24.43,39341.0
11-29-579-05585-803210,29,579,05585,803210,74.4,31299.0
11-29-579-05585-803211,29,579,05585,803211,7.85,13680.0
11-29-579-05585-803212,29,579,05585,803212,8.7,47582.0
11-29-579-05585-803213,29,579,05585,803213,20.607,37988.0
11-29-579-05586-803214,29,579,05586,803214,10.18,25686.0
11-29-580-05587-803215,29,580,05587,803215,13.32,51398.0
11-29-580-05588-621224,29,580,05588,621224,0.53,7544.0
11-29-580-05588-803216,29,580,05588,803216,25.16,8029.0
11-29-580-05588-803217,29,580,05588,803217,39.65,53366.0
11-29-580-05589-621388,29,580,05589,621388,4.88,5432.0
11-29-580-05589-803218,29,580,05589,803218,2.34,20614.0
11-29-580-05589-803219,29,580,05589,803219,14.95,74294.0
11-29-581-05590-803220,29,581,05590,803220,1.84,26793.0
11-29-581-05591-803221,29,581,05591,803221,18.3,138462.0
11-29-581-05592-803222,29,581,05592,803222,9.26,40050.0
11-29-581-05593-622843,29,581,05593,622843,8.2,10413.0
11-29-581-05593-803223,29,581,05593,803223,5.14,44849.0
11-29-581-05593-803224,29,581,05593,803224,59.75,162230.0
11-29-581-05594-803225,29,581,05594,803225,18.46,57276.0
11-29-582-05595-623430,29,582,05595,623430,13.4989,9930.0
11-29-582-05595-803226,29,582,05595,803226,7.01,37947.0
11-29-582-05596-803227,29,582,05596,803227,9.2,63652.0
11-29-582-05597-803228,29,582,05597,803228,0.64,9441.0
11-29-582-05598-624015,29,582,05598,624015,6.53,5911.0
11-29-582-05598-803229,29,582,05598,803229,2.31,27011.0
11-29-582-05599-803230,29,582,05599,803230,3.57,51159.0
11-29-582-05600-803231,29,582,05600,803231,14.57,76068.0
11-29-583-05601-624949,29,583,05601,624949,5.4,10567.0
11-29-583-05601-803232,29,583,05601,803232,2.85,37232.0
11-29-583-05602-625246,29,583,05602,625246,1.95,7943.0
11-29-583-05602-803233,29,583,05602,803233,13.48,93105.0
11-29-583-05603-803234,29,583,05603,803234,14.55,34866.0
11-29-583-05603-803235,29,583,05603,803235,15.94,28051.0
11-29-583-05604-803236,29,583,05604,803236,14.28,56980.0
11-29-584-05605-626046,29,584,05605,626046,7.71,9114.0
11-29-584-05605-803237,29,584,05605,803237,4.98,27605.0
11-29-584-05606-626186,29,584,05606,626186,1.74,9917.0
11-29-584-05606-803238,29,584,05606,803238,12.39,95167.0
11-29-584-05607-803239,29,584,05607,803239,8.42,71942.0
11-29-584-05608-803240,29,584,05608,803240,7.2,54014.0
11-30-585-05609-626658,30,585,05609,626658,9.66,5322.0
11-30-585-05609-626659,30,585,05609,626659,19.59,8336.0
11-30-585-05609-626660,30,585,05609,626660,10.44,4627.0
11-30-585-05609-626661,30,585,05609,626661,9.97,6760.0
11-30-585-05609-803241,30,585,05609,803241,2.52,5021.0
11-30-585-05610-626690,30,585,05610,626690,12.22,10936.0
11-30-585-05610-626691,30,585,05610,626691,10.72,4818.0
11-30-585-05610-626692,30,585,05610,626692,3.89,4299.0
11-30-585-05610-626693,30,585,05610,626693,4.03,5036.0
11-30-585-05610-626694,30,585,05610,626694,13.0,9636.0
11-30-585-05610-626695,30,585,05610,626695,11.72,13810.0
11-30-585-05610-626696,30,585,05610,626696,5.86,6280.0
11-30-585-05610-626697,30,585,05610,626697,6.96,8500.0
11-30-585-05610-626698,30,585,05610,626698,9.85,5042.0
11-30-585-05610-626699,30,585,05610,626699,7.61,8053.0
11-30-585-05610-626700,30,585,05610,626700,6.54,5827.0
11-30-585-05610-626701,30,585,05610,626701,5.42,15342.0
11-30-585-05610-626702,30,585,05610,626702,11.59,6373.0
11-30-585-05610-626703,30,585,05610,626703,12.5,12908.0
11-30-585-05610-626704,30,585,05610,626704,8.04,6270.0
11-30-585-05610-803242,30,585,05610,803242,11.32,39989.0
11-30-585-05611-626727,30,585,05611,626727,8.3,4134.0
11-30-585-05611-626728,30,585,05611,626728,2.4,4917.0
11-30-585-05611-626729,30,585,05611,626729,5.7,6568.0
11-30-585-05611-626730,30,585,05611,626730,3.3,15289.0
11-30-585-05611-626732,30,585,05611,626732,9.8,14077.0
11-30-585-05611-626733,30,585,05611,626733,7.6,6885.0
11-30-585-05611-626734,30,585,05611,626734,10.1,4322.0
11-30-585-05611-626735,30,585,05611,626735,2.6,4970.0
11-30-585-05611-803243,30,585,05611,803243,53.7,70991.0
11-30-585-05611-803243,30,585,05611,626731,1.9,7517.0
11-30-585-05612-626763,30,585,05612,626763,8.6,5500.0
11-30-585-05612-626764,30,585,05612,626764,13.5,6043.0
11-30-585-05612-803244,30,585,05612,803244,14.5,16986.0
11-30-585-05612-803245,30,585,05612,803245,14.7,13651.0
11-30-585-05613-626842,30,585,05613,626842,7.93,5863.0
11-30-585-05613-803246,30,585,05613,803246,11.7,8532.0
11-30-585-05614-626865,30,585,05614,626865,8.52,5354.0
11-30-585-05614-626866,30,585,05614,626866,3.5,4602.0
11-30-585-05614-626867,30,585,05614,626867,12.5,6215.0
11-30-585-05614-626868,30,585,05614,626868,13.92,8164.0
11-30-585-05614-626869,30,585,05614,626869,12.3,12722.0
11-30-585-05614-626870,30,585,05614,626870,7.7,16385.0
11-30-585-05614-626871,30,585,05614,626871,5.4,6852.0
11-30-585-05614-626872,30,585,05614,626872,15.3,8257.0
11-30-585-05614-626873,30,585,05614,626873,25.4,12436.0
11-30-585-05614-803247,30,585,05614,803247,5.2,22664.0
11-30-586-05615-626885,30,586,05615,626885,12.19,6933.0
11-30-586-05615-626886,30,586,05615,626886,23.48,21923.0
11-30-586-05615-626887,30,586,05615,626887,8.33,9080.0
11-30-586-05615-803248,30,586,05615,803248,27.36,94393.0
11-30-586-05616-626923,30,586,05616,626923,15.0,6632.0
11-30-586-05616-626924,30,586,05616,626924,11.0,9288.0
11-30-586-05616-626925,30,586,05616,626925,15.0,10706.0
11-30-586-05616-626926,30,586,05616,626926,17.36,12886.0
11-30-586-05616-626927,30,586,05616,626927,12.2,10229.0
11-30-586-05616-626928,30,586,05616,626928,3.3,15350.0
11-30-586-05616-626929,30,586,05616,626929,1.7,6511.0
11-30-586-05616-626930,30,586,05616,626930,5.3,12323.0
11-30-586-05616-626931,30,586,05616,626931,10.2,11919.0
11-30-586-05616-626932,30,586,05616,626932,8.2,5439.0
11-30-586-05616-626933,30,586,05616,626933,9.2,6908.0
11-30-586-05616-803249,30,586,05616,803249,15.1,87650.0
11-30-586-05616-803250,30,586,05616,803250,28.7,16623.0
11-30-586-05617-626969,30,586,05617,626969,10.0,7434.0
11-30-586-05617-803251,30,586,05617,803251,14.1,14795.0
11-30-586-05617-803252,30,586,05617,803252,22.6,22730.0
11-30-586-05618-627021,30,586,05618,627021,5.1,5103.0
11-30-586-05618-803253,30,586,05618,803253,4.9,6444.0
11-30-586-05619-803254,30,586,05619,803254,18.7,12434.0
11-31-587-05620-627030,31,587,05620,627030,2.59,7661.0
11-31-587-05624-627034,31,587,05624,627034,3.12,5404.0
11-31-587-05625-627038,31,587,05625,627038,3.63,11210.0
11-31-587-05627-627046,31,587,05627,627046,4.84,11191.0
11-31-587-05628-627054,31,587,05628,627054,2.79,4419.0
11-31-587-05629-627056,31,587,05629,627056,4.4,10447.0
11-32-588-05630-627121,32,588,05630,627121,12.65,13633.0
11-32-588-05630-627122,32,588,05630,627122,3.98,8742.0
11-32-588-05630-627123,32,588,05630,627123,2.55,5179.0
11-32-588-05630-627124,32,588,05630,627124,2.8,5791.0
11-32-588-05630-627125,32,588,05630,627125,5.45,11542.0
11-32-588-05630-627126,32,588,05630,627126,8.23,12790.0
11-32-588-05630-627127,32,588,05630,627127,4.0,5277.0
11-32-588-05630-627128,32,588,05630,627128,13.43,18121.0
11-32-588-05630-627129,32,588,05630,627129,4.19,8912.0
11-32-588-05630-627130,32,588,05630,627130,8.4,14271.0
11-32-588-05630-627131,32,588,05630,627131,5.5,7630.0
11-32-588-05630-627132,32,588,05630,627132,10.82,12685.0
11-32-588-05630-627133,32,588,05630,627133,10.87,26235.0
11-32-588-05630-627134,32,588,05630,627134,9.07,15588.0
11-32-588-05630-627135,32,588,05630,627135,8.3,14323.0
11-32-588-05630-803255,32,588,05630,803255,16.69,54172.0
11-32-588-05631-627165,32,588,05631,627165,12.31,12804.0
11-32-588-05631-627166,32,588,05631,627166,4.53,8115.0
11-32-588-05631-627167,32,588,05631,627167,6.34,14334.0
11-32-588-05631-627168,32,588,05631,627168,4.48,9735.0
11-32-588-05631-627169,32,588,05631,627169,14.56,33079.0
11-32-588-05631-627171,32,588,05631,627171,7.13,9676.0
11-32-588-05631-627172,32,588,05631,627172,2.83,4683.0
11-32-588-05631-627173,32,588,05631,627173,9.02,18210.0
11-32-588-05631-627174,32,588,05631,627174,18.16,22991.0
11-32-588-05631-803256,32,588,05631,803256,70.47,125564.0
11-32-588-05631-803256,32,588,05631,627170,13.61,14965.0
11-32-589-05632-627209,32,589,05632,627209,11.33,13498.0
11-32-589-05632-627210,32,589,05632,627210,32.68,20405.0
11-32-589-05632-627211,32,589,05632,627211,26.26,18641.0
11-32-589-05632-627212,32,589,05632,627212,11.28,13820.0
11-32-589-05632-627213,32,589,05632,627213,20.9,13244.0
11-32-589-05632-627214,32,589,05632,627214,12.77,12490.0
11-32-589-05632-627215,32,589,05632,627215,10.89,17095.0
11-32-589-05632-627216,32,589,05632,627216,8.56,10848.0
11-32-589-05632-627217,32,589,05632,627217,14.02,12681.0
11-32-589-05632-803257,32,589,05632,803257,54.63,72111.0
11-32-589-05632-803258,32,589,05632,803258,43.08,72465.0
11-32-589-05633-627220,32,589,05633,627220,15.34,18965.0
11-32-589-05633-627221,32,589,05633,627221,32.17,29348.0
11-32-589-05633-627222,32,589,05633,627222,18.08,10430.0
11-32-589-05633-627223,32,589,05633,627223,18.9,19261.0
11-32-589-05633-627224,32,589,05633,627224,17.08,35888.0
11-32-589-05633-627225,32,589,05633,627225,15.33,16111.0
11-32-589-05633-627226,32,589,05633,627226,14.34,18459.0
11-32-589-05633-627227,32,589,05633,627227,8.29,13092.0
11-32-589-05633-627228,32,589,05633,627228,15.22,35134.0
11-32-589-05633-627229,32,589,05633,627229,15.74,31122.0
11-32-589-05633-627230,32,589,05633,627230,8.54,22128.0
11-32-589-05633-627231,32,589,05633,627231,7.44,25195.0
11-32-589-05633-627232,32,589,05633,627232,2.03,7955.0
11-32-589-05633-627233,32,589,05633,627233,13.48,45601.0
11-32-589-05633-627234,32,589,05633,627234,8.93,13677.0
11-32-589-05633-627235,32,589,05633,627235,12.29,21676.0
11-32-589-05633-627236,32,589,05633,627236,8.13,15353.0
11-32-589-05633-627237,32,589,05633,627237,9.81,17008.0
11-32-589-05633-627238,32,589,05633,627238,9.1,35212.0
11-32-589-05633-627239,32,589,05633,627239,6.84,27820.0
11-32-589-05633-627240,32,589,05633,627240,11.53,33853.0
11-32-589-05633-627241,32,589,05633,627241,11.35,20952.0
11-32-589-05633-627242,32,589,05633,627242,15.45,23030.0
11-32-589-05633-627243,32,589,05633,627243,11.77,17231.0
11-32-589-05633-627244,32,589,05633,627244,9.29,17088.0
11-32-589-05633-627245,32,589,05633,627245,18.37,40818.0
11-32-589-05633-627246,32,589,05633,627246,7.94,18979.0
11-32-589-05633-627247,32,589,05633,627247,8.6,12286.0
11-32-589-05633-627248,32,589,05633,627248,10.76,16821.0
11-32-589-05633-627249,32,589,05633,627249,7.19,23709.0
11-32-589-05633-803259,32,589,05633,803259,11.03,56823.0
11-32-589-05633-803260,32,589,05633,803260,1.79,4798.0
11-32-589-05634-627272,32,589,05634,627272,16.85,15236.0
11-32-589-05634-627273,32,589,05634,627273,29.02,20440.0
11-32-589-05634-627274,32,589,05634,627274,15.08,20598.0
11-32-589-05634-627275,32,589,05634,627275,13.01,18008.0
11-32-589-05634-627276,32,589,05634,627276,16.38,18627.0
11-32-589-05634-627277,32,589,05634,627277,16.93,16025.0
11-32-589-05634-627278,32,589,05634,627278,17.06,14667.0
11-32-589-05634-627279,32,589,05634,627279,8.43,19176.0
11-32-589-05634-627280,32,589,05634,627280,10.41,16905.0
11-32-589-05634-627281,32,589,05634,627281,9.63,16801.0
11-32-589-05634-627282,32,589,05634,627282,10.66,30804.0
11-32-589-05634-627283,32,589,05634,627283,10.08,25818.0
11-32-589-05634-627284,32,589,05634,627284,12.3,31087.0
11-32-589-05634-627285,32,589,05634,627285,12.67,20161.0
11-32-589-05634-627286,32,589,05634,627286,10.53,19684.0
11-32-589-05634-627287,32,589,05634,627287,14.11,19817.0
11-32-589-05634-627288,32,589,05634,627288,8.54,17438.0
11-32-589-05634-627289,32,589,05634,627289,10.02,22308.0
11-32-589-05634-627290,32,589,05634,627290,3.66,10986.0
11-32-589-05634-627291,32,589,05634,627291,14.24,33732.0
11-32-589-05634-627292,32,589,05634,627292,20.46,40292.0
11-32-589-05634-803261,32,589,05634,803261,54.32,47078.0
11-32-589-05634-803262,32,589,05634,803262,16.76,29619.0
11-32-589-05634-803263,32,589,05634,803263,23.96,92558.0
11-32-590-05637-803264,32,590,05637,803264,40.74,31580.0
11-32-591-05638-627353,32,591,05638,627353,22.09,14328.0
11-32-591-05638-627354,32,591,05638,627354,24.48,24246.0
11-32-591-05638-627355,32,591,05638,627355,15.45,23421.0
11-32-591-05638-627356,32,591,05638,627356,10.59,18031.0
11-32-591-05638-627357,32,591,05638,627357,20.44,40230.0
11-32-591-05638-627358,32,591,05638,627358,16.18,26819.0
11-32-591-05638-627359,32,591,05638,627359,19.06,34658.0
11-32-591-05638-627360,32,591,05638,627360,9.77,30023.0
11-32-591-05638-627361,32,591,05638,627361,13.41,38245.0
11-32-591-05638-627362,32,591,05638,627362,20.81,26293.0
11-32-591-05638-627363,32,591,05638,627363,16.08,21169.0
11-32-591-05638-627364,32,591,05638,627364,17.35,34502.0
11-32-591-05638-627365,32,591,05638,627365,11.97,18141.0
11-32-591-05638-627366,32,591,05638,627366,19.07,21820.0
11-32-591-05638-803265,32,591,05638,803265,21.32,75295.0
11-32-591-05639-627386,32,591,05639,627386,12.63,25894.0
11-32-591-05639-627387,32,591,05639,627387,15.13,17016.0
11-32-591-05639-627388,32,591,05639,627388,8.24,11389.0
11-32-591-05639-627389,32,591,05639,627389,10.99,15768.0
11-32-591-05639-627390,32,591,05639,627390,10.58,13922.0
11-32-591-05639-627391,32,591,05639,627391,12.83,14007.0
11-32-591-05639-627392,32,591,05639,627392,10.48,14176.0
11-32-591-05639-627393,32,591,05639,627393,14.14,27051.0
11-32-591-05639-627394,32,591,05639,627394,13.69,15116.0
11-32-591-05639-627395,32,591,05639,627395,22.2,25979.0
11-32-591-05639-627396,32,591,05639,627396,11.22,14347.0
11-32-591-05639-627397,32,591,05639,627397,22.44,27363.0
11-32-591-05639-627398,32,591,05639,627398,25.89,32509.0
11-32-591-05639-627399,32,591,05639,627399,16.76,34819.0
11-32-591-05639-627400,32,591,05639,627400,21.06,28213.0
11-32-591-05639-803266,32,591,05639,803266,29.05,71873.0
11-32-591-05640-627421,32,591,05640,627421,23.09,27316.0
11-32-591-05640-627422,32,591,05640,627422,23.91,40697.0
11-32-591-05640-627423,32,591,05640,627423,17.43,29388.0
11-32-591-05640-627425,32,591,05640,627425,17.98,34241.0
11-32-591-05640-627427,32,591,05640,627427,28.48,29872.0
11-32-591-05640-627428,32,591,05640,627428,19.73,25116.0
11-32-591-05640-627429,32,591,05640,627429,20.29,29781.0
11-32-591-05640-627430,32,591,05640,627430,15.76,27598.0
11-32-591-05640-627431,32,591,05640,627431,10.62,25929.0
11-32-591-05640-627432,32,591,05640,627432,11.32,43895.0
11-32-591-05640-627433,32,591,05640,627433,10.11,24537.0
11-32-591-05640-627434,32,591,05640,627434,16.5,35460.0
11-32-591-05640-627435,32,591,05640,627435,11.71,35937.0
11-32-591-05640-627436,32,591,05640,627436,10.31,61614.0
11-32-591-05640-627438,32,591,05640,627438,5.88,21952.0
11-32-591-05640-627439,32,591,05640,627439,7.6,32122.0
11-32-591-05640-803267,32,591,05640,627437,10.41,69752.0
11-32-591-05640-803267,32,591,05640,803267,124.57,550440.0
11-32-591-05640-803267,32,591,05640,627426,24.41,47396.0
11-32-591-05640-803267,32,591,05640,627424,18.64,42866.0
11-32-592-05641-627465,32,592,05641,627465,15.0,22062.0
11-32-592-05641-627466,32,592,05641,627466,23.78,36909.0
11-32-592-05641-627467,32,592,05641,627467,14.51,30126.0
11-32-592-05641-627468,32,592,05641,627468,10.86,28794.0
11-32-592-05641-803268,32,592,05641,803268,53.1,97102.0
11-32-592-05641-803269,32,592,05641,803269,58.2,101386.0
11-32-592-05642-627488,32,592,05642,627488,30.79,46366.0
11-32-592-05643-627509,32,592,05643,627509,20.89,36602.0
11-32-592-05643-627510,32,592,05643,627510,23.15,45459.0
11-32-592-05643-803270,32,592,05643,803270,34.41,49723.0
11-32-592-05644-627527,32,592,05644,627527,20.45,44382.0
11-32-592-05644-627528,32,592,05644,627528,11.88,27278.0
11-32-592-05644-627529,32,592,05644,627529,9.16,25855.0
11-32-592-05644-627530,32,592,05644,627530,14.65,47976.0
11-32-592-05644-627531,32,592,05644,627531,11.26,31212.0
11-32-592-05644-627532,32,592,05644,627532,21.9,40318.0
11-32-592-05644-627533,32,592,05644,627533,16.04,35820.0
11-32-592-05644-627534,32,592,05644,627534,20.67,41167.0
11-32-592-05644-627535,32,592,05644,627535,11.01,24790.0
11-32-592-05644-627536,32,592,05644,627536,14.89,21273.0
11-32-592-05644-627537,32,592,05644,627537,16.42,25750.0
11-32-592-05644-627538,32,592,05644,627538,24.06,30635.0
11-32-592-05644-803271,32,592,05644,803271,16.55,56058.0
11-32-592-05645-627541,32,592,05645,627541,15.8,34149.0
11-32-592-05645-627542,32,592,05645,627542,25.73,46962.0
11-32-592-05645-627543,32,592,05645,627543,17.32,32045.0
11-32-592-05645-627544,32,592,05645,627544,11.89,22558.0
11-32-592-05645-627545,32,592,05645,627545,22.4,55535.0
11-32-592-05645-627546,32,592,05645,627546,18.91,34941.0
11-32-592-05645-627547,32,592,05645,627547,28.24,41260.0
11-32-592-05645-627548,32,592,05645,627548,21.63,29157.0
11-32-592-05645-627549,32,592,05645,627549,17.28,39139.0
11-32-592-05645-627550,32,592,05645,627550,15.11,36270.0
11-32-592-05645-627551,32,592,05645,627551,18.66,48600.0
11-32-592-05645-627552,32,592,05645,627552,14.83,41993.0
11-32-592-05645-627553,32,592,05645,627553,17.73,56632.0
11-32-592-05645-627554,32,592,05645,627554,14.81,35996.0
11-32-592-05645-627555,32,592,05645,627555,18.35,40543.0
11-32-592-05645-627556,32,592,05645,627556,22.46,56546.0
11-32-592-05646-627562,32,592,05646,627562,16.89,25872.0
11-32-592-05646-627563,32,592,05646,627563,22.22,32550.0
11-32-592-05646-627564,32,592,05646,627564,20.48,33918.0
11-32-592-05646-627565,32,592,05646,627565,20.4,35011.0
11-32-592-05646-803272,32,592,05646,803272,24.82,90491.0
11-32-593-05647-627596,32,593,05647,627596,16.37,26273.0
11-32-593-05647-627597,32,593,05647,627597,15.31,16998.0
11-32-593-05647-627598,32,593,05647,627598,15.84,28632.0
11-32-593-05647-627599,32,593,05647,627599,19.95,24861.0
11-32-593-05647-627600,32,593,05647,627600,21.78,27796.0
11-32-593-05647-627601,32,593,05647,627601,20.04,16085.0
11-32-593-05647-627602,32,593,05647,627602,15.23,12855.0
11-32-593-05647-803273,32,593,05647,803273,32.28,43533.0
11-32-593-05647-803274,32,593,05647,803274,32.66,53792.0
11-32-593-05648-627627,32,593,05648,627627,33.01,34839.0
11-32-593-05649-627649,32,593,05649,627649,19.04,28592.0
11-32-593-05649-627650,32,593,05649,627650,22.95,16629.0
11-32-593-05649-627651,32,593,05649,627651,20.62,20140.0
11-32-593-05649-627653,32,593,05649,627653,18.69,41359.0
11-32-593-05649-803275,32,593,05649,627652,9.52,24963.0
11-32-593-05649-803275,32,593,05649,803275,26.6,130955.0
11-32-593-05649-803275,32,593,05649,627648,5.9,30895.0
11-32-593-05650-627683,32,593,05650,627683,8.1,17892.0
11-32-593-05650-803276,32,593,05650,627682,11.47,20703.0
11-32-593-05650-803276,32,593,05650,803276,14.71,32298.0
11-32-593-05651-627713,32,593,05651,627713,19.62,26720.0
11-32-594-05652-627756,32,594,05652,627756,12.29,13236.0
11-32-594-05652-627757,32,594,05652,627757,7.54,13828.0
11-32-594-05652-627758,32,594,05652,627758,12.91,12399.0
11-32-594-05652-627759,32,594,05652,627759,8.48,8355.0
11-32-594-05652-627760,32,594,05652,627760,8.73,12912.0
11-32-594-05652-627761,32,594,05652,627761,8.73,11836.0
11-32-594-05652-627762,32,594,05652,627762,8.14,14067.0
11-32-594-05652-627763,32,594,05652,627763,6.66,13656.0
11-32-594-05652-627764,32,594,05652,627764,6.87,5994.0
11-32-594-05652-627765,32,594,05652,627765,6.65,6727.0
11-32-594-05652-627766,32,594,05652,627766,5.87,5936.0
11-32-594-05652-627767,32,594,05652,627767,5.24,7553.0
11-32-594-05652-627768,32,594,05652,627768,3.79,7528.0
11-32-594-05652-627769,32,594,05652,627769,7.12,9584.0
11-32-594-05652-627770,32,594,05652,627770,14.98,15674.0
11-32-594-05652-627771,32,594,05652,627771,5.47,6363.0
11-32-594-05652-627772,32,594,05652,627772,6.37,6727.0
11-32-594-05652-627773,32,594,05652,627773,7.82,11060.0
11-32-594-05652-627774,32,594,05652,627774,5.12,5847.0
11-32-594-05652-627775,32,594,05652,627775,4.82,6503.0
11-32-594-05652-627776,32,594,05652,627776,8.64,12502.0
11-32-594-05652-627777,32,594,05652,627777,6.52,9789.0
11-32-594-05652-627778,32,594,05652,627778,12.06,13928.0
11-32-594-05652-627779,32,594,05652,627779,6.64,7672.0
11-32-594-05652-627780,32,594,05652,627780,4.23,5577.0
11-32-594-05652-627781,32,594,05652,627781,4.12,6120.0
11-32-594-05652-627782,32,594,05652,627782,5.42,10145.0
11-32-594-05652-627783,32,594,05652,627783,7.3,9807.0
11-32-594-05652-627784,32,594,05652,627784,8.42,14645.0
11-32-594-05652-803277,32,594,05652,803277,34.18,54071.0
11-32-594-05653-627792,32,594,05653,627792,9.03,19147.0
11-32-594-05653-627793,32,594,05653,627793,9.04,14221.0
11-32-594-05653-627794,32,594,05653,627794,8.19,15811.0
11-32-594-05653-627795,32,594,05653,627795,9.35,19387.0
11-32-594-05653-627796,32,594,05653,627796,7.25,17335.0
11-32-594-05653-627797,32,594,05653,627797,5.26,10298.0
11-32-594-05653-627799,32,594,05653,627799,4.1,12343.0
11-32-594-05653-627800,32,594,05653,627800,5.05,12072.0
11-32-594-05653-627801,32,594,05653,627801,6.02,14064.0
11-32-594-05653-627802,32,594,05653,627802,4.35,9127.0
11-32-594-05653-627803,32,594,05653,627803,3.73,6594.0
11-32-594-05653-627804,32,594,05653,627804,5.67,14390.0
11-32-594-05653-627805,32,594,05653,627805,10.61,12819.0
11-32-594-05653-627806,32,594,05653,627806,4.12,12299.0
11-32-594-05653-627807,32,594,05653,627807,5.32,8377.0
11-32-594-05653-627808,32,594,05653,627808,7.12,12165.0
11-32-594-05653-627809,32,594,05653,627809,7.51,11335.0
11-32-594-05653-627810,32,594,05653,627810,14.6,30657.0
11-32-594-05653-627811,32,594,05653,627811,10.89,25507.0
11-32-594-05653-803278,32,594,05653,803278,12.41,20510.0
11-32-594-05653-803278,32,594,05653,627798,4.96,9366.0
11-32-594-05653-803279,32,594,05653,803279,7.48,39098.0
11-32-594-05654-627825,32,594,05654,627825,21.22,20339.0
11-32-594-05654-627826,32,594,05654,627826,5.11,4587.0
11-32-594-05654-627827,32,594,05654,627827,5.09,7879.0
11-32-594-05654-627828,32,594,05654,627828,6.36,10860.0
11-32-594-05654-627829,32,594,05654,627829,4.73,7179.0
11-32-594-05654-627830,32,594,05654,627830,3.66,7454.0
11-32-594-05654-627831,32,594,05654,627831,6.93,8039.0
11-32-594-05654-627832,32,594,05654,627832,8.76,13260.0
11-32-594-05654-627833,32,594,05654,627833,3.28,5441.0
11-32-594-05654-627834,32,594,05654,627834,4.64,7848.0
11-32-594-05654-627835,32,594,05654,627835,5.6,11540.0
11-32-594-05654-627836,32,594,05654,627836,3.18,4081.0
11-32-594-05654-627837,32,594,05654,627837,4.9,6167.0
11-32-594-05654-627838,32,594,05654,627838,6.38,12179.0
11-32-594-05654-627839,32,594,05654,627839,4.83,8609.0
11-32-594-05654-627840,32,594,05654,627840,6.33,10655.0
11-32-594-05654-627841,32,594,05654,627841,4.93,6988.0
11-32-594-05654-627842,32,594,05654,627842,6.91,5721.0
11-32-594-05654-627843,32,594,05654,627843,4.28,9918.0
11-32-594-05654-627844,32,594,05654,627844,6.38,7344.0
11-32-594-05654-627845,32,594,05654,627845,2.38,11969.0
11-32-594-05654-627846,32,594,05654,627846,4.96,9093.0
11-32-594-05654-627847,32,594,05654,627847,7.23,15129.0
11-32-594-05654-627848,32,594,05654,627848,10.99,17757.0
11-32-594-05654-627849,32,594,05654,627849,5.24,4447.0
11-32-594-05654-627850,32,594,05654,627850,5.81,11602.0
11-32-594-05654-627851,32,594,05654,627851,4.96,7150.0
11-32-594-05654-627852,32,594,05654,627852,6.91,15817.0
11-32-594-05654-627853,32,594,05654,627853,15.44,17430.0
11-32-594-05654-627854,32,594,05654,627854,4.69,13983.0
11-32-594-05654-627855,32,594,05654,627855,3.1,7724.0
11-32-594-05654-627856,32,594,05654,627856,2.97,5533.0
11-32-594-05654-627857,32,594,05654,627857,5.03,7655.0
11-32-594-05654-627858,32,594,05654,627858,7.48,9826.0
11-32-594-05654-627859,32,594,05654,627859,5.51,11623.0
11-32-594-05654-627860,32,594,05654,627860,6.09,9585.0
11-32-594-05654-627861,32,594,05654,627861,2.43,4635.0
11-32-594-05654-627862,32,594,05654,627862,7.79,7864.0
11-32-594-05654-627863,32,594,05654,627863,4.72,9187.0
11-32-594-05654-627864,32,594,05654,627864,6.09,16086.0
11-32-594-05654-627865,32,594,05654,627865,6.02,12970.0
11-32-594-05654-627866,32,594,05654,627866,7.01,13149.0
11-32-594-05654-627867,32,594,05654,627867,7.68,14329.0
11-32-594-05654-627868,32,594,05654,627868,3.71,5275.0
11-32-594-05654-627869,32,594,05654,627869,5.3,9743.0
11-32-594-05654-803280,32,594,05654,803280,101.42,315957.0
11-32-594-05655-627873,32,594,05655,627873,9.29,12921.0
11-32-594-05655-627874,32,594,05655,627874,7.35,16404.0
11-32-594-05655-627875,32,594,05655,627875,13.7,35626.0
11-32-594-05655-627876,32,594,05655,627876,9.3,21012.0
11-32-594-05655-627877,32,594,05655,627877,6.36,15336.0
11-32-594-05655-627878,32,594,05655,627878,7.68,15630.0
11-32-594-05655-627879,32,594,05655,627879,7.6,20363.0
11-32-594-05655-627880,32,594,05655,627880,5.45,10493.0
11-32-594-05655-627881,32,594,05655,627881,6.27,7718.0
11-32-594-05655-627882,32,594,05655,627882,11.94,37505.0
11-32-594-05655-627883,32,594,05655,627883,9.44,10478.0
11-32-594-05655-627884,32,594,05655,627884,4.08,4294.0
11-32-594-05655-803281,32,594,05655,803281,26.82,60190.0
11-32-594-05656-627919,32,594,05656,627919,8.5,13093.0
11-32-594-05656-627920,32,594,05656,627920,10.41,18067.0
11-32-594-05656-627921,32,594,05656,627921,18.38,29341.0
11-32-594-05656-627922,32,594,05656,627922,6.41,12615.0
11-32-594-05656-627923,32,594,05656,627923,14.82,11893.0
11-32-594-05656-627924,32,594,05656,627924,11.7,18017.0
11-32-594-05656-627926,32,594,05656,627926,9.91,14155.0
11-32-594-05656-627927,32,594,05656,627927,4.76,7097.0
11-32-594-05656-627930,32,594,05656,627930,10.19,9849.0
11-32-594-05656-627931,32,594,05656,627931,5.92,8146.0
11-32-594-05656-627932,32,594,05656,627932,6.64,10407.0
11-32-594-05656-627933,32,594,05656,627933,9.23,11141.0
11-32-594-05656-627934,32,594,05656,627934,8.38,8823.0
11-32-594-05656-627935,32,594,05656,627935,9.01,15258.0
11-32-594-05656-627936,32,594,05656,627936,2.79,4981.0
11-32-594-05656-627937,32,594,05656,627937,10.13,17618.0
11-32-594-05656-627938,32,594,05656,627938,17.64,25259.0
11-32-594-05656-627939,32,594,05656,627939,10.32,11573.0
11-32-594-05656-627940,32,594,05656,627940,12.5,17480.0
11-32-594-05656-803282,32,594,05656,803282,11.24,28741.0
11-32-594-05656-803282,32,594,05656,627929,7.0,7364.0
11-32-594-05656-803282,32,594,05656,627928,7.82,12656.0
11-32-594-05656-803282,32,594,05656,627925,9.31,16768.0
11-32-594-05656-803283,32,594,05656,803283,25.23,49525.0
11-32-595-05657-627956,32,595,05657,627956,17.29,29339.0
11-32-595-05657-627958,32,595,05657,627958,9.24,23272.0
11-32-595-05657-627959,32,595,05657,627959,10.58,18358.0
11-32-595-05657-627960,32,595,05657,627960,18.07,32697.0
11-32-595-05657-627962,32,595,05657,627962,17.21,22881.0
11-32-595-05657-627963,32,595,05657,627963,28.1,22378.0
11-32-595-05657-803284,32,595,05657,803284,13.61,28110.0
11-32-595-05657-803284,32,595,05657,627957,7.29,16844.0
11-32-595-05657-803284,32,595,05657,627961,6.89,9185.0
11-32-595-05658-627971,32,595,05658,627971,10.32,20380.0
11-32-595-05658-627972,32,595,05658,627972,9.77,18890.0
11-32-595-05658-627973,32,595,05658,627973,7.19,11727.0
11-32-595-05658-627974,32,595,05658,627974,8.27,14933.0
11-32-595-05658-627975,32,595,05658,627975,19.74,29706.0
11-32-595-05658-627976,32,595,05658,627976,15.88,29576.0
11-32-595-05658-627977,32,595,05658,627977,7.13,10791.0
11-32-595-05658-627978,32,595,05658,627978,6.13,10798.0
11-32-595-05658-627979,32,595,05658,627979,34.99,77811.0
11-32-595-05658-627980,32,595,05658,627980,16.8,43207.0
11-32-595-05658-803285,32,595,05658,803285,28.24,33465.0
11-32-595-05658-803286,32,595,05658,803286,6.46,22428.0
11-32-595-05659-627983,32,595,05659,627983,25.51,33372.0
11-32-595-05659-627984,32,595,05659,627984,10.83,29326.0
11-32-595-05659-627985,32,595,05659,627985,9.93,27458.0
11-32-595-05659-627986,32,595,05659,627986,6.48,20571.0
11-32-595-05659-627987,32,595,05659,627987,19.01,29805.0
11-32-595-05659-627988,32,595,05659,627988,15.88,39666.0
11-32-595-05659-627990,32,595,05659,627990,21.0,42922.0
11-32-595-05659-627991,32,595,05659,627991,10.01,26750.0
11-32-595-05659-627992,32,595,05659,627992,10.71,31468.0
11-32-595-05659-803287,32,595,05659,803287,9.02,31503.0
11-32-595-05660-627998,32,595,05660,627998,8.63,23760.0
11-32-595-05660-627999,32,595,05660,627999,8.72,26997.0
11-32-595-05660-628000,32,595,05660,628000,7.06,23717.0
11-32-595-05660-628001,32,595,05660,628001,21.14,42367.0
11-32-595-05661-628008,32,595,05661,628008,12.87,51242.0
11-32-595-05661-628009,32,595,05661,628009,10.8,30594.0
11-32-595-05661-628010,32,595,05661,628010,12.92,16295.0
11-32-595-05661-628011,32,595,05661,628011,19.27,21833.0
11-32-595-05661-628012,32,595,05661,628012,10.49,23160.0
11-32-595-05661-628013,32,595,05661,628013,7.38,9308.0
11-32-595-05661-628014,32,595,05661,628014,5.3,13348.0
11-32-595-05661-628015,32,595,05661,628015,12.35,44704.0
11-32-595-05661-628016,32,595,05661,628016,20.79,29193.0
11-32-595-05661-628017,32,595,05661,628017,24.86,39538.0
11-32-595-05661-628018,32,595,05661,628018,21.48,25852.0
11-32-595-05661-628019,32,595,05661,628019,10.82,11358.0
11-32-595-05661-803288,32,595,05659,803288,6.36,23155.0
11-32-595-05661-803288,32,595,05660,803288,45.47,274350.0
11-32-595-05661-803288,32,595,05661,803288,55.3,336048.0
11-32-595-05661-803288,32,595,05661,628007,17.54,25531.0
11-32-595-05661-803288,32,595,05659,627989,21.02,47329.0
11-32-595-05661-803289,32,595,05661,803289,27.0,71038.0
11-32-595-05661-803290,32,595,05661,803290,18.69,69390.0
11-32-595-05662-803291,32,595,05662,803291,13.18,30397.0
11-32-595-05662-803291,32,595,05662,628037,8.35,11576.0
11-32-595-05663-803292,32,595,05663,803292,40.04,38837.0
11-32-595-05663-803292,32,595,05663,628048,19.85,33829.0
11-32-596-05666-803293,32,596,05666,803293,35.43,52045.0
11-32-597-05668-628138,32,597,05668,628138,18.29,34814.0
11-32-597-05668-803294,32,597,05668,803294,16.06,22056.0
11-32-597-05669-803295,32,597,05669,803295,8.73,23234.0
11-32-597-05670-628171,32,597,05670,628171,16.0,26993.0
11-32-597-05670-628172,32,597,05670,628172,20.33,40438.0
11-32-597-05670-628173,32,597,05670,628173,29.3,34470.0
11-32-597-05670-628174,32,597,05670,628174,14.04,42839.0
11-32-597-05670-628176,32,597,05670,628176,11.44,16111.0
11-32-597-05670-628178,32,597,05670,628178,23.01,43595.0
11-32-597-05670-628179,32,597,05670,628179,22.41,29635.0
11-32-597-05670-803296,32,597,05670,628177,22.34,38599.0
11-32-597-05670-803296,32,597,05670,628175,11.79,29248.0
11-32-597-05670-803296,32,597,05670,803296,15.99,55374.0
11-32-597-05671-628191,32,597,05671,628191,10.18,25145.0
11-32-597-05671-628192,32,597,05671,628192,11.44,33819.0
11-32-597-05671-628193,32,597,05671,628193,8.86,21338.0
11-32-597-05671-803297,32,597,05671,803297,13.5,47685.0
11-32-598-05673-628214,32,598,05673,628214,12.86,19411.0
11-32-598-05673-628215,32,598,05673,628215,15.04,39214.0
11-32-598-05673-628216,32,598,05673,628216,14.18,27528.0
11-32-598-05673-628217,32,598,05673,628217,10.9,21295.0
11-32-598-05673-628218,32,598,05673,628218,13.83,20874.0
11-32-598-05673-628219,32,598,05673,628219,9.8,23669.0
11-32-598-05673-628221,32,598,05673,628221,25.53,28276.0
11-32-598-05673-628224,32,598,05673,628224,12.86,23681.0
11-32-598-05673-628225,32,598,05673,628225,26.76,25861.0
11-32-598-05673-803298,32,598,05673,803298,16.19,45827.0
11-32-598-05673-803298,32,598,05673,628223,10.3,17047.0
11-32-598-05673-803298,32,598,05673,628220,14.45,24804.0
11-32-598-05673-803298,32,598,05673,628222,23.91,31525.0
11-32-598-05674-628232,32,598,05674,628232,26.52,32139.0
11-32-598-05674-628233,32,598,05674,628233,7.16,27445.0
11-32-598-05674-628234,32,598,05674,628234,13.65,47126.0
11-32-598-05674-803299,32,598,05674,803299,65.57,240991.0
11-32-598-05676-628256,32,598,05676,628256,9.56,15588.0
11-32-598-05676-628257,32,598,05676,628257,14.39,26943.0
11-32-598-05676-628258,32,598,05676,628258,8.74,19021.0
11-32-598-05676-628259,32,598,05676,628259,7.24,14981.0
11-32-598-05676-628260,32,598,05676,628260,12.68,20052.0
11-32-598-05676-628263,32,598,05676,628263,11.58,20740.0
11-32-598-05676-628264,32,598,05676,628264,9.74,19925.0
11-32-598-05676-803300,32,598,05676,628261,11.08,23460.0
11-32-598-05676-803300,32,598,05676,628266,10.64,26705.0
11-32-598-05676-803300,32,598,05676,628265,7.07,20390.0
11-32-598-05676-803300,32,598,05676,803300,21.79,68634.0
11-32-598-05676-803300,32,598,05676,628262,5.26,10465.0
11-32-598-05677-628271,32,598,05677,803301,14.6,23466.0
11-32-598-05677-628276,32,598,05677,628276,8.0,17067.0
11-32-598-05677-628277,32,598,05677,628277,9.96,11849.0
11-32-598-05678-628280,32,598,05678,628289,13.37,14596.0
11-32-598-05678-628280,32,598,05678,628287,12.62,23344.0
11-32-598-05678-628280,32,598,05678,803302,12.65,26421.0
11-32-598-05678-628288,32,598,05678,628288,6.38,12360.0
11-32-598-05678-628290,32,598,05678,628290,10.34,15922.0
11-32-598-05678-628291,32,598,05678,628291,12.91,19504.0
11-32-599-05679-803303,32,599,05679,803303,27.15,52883.0
11-32-599-05682-628342,32,599,05682,628342,9.74,12021.0
11-32-599-05682-803304,32,599,05682,803304,23.5,37538.0
11-32-599-05683-803305,32,599,05683,803305,20.82,29171.0
11-32-600-05684-628363,32,600,05684,628363,13.29,28412.0
11-32-600-05684-628364,32,600,05684,628364,9.5,26907.0
11-32-600-05684-628365,32,600,05684,628365,7.68,22250.0
11-32-600-05684-628366,32,600,05684,628366,11.58,25884.0
11-32-600-05684-628367,32,600,05684,628367,8.95,21723.0
11-32-600-05684-628368,32,600,05684,628368,8.43,25336.0
11-32-600-05684-628369,32,600,05684,628369,9.44,24268.0
11-32-600-05684-628370,32,600,05684,628370,8.31,20993.0
11-32-600-05684-628371,32,600,05684,628371,10.1,29008.0
11-32-600-05684-628372,32,600,05684,628372,13.16,42655.0
11-32-600-05686-803307,32,600,05686,803307,34.35,46702.0
11-32-600-05687-628430,32,600,05687,628430,17.39,29788.0
11-32-600-05688-628439,32,600,05688,628439,18.39,25432.0
11-32-600-05688-628440,32,600,05688,628440,11.02,25607.0
11-32-600-05688-628441,32,600,05688,628441,13.05,35173.0
11-32-600-05688-628442,32,600,05688,628442,13.99,33959.0
11-32-600-05688-628443,32,600,05688,628443,13.74,29454.0
11-32-600-05688-628444,32,600,05688,628444,11.32,44402.0
11-32-600-05688-628445,32,600,05688,628445,14.85,39285.0
11-32-600-05688-628446,32,600,05688,628446,12.99,41609.0
11-32-600-05688-628447,32,600,05688,628447,16.88,27240.0
11-32-600-05688-628448,32,600,05688,628448,11.48,37517.0
11-32-600-05688-628449,32,600,05688,628449,14.77,40039.0
11-32-600-05688-628450,32,600,05688,628450,16.77,29716.0
11-32-600-05688-628451,32,600,05688,628451,16.27,29447.0
11-32-600-05688-803306,32,600,05684,803306,4.88,16976.0
11-32-600-05688-803306,32,600,05688,803306,57.48,350131.0
11-32-600-05688-803308,32,600,05688,803308,16.19,37245.0
11-32-601-05689-628475,32,601,05689,628475,6.21,19267.0
11-32-601-05689-628478,32,601,05689,628478,12.46,27390.0
11-32-601-05689-803309,32,601,05689,803309,14.87,40048.0
11-32-601-05689-803310,32,601,05689,628476,13.56,30770.0
11-32-601-05689-803310,32,601,05689,628473,8.74,14762.0
11-32-601-05689-803310,32,601,05689,628477,8.55,12994.0
11-32-601-05689-803310,32,601,05689,803310,16.87,37346.0
11-32-601-05689-803310,32,601,05689,628474,6.92,15185.0
11-32-601-05690-628504,32,601,05690,628504,13.3,29624.0
11-32-601-05690-803311,32,601,05690,628503,14.82,27140.0
11-32-601-05690-803311,32,601,05690,803311,32.53,60161.0
11-32-601-05691-628510,32,601,05691,628510,13.08,22816.0
11-32-601-05691-628511,32,601,05691,628511,9.31,22512.0
11-32-601-05691-628512,32,601,05691,628512,12.34,23113.0
11-32-601-05691-628513,32,601,05691,628513,14.86,28230.0
11-32-601-05691-628517,32,601,05691,628517,16.43,40816.0
11-32-601-05691-628518,32,601,05691,628518,14.05,35963.0
11-32-601-05691-803312,32,601,05691,628515,7.69,41583.0
11-32-601-05691-803312,32,601,05691,628514,8.87,23528.0
11-32-601-05691-803312,32,601,05691,628516,11.11,47187.0
11-32-601-05691-803312,32,601,05692,803312,29.05,25736.0
11-32-601-05691-803312,32,601,05691,803312,150.43,762535.0
11-32-601-05692-628539,32,601,05692,628539,21.36,36212.0
11-32-601-05692-628540,32,601,05692,628540,22.54,40448.0
11-32-601-05692-628541,32,601,05692,628541,16.38,37350.0
11-32-601-05692-628542,32,601,05692,628542,10.08,31761.0
11-32-601-05692-628543,32,601,05692,628543,19.22,53861.0
11-32-601-05692-628545,32,601,05692,628545,9.69,19902.0
11-32-601-05692-628546,32,601,05692,628546,9.21,17698.0
11-32-601-05692-628547,32,601,05692,628547,10.81,34096.0
11-32-601-05692-803313,32,601,05692,628544,18.79,40712.0
11-32-601-05692-803313,32,601,05692,803313,3.33,70850.0
11-33-602-05693-628569,33,602,05693,628628,8.65,4250.0
11-33-602-05693-628629,33,602,05693,628629,3.95,8044.0
11-33-602-05693-803314,33,602,05693,803314,10.0,18891.0
11-33-602-05694-628769,33,602,05694,628769,9.14,11034.0
11-33-602-05694-628770,33,602,05694,628770,9.03,19595.0
11-33-602-05694-628771,33,602,05694,628771,11.89,7424.0
11-33-602-05694-628772,33,602,05694,628772,4.52,23819.0
11-33-602-05694-628773,33,602,05694,628773,8.42,12119.0
11-33-602-05694-803315,33,602,05694,803315,8.04,31025.0
11-33-602-05694-803316,33,602,05694,803316,5.0,12833.0
11-33-602-05694-803317,33,602,05694,803317,8.25,28337.0
11-33-602-05695-803318,33,602,05695,803318,8.0,12740.0
11-33-602-05696-803319,33,602,05696,803319,12.36,44781.0
11-33-602-05697-628977,33,602,05697,628977,6.65,9024.0
11-33-602-05697-628978,33,602,05697,628978,18.61,6584.0
11-33-602-05697-628979,33,602,05697,628979,2.23,10750.0
11-33-602-05697-628980,33,602,05697,628980,3.5,5044.0
11-33-602-05697-803320,33,602,05697,803320,7.7,8721.0
11-33-602-05697-803321,33,602,05697,803321,8.86,22040.0
11-33-602-05698-629119,33,602,05698,629119,6.48,14528.0
11-33-602-05698-629120,33,602,05698,629120,5.75,5698.0
11-33-602-05698-629121,33,602,05698,629121,7.49,23292.0
11-33-602-05698-629122,33,602,05698,629122,15.74,11235.0
11-33-602-05698-629123,33,602,05698,629123,5.62,6462.0
11-33-602-05698-803322,33,602,05698,803322,10.75,56074.0
11-33-602-05699-629152,33,602,05699,629152,2.0,9251.0
11-33-602-05699-629153,33,602,05699,629153,1.72,5743.0
11-33-602-05699-629154,33,602,05699,629154,5.56,4704.0
11-33-602-05699-629155,33,602,05699,629155,2.61,16237.0
11-33-602-05699-629156,33,602,05699,629156,1.21,8660.0
11-33-602-05699-629157,33,602,05699,629157,2.52,23910.0
11-33-602-05699-803323,33,602,05699,803323,65.0,345996.0
11-33-602-05699-803324,33,602,05699,803324,11.0,37095.0
11-33-602-05699-803325,33,602,05700,803325,16.182724,1874.0
11-33-602-05699-803325,33,602,05699,803325,4.5190063,62824.0
11-33-602-05699-803326,33,602,05699,803326,6.0,19733.0
11-33-602-05699-803327,33,602,05699,803327,27.53,60607.0
11-33-602-05700-629171,33,602,05700,629171,4.5,29511.0
11-33-602-05700-629172,33,602,05700,629172,2.56,21973.0
11-33-602-05700-629173,33,602,05700,629173,2.64,59790.0
11-33-602-05700-629174,33,602,05700,629174,2.51,19208.0
11-33-602-05700-629175,33,602,05700,629175,3.27,21376.0
11-33-602-05700-629176,33,602,05700,629176,2.68,52295.0
11-33-602-05700-803328,33,602,05700,803328,40.36,466205.0
11-33-602-05700-803329,33,602,05700,803329,4.0,86195.0
11-33-602-05700-803330,33,602,05700,803330,8.0,47378.0
11-33-602-05700-803331,33,602,05700,803331,5.0,46690.0
11-33-602-05701-629195,33,602,05701,629195,2.29,5412.0
11-33-602-05701-629196,33,602,05701,629196,14.21,27674.0
11-33-602-05701-629197,33,602,05701,629197,1.59,7580.0
11-33-602-05701-629198,33,602,05701,629198,2.78,10444.0
11-33-602-05701-629199,33,602,05701,629199,1.92,10263.0
11-33-602-05701-803332,33,602,05701,803332,4.76,36617.0
11-33-602-05701-803333,33,602,05701,803333,21.42,249446.0
11-33-602-05701-803334,33,602,05701,803334,16.0,35248.0
11-33-602-05701-803335,33,602,05701,803335,2.75,20946.0
11-33-602-05701-803336,33,602,05701,803336,11.75,31665.0
11-33-602-05701-803337,33,602,05701,803337,17.4,119105.0
11-33-602-05701-803338,33,602,05701,803338,3.0,12396.0
11-33-603-99999-803339,33,603,99999,803339,175.0,4646732.0
11-33-604-05702-629203,33,604,05702,629346,8.009,3805.0
11-33-604-05702-629345,33,604,05702,629345,1.4,23808.0
11-33-604-05702-629347,33,604,05702,629347,0.72,15225.0
11-33-604-05702-629348,33,604,05702,629348,4.76,25117.0
11-33-604-05702-629349,33,604,05702,629349,2.47,10187.0
11-33-604-05702-629350,33,604,05702,629350,2.9,10961.0
11-33-604-05702-629351,33,604,05702,629351,3.93,11551.0
11-33-604-05702-629352,33,604,05702,629352,6.6,13344.0
11-33-604-05702-629353,33,604,05702,629353,7.52,6117.0
11-33-604-05702-629354,33,604,05702,629354,3.24,8887.0
11-33-604-05702-629355,33,604,05702,629355,9.65,14063.0
11-33-604-05702-629356,33,604,05702,629356,12.37,11673.0
11-33-604-05702-803340,33,604,05702,803340,8.4,38188.0
11-33-604-05702-803341,33,604,05702,803341,13.44,54986.0
11-33-604-05702-803342,33,604,05702,803342,16.8,24864.0
11-33-604-05702-803352,33,604,05704,803352,4.167686,7070.0
11-33-604-05702-803352,33,604,05702,803352,4.6283712,17264.0
11-33-604-05703-803343,33,604,05703,803343,2.9,37906.0
11-33-604-05703-803344,33,604,05703,803344,7.354,37342.0
11-33-604-05703-803345,33,604,05703,803345,20.42,174787.0
11-33-604-05703-803346,33,604,05703,803346,6.25,45356.0
11-33-604-05703-803347,33,604,05703,803347,6.37,29250.0
11-33-604-05703-803348,33,604,05703,803348,8.02,31681.0
11-33-604-05704-629371,33,604,05704,629371,2.5,21906.0
11-33-604-05704-629372,33,604,05704,629372,2.4,14086.0
11-33-604-05704-629373,33,604,05704,629373,0.62,9672.0
11-33-604-05704-803349,33,604,05704,803349,6.5,11239.0
11-33-604-05704-803350,33,604,05704,803350,12.92,43795.0
11-33-604-05704-803351,33,604,05704,803351,19.5,164430.0
11-33-604-05704-803353,33,604,05704,803353,4.0,48050.0
11-33-604-05704-803354,33,604,05704,803354,13.8,75870.0
11-33-604-05704-803355,33,604,05704,803355,4.8,30702.0
11-33-604-05704-803356,33,604,05705,803356,4.1769958,18567.0
11-33-604-05704-803356,33,604,05704,803356,17.11131,215417.0
11-33-604-05705-629381,33,604,05705,629381,2.46,20217.0
11-33-604-05705-629382,33,604,05705,629382,5.37,35752.0
11-33-604-05705-629383,33,604,05705,629383,2.76,26766.0
11-33-604-05705-629384,33,604,05705,629384,2.71,28458.0
11-33-604-05705-629385,33,604,05705,629385,5.91,76600.0
11-33-604-05705-629386,33,604,05705,629386,1.47,27374.0
11-33-604-05705-629387,33,604,05705,629387,5.07,29710.0
11-33-604-05705-629388,33,604,05705,629388,5.08,21158.0
11-33-604-05705-629389,33,604,05705,629389,2.32,19100.0
11-33-604-05705-629390,33,604,05705,629390,5.29,13671.0
11-33-604-05705-803357,33,604,05705,803357,8.5,53322.0
11-33-604-05705-803358,33,604,05705,803358,4.64,43111.0
11-33-604-05705-803359,33,604,05705,803359,17.36,43493.0
11-33-604-05705-803360,33,604,05705,803360,11.44,35602.0
11-33-604-05706-629566,33,604,05706,629566,9.0,16852.0
11-33-604-05706-629567,33,604,05706,629567,14.92,14390.0
11-33-604-05706-629568,33,604,05706,629568,5.5,29122.0
11-33-604-05706-629569,33,604,05706,629569,10.5,7610.0
11-33-604-05706-629570,33,604,05706,629570,4.98,8124.0
11-33-604-05706-629571,33,604,05706,629571,4.21,13566.0
11-33-604-05706-629572,33,604,05706,629572,12.68,7745.0
11-33-604-05706-629573,33,604,05706,629573,12.0,9404.0
11-33-604-05706-803361,33,604,05706,803361,8.0,44098.0
11-33-604-05706-803362,33,604,05706,803362,58.08,81872.0
11-33-604-05706-803363,33,604,05706,803363,7.9,13666.0
11-33-604-05706-803364,33,604,05706,803364,6.09,62579.0
11-33-604-05707-629740,33,604,05707,629740,11.53,11406.0
11-33-604-05707-629741,33,604,05707,629741,4.3,8032.0
11-33-604-05707-629742,33,604,05707,629742,5.87,19883.0
11-33-604-05707-629743,33,604,05707,629743,0.79,6610.0
11-33-604-05707-629744,33,604,05707,629744,3.78,13994.0
11-33-604-05707-629745,33,604,05707,629745,6.91,12638.0
11-33-604-05707-803365,33,604,05707,803365,11.72,164384.0
11-33-604-05707-803366,33,604,05707,803366,6.0,23454.0
11-33-604-05707-803367,33,604,05707,803367,4.0,14684.0
11-33-604-05708-803368,33,604,05708,803368,27.0,25194.0
11-33-604-05709-629963,33,604,05709,629963,6.54,21151.0
11-33-604-05709-803369,33,604,05709,803369,12.85,15172.0
11-33-604-05709-803370,33,604,05709,803370,11.2,29391.0
11-33-604-05710-803371,33,604,05710,803371,6.0,12485.0
11-33-604-05710-803372,33,604,05710,803372,21.67,30796.0
11-33-604-05710-803373,33,604,05710,803373,6.0,10362.0
11-33-604-05711-803374,33,604,05711,803374,34.0,28172.0
11-33-605-05712-630365,33,605,05712,630365,9.401,21335.0
11-33-605-05712-630366,33,605,05712,630366,3.232,11356.0
11-33-605-05712-630367,33,605,05712,630367,6.8,8632.0
11-33-605-05712-630368,33,605,05712,630368,4.107,5529.0
11-33-605-05712-803375,33,605,05712,803375,4.71,91558.0
11-33-605-05712-803376,33,605,05712,803376,7.61,51271.0
11-33-605-05713-630469,33,605,05713,630469,8.01,9078.0
11-33-605-05713-630470,33,605,05713,630470,2.95,5321.0
11-33-605-05713-630471,33,605,05713,630471,1.31,7662.0
11-33-605-05713-630472,33,605,05713,630472,8.0,15177.0
11-33-605-05713-803377,33,605,05713,803377,9.47,9153.0
11-33-605-05713-803378,33,605,05713,803378,35.0,28797.0
11-33-605-05713-803379,33,605,05713,803379,12.94,38833.0
11-33-605-05713-803380,33,605,05713,803380,6.772,9114.0
11-33-605-05713-803381,33,605,05713,803381,11.5,19828.0
11-33-605-05714-630546,33,605,05714,630546,4.13,11454.0
11-33-605-05714-630547,33,605,05714,630547,7.5,7780.0
11-33-605-05714-630548,33,605,05714,630548,4.47,5334.0
11-33-605-05714-630549,33,605,05714,630549,18.43,20171.0
11-33-605-05714-803382,33,605,05714,803382,9.5,30856.0
11-33-605-05714-803383,33,605,05714,803383,10.7,12513.0
11-33-605-05714-803384,33,605,05714,803384,12.41,47498.0
11-33-605-05714-803385,33,605,05714,803385,8.52,50764.0
11-33-605-05714-803386,33,605,05714,803386,8.67,44786.0
11-33-605-05715-630689,33,605,05715,630689,8.06,12548.0
11-33-605-05715-630690,33,605,05715,630690,5.18,7731.0
11-33-605-05715-630691,33,605,05715,630691,6.2,4803.0
11-33-605-05715-803387,33,605,05715,803387,9.06,78395.0
11-33-605-05715-803388,33,605,05715,803388,8.5,13983.0
11-33-605-05715-803389,33,605,05715,803389,8.5,10806.0
11-33-605-05715-803390,33,605,05715,803390,5.18,14583.0
11-33-605-05715-803391,33,605,05715,803391,6.5,11536.0
11-33-605-05716-630790,33,605,05716,630790,3.0,8075.0
11-33-605-05716-803392,33,605,05716,803392,7.49,55955.0
11-33-605-05716-803393,33,605,05716,803393,11.3,8174.0
11-33-605-05716-803394,33,605,05716,803394,6.47,16246.0
11-33-605-05716-803395,33,605,05716,803395,4.0,9773.0
11-33-605-05717-630906,33,605,05717,630906,3.81,7900.0
11-33-605-05717-630907,33,605,05717,630907,2.5,6343.0
11-33-605-05717-630908,33,605,05717,630908,2.06,5145.0
11-33-605-05717-630909,33,605,05717,630909,3.46,7699.0
11-33-605-05717-630910,33,605,05717,630910,2.62,11472.0
11-33-605-05717-630911,33,605,05717,630911,3.46,14779.0
11-33-605-05717-630912,33,605,05717,630912,5.97,22176.0
11-33-605-05717-630913,33,605,05717,630913,9.17,7251.0
11-33-605-05717-630914,33,605,05717,630914,7.83,9597.0
11-33-605-05717-803396,33,605,05717,803396,16.06,56951.0
11-33-605-05717-803397,33,605,05717,803397,5.0,17109.0
11-33-605-05717-803398,33,605,05717,803398,11.65,185803.0
11-33-605-05717-803399,33,605,05717,803399,10.0,23067.0
11-33-605-05717-803400,33,605,05717,803400,5.85,16700.0
11-33-605-05717-803401,33,605,05717,803401,19.0,31211.0
11-33-605-05717-803402,33,605,05717,803402,7.67,9425.0
11-33-605-05717-803403,33,605,05717,803403,8.0,8998.0
11-33-605-05718-630968,33,605,05718,630968,2.1,8121.0
11-33-605-05718-630969,33,605,05718,630969,6.95,10076.0
11-33-605-05718-630970,33,605,05718,630970,4.2,4963.0
11-33-605-05718-803404,33,605,05718,803404,9.53,95061.0
11-33-605-05718-803405,33,605,05718,803405,8.0,18327.0
11-33-605-05719-631065,33,605,05719,631065,5.7,9421.0
11-33-605-05719-631066,33,605,05719,631066,2.74,9143.0
11-33-605-05719-803406,33,605,05719,803406,17.97,114608.0
11-33-605-05719-803407,33,605,05719,803407,5.0,13837.0
11-33-605-05720-631158,33,605,05720,631158,3.99,5250.0
11-33-605-05720-631159,33,605,05720,631159,7.52,16789.0
11-33-605-05720-631160,33,605,05720,631160,4.8,4916.0
11-33-605-05720-631161,33,605,05720,631161,5.12,19487.0
11-33-605-05720-631162,33,605,05720,631162,2.84,4998.0
11-33-605-05720-631163,33,605,05720,631163,2.83,4779.0
11-33-605-05720-803408,33,605,05720,803408,7.2,10390.0
11-33-605-05720-803409,33,605,05720,803409,13.06,29662.0
11-33-605-05720-803410,33,605,05720,803410,4.66,64125.0
11-33-606-05721-631212,33,606,05721,631212,4.72,10299.0
11-33-606-05721-631213,33,606,05721,631213,2.1,5894.0
11-33-606-05721-631214,33,606,05721,631214,2.82,7555.0
11-33-606-05721-631215,33,606,05721,631215,5.24,4956.0
11-33-606-05721-631216,33,606,05721,631216,8.58,9800.0
11-33-606-05721-803411,33,606,05721,803411,4.8,7399.0
11-33-606-05721-803412,33,606,05721,803412,11.62,63671.0
11-33-606-05722-631434,33,606,05722,631434,6.15,5577.0
11-33-606-05722-631435,33,606,05722,631435,3.58,6912.0
11-33-606-05722-803413,33,606,05722,803413,10.76,37802.0
11-33-606-05723-803414,33,606,05723,803414,15.5,5801.0
11-33-606-05723-803415,33,606,05723,803415,9.71,31320.0
11-33-606-05723-803416,33,606,05723,803416,6.59,4597.0
11-33-606-05724-803417,33,606,05724,803417,5.48,14304.0
11-33-606-05724-803418,33,606,05724,803418,12.58,28123.0
11-33-606-05724-803419,33,606,05724,803419,7.5,19827.0
11-33-606-05725-803420,33,606,05725,803420,7.5,11382.0
11-33-606-05725-803421,33,606,05725,803421,8.0,26980.0
11-33-606-05727-632266,33,606,05727,632266,7.01,18244.0
11-33-606-05727-803422,33,606,05727,803422,13.64,145278.0
11-33-606-05727-803423,33,606,05727,803423,12.44,13718.0
11-33-606-05727-803424,33,606,05727,803424,8.0,15506.0
11-33-607-05728-803425,33,607,05728,803425,11.66,27045.0
11-33-607-05728-803426,33,607,05728,803426,10.75,6892.0
11-33-607-05729-803427,33,607,05729,803427,22.33,72796.0
11-33-607-05729-803428,33,607,05729,803428,37.12,22034.0
11-33-607-05730-803429,33,607,05730,803429,9.59,31726.0
11-33-607-05731-633050,33,607,05731,633050,8.4,20854.0
11-33-607-05731-803430,33,607,05731,803430,6.8,12022.0
11-33-607-05731-803431,33,607,05731,803431,8.36,96253.0
11-33-607-05731-803432,33,607,05731,803432,5.6,16745.0
11-33-607-05732-803433,33,607,05732,803433,2.86,8523.0
11-33-607-05732-803434,33,607,05732,803434,4.64,5713.0
11-33-607-05732-803435,33,607,05732,803435,7.41,30212.0
11-33-607-05732-803436,33,607,05732,803436,6.48,9623.0
11-33-607-05734-803438,33,607,05734,803438,11.8,23034.0
11-33-607-05734-803439,33,607,05734,803439,11.65,18605.0
11-33-607-05734-803440,33,607,05734,803440,11.69,52507.0
11-33-607-05734-803441,33,607,05734,803441,5.8,25106.0
11-33-607-05735-803442,33,607,05735,803442,6.8,23734.0
11-33-608-05736-633798,33,608,05736,633798,9.5,9869.0
11-33-608-05736-633799,33,608,05736,633799,6.33,5322.0
11-33-608-05736-803443,33,608,05736,803443,9.45,12748.0
11-33-608-05736-803444,33,608,05736,803444,12.5,25676.0
11-33-608-05736-803445,33,608,05736,803445,12.95,16665.0
11-33-608-05736-803446,33,608,05736,803446,14.55,52813.0
11-33-608-05736-803447,33,608,05736,803447,39.36,25133.0
11-33-608-05736-803448,33,608,05736,803448,8.13,10809.0
11-33-608-05736-803449,33,608,05736,803449,5.21,7130.0
11-33-608-05736-803450,33,608,05736,803450,4.66,16184.0
11-33-608-05737-633890,33,608,05737,633890,3.32,7891.0
11-33-608-05737-633891,33,608,05737,633891,4.01,5475.0
11-33-608-05737-633892,33,608,05737,633892,2.99,5037.0
11-33-608-05737-633893,33,608,05737,633893,9.03,12052.0
11-33-608-05737-803451,33,608,05737,803451,3.61,11390.0
11-33-608-05737-803452,33,608,05737,803452,5.5,16279.0
11-33-608-05737-803453,33,608,05737,803453,12.0,13967.0
11-33-608-05737-803454,33,608,05737,803454,9.72,30222.0
11-33-608-05738-803455,33,608,05738,803455,8.0,9477.0
11-33-608-05738-803456,33,608,05738,803456,28.22,54823.0
11-33-608-05738-803457,33,608,05738,803457,9.6,9286.0
11-33-608-05739-633955,33,608,05739,633955,7.62,6986.0
11-33-608-05739-633956,33,608,05739,633956,7.05,8485.0
11-33-608-05739-633957,33,608,05739,633957,10.28,8871.0
11-33-608-05739-803458,33,608,05739,803458,24.0,33245.0
11-33-608-05739-803459,33,608,05739,803459,28.6,14834.0
11-33-608-05739-803460,33,608,05739,803460,7.25,8548.0
11-33-608-05739-803461,33,608,05739,803461,19.2,29467.0
11-33-608-05740-634053,33,608,05740,634053,4.92,6892.0
11-33-608-05740-634054,33,608,05740,634054,2.71,5857.0
11-33-608-05740-634055,33,608,05740,634055,3.61,10199.0
11-33-608-05740-634056,33,608,05740,634056,1.75,7732.0
11-33-608-05740-634057,33,608,05740,634057,0.81,4727.0
11-33-608-05740-634058,33,608,05740,634058,4.5,12448.0
11-33-608-05740-634059,33,608,05740,634059,2.71,4107.0
11-33-608-05740-634060,33,608,05740,634060,1.95,6659.0
11-33-608-05740-634061,33,608,05740,634061,6.0,7823.0
11-33-608-05740-634062,33,608,05740,634062,6.01,10220.0
11-33-608-05740-634063,33,608,05740,634063,8.2,20318.0
11-33-608-05740-634064,33,608,05740,634064,3.98,11173.0
11-33-608-05740-634065,33,608,05740,634065,3.98,12090.0
11-33-608-05740-634066,33,608,05740,634066,5.04,5046.0
11-33-608-05740-634067,33,608,05740,634067,3.5,7796.0
11-33-608-05740-634068,33,608,05740,634068,2.09,7331.0
11-33-608-05740-634069,33,608,05740,634069,5.19,5807.0
11-33-608-05740-634070,33,608,05740,634070,3.72,5338.0
11-33-608-05740-634071,33,608,05740,634071,4.0,9592.0
11-33-608-05740-803462,33,608,05740,803462,5.2,19765.0
11-33-608-05740-803463,33,608,05740,803463,91.34,829267.0
11-33-608-05740-803464,33,608,05740,803464,2.76,11797.0
11-33-608-05740-803465,33,608,05740,803465,12.0,9368.0
11-33-608-05740-803466,33,608,05740,803466,10.24,10331.0
11-33-608-05740-803467,33,608,05740,803467,2.4,13852.0
11-33-608-05741-634158,33,608,05741,634158,5.26,11582.0
11-33-608-05742-634225,33,608,05742,634225,7.33,9098.0
11-33-608-05742-803468,33,608,05742,803468,6.8,8736.0
11-33-608-05742-803469,33,608,05742,803469,8.0,17559.0
11-33-608-05742-803470,33,608,05742,803470,9.6,11517.0
11-33-608-05743-803471,33,608,05743,803471,12.9,17678.0
11-33-608-05743-803472,33,608,05743,803472,8.0,10968.0
11-33-608-05743-803473,33,608,05743,803473,27.62,61793.0
11-33-608-05743-803473,33,609,05746,803488,4.4,9827.0
11-33-608-05743-803474,33,608,05743,803474,14.83,23084.0
11-33-608-05743-803475,33,608,05743,803475,16.0,10208.0
11-33-608-05744-803476,33,608,05744,803476,9.0,11624.0
11-33-608-05744-803477,33,608,05744,803477,8.0,8230.0
11-33-608-05744-803478,33,608,05744,803478,4.0,12015.0
11-33-608-05744-803479,33,608,05744,803479,8.0,21503.0
11-33-608-05744-803480,33,608,05744,803480,9.0,14308.0
11-33-609-05745-634470,33,609,05745,634470,13.82,24708.0
11-33-609-05745-634471,33,609,05745,634471,16.03,16160.0
11-33-609-05745-634472,33,609,05745,634472,6.75,6878.0
11-33-609-05745-634473,33,609,05745,634473,8.45,16479.0
11-33-609-05745-634474,33,609,05745,634474,10.38,5704.0
11-33-609-05745-803481,33,609,05745,803481,10.36,18007.0
11-33-609-05745-803482,33,609,05745,803482,7.1,71594.0
11-33-609-05745-803483,33,609,05745,803483,14.45,10451.0
11-33-609-05745-803484,33,609,05745,803484,25.2,95335.0
11-33-609-05745-803485,33,609,05745,803485,10.3,20286.0
11-33-609-05745-803486,33,609,05745,803486,4.7,40140.0
11-33-609-05746-803487,33,609,05746,803487,4.81,14568.0
11-33-609-05746-803489,33,609,05746,803489,17.2,7478.0
11-33-609-05746-803490,33,609,05746,803490,17.86,21250.0
11-33-609-05746-803491,33,609,05746,803491,6.0,12403.0
11-33-609-05746-803492,33,609,05746,803492,5.63,8912.0
11-33-609-05746-803493,33,609,05746,803493,8.16,50244.0
11-33-609-05746-803494,33,609,05746,803494,4.66,11181.0
11-33-609-05747-634702,33,609,05747,634702,6.395,5078.0
11-33-609-05747-634703,33,609,05747,634703,2.4,8928.0
11-33-609-05747-634704,33,609,05747,634704,2.11,10356.0
11-33-609-05747-634705,33,609,05747,634705,5.81,15690.0
11-33-609-05747-634706,33,609,05747,634706,8.06,10300.0
11-33-609-05747-803495,33,609,05747,803495,6.0,10831.0
11-33-609-05747-803496,33,609,05747,803496,8.8,19750.0
11-33-609-05747-803497,33,609,05747,803497,10.24,55145.0
11-33-609-05747-803498,33,609,05747,803498,4.5,12085.0
11-33-609-05747-803499,33,609,05747,803499,3.0,14315.0
11-33-609-05748-803500,33,609,05748,803500,12.0,11986.0
11-33-609-05748-803501,33,609,05748,803501,18.0,25012.0
11-33-609-05748-803502,33,609,05748,803502,8.0,18455.0
11-33-609-05748-803503,33,609,05748,803503,6.5,9330.0
11-33-609-05748-803504,33,609,05748,803504,2.5,7259.0
11-33-610-05749-803505,33,610,05749,803505,29.94,37816.0
11-33-610-05749-803506,33,610,05749,803506,14.0,11103.0
11-33-610-05749-803507,33,610,05749,803507,9.06,15706.0
11-33-610-05749-803508,33,610,05749,803508,5.83,7710.0
11-33-610-05749-803509,33,610,05749,803509,4.54,18967.0
11-33-610-05750-634896,33,610,05750,634896,2.56,7484.0
11-33-610-05750-803510,33,610,05750,803510,10.47,6791.0
11-33-610-05750-803511,33,610,05750,803511,13.66,9677.0
11-33-610-05750-803512,33,610,05750,803512,3.24,21086.0
11-33-610-05750-803513,33,610,05750,803513,5.56,9958.0
11-33-610-05750-803514,33,610,05750,803514,8.0,8430.0
11-33-610-05750-803515,33,610,05750,803515,24.29,16522.0
11-33-610-05750-803516,33,610,05750,803516,7.44,10610.0
11-33-610-05750-803517,33,610,05750,803517,2.17,39225.0
11-33-610-05750-803518,33,610,05750,803518,24.24,15609.0
11-33-610-05751-803519,33,610,05751,803519,12.4,12330.0
11-33-610-05751-803520,33,610,05751,803520,8.0,12044.0
11-33-610-05751-803521,33,610,05751,803521,13.5,11716.0
11-33-610-05751-803522,33,610,05751,803522,8.48,9093.0
11-33-610-05751-803523,33,610,05751,803523,7.51,59523.0
11-33-610-05751-803524,33,610,05751,803524,20.72,11753.0
11-33-610-05751-803525,33,610,05751,803525,11.47,9109.0
11-33-610-05751-803526,33,610,05751,803526,8.13,7827.0
11-33-610-05751-803527,33,610,05751,803527,11.4,9607.0
11-33-610-05751-803528,33,610,05751,803528,9.5,16379.0
11-33-610-05752-635019,33,610,05752,635019,2.85,7222.0
11-33-610-05752-635020,33,610,05752,635020,14.0,14143.0
11-33-610-05752-635021,33,610,05752,635021,7.0,9493.0
11-33-610-05752-803529,33,610,05752,803529,16.11,7263.0
11-33-610-05752-803530,33,610,05752,803530,24.0,11294.0
11-33-610-05752-803531,33,610,05752,803531,3.63,3874.0
11-33-610-05752-803532,33,610,05752,803532,19.0,7152.0
11-33-610-05752-803533,33,610,05752,803533,25.06,23868.0
11-33-610-05752-803534,33,610,05752,803534,23.2,24930.0
11-33-610-05752-803535,33,610,05752,803535,4.0,15500.0
11-33-610-05753-635078,33,610,05753,635078,3.89,17240.0
11-33-610-05753-635079,33,610,05753,635079,5.89,15440.0
11-33-610-05753-803536,33,610,05753,803536,18.6,28585.0
11-33-610-05753-803537,33,610,05753,803537,3.6,8550.0
11-33-610-05753-803538,33,610,05753,803538,11.52,24798.0
11-33-610-05753-803539,33,610,05753,803539,10.1,55282.0
11-33-610-05753-803540,33,610,05753,803540,2.2,10970.0
11-33-610-05753-803541,33,610,05753,803541,30.72,84453.0
11-33-610-05753-803542,33,610,05753,803542,8.44,157101.0
11-33-610-05753-803543,33,610,05753,803543,3.85,41782.0
11-33-610-05753-803544,33,610,05753,803544,48.64,73425.0
11-33-610-05753-803545,33,610,05753,803545,26.26,11789.0
11-33-610-05753-803546,33,610,05753,803546,11.78,9907.0
11-33-610-05753-803547,33,610,05753,803547,6.17,3670.0
11-33-610-05753-803548,33,610,05753,803548,13.87,6422.0
11-33-610-05753-803549,33,610,05753,803549,13.5,7621.0
11-33-610-05753-803550,33,610,05753,803550,30.0,9657.0
11-33-610-05753-803551,33,610,05753,803551,24.0,12034.0
11-33-610-05753-803552,33,610,05753,803552,23.4,17979.0
11-33-610-05753-803553,33,610,05753,803553,5.2,2482.0
11-33-610-05753-803554,33,610,05753,803554,12.12,9196.0
11-33-610-05753-803555,33,610,05753,803555,17.1,7443.0
11-33-610-05753-803556,33,610,05753,803556,11.65,13225.0
11-33-610-05753-803557,33,610,05753,803557,10.83,8111.0
11-33-611-05754-803558,33,611,05754,803558,94.28,44590.0
11-33-611-05755-803559,33,611,05755,803559,35.0,24954.0
11-33-611-05755-803560,33,611,05755,803560,47.71,49535.0
11-33-611-05755-803561,33,611,05755,803561,103.55,21943.0
11-33-611-05756-803562,33,611,05756,803562,35.8,9745.0
11-33-611-05756-803563,33,611,05756,803563,61.7,8505.0
11-33-611-05756-803564,33,611,05756,803564,30.67,88430.0
11-33-611-05757-803565,33,611,05757,803565,30.93,28207.0
11-33-611-05757-803566,33,611,05757,803566,11.88,14383.0
11-33-611-05758-635115,33,611,05758,635115,4.25,4438.0
11-33-611-05758-635116,33,611,05758,635116,6.39,10852.0
11-33-611-05758-803567,33,611,05758,803567,6.67,19462.0
11-33-611-05758-803568,33,611,05758,803568,19.2,23229.0
11-33-611-05758-803569,33,611,05758,803569,18.0,14178.0
11-33-611-05758-803570,33,611,05758,803570,15.05,45494.0
11-33-611-05758-803571,33,611,05758,803571,22.0,12960.0
11-33-611-05759-803572,33,611,05759,803572,13.0,5864.0
11-33-611-05759-803573,33,611,05759,803573,26.21,8886.0
11-33-612-05760-635174,33,612,05760,635174,7.91,5162.0
11-33-612-05760-635175,33,612,05760,635175,12.1,17306.0
11-33-612-05760-803574,33,612,05760,803574,12.8,7200.0
11-33-612-05760-803575,33,612,05760,803575,24.0,11753.0
11-33-612-05760-803576,33,612,05760,803576,6.63,70467.0
11-33-612-05760-803577,33,612,05760,803577,64.0,27156.0
11-33-612-05760-803578,33,612,05760,803578,38.17,14179.0
11-33-612-05761-803579,33,612,05761,803579,13.05,30064.0
11-33-612-05762-803580,33,612,05762,803580,24.14,15336.0
11-33-612-05762-803581,33,612,05762,803581,2.13,11730.0
11-33-612-05762-803582,33,612,05762,803582,15.17,8890.0
11-33-612-05762-803583,33,612,05762,803583,21.0,17100.0
11-33-612-05762-803584,33,612,05762,803584,16.09,18015.0
11-33-612-05763-803585,33,612,05763,803585,12.43,23660.0
11-33-612-05764-635409,33,612,05764,635409,12.74,17824.0
11-33-612-05764-635410,33,612,05764,635410,18.38,17701.0
11-33-612-05764-635411,33,612,05764,635411,3.5,6182.0
11-33-612-05764-635412,33,612,05764,635412,14.1,25627.0
11-33-612-05764-635413,33,612,05764,635413,4.2,17851.0
11-33-612-05764-803586,33,612,05764,803586,10.49,10653.0
11-33-612-05764-803587,33,612,05764,803587,21.0,15610.0
11-33-612-05764-803588,33,612,05764,803588,25.0,18838.0
11-33-612-05764-803589,33,612,05764,803589,14.01,207327.0
11-33-612-05764-803590,33,612,05764,803590,17.7,10369.0
11-33-612-05765-803591,33,612,05765,803591,11.25,13634.0
11-33-612-05765-803592,33,612,05765,803592,3.22,26285.0
11-33-612-05765-803593,33,612,05765,803593,19.2,12175.0
11-33-612-05766-803594,33,612,05766,803594,32.0,8731.0
11-33-612-05766-803595,33,612,05766,803595,21.45,36501.0
11-33-612-05767-803596,33,612,05767,803596,20.5,11730.0
11-33-612-05767-803597,33,612,05767,803597,19.0,19257.0
11-33-612-05767-803598,33,612,05767,803598,9.9,22197.0
11-33-612-05767-803599,33,612,05767,803599,2.59,8602.0
11-33-612-05767-803600,33,612,05767,803600,12.94,22928.0
11-33-613-05768-803601,33,613,05768,803601,24.0,12412.0
11-33-613-05768-803602,33,613,05768,803602,10.63,30624.0
11-33-613-05769-635581,33,613,05769,635581,7.5,9031.0
11-33-613-05769-635582,33,613,05769,635582,8.37,9574.0
11-33-613-05769-635583,33,613,05769,635583,11.27,19779.0
11-33-613-05769-635584,33,613,05769,635584,9.11,22447.0
11-33-613-05769-803603,33,613,05769,803603,8.01,5556.0
11-33-613-05769-803604,33,613,05769,803604,25.0,23408.0
11-33-613-05769-803605,33,613,05769,803605,12.5,10969.0
11-33-613-05769-803606,33,613,05769,803606,13.5,67131.0
11-33-613-05769-803607,33,613,05769,803607,5.96,70980.0
11-33-613-05769-803608,33,613,05769,803608,9.68,12720.0
11-33-613-05769-803609,33,613,05769,803609,13.5,53854.0
11-33-613-05769-803610,33,613,05769,803610,24.15,11292.0
11-33-613-05770-803611,33,613,05770,803611,16.0,10792.0
11-33-613-05770-803612,33,613,05770,803612,16.46,7484.0
11-33-613-05771-803613,33,613,05771,803613,11.16,27910.0
11-33-613-05771-803614,33,613,05771,803614,17.7,10925.0
11-33-613-05771-803615,33,613,05771,803615,39.0,17629.0
11-33-614-05773-803616,33,614,05773,803616,6.4,10933.0
11-33-614-05773-803617,33,614,05773,803617,31.95,14909.0
11-33-614-05774-803618,33,614,05774,803618,8.84,7681.0
11-33-614-05774-803619,33,614,05774,803619,9.5,12980.0
11-33-614-05774-803620,33,614,05774,803620,18.8,28727.0
11-33-614-05775-803621,33,614,05775,803621,7.16,7705.0
11-33-614-05775-803622,33,614,05775,803622,12.35,8635.0
11-33-614-05775-803623,33,614,05775,803623,14.55,32439.0
11-33-614-05776-635874,33,614,05776,635874,6.16,17257.0
11-33-614-05776-803624,33,614,05776,803624,4.5,13073.0
11-33-614-05776-803625,33,614,05776,803625,2.45,25931.0
11-33-614-05777-635962,33,614,05777,635962,3.405,5740.0
11-33-614-05777-803626,33,614,05777,803626,11.0,11604.0
11-33-614-05777-803627,33,614,05777,803627,10.0,10241.0
11-33-614-05777-803628,33,614,05777,803628,5.18,7905.0
11-33-614-05777-803629,33,614,05777,803629,10.03,23740.0
11-33-614-05778-636012,33,614,05778,636012,10.03,5785.0
11-33-614-05778-636013,33,614,05778,636013,20.67,11083.0
11-33-614-05778-803630,33,614,05778,803630,9.6,10743.0
11-33-614-05779-803631,33,614,05779,803631,146.9,847387.0
11-33-614-05780-636033,33,614,05780,636033,4.93,24023.0
11-33-614-05780-636034,33,614,05780,636034,1.75,16244.0
11-33-614-05780-636035,33,614,05780,636035,6.04,13146.0
11-33-614-05780-636036,33,614,05780,636036,13.49,9202.0
11-33-614-05780-636037,33,614,05780,636037,17.09,16788.0
11-33-614-05780-636038,33,614,05780,636038,13.87,13469.0
11-33-614-05780-803632,33,614,05780,803632,9.4,15943.0
11-33-614-05780-803633,33,614,05780,803633,4.17,23156.0
11-33-614-05780-803634,33,614,05780,803634,14.37,38887.0
11-33-614-05781-803635,33,614,05781,803635,20.85,40510.0
11-33-614-05781-803636,33,614,05781,803636,10.83,12167.0
11-33-615-05782-803637,33,615,05782,803637,18.0,10737.0
11-33-615-05782-803638,33,615,05782,803638,22.6,12467.0
11-33-615-05782-803638,33,623,05836,640706,2.32,6148.0
11-33-615-05783-803639,33,615,05783,803639,20.59,49648.0
11-33-615-05783-803640,33,615,05783,803640,17.6,12420.0
11-33-615-05784-803641,33,615,05784,803641,4.88,11891.0
11-33-616-05786-803642,33,616,05786,803642,5.2,8259.0
11-33-616-05786-803643,33,616,05786,803643,28.49,33945.0
11-33-616-05786-803644,33,616,05786,803644,12.0,12688.0
11-33-616-05787-803645,33,616,05787,803645,7.62,28902.0
11-33-617-05788-636612,33,617,05788,636612,3.44,12648.0
11-33-617-05788-803646,33,617,05788,803646,5.3,7659.0
11-33-617-05788-803647,33,617,05788,803647,5.67,6887.0
11-33-617-05788-803648,33,617,05788,803648,21.49,46678.0
11-33-617-05788-803649,33,617,05788,803649,18.03,60323.0
11-33-617-05789-636682,33,617,05789,636682,3.0,12506.0
11-33-617-05789-636683,33,617,05789,636683,2.91,7281.0
11-33-617-05789-636684,33,617,05789,636684,3.19,18745.0
11-33-617-05789-803650,33,617,05789,803650,27.69,173636.0
11-33-617-05790-636738,33,617,05790,636738,140.74,105731.0
11-33-617-05790-803651,33,617,05790,803651,8.96,27471.0
11-33-617-05790-803652,33,617,05790,803652,19.93,39514.0
11-33-617-05791-636913,33,617,05791,636913,2.0,6369.0
11-33-617-05791-636914,33,617,05791,636914,4.21,6039.0
11-33-617-05791-636915,33,617,05791,636915,4.63,8221.0
11-33-617-05791-803653,33,617,05791,803653,11.81,25541.0
11-33-617-05791-803654,33,617,05791,803654,12.0,8824.0
11-33-617-05791-803655,33,617,05791,803655,14.89,21956.0
11-33-617-05791-803656,33,617,05791,803656,15.98,13608.0
11-33-617-05791-803657,33,617,05791,803657,4.82,62153.0
11-33-617-05791-803658,33,617,05791,803658,4.2,16289.0
11-33-617-05792-803659,33,617,05792,803659,15.72,13971.0
11-33-617-05792-803660,33,617,05792,803660,13.59,16561.0
11-33-617-05792-803661,33,617,05792,803661,19.43,27294.0
11-33-617-05793-637226,33,617,05793,637226,9.25,7599.0
11-33-617-05793-803662,33,617,05793,803662,1.21,9278.0
11-33-617-05793-803663,33,617,05793,803663,19.5,6434.0
11-33-617-05793-803664,33,617,05793,803664,25.57,73585.0
11-33-617-05794-803665,33,617,05794,803665,5.66,19494.0
11-33-617-05794-803666,33,617,05794,803666,14.5,22894.0
11-33-618-05795-803667,33,618,05795,803667,13.21,34927.0
11-33-618-05795-803668,33,618,05795,803668,8.29,7676.0
11-33-618-05796-803669,33,618,05796,803669,15.5,9017.0
11-33-618-05796-803670,33,618,05796,803670,11.26,85632.0
11-33-618-05797-803671,33,618,05797,803671,6.6,16125.0
11-33-618-05798-803672,33,618,05798,803672,13.0,23191.0
11-33-618-05799-637707,33,618,05799,637707,1.54,5040.0
11-33-618-05799-637708,33,618,05799,637708,2.65,4422.0
11-33-618-05799-803673,33,618,05799,803673,6.0,9245.0
11-33-618-05799-803674,33,618,05799,803674,14.9,102905.0
11-33-618-05800-803675,33,618,05800,803675,4.0,8272.0
11-33-618-05800-803676,33,618,05800,803676,5.5,11108.0
11-33-618-05802-803677,33,618,05802,803677,49.05,12798.0
11-33-618-05802-803678,33,618,05802,803678,36.26,34266.0
11-33-619-05803-803679,33,619,05803,803679,5.46,11754.0
11-33-619-05804-803680,33,619,05804,803680,15.0,14639.0
11-33-619-05804-803681,33,619,05804,803681,3.9,6450.0
11-33-619-05805-803682,33,619,05805,803682,3.76,6149.0
11-33-619-05805-803683,33,619,05805,803683,12.8,12618.0
11-33-619-05806-803684,33,619,05806,803684,10.47,58301.0
11-33-619-05807-803685,33,619,05807,803685,2.62,9336.0
11-33-619-05807-803686,33,619,05807,803686,12.31,25423.0
11-33-619-05808-803687,33,619,05808,803687,11.55,66999.0
11-33-619-05809-803688,33,619,05809,803688,11.93,24404.0
11-33-619-05809-803689,33,619,05809,803689,12.8,21722.0
11-33-620-05810-803690,33,620,05810,803690,12.65,11169.0
11-33-620-05810-803691,33,620,05810,803691,16.81,11705.0
11-33-620-05810-803692,33,620,05810,803692,15.5,7949.0
11-33-620-05810-803693,33,620,05810,803693,5.66,14989.0
11-33-620-05810-803694,33,620,05810,803694,12.5,14786.0
11-33-620-05811-638573,33,620,05811,638573,1.23,8620.0
11-33-620-05811-638574,33,620,05811,638574,2.92,11673.0
11-33-620-05811-638575,33,620,05811,638575,3.0,11129.0
11-33-620-05811-638576,33,620,05811,638576,2.99,7505.0
11-33-620-05811-803695,33,620,05811,803695,7.07,6803.0
11-33-620-05811-803696,33,620,05811,803696,5.0,15082.0
11-33-620-05811-803697,33,620,05811,803697,12.58,140156.0
11-33-620-05811-803698,33,620,05811,803698,2.12,7289.0
11-33-620-05811-803699,33,620,05811,803699,2.1,15326.0
11-33-620-05812-638683,33,620,05812,638683,1.48,6227.0
11-33-620-05812-803700,33,620,05812,803700,11.52,17548.0
11-33-620-05812-803701,33,620,05812,803701,7.73,16263.0
11-33-620-05812-803702,33,620,05812,803702,25.5,8131.0
11-33-620-05812-803703,33,620,05812,803703,7.5,14572.0
11-33-620-05813-803704,33,620,05813,803704,5.56,16164.0
11-33-620-05813-803705,33,620,05813,803705,12.0,9074.0
11-33-620-05813-803706,33,620,05813,803706,6.5,12972.0
11-33-620-05814-638845,33,620,05814,638845,7.79,10210.0
11-33-620-05814-638846,33,620,05814,638846,26.8,32689.0
11-33-620-05814-638847,33,620,05814,638847,11.2,16197.0
11-33-620-05814-638848,33,620,05814,638848,14.5,9028.0
11-33-620-05814-803707,33,620,05814,803707,36.31,222943.0
11-33-620-05814-803708,33,620,05814,803708,7.6,16758.0
11-33-620-05815-803709,33,620,05815,803709,7.26,10247.0
11-33-620-05816-803710,33,620,05816,803710,5.75,16266.0
11-33-620-05816-803711,33,620,05816,803711,21.83,73135.0
11-33-620-05816-803712,33,620,05816,803712,12.8,31066.0
11-33-620-05817-803713,33,620,05817,803713,18.7,22084.0
11-33-620-05817-803714,33,620,05817,803714,16.0,5604.0
11-33-621-05818-639295,33,621,05818,639295,8.02,10883.0
11-33-621-05818-803715,33,621,05818,803715,10.14,14127.0
11-33-621-05818-803716,33,621,05818,803716,10.51,8906.0
11-33-621-05819-803717,33,621,05819,803717,8.37,11667.0
11-33-621-05821-639446,33,621,05821,639446,3.5,8915.0
11-33-621-05821-639447,33,621,05821,639447,5.5,26116.0
11-33-621-05821-803718,33,621,05821,803718,12.95,117630.0
11-33-621-05822-803719,33,621,05822,803719,9.19,8948.0
11-33-621-05823-803720,33,621,05823,803720,24.99,12676.0
11-33-621-05824-639647,33,621,05824,639647,6.58,6396.0
11-33-621-05824-803721,33,621,05824,803721,2.5,12367.0
11-33-621-05824-803722,33,621,05824,803722,35.5,9357.0
11-33-621-05825-803723,33,621,05825,803723,5.6,14626.0
11-33-621-05826-803724,33,621,05826,803724,15.36,40814.0
11-33-621-05827-639867,33,621,05827,639867,6.16,6652.0
11-33-621-05827-639868,33,621,05827,639868,4.06,6274.0
11-33-622-05829-803725,33,622,05829,803725,8.0,7165.0
11-33-622-05829-803726,33,622,05829,803726,8.4,18143.0
11-33-622-05829-803727,33,622,05829,803727,14.4,25980.0
11-33-622-05830-640126,33,607,05733,803437,11.6,15664.0
11-33-622-05830-640126,33,622,05830,640126,22.69,26536.0
11-33-622-05830-803728,33,622,05830,803728,7.7,5275.0
11-33-622-05830-803729,33,622,05830,803729,7.0,9580.0
11-33-622-05830-803730,33,622,05830,803730,6.75,14766.0
11-33-622-05830-803731,33,622,05830,803731,5.12,7696.0
11-33-622-05830-803732,33,622,05830,803732,5.0,11284.0
11-33-622-05830-803733,33,622,05830,803733,13.75,106714.0
11-33-622-05831-803734,33,622,05831,803734,12.42,51865.0
11-33-622-05832-803735,33,622,05832,803735,18.0,5860.0
11-33-622-05832-803736,33,622,05832,803736,6.97,40403.0
11-33-622-05833-803737,33,622,05833,803737,18.0,24554.0
11-33-622-05833-803738,33,622,05833,803738,5.6,32257.0
11-33-622-05834-803739,33,622,05834,803739,16.86,24767.0
11-33-623-05835-803740,33,623,05835,803740,8.88,8325.0
11-33-623-05835-803741,33,623,05835,803741,15.02,40017.0
11-33-623-05836-640707,33,623,05836,640707,3.58,9227.0
11-33-623-05836-640708,33,623,05836,640708,3.09,19305.0
11-33-623-05836-640709,33,623,05836,640709,2.6,5971.0
11-33-623-05836-640710,33,623,05836,640710,6.05,31095.0
11-33-623-05836-640711,33,623,05836,640711,2.85,23284.0
11-33-623-05836-640712,33,623,05836,640712,1.4,15152.0
11-33-623-05836-640713,33,623,05836,640713,3.02,43797.0
11-33-623-05836-640714,33,623,05836,640714,4.2,28646.0
11-33-623-05836-640715,33,623,05836,640715,8.16,10854.0
11-33-623-05836-803742,33,623,05836,803742,10.0,63917.0
11-33-623-05836-803743,33,623,05836,803743,8.99,20042.0
11-33-623-05836-803744,33,623,05836,803744,6.24,30884.0
11-33-623-05837-803745,33,623,05837,803745,9.94,26830.0
11-33-623-05837-803746,33,623,05837,803746,4.0,10493.0
11-33-623-05837-803747,33,623,05837,803747,15.24,22578.0
11-33-623-05837-803748,33,623,05837,803748,4.8,12331.0
11-33-623-05838-803749,33,623,05838,803749,13.85,35219.0
11-33-623-05839-803750,33,623,05839,803750,18.32,15746.0
11-33-623-05839-803751,33,623,05839,803751,4.5,10762.0
11-33-623-05839-803752,33,623,05839,803752,4.2,10394.0
11-33-623-05840-803753,33,623,05840,803753,10.7,51194.0
11-33-623-05841-641061,33,623,05841,641061,4.22,15769.0
11-33-623-05841-641062,33,623,05841,641062,4.45,7289.0
11-33-623-05841-641063,33,623,05841,641063,4.22,7787.0
11-33-623-05841-641064,33,623,05841,641064,5.0,7423.0
11-33-623-05841-641065,33,623,05841,641065,4.0,7121.0
11-33-623-05841-641066,33,623,05841,641066,4.03,26158.0
11-33-623-05841-641067,33,623,05841,641067,5.0,14328.0
11-33-623-05841-641068,33,623,05841,641068,3.0,6436.0
11-33-623-05841-641069,33,623,05841,641069,5.62,4477.0
11-33-623-05841-641070,33,623,05841,641070,9.63,14684.0
11-33-623-05841-803754,33,623,05841,803754,51.96,1017865.0
11-33-623-05841-803755,33,623,05841,803755,5.3,16598.0
11-33-623-05841-803756,33,623,05841,803756,16.0,89635.0
11-33-623-05841-803757,33,623,05841,803757,16.26,50004.0
11-33-623-05841-803758,33,623,05841,803758,6.81,9016.0
11-33-624-05842-803759,33,624,05842,803759,11.65,11022.0
11-33-624-05842-803760,33,624,05842,803760,7.23,75675.0
11-33-624-05842-803761,33,624,05842,803761,1.2,15625.0
11-33-624-05842-803762,33,624,05842,803762,12.0,7846.0
11-33-624-05843-803763,33,624,05843,803763,5.6,11942.0
11-33-624-05843-803764,33,624,05843,803764,14.0,19285.0
11-33-624-05843-803765,33,624,05843,803765,5.13,13204.0
11-33-624-05843-803766,33,624,05843,803766,5.0,12372.0
11-33-624-05843-803767,33,624,05843,803767,2.11,42976.0
11-33-624-05843-803768,33,624,05843,803768,17.11,14838.0
11-33-624-05844-803769,33,624,05844,803769,22.23,94453.0
11-33-624-05844-803770,33,624,05844,803770,4.5,14879.0
11-33-624-05844-803771,33,624,05844,803771,8.0,16158.0
11-33-624-05845-803772,33,624,05845,803772,14.52,16079.0
11-33-624-05845-803773,33,624,05845,803773,8.0,7024.0
11-33-624-05845-803774,33,624,05845,803774,7.5,6135.0
11-33-624-05845-803775,33,624,05845,803775,15.36,9323.0
11-33-624-05845-803776,33,624,05845,803776,9.02,15960.0
11-33-624-05845-803777,33,624,05845,803777,25.95,42305.0
11-33-624-05845-803778,33,624,05845,803778,5.12,13892.0
11-33-624-05845-803779,33,624,05845,803779,5.3,29050.0
11-33-624-05845-803780,33,624,05845,803780,7.0,10619.0
11-33-624-05845-803781,33,624,05845,803781,16.05,11511.0
11-33-624-05845-803782,33,624,05845,803782,13.0,16134.0
11-33-624-05845-803783,33,624,05845,803783,6.58,68090.0
11-33-624-05845-803784,33,624,05845,803784,32.0,41915.0
11-33-624-05845-803785,33,624,05845,803785,10.26,4882.0
11-33-624-05846-803786,33,624,05846,803786,5.89,27287.0
11-33-625-05847-641208,33,625,05847,641208,10.4,14601.0
11-33-625-05847-641209,33,625,05847,641209,3.22,4505.0
11-33-625-05847-641210,33,625,05847,641210,8.7,5474.0
11-33-625-05847-803787,33,625,05847,803787,11.36,130442.0
11-33-625-05847-803788,33,625,05847,803788,13.0,20228.0
11-33-625-05847-803789,33,625,05847,803789,9.42,17520.0
11-33-625-05848-641267,33,625,05848,641267,9.81,9538.0
11-33-625-05848-803790,33,625,05848,803790,8.4,12713.0
11-33-625-05848-803791,33,625,05848,803791,13.0,16784.0
11-33-625-05848-803792,33,625,05848,803792,8.02,8316.0
11-33-625-05848-803793,33,626,05855,641862,3.0,4007.0
11-33-625-05848-803793,33,625,05848,803793,12.0,8513.0
11-33-625-05848-803794,33,625,05848,803794,5.72,75396.0
11-33-625-05848-803795,33,625,05848,803795,5.2,18635.0
11-33-625-05849-641310,33,625,05849,641310,2.2,13811.0
11-33-625-05849-641311,33,625,05849,641311,48.0,27925.0
11-33-625-05849-641312,33,625,05849,641312,14.3,11665.0
11-33-625-05849-641313,33,625,05849,641313,26.7,24436.0
11-33-625-05849-641314,33,625,05849,641314,3.25,16860.0
11-33-625-05849-641315,33,625,05849,641315,9.99,25555.0
11-33-625-05849-641316,33,625,05849,641316,16.22,13526.0
11-33-625-05849-641317,33,625,05849,641317,8.34,4930.0
11-33-625-05849-803796,33,625,05849,803796,13.0,55362.0
11-33-625-05849-803797,33,625,05849,803797,6.89,71040.0
11-33-625-05850-641365,33,625,05850,641365,4.57,10107.0
11-33-625-05850-641366,33,625,05850,641366,9.04,5360.0
11-33-625-05850-641367,33,625,05850,641367,8.76,7622.0
11-33-625-05850-641368,33,625,05850,641368,17.97,4708.0
11-33-625-05850-641369,33,625,05850,641369,4.52,22524.0
11-33-625-05850-641370,33,625,05850,641370,14.18,22361.0
11-33-625-05850-641371,33,625,05850,641371,5.08,4937.0
11-33-625-05850-803798,33,625,05850,803798,6.64,72296.0
11-33-625-05851-803799,33,625,05851,803799,18.0,18191.0
11-33-625-05851-803800,33,625,05851,803800,8.7,12986.0
11-33-625-05853-641698,33,625,05853,641698,4.91,5383.0
11-33-625-05853-641699,33,625,05853,641699,9.73,18576.0
11-33-625-05853-641700,33,625,05853,641700,10.46,4990.0
11-33-625-05853-641701,33,625,05853,641701,8.02,8384.0
11-33-625-05853-803801,33,625,05853,803801,14.96,87722.0
11-33-625-05854-641763,33,625,05854,641763,10.1,5175.0
11-33-625-05854-641764,33,625,05854,641764,7.17,9540.0
11-33-625-05854-641765,33,625,05854,641765,3.89,8429.0
11-33-625-05854-641766,33,625,05854,641766,3.52,6948.0
11-33-625-05854-641767,33,625,05854,641767,5.51,6814.0
11-33-625-05854-803802,33,625,05854,803802,3.83,29398.0
11-33-626-05855-803803,33,626,05855,803803,10.165,18465.0
11-33-626-05855-803804,33,626,05855,803804,13.26,14565.0
11-33-626-05856-641956,33,626,05856,641956,6.29,8232.0
11-33-626-05856-803805,33,626,05856,803805,13.0,95579.0
11-33-626-05857-803806,33,626,05857,803806,23.0,14789.0
11-33-626-05858-803807,33,626,05858,803807,3.0,8144.0
11-33-626-05858-803808,33,626,05858,803808,5.18,14754.0
11-33-626-05859-803809,33,626,05859,803809,12.2,14801.0
11-33-626-05860-642162,33,626,05860,642162,11.99,11599.0
11-33-626-05860-642163,33,626,05860,642163,14.57,15355.0
11-33-626-05860-642164,33,626,05860,642164,1.31,17601.0
11-33-626-05860-642165,33,626,05860,642165,7.27,9730.0
11-33-626-05860-803810,33,626,05860,803810,6.33,61440.0
11-33-626-05860-803811,33,626,05860,803811,5.0,18427.0
11-33-626-05860-803812,33,626,05860,803812,2.45,38355.0
11-33-626-05861-803813,33,626,05861,803813,53.0,44856.0
11-33-627-05862-642240,33,627,05862,642240,9.32,18032.0
11-33-627-05862-642241,33,627,05862,642241,7.51,9115.0
11-33-627-05862-642242,33,627,05862,642242,11.23,18258.0
11-33-627-05862-642243,33,627,05862,642243,8.75,14954.0
11-33-627-05862-642244,33,627,05862,642244,10.1,6143.0
11-33-627-05862-803814,33,627,05862,803814,12.58,95057.0
11-33-627-05862-803815,33,627,05862,803815,11.44,14738.0
11-33-627-05862-803816,33,627,05862,803816,14.53,4155.0
11-33-627-05862-803817,33,627,05862,803817,6.23,10400.0
11-33-627-05863-803818,33,627,05863,803818,12.0,12772.0
11-33-627-05864-803819,33,627,05864,803819,5.6,8891.0
11-33-627-05864-803820,33,627,05864,803820,17.92,15277.0
11-33-627-05865-642449,33,627,05865,642449,8.71,8012.0
11-33-627-05866-642475,33,627,05866,642475,1.28,19844.0
11-33-627-05866-642476,33,627,05866,642476,12.36,40035.0
11-33-627-05866-642477,33,627,05866,642477,20.88,45863.0
11-33-627-05866-642478,33,627,05866,642478,32.0,32494.0
11-33-627-05866-642479,33,627,05866,642479,16.95,13344.0
11-33-627-05866-642480,33,627,05866,642480,5.78,22218.0
11-33-627-05866-803821,33,627,05866,803821,13.47,237830.0
11-33-627-05867-803822,33,627,05867,803822,11.45,12792.0
11-33-627-05867-803823,33,627,05867,803823,20.48,7203.0
11-33-627-05867-803824,33,627,05867,803824,5.5,15847.0
11-33-627-05867-803825,33,627,05867,803825,1.5,9478.0
11-33-627-05868-642593,33,627,05868,642593,10.0,6015.0
11-33-627-05868-803826,33,627,05868,803826,12.5,40588.0
11-33-627-05868-803827,33,627,05868,803827,25.6,10138.0
11-33-627-05868-803828,33,627,05868,803828,8.6,4934.0
11-33-627-05868-803829,33,627,05868,803829,8.0,9289.0
11-33-627-05868-803830,33,627,05868,803830,11.3,16584.0
11-33-627-05868-803831,33,627,05868,803831,30.0,27266.0
11-33-627-05868-803832,33,627,05868,803832,4.68,3134.0
11-33-627-05868-803833,33,627,05868,803833,10.5,32171.0
11-33-627-05868-803834,33,627,05868,803834,10.8,19738.0
11-33-627-05869-803835,33,627,05869,803835,5.25,14193.0
11-33-628-05870-803836,33,628,05870,803836,47.0,23040.0
11-33-628-05870-803837,33,628,05870,803837,8.5,11223.0
11-33-628-05870-803838,33,628,05870,803838,10.4,21361.0
11-33-628-05870-803839,33,628,05870,803839,55.16,66034.0
11-33-628-05871-803840,33,628,05871,803840,16.45,8337.0
11-33-628-05871-803841,33,628,05871,803841,12.37,57277.0
11-33-628-05872-803842,33,628,05872,803842,26.0,35272.0
11-33-628-05873-803843,33,628,05873,803843,52.25,90364.0
11-33-628-05873-803844,33,628,05873,803844,11.0,16709.0
11-33-628-05873-803845,33,628,05873,803845,8.5,15129.0
11-33-628-05873-803846,33,628,05873,803846,26.13,70545.0
11-33-628-05873-803847,33,628,05873,803847,7.0,8987.0
11-33-628-05873-803848,33,628,05873,803848,8.0,10282.0
11-33-628-05873-803849,33,628,05873,803849,7.68,2089.0
11-33-628-05873-803850,33,628,05873,803850,6.56,14535.0
11-33-628-05874-642790,33,628,05874,642790,2.8,6879.0
11-33-628-05874-803851,33,628,05874,803851,13.07,13566.0
11-33-628-05874-803852,33,628,05874,803852,25.4,20821.0
11-33-628-05874-803853,33,628,05874,803853,8.0,9313.0
11-33-628-05874-803854,33,628,05874,803854,33.21,12457.0
11-33-628-05874-803855,33,628,05874,803855,2.68,26823.0
11-33-628-05875-642822,33,628,05875,642822,24.73,7828.0
11-33-628-05875-803856,33,628,05875,803856,14.18,22231.0
11-33-628-05875-803857,33,628,05875,803857,12.29,20948.0
11-33-628-05876-803858,33,628,05876,803858,8.49,7095.0
11-33-628-05876-803859,33,628,05876,803859,18.13,17094.0
11-33-628-05876-803860,33,628,05876,803860,108.65,473637.0
11-33-628-05878-642991,33,628,05878,642991,4.07,5430.0
11-33-628-05878-642992,33,628,05878,642992,7.12,6233.0
11-33-628-05878-642993,33,628,05878,642993,10.08,14281.0
11-33-628-05878-803861,33,628,05878,803861,14.05,10045.0
11-33-628-05878-803862,33,628,05878,803862,15.36,14983.0
11-33-628-05878-803863,33,628,05878,803863,38.57,47241.0
11-33-628-05878-803864,33,628,05878,803864,17.84,35645.0
11-33-628-05878-803865,33,628,05878,803865,8.5,18327.0
11-33-628-05878-803866,33,628,05878,803866,8.0,19585.0
11-33-628-05878-803867,33,628,05878,803867,6.51,26398.0
11-33-628-05878-803868,33,628,05878,803868,109.0,11323.0
11-33-628-05878-803869,33,628,05878,803869,7.5,16625.0
11-33-628-05878-803870,33,628,05878,803870,8.0,8435.0
11-33-628-05878-803871,33,628,05878,803871,10.5,10694.0
11-33-628-05879-803872,33,628,05879,803872,34.0,11112.0
11-33-628-05879-803873,33,628,05879,803873,19.0,30921.0
11-33-628-05879-803874,33,628,05879,803874,17.28,6640.0
11-33-628-05879-803875,33,628,05879,803875,8.0,18067.0
11-33-628-05879-803876,33,628,05879,803876,15.0,9342.0
11-33-628-05880-643081,33,628,05880,643090,14.94,9220.0
11-33-628-05880-643089,33,628,05880,643089,6.69,5980.0
11-33-628-05880-643091,33,628,05880,643091,4.85,5694.0
11-33-628-05880-643092,33,628,05880,643092,8.13,5118.0
11-33-628-05880-803877,33,628,05880,803877,29.67,29417.0
11-33-628-05880-803878,33,628,05880,803878,49.0,29895.0
11-33-628-05880-803879,33,628,05880,803879,10.84,23702.0
11-33-629-05881-643093,33,629,05881,643101,8.1,6361.0
11-33-629-05881-643102,33,629,05881,643102,15.7,6840.0
11-33-629-05881-643103,33,629,05881,643103,2.93,8000.0
11-33-629-05881-643104,33,629,05881,643104,3.6,7812.0
11-33-629-05881-643105,33,629,05881,643105,3.1,4319.0
11-33-629-05881-643106,33,629,05881,643106,5.35,8277.0
11-33-629-05881-643107,33,629,05881,643107,2.36,12715.0
11-33-629-05881-643108,33,629,05881,643108,7.04,7677.0
11-33-629-05881-643109,33,629,05881,643109,4.53,8888.0
11-33-629-05881-643110,33,629,05881,643110,4.53,19417.0
11-33-629-05881-643111,33,629,05881,643111,4.02,6731.0
11-33-629-05881-643112,33,629,05881,643112,3.03,6807.0
11-33-629-05881-643113,33,629,05881,643113,4.7,8727.0
11-33-629-05881-643114,33,629,05881,643114,2.76,8362.0
11-33-629-05881-643115,33,629,05881,643115,1.8,4889.0
11-33-629-05881-643116,33,629,05881,643116,9.62,19758.0
11-33-629-05881-643117,33,629,05881,643117,4.38,7674.0
11-33-629-05881-643118,33,629,05881,643118,9.18,23630.0
11-33-629-05881-643119,33,629,05881,643119,1.75,6818.0
11-33-629-05881-643120,33,629,05881,643120,4.29,8625.0
11-33-629-05881-643121,33,629,05881,643121,1.06,6532.0
11-33-629-05881-803880,33,629,05881,803880,4.78,21665.0
11-33-629-05881-803881,33,629,05881,803881,6.4,16283.0
11-33-629-05881-803882,33,629,05881,803882,10.75,25378.0
11-33-629-05881-803883,33,629,05881,803883,8.8,18276.0
11-33-629-05881-803884,33,629,05881,803884,3.5,15625.0
11-33-629-05881-803885,33,629,05881,803885,4.17,24050.0
11-33-629-05881-803886,33,629,05881,803886,5.15,21307.0
11-33-629-05881-803887,33,629,05881,803887,15.7,23656.0
11-33-629-05881-803888,33,629,05881,803888,8.5,17989.0
11-33-629-05881-803889,33,629,05881,803889,6.4,38385.0
11-33-629-05881-803890,33,629,05881,803890,4.78,24657.0
11-33-629-05881-803891,33,629,05881,803891,1.86,9909.0
11-33-629-05881-803892,33,629,05881,803892,10.08,20938.0
11-33-629-05881-803893,33,629,05881,803893,4.8,17327.0
11-33-629-05881-803894,33,629,05881,803894,18.93,16691.0
11-33-629-05881-803895,33,629,05881,803895,6.25,18589.0
11-33-629-05882-643134,33,629,05882,643145,4.55,8541.0
11-33-629-05882-643139,33,629,05882,643139,8.5,8874.0
11-33-629-05882-643140,33,629,05882,643140,6.28,17271.0
11-33-629-05882-643141,33,629,05882,643141,5.0,7747.0
11-33-629-05882-643142,33,629,05882,643142,4.5,14086.0
11-33-629-05882-643143,33,629,05882,643143,4.0,16138.0
11-33-629-05882-643144,33,629,05882,643144,4.05,7401.0
11-33-629-05882-803896,33,629,05882,803896,10.96,22401.0
11-33-629-05882-803897,33,629,05882,803897,17.21,15554.0
11-33-629-05882-803898,33,629,05882,803898,6.25,17267.0
11-33-629-05882-803899,33,629,05882,803899,6.3,18985.0
11-33-629-05882-803900,33,629,05882,803900,5.36,11910.0
11-33-629-05882-803901,33,629,05882,803901,15.5,19730.0
11-33-629-05882-803902,33,629,05882,803902,14.07,14728.0
11-33-629-05882-803903,33,629,05882,803903,7.5,17662.0
11-33-629-05882-803904,33,629,05882,803904,2.56,16965.0
11-33-629-05882-803905,33,629,05882,803905,8.5,19538.0
11-33-629-05882-803906,33,629,05882,803906,22.75,14320.0
11-33-629-05882-803907,33,629,05882,803907,6.47,21342.0
11-33-629-05882-803908,33,629,05882,803908,10.5,18723.0
11-33-629-05882-803909,33,629,05882,803909,4.53,15998.0
11-33-629-05882-803910,33,629,05882,803910,8.68,10375.0
11-33-629-05882-803911,33,629,05882,803911,9.96,15304.0
11-33-629-05882-803912,33,629,05882,803912,5.23,12917.0
11-33-629-05882-803913,33,629,05882,803913,3.34,21177.0
11-33-629-05882-803914,33,629,05882,803914,4.3,19093.0
11-33-629-05882-803915,33,629,05882,803915,8.15,13567.0
11-33-629-05882-803916,33,629,05882,803916,8.1,15063.0
11-33-629-05882-803917,33,629,05882,803917,5.18,23227.0
11-33-629-05882-803918,33,629,05882,803918,2.2,13317.0
11-33-629-05882-803919,33,629,05882,803919,4.2,10969.0
11-33-629-05882-803920,33,629,05882,803920,3.23,13182.0
11-33-629-05883-643154,33,629,05883,643165,2.75,5028.0
11-33-629-05883-643164,33,629,05883,643164,2.75,6241.0
11-33-629-05883-803921,33,629,05883,803921,10.24,11392.0
11-33-629-05883-803922,33,629,05883,803922,5.0,15931.0
11-33-629-05883-803923,33,629,05883,803923,28.54,22846.0
11-33-629-05883-803924,33,629,05883,803924,5.0,8992.0
11-33-629-05884-643166,33,629,05884,643186,4.78,5576.0
11-33-629-05884-643178,33,629,05884,643190,4.0,5386.0
11-33-629-05884-643187,33,629,05884,643187,2.75,6106.0
11-33-629-05884-643188,33,629,05884,643188,5.68,6090.0
11-33-629-05884-643189,33,629,05884,643189,1.47,17476.0
11-33-629-05884-643191,33,629,05884,643191,0.46,4083.0
11-33-629-05884-803925,33,629,05884,803925,10.0,11236.0
11-33-629-05884-803926,33,629,05884,803926,9.64,7615.0
11-33-629-05884-803927,33,629,05884,803927,24.27,224849.0
11-33-629-05884-803928,33,629,05884,803928,10.98,16822.0
11-33-629-05884-803929,33,629,05884,803929,7.55,13193.0
11-33-629-05884-803930,33,629,05884,803930,5.54,14598.0
11-33-629-05884-803931,33,629,05884,803931,5.82,10070.0
11-33-629-05884-803932,33,629,05884,803932,8.63,9626.0
11-33-629-05884-803933,33,629,05884,803933,7.6,10982.0
11-33-629-05884-803934,33,629,05884,803934,4.87,11055.0
11-33-629-05884-803935,33,629,05884,803935,4.15,14538.0
11-33-629-05884-803936,33,629,05884,803936,11.52,13073.0
11-33-629-05884-803937,33,629,05884,803937,2.55,9717.0
11-33-629-05884-803938,33,629,05884,803938,8.8,11872.0
11-33-629-05884-803939,33,629,05884,803939,4.91,22453.0
11-33-630-05885-803940,33,630,05885,803940,1.6,12451.0
11-33-630-05885-803941,33,630,05885,803941,3.2,13511.0
11-33-630-05885-803942,33,630,05885,803942,2.5,20959.0
11-33-630-05886-803943,33,630,05886,803943,7.24,12194.0
11-33-630-05886-803944,33,630,05886,803944,14.75,25469.0
11-33-630-05887-803945,33,630,05887,803945,5.6,11382.0
11-33-630-05887-803946,33,630,05887,803946,13.21,12705.0
11-33-630-05887-803947,33,630,05887,803947,4.85,9369.0
11-33-630-05888-643626,33,630,05888,643626,3.0,4902.0
11-33-630-05888-643627,33,630,05888,643627,8.93,39697.0
11-33-630-05888-803948,33,630,05888,803948,11.65,68619.0
11-33-630-05889-803949,33,630,05889,803949,6.27,12174.0
11-33-630-05889-803950,33,630,05889,803950,6.77,17480.0
11-33-631-05890-643848,33,631,05890,643848,14.5,32474.0
11-33-631-05890-643849,33,631,05890,643849,14.67,17859.0
11-33-631-05890-643850,33,631,05890,643850,14.03,39245.0
11-33-631-05890-803951,33,631,05890,803951,11.71,116821.0
11-33-631-05890-803952,33,631,05890,803952,5.0,23129.0
11-33-631-05891-643997,33,631,05891,643997,5.34,7430.0
11-33-631-05891-643998,33,631,05891,643998,9.65,22714.0
11-33-631-05891-803953,33,631,05891,803953,22.5,16366.0
11-33-631-05891-803954,33,631,05891,803954,11.5,71323.0
11-33-631-05891-803955,33,631,05891,803955,1.6,15006.0
11-33-631-05892-803956,33,631,05892,803956,6.12,13321.0
11-33-631-05892-803957,33,631,05892,803957,14.25,24252.0
11-33-631-05893-803958,33,631,05893,803958,15.0,9953.0
11-33-631-05894-803959,33,631,05894,803959,17.4,18470.0
11-33-632-05895-803960,33,632,05895,803960,6.28,18223.0
11-33-632-05895-803961,33,632,05895,803961,7.2,69213.0
11-33-632-05895-803962,33,632,05895,803962,10.0,35166.0
11-33-632-05896-644400,33,632,05896,644400,18.33,12011.0
11-33-632-05896-644401,33,632,05896,644401,20.14,11510.0
11-33-632-05896-644402,33,632,05896,644402,3.5,5626.0
11-33-632-05896-644403,33,632,05896,644403,17.0,10259.0
11-33-632-05896-644404,33,632,05896,644404,9.0,8382.0
11-33-632-05896-644405,33,632,05896,644405,6.0,8232.0
11-33-632-05896-644406,33,632,05896,644406,10.54,9196.0
11-33-632-05896-803963,33,632,05896,803963,15.0,10923.0
11-33-632-05896-803964,33,632,05896,803964,27.0,35062.0
11-33-632-05896-803965,33,632,05896,803965,11.655,25691.0
11-33-632-05896-803966,33,632,05896,803966,4.0,27909.0
11-33-632-05896-803967,33,632,05896,803967,10.0,11910.0
11-33-632-05896-803968,33,632,05896,803968,11.32,15868.0
11-33-632-05897-644442,33,632,05897,644442,9.0,18749.0
11-33-632-05897-644443,33,632,05897,644443,11.81,12993.0
11-33-632-05897-644444,33,632,05897,644444,10.31,8407.0
11-33-632-05897-644445,33,632,05897,644445,9.2,24235.0
11-33-632-05897-644446,33,632,05897,644446,13.11,14787.0
11-33-632-05897-803969,33,632,05897,803969,18.28,20079.0
11-33-632-05897-803970,33,632,05897,803970,9.5,16953.0
11-33-632-05897-803971,33,632,05897,803971,29.95,38859.0
11-33-632-05897-803972,33,632,05897,803972,9.37,25930.0
11-33-632-05897-803973,33,632,05897,803973,4.7,8686.0
11-33-632-05897-803974,33,632,05897,803974,10.5,10289.0
11-33-632-05897-803975,33,632,05897,803975,2.44,17858.0
11-33-632-05897-803976,33,632,05897,803976,25.6,39586.0
11-33-632-05897-803977,33,632,05897,803977,11.8,32920.0
11-33-632-05897-803978,33,632,05897,803978,9.2,15998.0
11-33-632-05897-803979,33,632,05897,803979,8.7,33924.0
11-33-632-05897-803980,33,632,05897,803980,4.5,20122.0
11-33-632-05897-803981,33,632,05897,803981,10.5,83908.0
11-33-632-05897-803982,33,632,05897,803982,5.8,23841.0
11-33-632-05898-644473,33,632,05898,644473,11.17,17809.0
11-33-632-05898-644474,33,632,05898,644474,15.8,12936.0
11-33-632-05898-803983,33,632,05898,803983,13.0,39873.0
11-33-632-05898-803984,33,632,05898,803984,105.6,1050721.0
11-33-632-05898-803985,33,632,05898,803985,11.42,11492.0
11-33-632-05898-803986,33,632,05898,803986,21.41,11500.0
11-33-632-05898-803987,33,632,05898,803987,3.77,11658.0
11-33-632-05898-803988,33,632,05898,803988,16.64,24872.0
11-33-632-05898-803989,33,632,05898,803989,20.3,123667.0
11-33-632-05898-803990,33,632,05898,803990,13.87,95924.0
11-33-632-05898-803991,33,632,05898,803991,6.4,8004.0
11-33-632-05898-803992,33,632,05898,803992,12.0,7349.0
11-33-632-05898-803993,33,632,05898,803993,16.5,12853.0
11-33-632-05898-803994,33,632,05898,803994,21.68,7221.0
11-33-632-05898-803996,33,632,05898,803996,8.3,30357.0
11-33-632-05898-803997,33,632,05898,803997,16.44,9352.0
11-33-632-05898-803998,33,632,05898,803998,13.6,12207.0
11-33-632-05898-803999,33,632,05898,803999,21.0,12164.0
11-33-632-05899-644591,33,632,05899,644591,6.0,5025.0
11-33-632-05899-644592,33,632,05899,644592,1.3,9849.0
11-33-632-05899-644593,33,632,05899,644593,1.9,8695.0
11-33-632-05899-644594,33,632,05899,644594,4.7,8134.0
11-33-632-05899-804000,33,632,05899,804000,8.69,8653.0
11-33-632-05899-804001,33,632,05899,804001,10.88,7098.0
11-33-632-05899-804002,33,632,05899,804002,13.87,90180.0
11-33-632-05899-804003,33,632,05899,804003,8.0,16354.0
11-33-632-05899-804004,33,632,05899,804004,5.5,20104.0
11-33-632-05899-804005,33,632,05899,804005,20.0,5762.0
11-33-632-05899-804006,33,632,05899,804006,25.12,17208.0
11-33-632-05899-804007,33,632,05899,804007,23.0,13370.0
11-33-632-05899-804008,33,632,05899,804008,51.0,17392.0
11-33-632-05899-804009,33,632,05899,804009,26.7,26627.0
11-33-632-05900-804010,33,632,05900,804010,669.64,70859.0
11-33-633-05901-804011,33,633,05901,804011,32.7,13212.0
11-33-633-05901-804012,33,633,05901,804012,22.17,32147.0
11-33-633-05901-804013,33,633,05901,804013,64.75,40359.0
11-33-633-05902-804014,33,633,05902,804014,30.0,6807.0
11-33-633-05902-804015,33,633,05902,804015,24.65,4385.0
11-33-633-05902-804016,33,633,05902,804016,48.8,15223.0
11-33-633-05902-804017,33,633,05902,804017,37.0,17819.0
11-33-633-05902-804018,33,633,05902,804018,7.02,56007.0
11-33-633-05902-804019,33,633,05902,804019,32.3,11546.0
11-33-633-05903-644772,33,633,05903,644772,5.87,5070.0
11-33-633-05903-644773,33,633,05903,644773,7.0,7356.0
11-33-633-05903-644774,33,633,05903,644774,14.6,17248.0
11-33-633-05903-644775,33,633,05903,644775,6.97,7586.0
11-33-633-05903-644776,33,633,05903,644776,7.97,9192.0
11-33-633-05903-644777,33,633,05903,644777,12.92,6587.0
11-33-633-05903-644778,33,633,05903,644778,8.91,5798.0
11-33-633-05903-644779,33,633,05903,644779,5.27,5986.0
11-33-633-05903-804020,33,633,05903,804020,7.12,8774.0
11-33-633-05903-804021,33,633,05903,804021,11.65,28868.0
11-33-633-05903-804022,33,633,05903,804022,14.5,31528.0
11-33-633-05903-804023,33,633,05903,804023,5.57,10130.0
11-33-633-05904-644790,33,633,05904,644790,7.81,12160.0
11-33-633-05904-644791,33,633,05904,644791,19.67,53579.0
11-33-633-05904-644792,33,633,05904,644792,10.39,37620.0
11-33-633-05904-644792,33,632,05898,803995,1.68,10366.0
11-33-633-05904-644793,33,633,05904,644793,5.69,40503.0
11-33-633-05904-644794,33,633,05904,644794,8.23,17261.0
11-33-633-05904-644795,33,633,05904,644795,10.86,17699.0
11-33-633-05904-644796,33,633,05904,644796,9.01,25539.0
11-33-633-05904-644797,33,633,05904,644797,9.34,8006.0
11-33-633-05904-644798,33,633,05904,644798,16.8,26349.0
11-33-633-05904-644799,33,633,05904,644799,21.87,26014.0
11-33-633-05904-644800,33,633,05904,644800,21.02,50301.0
11-33-633-05904-804024,33,633,05904,804024,14.0,87427.0
11-33-633-05904-804025,33,633,05904,804025,26.0,70115.0
11-33-633-05904-804026,33,633,05904,804026,27.2,444352.0
11-33-633-05905-644826,33,633,05905,644826,22.33,28602.0
11-33-633-05905-644827,33,633,05905,644827,9.23,6215.0
11-33-633-05905-644828,33,633,05905,644828,7.37,8429.0
11-33-633-05905-804027,33,633,05905,804027,21.75,20691.0
11-33-633-05905-804028,33,633,05905,804028,19.42,42225.0
11-33-633-05906-644879,33,633,05906,644879,7.6,17356.0
11-33-633-05906-644880,33,633,05906,644880,7.2,16459.0
11-33-633-05906-644881,33,633,05906,644881,4.9,4849.0
11-33-633-05906-804029,33,633,05906,804029,7.41,61133.0
11-33-633-05906-804030,33,633,05906,804030,32.0,5874.0
11-33-633-05907-804031,33,633,05907,804031,5.0,6180.0
11-33-633-05907-804032,33,633,05907,804032,9.19,20620.0
11-33-633-05907-804033,33,633,05907,804033,31.5,13642.0
11-33-633-05907-804034,33,633,05907,804034,32.0,10283.0
11-34-634-05908-804035,34,634,05908,804035,30.0,55626.0
11-34-635-05909-644921,34,635,05909,644921,3.63,29808.0
11-34-635-05909-644922,34,635,05909,644922,5.03,15666.0
11-34-635-05909-804036,34,635,05909,804036,19.54,244377.0
11-34-635-05910-804037,34,635,05910,804037,34.56,300104.0
11-34-635-05911-644959,34,635,05911,644959,5.6,34383.0
11-34-635-05911-804038,34,635,05911,804038,8.9,32871.0
11-34-636-05913-804039,34,636,05913,804039,9.0,41816.0
11-34-637-05914-644995,34,637,05914,644995,3.1,11264.0
11-34-637-05914-804040,34,637,05914,804040,35.2,86838.0
11-35-639-05921-645439,35,639,05921,645439,5.95,2741.0
11-35-640-05922-645516,35,640,05922,645516,3.6,7962.0
11-35-640-05923-645550,35,640,05923,645550,4.6337,10308.0
11-35-640-05923-645551,35,640,05923,645551,5.9,14419.0
11-35-640-05923-804041,35,640,05923,804041,17.91,108058.0
