shrid2,pc91_state_id,pc91_district_id,pc91_town_id,pc91_land_area,pc91_pca_tot_p
01-05-05-00-40508000,25,04,300200,4.69,4716.0
01-06-04-00-00000000,08,03,100000,16.0,31452.0
01-06-04-00-00000000,08,03,103000,4.57,21986.0
01-08-10-00-41004000,21,08,104000,4.96,5083.0
01-09-46-00-44608000,25,48,104000,2.62,9493.0
01-10-02-00-40204000,05,13,201000,1.59,5823.0
01-10-19-00-41902000,05,18,102000,8.08,11012.0
01-10-34-00-43402000,05,05,101000,5.73,6729.0
01-18-17-00-41701000,04,15,300200,9.0,6666.0
01-19-09-00-40903000,26,16,320400,4.24,12609.0
01-19-15-00-41512000,26,13,107000,1.59,7286.0
01-20-02-00-40201000,05,35,105000,9.3,4719.0
01-20-07-00-40701000,05,31,201000,8.26,9522.0
01-20-12-00-41205000,05,32,302400,1.18,4314.0
01-20-12-00-41206000,05,32,302000,5.0,37520.0
01-20-12-00-41209000,05,32,302100,2.37,6274.0
01-20-12-00-41211000,05,32,104000,2.12,9690.0
01-20-12-00-41214000,05,32,300300,7.82,31297.0
01-20-12-00-41216000,05,32,300600,4.78,6740.0
01-20-12-00-41217000,05,32,301000,3.33,10501.0
01-20-12-00-41219000,05,32,300500,3.23,28420.0
01-20-12-00-41221000,05,32,300200,11.74,56774.0
01-20-12-00-41222000,05,32,300800,2.8,7200.0
01-20-12-00-41224000,05,32,300900,1.8,11830.0
01-20-12-00-41225000,05,32,301900,6.55,31761.0
01-20-12-00-41226000,05,32,301300,4.42,69641.0
01-20-12-00-41228000,05,32,301500,7.09,30174.0
01-20-12-00-41230000,05,32,300700,1.62,16393.0
01-20-12-00-41232000,05,32,301800,14.02,55677.0
01-20-12-00-41233000,05,32,301400,16.4,72919.0
01-20-12-00-41234000,05,32,301600,15.73,45425.0
01-20-12-00-41235000,05,32,301700,7.8,27319.0
01-20-12-00-41237000,05,32,301200,46.65,72333.0
01-20-17-00-41706000,05,40,108000,6.96,5735.0
01-20-17-00-41711000,05,40,109000,1.12,4627.0
01-23-29-00-42902000,13,25,100000,4.76,13685.0
01-23-43-00-44307000,13,36,205000,3.35,4907.0
01-23-43-00-44311000,13,36,105000,4.88,11255.0
01-23-43-00-44314000,13,36,201000,2.5,5491.0
01-24-06-00-40607000,07,11,100000,10.48,35560.0
01-24-06-00-40608000,07,11,101000,5.09,8300.0
01-24-07-00-40703000,07,12,301100,3.55,29950.0
01-24-07-00-40705000,07,12,300300,5.68,60537.0
01-24-07-00-40706000,07,12,300400,4.05,34667.0
01-24-07-00-40707000,07,12,300500,4.41,62248.0
01-24-07-00-40708000,07,12,300600,2.1,23518.0
01-24-07-00-40709000,07,12,300700,4.22,12091.0
01-24-07-00-40711000,07,12,300800,12.35,92116.0
01-24-07-00-40712000,07,12,300900,10.94,9846.0
01-24-07-00-40715000,07,12,301200,8.51,11181.0
01-24-10-00-41004000,07,01,109000,2.77,14388.0
01-24-10-00-41010000,07,01,300200,4.83,13105.0
01-24-10-00-41011000,07,01,300300,4.27,17997.0
01-24-11-00-41103000,07,06,107000,35.85,15634.0
01-24-12-00-41204000,07,06,300200,3.62,15903.0
01-24-20-00-42002000,07,05,106000,15.22,10716.0
01-24-22-00-42208000,07,17,100000,2.91,8673.0
01-24-24-00-42403000,07,18,300200,9.55,12956.0
01-24-25-00-42503000,07,18,310400,2.83,12052.0
01-24-25-00-42505000,07,18,310200,6.24,12981.0
01-24-25-00-42514000,07,05,103000,21.66,6713.0
01-27-09-00-40911000,14,27,106000,10.7,5658.0
01-27-26-00-42608000,14,09,200200,4.59,7684.0
01-27-35-00-43502000,14,12,104000,13.24,7422.0
01-28-04-00-40408000,02,17,620300,11.65,26862.0
01-28-04-00-40410000,02,17,620200,25.87,46129.0
01-28-06-00-40602000,02,15,610800,108.15,72320.0
01-28-06-00-40603000,02,15,610700,43.69,186963.0
01-28-06-00-40604000,02,15,610600,46.87,106591.0
01-28-06-00-40605000,02,15,610501,37.9,67271.0
01-28-06-00-40606000,02,15,610300,17.3,127178.0
01-28-06-00-40607000,02,15,610400,43.9,87747.0
01-28-06-00-40609000,02,15,610201,19.16,75660.0
01-28-06-00-40611000,02,15,611200,0.21,35187.0
01-28-10-0029-01056900,02,22,105000,6.45,20054.0
01-28-12-00-41208000,02,02,300200,5.08,11514.0
01-28-13-00-41305000,02,03,300300,7.95,12578.0
01-28-13-00-41308000,02,03,300501,12.4,45784.0
01-28-13-00-41308000,02,03,301001,8.8,15063.0
01-28-13-00-41308000,02,03,301100,7.19,12999.0
01-28-13-00-41308000,02,03,301200,27.81,8937.0
01-28-13-00-41308000,02,03,300901,27.53,24196.0
01-28-13-00-41308000,02,03,300800,1.27,5872.0
01-28-13-00-41308000,02,03,300701,14.87,12603.0
01-28-14-00-41411000,02,04,103000,21.65,42453.0
01-28-17-00-41703000,02,07,108000,21.88,45442.0
01-28-17-00-41704000,02,07,110000,2.59,34607.0
01-28-19-00-41902000,02,09,103000,8.01,9801.0
01-28-20-00-42008000,02,11,300101,41.92,140660.0
01-28-20-00-42009000,02,11,300300,6.09,22149.0
01-28-20-00-42010000,02,11,300400,27.53,40066.0
01-28-20-00-42011000,02,11,300200,2.59,12991.0
01-28-21-00-42107000,02,13,103000,0.44,12694.0
01-29-04-00-40415000,11,11,211000,6.91,3133.0
01-29-20-00-42002000,11,01,303001,23.46,50782.0
01-29-20-00-42005000,11,01,300700,2.05,18054.0
01-29-20-00-42011000,11,01,302500,3.45,7924.0
01-29-22-00-42205000,11,15,103000,4.36,7881.0
01-29-24-00-42409000,11,09,300700,3.26,6220.0
01-29-24-00-42410000,11,09,300600,4.68,8145.0
01-32-09-00-40901000,12,09,100000,32.0,10225.0
01-33-10-00-41053000,23,11,201000,19.97,7302.0
01-33-13-00-41317000,23,07,301800,1.48,6362.0
11-02-023-00087-800087,09,01,201000,4.12,1744.0
11-02-023-00087-800088,09,01,200001,7.58,6855.0
11-02-023-00088-800089,09,01,101000,2.58,1989.0
11-02-023-00088-800090,09,01,102000,2.13,2107.0
11-02-023-00090-800091,09,01,100000,4.33,17194.0
11-02-024-00093-800092,09,02,100000,4.75,7961.0
11-02-024-00099-800093,09,02,106000,10.63,17493.0
11-02-024-00099-800094,09,02,105000,6.22,9310.0
11-02-024-00100-800095,09,02,104000,3.12,9019.0
11-02-024-00101-800096,09,02,103000,1.15,4503.0
11-02-024-00103-800097,09,02,101000,3.27,3378.0
11-02-024-00104-800098,09,02,102000,4.52,4047.0
11-02-024-00111-800099,09,02,107000,0.66,3638.0
11-02-026-00117-800100,09,07,100000,3.0,2433.0
11-02-026-00118-800101,09,07,101000,6.68,14569.0
11-02-026-00118-800102,09,07,102000,2.0,2972.0
11-02-026-00120-800103,09,07,103000,2.25,1037.0
11-02-027-00124-800104,09,06,100000,4.25,4513.0
11-02-027-00129-800105,09,06,101000,2.95,3093.0
11-02-027-00132-800106,09,06,103000,11.46,20397.0
11-02-027-00133-014791,09,06,105000,2.0,3519.0
11-02-027-00133-800107,09,06,104000,4.26,23202.0
11-02-027-00133-800108,09,06,102000,3.97,1045.0
11-02-028-00140-800109,09,03,100000,3.03,5477.0
11-02-028-00141-800110,09,03,101000,2.28,3379.0
11-02-028-00143-800111,09,03,102000,5.24,12544.0
11-02-028-00144-800112,09,03,103000,3.4,1286.0
11-02-029-00148-800113,09,04,100000,5.09,2748.0
11-02-029-00148-800114,09,04,101000,18.37,4258.0
11-02-029-00150-800115,09,04,102000,4.97,12001.0
11-02-029-00150-800116,09,04,103000,3.8,6417.0
11-02-029-00150-800117,09,04,104000,7.0,6848.0
11-02-030-00152-800118,09,05,100000,3.1,3708.0
11-02-030-00154-800119,09,05,101000,2.89,1550.0
11-02-030-00155-800120,09,05,102000,0.82,868.0
11-02-030-00156-800121,09,05,103000,10.62,10609.0
11-02-031-00158-800122,09,10,100000,1.45,1976.0
11-02-031-00161-800123,09,10,101000,1.94,7448.0
11-02-031-00164-800125,09,10,103000,2.61,4385.0
11-02-031-00164-800126,09,10,106000,15.0,5856.0
11-02-031-00165-800127,09,10,105000,3.31,2163.0
11-02-031-00165-800128,09,10,104000,6.18,21751.0
11-02-031-00165-800129,09,10,102000,2.4,3700.0
11-02-032-00167-800130,09,11,100000,2.05,1780.0
11-02-032-00169-022774,09,11,101000,0.82,1209.0
11-02-032-00172-800131,09,11,102000,8.78,21878.0
11-02-032-00173-800132,09,11,103000,6.18,13207.0
11-02-033-00177-800133,09,09,100000,2.08,4342.0
11-02-033-00179-800134,09,09,101000,1.0,687.0
11-02-033-00180-800135,09,09,102000,1.76,1271.0
11-02-033-00181-024781,09,09,300300,0.7,2347.0
11-02-033-00181-800136,09,09,300201,3.04,5827.0
11-02-033-00182-800137,09,09,300101,31.6,102186.0
11-02-033-00184-800138,09,09,103000,4.0,2757.0
11-02-033-00185-800139,09,09,104000,4.0,1074.0
11-02-033-00188-800140,09,09,105000,0.96,1379.0
11-02-033-00189-800141,09,09,106000,0.4,896.0
11-02-033-00191-800142,09,09,107000,1.07,3366.0
11-03-035-00201-800143,20,01,100002,0.31,16090.0
11-03-035-00201-800144,20,01,300101,22.1,128198.0
11-03-035-00202-028501,20,01,102000,3.26,4806.0
11-03-035-00202-028504,20,01,105000,3.66,6095.0
11-03-035-00202-800145,20,01,101000,14.36,16968.0
11-03-035-00202-800146,20,01,103000,10.85,54733.0
11-03-035-00202-800147,20,01,104000,1.27,14214.0
11-03-035-00203-800148,20,01,107000,1.5,11088.0
11-03-035-00203-800149,20,01,310101,8.75,103367.0
11-03-035-00203-800150,20,01,108002,9.06,20012.0
11-03-035-00203-800151,20,01,109000,0.52,3461.0
11-03-035-00204-800152,20,01,106000,0.78,7380.0
11-03-036-00206-800155,20,06,100000,56.0,64567.0
11-03-036-00207-800157,20,06,101000,5.0,13722.0
11-03-036-00208-800158,20,06,102002,16.0,88316.0
11-03-037-00209-800160,20,05,107000,3.0,10246.0
11-03-037-00210-800161,20,05,106000,3.6,28478.0
11-03-037-00211-800162,20,05,103000,2.65,10708.0
11-03-037-00211-800163,20,05,104000,0.75,20956.0
11-03-037-00211-800164,20,05,105000,5.75,11149.0
11-03-037-00212-800165,20,05,108000,15.21,31520.0
11-03-037-00212-800166,20,05,300000,80.41,509510.0
11-03-037-00212-800167,20,05,110000,1.0,6468.0
11-03-037-00212-800168,20,05,109000,8.2,15331.0
11-03-037-00213-800169,20,05,112000,5.95,21093.0
11-03-037-00213-800170,20,05,111000,3.0,4896.0
11-03-038-00214-800171,20,07,103000,17.0,18786.0
11-03-038-00214-800172,20,07,102000,16.0,18351.0
11-03-038-00214-800173,20,07,104000,0.62,5159.0
11-03-038-00215-031344,20,07,101000,10.9,17379.0
11-03-038-00215-800174,20,07,100000,2.59,17813.0
11-03-038-00216-800175,20,07,105000,1.29,6473.0
11-03-038-00216-800176,20,07,300000,28.21,122705.0
11-03-038-00216-800177,20,07,106000,0.18,3711.0
11-03-038-00217-800179,20,07,107000,5.0,11761.0
11-03-039-00218-800180,20,05,100000,1.5,17721.0
11-03-039-00218-800181,20,05,101000,9.59,29955.0
11-03-039-00218-800182,20,05,102000,5.18,10771.0
11-03-040-00220-800184,20,09,100000,5.0,18138.0
11-03-040-00221-800185,20,09,101000,11.5,30818.0
11-03-040-00222-800186,20,09,109000,2.69,9854.0
11-03-040-00222-800187,20,09,110002,32.0,42063.0
11-03-041-00224-800189,20,04,104000,3.0,13554.0
11-03-041-00224-800190,20,04,105002,9.0,14921.0
11-03-041-00225-800191,20,04,108000,16.02,71990.0
11-03-041-00226-800192,20,04,107000,0.42,5852.0
11-03-041-00226-800194,20,04,106000,1.9,9589.0
11-03-041-00227-800196,20,04,300000,134.67,1042740.0
11-03-041-00228-800197,20,04,103000,2.05,10138.0
11-03-041-00229-033755,20,04,102000,5.48,5564.0
11-03-041-00229-800198,20,04,101000,10.65,21061.0
11-03-041-00230-800199,20,04,100000,14.0,47372.0
11-03-042-00231-800200,20,12,100000,23.96,8572.0
11-03-042-00232-800201,20,12,101000,6.0,17287.0
11-03-042-00233-034220,20,03,101000,4.55,7604.0
11-03-042-00233-800202,20,12,300101,16.1,110958.0
11-03-042-00233-800203,20,03,100002,1.1,11981.0
11-03-043-00234-800205,20,03,102002,19.42,23722.0
11-03-043-00235-800207,20,03,104000,11.33,78738.0
11-03-043-00235-800208,20,03,105000,20.1,53094.0
11-03-043-00235-800209,20,03,103000,3.0,10462.0
11-03-043-00236-800211,20,03,106000,1.5,10500.0
11-03-043-00236-800212,20,03,107002,2.84,23108.0
11-03-043-00237-800213,20,03,108000,7.34,58028.0
11-03-043-00238-800214,20,03,300000,23.07,107163.0
11-03-044-00239-800215,20,12,106000,10.0,56868.0
11-03-044-00240-800216,20,12,107000,8.25,29866.0
11-03-044-00241-800217,20,12,105000,13.8,66383.0
11-03-045-00242-800219,20,12,102002,18.14,58625.0
11-03-045-00242-800220,20,12,103000,14.5,62430.0
11-03-045-00243-800221,20,12,104002,9.06,28850.0
11-03-046-00244-800223,20,11,100000,5.76,35530.0
11-03-046-00245-800224,20,11,102000,2.0,10006.0
11-03-046-00245-800225,20,11,101000,9.0,10415.0
11-03-046-00245-800226,20,11,300000,97.0,159042.0
11-03-046-00245-800227,20,11,104000,1.24,2731.0
11-03-046-00245-800228,20,11,103000,0.39,5611.0
11-03-046-00246-800229,20,11,105000,3.99,17275.0
11-03-046-00246-800231,20,11,106000,4.8,25180.0
11-03-047-00248-800233,20,11,109000,4.0,11537.0
11-03-047-00248-800234,20,11,108000,5.18,18717.0
11-03-047-00249-800236,20,11,107000,20.0,55089.0
11-03-048-00250-800237,20,09,107000,5.5,36556.0
11-03-048-00251-800238,20,09,106000,5.0,14328.0
11-03-048-00252-800240,20,09,108000,15.48,54421.0
11-03-048-00253-800242,20,09,300101,31.2,253706.0
11-03-048-00253-800243,20,09,105002,5.18,16490.0
11-03-048-00254-800245,20,09,104000,14.0,70983.0
11-03-049-00255-800246,20,02,100000,2.5,4765.0
11-03-049-00255-800248,20,02,101000,15.55,10008.0
11-03-049-00256-800249,20,02,102002,1.5,10713.0
11-03-049-00256-800250,20,02,103000,2.85,3832.0
11-03-049-00256-800251,20,02,104000,4.2,19293.0
11-03-049-00257-800252,20,02,300000,114.95,708835.0
11-03-049-00258-800253,20,02,105000,1.5,9122.0
11-03-050-00259-800254,20,02,106000,36.0,47529.0
11-03-050-00260-038244,20,02,108000,10.0,11958.0
11-03-050-00260-800255,20,02,107000,4.3,27776.0
11-03-051-00262-800257,20,08,102000,3.0,10674.0
11-03-051-00263-800258,20,08,100000,14.92,12046.0
11-03-051-00264-800259,20,08,103000,25.0,37996.0
11-03-051-00265-800261,20,08,104000,3.0,17440.0
11-03-052-00266-800262,20,08,105000,7.4,17592.0
11-03-052-00266-800263,20,08,106002,4.2,26109.0
11-03-052-00267-800265,20,09,103000,4.5,10014.0
11-03-052-00267-800266,20,08,107000,16.68,78457.0
11-03-052-00268-800268,20,09,102000,3.06,9602.0
11-03-053-00269-800269,20,10,100000,3.88,25560.0
11-03-053-00269-800270,20,10,101000,4.25,88600.0
11-03-053-00270-800271,20,10,102000,15.0,37431.0
11-03-053-00271-800272,20,10,103002,2.59,13900.0
11-03-053-00271-800273,20,10,104000,13.9,56419.0
11-03-053-00271-800274,20,10,105002,3.25,16254.0
11-03-053-00272-800276,20,10,106002,3.89,43909.0
11-03-053-00273-800278,20,10,107000,8.4,15555.0
11-03-054-00275-800281,20,10,109000,16.0,75430.0
11-03-054-00275-800283,20,10,108000,5.0,15967.0
11-03-054-00276-800284,20,10,111002,2.47,14161.0
11-03-054-00276-800285,20,10,110000,6.0,14808.0
11-04-055-00277-800286,28,01,300101,69.63,510565.0
11-04-055-00277-800286,28,01,300200,3.4,36864.0
11-04-055-00277-800286,28,01,300500,4.61,7846.0
11-04-055-00277-800286,28,01,300400,,4554.0
11-04-055-00277-800286,28,01,300300,0.32,16000.0
11-05-056-00280-800287,25,01,101000,5.0,3214.0
11-05-056-00283-800288,25,01,100000,12.02,13919.0
11-05-056-00283-800289,25,01,102000,0.14,128.0
11-05-057-00284-800290,25,02,104000,2.01,978.0
11-05-057-00284-800291,25,02,101000,11.19,11488.0
11-05-057-00285-800292,25,02,100000,15.02,15378.0
11-05-057-00285-800293,25,02,106000,2.16,1262.0
11-05-057-00287-800294,25,02,103000,15.0,4422.0
11-05-057-00287-800295,25,02,102000,25.0,5169.0
11-05-058-00290-800296,25,02,107000,2.75,301.0
11-05-058-00291-800297,25,02,105000,1.0,1542.0
11-05-059-00294-800298,25,03,104000,1.5,1058.0
11-05-059-00294-800299,25,03,103000,5.18,2164.0
11-05-059-00297-800300,25,03,100000,35.05,20226.0
11-05-059-00299-800302,25,03,101000,10.36,4928.0
11-05-059-00299-800303,25,03,102000,1.82,4519.0
11-05-060-00300-800304,25,04,104000,15.98,4670.0
11-05-060-00303-800305,25,04,102000,1.4,10991.0
11-05-060-00303-800306,25,04,100000,7.33,8571.0
11-05-060-00304-045267,25,04,300600,14.59,18532.0
11-05-060-00304-800307,25,04,210001,64.75,26722.0
11-05-060-00304-800308,25,04,211000,2.9,2907.0
11-05-060-00304-800309,25,04,300100,37.17,270159.0
11-05-060-00304-800310,25,04,300400,20.98,43031.0
11-05-060-00304-800311,25,04,300500,7.03,18237.0
11-05-060-00304-800312,25,04,101000,1.91,7476.0
11-05-060-00305-045354,25,04,105000,4.73,4115.0
11-05-060-00305-800313,25,04,202000,7.75,11235.0
11-05-060-00305-800313,25,04,200001,2.59,44487.0
11-05-060-00305-800314,25,04,201000,1.78,15982.0
11-05-061-00306-800315,25,05,103000,7.77,18791.0
11-05-061-00307-800316,25,05,106000,1.29,539.0
11-05-061-00307-800316,25,05,101000,41.44,20397.0
11-05-061-00310-800317,25,05,104000,6.09,7106.0
11-05-061-00313-800318,25,05,105000,2.59,2444.0
11-05-061-00313-800319,25,05,100000,2.59,21378.0
11-05-062-00316-800320,25,06,101000,15.19,4475.0
11-05-062-00317-800321,25,06,103000,1.12,3514.0
11-05-062-00320-800322,25,06,100000,8.99,27708.0
11-05-063-00323-800323,25,07,101000,5.0,5772.0
11-05-064-00328-800324,25,07,100000,21.75,16874.0
11-05-064-00329-800325,25,07,102000,2.87,2810.0
11-05-064-00330-800326,25,07,201000,0.67,2050.0
11-05-064-00330-800327,25,07,200001,7.36,26001.0
11-05-065-00334-800328,25,06,104000,5.0,2525.0
11-05-065-00336-800329,25,06,102000,4.5,3891.0
11-05-065-00337-054471,25,08,114000,0.75,6572.0
11-05-065-00337-800330,25,08,108000,1.01,13110.0
11-05-066-00340-800331,25,08,200001,11.73,29837.0
11-05-066-00340-800332,25,08,201000,2.59,1114.0
11-05-066-00340-800333,25,08,118000,1.32,4364.0
11-05-066-00340-800334,25,08,121000,3.95,4225.0
11-05-066-00342-800335,25,08,300000,10.62,104195.0
11-05-066-00343-800336,25,08,102000,2.46,37281.0
11-05-066-00344-800337,25,08,120000,1.16,4663.0
11-05-066-00345-800338,25,08,119000,4.25,5310.0
11-05-067-00346-800339,25,08,100000,5.46,69870.0
11-05-067-00346-800340,25,08,113000,0.27,6614.0
11-05-067-00347-800341,25,08,117000,2.0,5367.0
11-05-067-00347-800342,25,08,103000,4.0,30831.0
11-05-067-00348-800343,25,08,112000,2.0,5866.0
11-05-067-00348-800344,25,08,105000,2.62,16857.0
11-05-067-00348-800345,25,08,115000,4.0,5025.0
11-05-067-00349-056015,25,08,107000,28.0,22072.0
11-05-067-00349-800346,25,08,101000,12.43,61280.0
11-05-067-00349-800347,25,08,104000,4.02,21131.0
11-05-067-00350-800348,25,08,110000,3.4,9487.0
11-05-067-00350-800349,25,08,116000,4.5,6099.0
11-05-067-00351-800350,25,08,111000,1.8,3845.0
11-05-067-00351-800351,25,08,106000,2.0,16704.0
11-05-067-00352-800352,25,08,109000,8.4,11245.0
11-05-068-00353-800353,25,13,200001,7.74,80262.0
11-05-068-00353-800354,25,13,201000,9.3,10877.0
11-05-068-00353-800355,25,13,103000,3.0,7633.0
11-05-068-00353-800356,25,13,100000,1.32,34161.0
11-05-068-00353-800357,25,13,102000,0.82,12195.0
11-05-068-00354-800358,25,13,300200,26.94,38381.0
11-05-068-00354-800359,25,13,300101,15.07,149011.0
11-05-068-00355-800360,25,13,101000,3.3,15622.0
11-06-069-00356-800361,08,01,100000,3.39,27281.0
11-06-069-00356-800362,08,01,102000,3.44,5516.0
11-06-069-00356-800362,08,01,101000,1.38,8013.0
11-06-069-00357-800363,08,01,103000,15.24,70375.0
11-06-070-00358-800364,08,01,104000,5.18,13832.0
11-06-070-00359-057509,08,01,105000,2.21,12750.0
11-06-070-00359-800365,08,01,300000,16.94,119338.0
11-06-070-00359-800366,08,01,310100,31.18,49017.0
11-06-070-00359-800367,08,01,310200,6.33,90872.0
11-06-071-00361-057958,08,02,101000,7.16,7301.0
11-06-071-00361-057959,08,02,104000,1.94,7850.0
11-06-071-00361-057962,08,02,103000,1.35,5579.0
11-06-071-00361-057964,08,02,102000,2.59,10165.0
11-06-071-00361-800368,08,02,300200,0.89,8022.0
11-06-071-00361-800368,08,02,300100,24.8,67386.0
11-06-071-00361-800369,08,02,300300,15.88,144346.0
11-06-071-00362-058145,08,02,100000,2.7,11818.0
11-06-071-00362-058146,08,02,105000,8.51,7130.0
11-06-071-00363-058298,08,02,106000,1.29,7330.0
11-06-072-00366-800372,08,03,102000,30.71,81255.0
11-06-073-00367-800374,08,04,100000,8.5,21089.0
11-06-073-00368-800375,08,04,101000,7.9,71142.0
11-06-073-00368-800376,08,04,103000,6.5,12872.0
11-06-073-00369-800377,08,04,102002,5.89,15534.0
11-06-074-00370-800378,08,05,101000,4.69,13911.0
11-06-074-00370-800379,08,05,102000,6.25,16103.0
11-06-074-00371-800380,08,05,100000,0.95,11131.0
11-06-074-00372-059310,08,05,103000,6.17,4860.0
11-06-074-00372-800381,08,05,300101,23.6,176131.0
11-06-074-00373-800383,08,06,100000,3.95,16749.0
11-06-074-00374-800384,08,05,104000,2.0,21147.0
11-06-075-00375-800385,08,06,300000,20.82,191212.0
11-06-075-00377-800386,08,06,101000,2.54,18384.0
11-06-076-00378-800387,08,08,100000,6.57,32496.0
11-06-076-00379-800388,08,07,100000,9.06,20952.0
11-06-076-00380-800389,08,07,300000,28.32,143922.0
11-06-076-00381-800390,08,07,101000,1.63,13151.0
11-06-077-00382-800391,08,14,100000,6.0,38533.0
11-06-077-00382-800392,08,14,101000,0.57,10216.0
11-06-077-00383-800393,08,14,102000,15.3,85315.0
11-06-077-00384-800394,08,14,103000,1.22,11424.0
11-06-077-00385-800395,08,14,104000,6.48,20056.0
11-06-078-00386-800396,08,15,101000,4.0,17644.0
11-06-078-00387-060411,08,15,102000,0.67,5599.0
11-06-078-00387-800397,08,15,103000,4.7,34215.0
11-06-078-00388-800398,08,15,100000,10.36,45500.0
11-06-079-00389-800399,08,16,100000,7.11,36197.0
11-06-079-00390-800400,08,16,101000,40.22,19850.0
11-06-079-00390-800401,08,16,300000,19.33,112841.0
11-06-079-00392-800403,08,16,102000,2.72,22312.0
11-06-080-00394-061014,08,15,104000,1.86,8599.0
11-06-080-00394-800404,08,15,105000,1.5,24891.0
11-06-080-00394-800405,08,15,300101,49.43,181255.0
11-06-080-00395-800406,08,15,107000,0.28,12197.0
11-06-080-00396-800407,08,15,106000,9.07,59653.0
11-06-081-00397-800408,08,13,100000,6.0,14159.0
11-06-081-00398-800409,08,13,300000,27.64,121629.0
11-06-081-00399-061274,08,13,103000,4.91,8387.0
11-06-081-00400-800410,08,13,104000,4.88,11109.0
11-06-081-00401-800411,08,13,102000,2.59,9031.0
11-06-081-00402-800412,08,13,101000,5.42,32253.0
11-06-082-00404-800413,08,08,101000,3.35,15083.0
11-06-082-00405-800414,08,08,300000,28.38,216096.0
11-06-082-00405-800415,08,08,102000,5.7,14524.0
11-06-083-00407-800417,08,08,104000,2.59,14508.0
11-06-083-00408-800418,08,08,106002,10.0,57235.0
11-06-083-00409-800419,08,08,105000,6.0,27693.0
11-06-084-00411-800420,08,12,100000,2.36,8601.0
11-06-084-00411-800421,08,12,101000,10.6,19610.0
11-06-084-00412-800422,08,12,103000,1.65,4457.0
11-06-084-00412-800423,08,12,102000,9.67,51976.0
11-06-085-00414-800424,08,11,101000,11.49,10848.0
11-06-085-00414-800425,08,11,102000,18.43,75342.0
11-06-085-00415-800426,08,11,100000,0.36,9010.0
11-06-086-00416-800427,08,10,101000,16.27,13263.0
11-06-086-00416-800428,08,10,100000,3.89,11278.0
11-06-086-00417-800429,08,10,103000,5.75,6767.0
11-06-086-00417-800429,08,10,300200,8.8,14398.0
11-06-086-00417-800429,08,10,300100,15.33,121486.0
11-06-086-00418-800430,08,10,102000,3.28,8046.0
11-06-086-00420-800431,08,10,104000,3.7,16348.0
11-06-087-00421-800432,08,10,105000,4.52,12534.0
11-06-087-00422-800433,08,10,106000,0.3,7492.0
11-06-087-00423-800434,08,10,107000,8.86,12413.0
11-06-087-00424-800435,08,10,108000,3.5,8679.0
11-06-088-00425-800436,08,09,300000,178.24,617717.0
11-06-089-00427-800437,08,09,100000,5.52,59168.0
11-06-089-00428-800438,08,09,103000,1.99,7863.0
11-06-089-00429-800439,08,09,101000,0.93,7130.0
11-06-089-00429-800440,08,09,102000,2.25,25635.0
11-07-090-00431-800441,31,01,302200,1.05,34416.0
11-07-090-00431-800441,31,01,300100,42.74,301297.0
11-07-090-00431-800441,31,01,301700,7.5,3251.0
11-07-090-00431-800441,31,01,101000,16.97,18999.0
11-07-090-00431-800441,31,01,102000,9.98,8293.0
11-07-090-00431-800441,31,01,301000,11.89,17380.0
11-07-090-00431-800441,31,01,301300,2.49,36148.0
11-07-090-00431-800441,31,01,300500,2.32,49186.0
11-07-090-00431-800441,31,01,300700,0.9,17492.0
11-07-090-00431-800441,31,01,100000,8.55,9256.0
11-07-090-00431-800441,31,01,302000,8.22,4405.0
11-07-090-00431-800441,31,01,301500,8.49,98975.0
11-07-090-00431-800441,31,01,300900,2.76,13870.0
11-07-090-00431-800441,31,01,302300,10.12,33214.0
11-07-090-00431-800441,31,01,301400,2.85,81366.0
11-07-090-00431-800441,31,01,300600,0.79,47451.0
11-07-090-00431-800441,31,01,301800,8.64,11766.0
11-07-090-00431-800441,31,01,302500,1.22,5882.0
11-07-090-00431-800441,31,01,104000,8.94,6100.0
11-07-090-00431-800441,31,01,302400,2.16,14343.0
11-07-090-00431-800441,31,01,301100,2.77,111567.0
11-07-090-00431-800441,31,01,302600,4.12,19629.0
11-07-090-00431-800441,31,01,103000,4.67,4832.0
11-07-090-00431-800441,31,01,300800,1.49,22945.0
11-07-090-00431-800441,31,01,300400,6.7,95065.0
11-07-090-00431-800441,31,01,301200,6.67,76063.0
11-07-090-00431-800441,31,01,300300,431.09,7206704.0
11-07-090-00431-800441,31,01,302100,2.86,8365.0
11-07-090-00431-800441,31,01,300200,42.97,94393.0
11-07-090-00431-800441,31,01,301900,4.27,6254.0
11-07-090-00431-800441,31,01,301600,7.2,7657.0
11-07-090-00431-800441,31,01,105000,11.95,5061.0
11-08-099-00457-800444,21,01,100000,2.18,11751.0
11-08-099-00457-800445,21,01,101000,4.85,18231.0
11-08-099-00458-800446,21,01,300000,20.87,161482.0
11-08-099-00459-800447,21,01,102000,1.99,17702.0
11-08-099-00460-800448,21,01,106000,1.5,7884.0
11-08-099-00460-800449,21,01,105000,3.46,13368.0
11-08-099-00461-800450,21,01,107000,4.38,22894.0
11-08-099-00462-800451,21,01,109000,4.68,21194.0
11-08-099-00464-800452,21,01,108000,3.25,13813.0
11-08-099-00465-800453,21,01,110000,11.0,45870.0
11-08-100-00466-800454,21,01,103000,1.27,25290.0
11-08-100-00468-800455,21,01,114101,13.45,82733.0
11-08-100-00469-800456,21,01,104000,29.53,26140.0
11-08-100-00470-800457,21,01,111000,6.81,22126.0
11-08-100-00471-800458,21,01,112000,3.0,32722.0
11-08-100-00472-800459,21,01,113000,2.5,28912.0
11-08-101-00473-069113,21,02,100000,2.93,15604.0
11-08-101-00473-800460,21,02,300000,165.75,416289.0
11-08-101-00473-800461,21,02,101000,5.0,13395.0
11-08-101-00477-800462,21,02,102000,11.16,35854.0
11-08-101-00480-800463,21,03,104000,42.8,36463.0
11-08-102-00481-800464,21,03,100000,6.25,21477.0
11-08-102-00482-800465,21,03,101000,12.8,43696.0
11-08-102-00483-800466,21,03,102000,16.2,67954.0
11-08-102-00484-800467,21,03,103000,5.0,9346.0
11-08-102-00484-800468,21,03,110101,28.8,82852.0
11-08-102-00485-800469,21,03,105000,50.2,55079.0
11-08-102-00485-800470,21,03,106000,5.0,19538.0
11-08-102-00486-800471,21,03,107000,9.0,23256.0
11-08-102-00486-800472,21,03,108000,10.0,15535.0
11-08-102-00486-800473,21,03,109000,5.18,70843.0
11-08-103-00487-800474,21,04,100000,16.0,17413.0
11-08-103-00487-800475,21,04,101000,2.0,16490.0
11-08-103-00487-800476,21,04,102000,3.08,72187.0
11-08-103-00487-800477,21,04,103000,4.0,12088.0
11-08-103-00488-800478,21,04,200001,4.0,21430.0
11-08-103-00488-800479,21,04,201000,5.0,11680.0
11-08-103-00488-800480,21,04,105000,12.0,16534.0
11-08-103-00488-800481,21,04,104000,9.0,27787.0
11-08-103-00490-071567,21,04,210002,9.31,23465.0
11-08-103-00490-800482,21,04,210001,11.31,17725.0
11-08-103-00491-800483,21,04,106000,13.0,15073.0
11-08-103-00491-800484,21,04,107000,18.0,51190.0
11-08-103-00492-800485,21,04,108000,35.0,21982.0
11-08-104-00493-800486,21,05,100000,15.12,16238.0
11-08-104-00496-800487,21,05,102000,20.0,15285.0
11-08-104-00496-800488,21,05,103000,10.0,15399.0
11-08-104-00497-800489,21,05,101000,21.09,22741.0
11-08-104-00499-800490,21,05,300101,58.13,210146.0
11-08-104-00502-800491,21,05,104000,25.0,20224.0
11-08-104-00503-073683,21,05,105000,5.0,7991.0
11-08-104-00504-800492,21,05,106000,5.0,12263.0
11-08-105-00506-800493,21,06,100000,6.0,24190.0
11-08-105-00507-800494,21,06,101000,2.04,16235.0
11-08-105-00508-800495,21,06,102000,2.41,34083.0
11-08-105-00509-800496,21,06,103000,14.91,17126.0
11-08-105-00510-800497,21,06,104000,14.35,16355.0
11-08-105-00511-800498,21,06,300101,40.72,150042.0
11-08-105-00512-800499,21,06,105000,21.44,14524.0
11-08-105-00512-800500,21,06,106000,9.0,14881.0
11-08-105-00513-800501,21,06,107000,9.0,26529.0
11-08-106-00516-800502,21,07,100000,22.27,37537.0
11-08-106-00518-800503,21,07,101000,32.03,68533.0
11-08-106-00519-800504,21,07,102000,10.0,22755.0
11-08-107-00520-800505,21,08,101000,5.0,16736.0
11-08-107-00522-800506,21,08,102000,48.0,60780.0
11-08-107-00523-800507,21,08,103000,35.0,49008.0
11-08-108-00526-800508,21,08,105101,9.95,68886.0
11-08-108-00531-800509,21,08,106101,60.38,77690.0
11-08-109-00533-077925,21,09,115000,28.09,16153.0
11-08-109-00533-800510,21,09,116101,3.18,16452.0
11-08-109-00534-078282,21,08,100000,3.5,13091.0
11-08-109-00536-800511,21,09,114000,11.0,38576.0
11-08-109-00537-800512,21,09,113000,9.42,20975.0
11-08-110-00538-800513,21,09,100000,20.0,31749.0
11-08-110-00539-800514,21,09,101000,31.07,13169.0
11-08-110-00540-079345,21,09,103000,4.37,20754.0
11-08-110-00540-800515,21,09,102000,10.0,17833.0
11-08-110-00541-800516,21,09,104000,22.53,38523.0
11-08-110-00542-079671,21,09,109000,36.0,12231.0
11-08-110-00542-800517,21,09,105000,39.27,21601.0
11-08-110-00542-800518,21,09,107000,10.24,20684.0
11-08-110-00542-800519,21,09,108000,10.5,19106.0
11-08-110-00542-800520,21,09,106000,10.0,9546.0
11-08-110-00545-800521,21,09,110000,32.59,15509.0
11-08-110-00546-800522,21,09,300100,200.4,1458483.0
11-08-110-00549-080899,21,09,111000,15.0,15135.0
11-08-110-00550-800523,21,09,112000,13.25,20408.0
11-08-111-00551-800524,21,10,100000,2.57,24706.0
11-08-111-00551-800525,21,10,101000,9.06,66387.0
11-08-111-00552-800526,21,10,102000,16.26,44560.0
11-08-111-00553-800527,21,10,300000,22.57,148272.0
11-08-111-00554-800528,21,10,107000,71.23,19283.0
11-08-111-00555-800529,21,10,104000,4.0,20495.0
11-08-111-00555-800530,21,10,105000,16.0,23891.0
11-08-111-00555-800531,21,10,106000,30.0,17653.0
11-08-111-00556-800532,21,10,103000,20.0,22274.0
11-08-112-00557-800533,21,15,100000,61.26,48205.0
11-08-112-00558-800534,21,15,101000,14.5,32889.0
11-08-112-00560-800535,21,15,102000,37.81,68194.0
11-08-112-00560-800536,21,15,103000,47.0,12521.0
11-08-112-00560-800537,21,15,104000,1.52,14479.0
11-08-112-00562-800538,21,15,105000,24.0,31728.0
11-08-112-00563-083491,21,15,106000,4.0,7059.0
11-08-112-00564-800539,21,15,107000,16.24,10134.0
11-08-112-00565-800540,21,15,110101,3.43,66720.0
11-08-112-00566-800541,21,15,108000,24.52,36740.0
11-08-112-00566-800542,21,15,109000,35.0,13967.0
11-08-113-00567-800543,21,14,102101,10.0,39286.0
11-08-113-00570-800544,21,14,300000,78.6,666279.0
11-08-113-00573-800545,21,14,100000,10.0,27828.0
11-08-113-00573-800546,21,14,101000,110.0,31157.0
11-08-114-00574-800547,21,13,100000,126.27,38735.0
11-08-114-00575-800548,21,13,101000,8.0,14865.0
11-08-115-00579-800549,21,17,100000,12.0,46858.0
11-08-115-00580-087533,21,17,103000,5.0,15830.0
11-08-115-00580-087549,21,17,102000,32.0,12853.0
11-08-115-00582-800550,21,17,101000,10.29,68625.0
11-08-116-00587-800551,21,18,100000,16.99,33650.0
11-08-116-00588-800552,21,18,102000,14.7,30731.0
11-08-116-00590-800553,21,18,101000,16.0,18827.0
11-08-117-00592-800554,21,19,100000,4.8,19866.0
11-08-117-00593-800555,21,19,101000,20.72,28117.0
11-08-117-00594-090133,21,19,103000,14.91,9019.0
11-08-117-00594-800556,21,19,102000,10.0,15185.0
11-08-117-00595-800557,21,19,104000,15.54,15593.0
11-08-117-00595-800558,21,19,105101,13.35,39802.0
11-08-118-00597-090409,21,16,101000,8.0,14653.0
11-08-118-00597-800559,21,16,100000,36.23,14532.0
11-08-118-00598-090482,21,16,102000,10.0,12582.0
11-08-118-00599-090726,21,16,104000,9.14,9100.0
11-08-118-00599-800560,21,16,103000,11.46,30168.0
11-08-118-00601-800561,21,16,300000,83.97,136842.0
11-08-118-00602-091065,21,16,105000,13.81,9637.0
11-08-118-00603-800562,21,16,106000,8.0,9556.0
11-08-118-00603-800563,21,16,107000,85.62,21151.0
11-08-118-00604-800564,21,16,108000,24.0,12305.0
11-08-118-00604-800565,21,16,109000,9.3,21221.0
11-08-118-00605-800566,21,16,110000,5.0,16154.0
11-08-118-00605-800567,21,16,111000,8.0,15446.0
11-08-119-00606-800568,21,11,102000,25.1,81948.0
11-08-119-00607-800569,21,11,100000,16.34,11506.0
11-08-119-00607-800570,21,11,300000,241.58,402700.0
11-08-119-00609-800571,21,11,310101,17.74,106721.0
11-08-119-00610-800572,21,11,103000,10.0,20603.0
11-08-119-00611-800573,21,11,101000,0.91,42208.0
11-08-119-00613-800574,21,11,104000,5.0,12316.0
11-08-119-00614-800575,21,11,105000,8.0,25573.0
11-08-120-00615-800576,21,12,104101,43.34,23643.0
11-08-120-00617-800577,21,12,100000,44.76,22889.0
11-08-120-00618-800578,21,12,300101,16.03,100235.0
11-08-120-00619-800579,21,12,101000,54.14,17641.0
11-08-120-00620-800580,21,12,102000,3.75,16779.0
11-08-120-00621-800581,21,12,103000,4.0,9233.0
11-08-121-00623-800582,21,25,100000,14.0,12148.0
11-08-121-00624-800583,21,25,201000,13.39,4540.0
11-08-121-00624-800584,21,25,200001,25.0,22891.0
11-08-121-00625-800585,21,25,103000,25.9,15748.0
11-08-121-00625-800586,21,25,102000,64.0,13370.0
11-08-121-00626-800587,21,25,101000,22.76,65047.0
11-08-122-00627-800588,21,20,100000,25.0,11080.0
11-08-122-00628-800589,21,20,101000,12.0,19253.0
11-08-122-00629-800590,21,20,102000,56.52,23644.0
11-08-122-00631-095245,21,20,104000,17.15,16844.0
11-08-122-00633-800591,21,20,105000,6.0,15224.0
11-08-122-00634-800592,21,20,300000,118.49,183965.0
11-08-122-00636-800593,21,20,103000,20.0,15080.0
11-08-122-00637-800594,21,20,106000,84.0,16635.0
11-08-122-00638-096393,21,20,107000,13.93,9419.0
11-08-123-00640-800595,21,21,100000,24.0,13933.0
11-08-123-00641-800596,21,21,101000,8.0,14614.0
11-08-123-00643-800597,21,21,102000,55.0,38831.0
11-08-123-00645-800598,21,21,103000,42.0,30878.0
11-08-124-00646-800599,21,23,100000,10.24,35681.0
11-08-124-00648-098173,21,23,102000,10.03,5896.0
11-08-124-00648-800600,21,23,101000,7.0,22240.0
11-08-125-00651-098875,21,24,100000,3.97,9477.0
11-08-125-00652-098913,21,24,101000,3.67,2468.0
11-08-125-00652-800601,21,24,103001,16.95,67908.0
11-08-125-00654-800602,21,24,102000,1.0,9341.0
11-08-126-00657-800603,21,22,100000,13.03,15641.0
11-08-126-00658-800604,21,22,101000,21.53,29086.0
11-08-126-00659-800605,21,22,102000,41.76,71569.0
11-08-126-00660-800606,21,22,103000,26.75,16028.0
11-08-126-00663-800607,21,22,104000,5.0,41921.0
11-08-126-00664-800608,21,22,106000,13.0,13318.0
11-08-127-00667-800609,21,26,300000,221.36,537371.0
11-08-127-00667-800610,21,26,103000,17.23,16040.0
11-08-127-00668-102332,21,26,104000,1.61,6073.0
11-08-127-00668-102333,21,26,106000,3.04,9742.0
11-08-127-00668-102334,21,26,107000,5.7,11056.0
11-08-127-00668-800611,21,26,105000,10.82,20875.0
11-08-127-00669-800612,21,26,108000,14.89,15603.0
11-08-128-00670-800613,21,26,100000,27.45,16957.0
11-08-128-00671-800614,21,26,101000,23.48,18526.0
11-08-128-00672-800615,21,26,102000,13.88,57719.0
11-08-128-00676-800616,21,26,110000,9.0,16384.0
11-08-128-00677-103778,21,26,109000,6.0,13489.0
11-08-129-00678-103985,21,27,100000,11.46,10657.0
11-08-129-00679-800617,21,27,101000,12.95,38671.0
11-08-129-00679-800618,21,27,102000,20.17,23067.0
11-08-129-00680-800619,21,27,103000,5.85,14490.0
11-08-129-00681-104837,21,27,104000,12.44,7161.0
11-08-129-00682-800620,21,27,105000,6.2,29740.0
11-08-129-00683-105065,21,27,106000,2.98,11364.0
11-08-129-00683-800621,21,27,107000,7.0,9594.0
11-08-129-00684-105388,21,27,108000,3.33,6219.0
11-08-130-00685-800622,21,21,104000,15.0,16485.0
11-08-130-00689-800623,21,21,300000,64.28,308571.0
11-08-130-00690-800624,21,21,105000,3.89,14739.0
11-08-130-00690-800625,21,21,106000,6.0,11303.0
11-08-130-00692-800626,21,21,108000,4.0,13981.0
11-08-130-00693-107554,21,21,201000,3.0,6849.0
11-08-130-00693-107555,21,21,200001,2.5,7588.0
11-08-130-00694-107683,21,21,109000,1.0,7435.0
11-08-131-00696-108047,21,21,107000,3.56,8812.0
11-08-131-00698-800627,21,22,105000,7.0,14621.0
11-08-131-00699-800628,21,22,107000,24.5,29443.0
11-09-132-00701-800629,25,12,104000,1.0,14569.0
11-09-132-00702-800630,25,12,300000,25.36,374945.0
11-09-132-00703-800631,25,12,105000,0.37,12647.0
11-09-132-00703-800632,25,12,108000,6.0,12384.0
11-09-132-00703-800633,25,12,103000,0.26,15182.0
11-09-132-00703-800634,25,12,107000,0.8,10297.0
11-09-132-00703-800635,25,12,101000,7.12,41198.0
11-09-132-00703-800636,25,12,109000,0.98,8045.0
11-09-132-00704-800637,25,12,100000,7.9,66208.0
11-09-132-00705-800638,25,12,106000,0.42,12993.0
11-09-132-00705-800639,25,12,102000,1.45,21184.0
11-09-133-00706-800640,25,14,111000,1.43,13303.0
11-09-133-00706-800641,25,14,115000,1.21,13062.0
11-09-133-00706-800642,25,14,101000,3.83,56079.0
11-09-133-00706-800643,25,14,103000,5.96,32513.0
11-09-133-00707-800644,25,14,116000,4.5,13044.0
11-09-133-00707-800645,25,14,100000,3.73,70853.0
11-09-133-00707-800646,25,14,113000,3.37,13634.0
11-09-133-00707-800647,25,14,118000,1.62,9195.0
11-09-133-00707-800648,25,14,104000,1.19,25577.0
11-09-133-00707-800649,25,14,108000,1.21,19360.0
11-09-133-00708-800650,25,14,109000,1.85,17752.0
11-09-133-00708-800651,25,14,107000,8.75,18593.0
11-09-133-00708-800652,25,14,300101,12.04,247624.0
11-09-133-00709-800653,25,14,112000,2.01,13437.0
11-09-133-00709-800654,25,14,105000,5.87,26931.0
11-09-133-00709-800655,25,14,117000,2.63,13287.0
11-09-133-00710-800656,25,14,102000,3.76,44319.0
11-09-133-00711-800657,25,14,114000,0.61,13865.0
11-09-133-00711-800658,25,14,110000,1.0,14006.0
11-09-133-00711-800659,25,14,106000,1.3,22796.0
11-09-134-00712-800660,25,09,115000,2.0,14299.0
11-09-134-00712-800661,25,09,100000,4.3,66860.0
11-09-134-00712-800662,25,09,117000,1.22,12468.0
11-09-134-00712-800663,25,09,104000,4.45,43757.0
11-09-134-00713-112564,25,09,201000,0.77,7414.0
11-09-134-00713-800664,25,09,114000,1.45,15408.0
11-09-134-00713-800665,25,09,200001,3.65,66486.0
11-09-134-00713-800666,25,09,113000,3.25,14808.0
11-09-134-00713-800667,25,09,108000,2.76,15830.0
11-09-134-00714-800668,25,09,101000,8.35,58513.0
11-09-134-00714-800669,25,09,111000,1.3,17981.0
11-09-134-00715-800670,25,09,109000,0.62,18650.0
11-09-134-00715-800671,25,09,103000,5.35,42230.0
11-09-134-00715-800672,25,09,106000,2.25,39179.0
11-09-134-00715-800673,25,09,107000,6.1,34753.0
11-09-134-00715-800674,25,09,105000,2.72,37560.0
11-09-134-00715-800675,25,09,110000,8.05,18198.0
11-09-134-00716-114351,25,09,116000,6.35,12898.0
11-09-134-00716-800676,25,09,112000,1.55,22235.0
11-09-134-00716-800677,25,09,102000,1.53,55825.0
11-09-135-00717-800678,25,10,103000,8.3,25279.0
11-09-135-00718-800679,25,10,105000,0.8,20297.0
11-09-135-00718-800680,25,10,113000,0.6,11365.0
11-09-135-00719-800681,25,10,109000,3.05,17996.0
11-09-135-00719-800682,25,10,300200,1.81,14487.0
11-09-135-00719-800682,25,10,300100,34.19,429214.0
11-09-135-00720-115652,25,10,201000,4.64,10153.0
11-09-135-00720-800683,25,10,108000,3.71,18516.0
11-09-135-00720-800684,25,10,200001,1.8,21509.0
11-09-135-00721-800685,25,10,107000,3.39,18310.0
11-09-135-00721-800686,25,10,310000,15.65,150869.0
11-09-135-00722-800687,25,10,104000,6.55,21723.0
11-09-135-00722-800688,25,10,111000,1.84,13630.0
11-09-135-00722-800689,25,10,100000,8.8,82748.0
11-09-136-00723-800690,25,11,106000,1.3,11830.0
11-09-136-00723-800691,25,11,103000,0.54,19782.0
11-09-136-00724-800692,25,11,100000,9.07,29328.0
11-09-136-00725-800693,25,11,101000,11.5,26463.0
11-09-136-00725-800694,25,11,105000,2.4,17481.0
11-09-136-00726-800695,25,11,300000,20.2,243742.0
11-09-136-00727-800696,25,11,102000,7.0,25128.0
11-09-136-00728-800697,25,11,104000,11.02,18962.0
11-09-137-00729-800698,25,10,110000,4.69,16484.0
11-09-137-00729-800699,25,10,102000,9.48,24097.0
11-09-137-00729-800700,25,10,114000,14.2,21096.0
11-09-137-00730-800701,25,10,106000,2.05,20613.0
11-09-137-00730-800702,25,10,320000,6.32,137061.0
11-09-137-00730-800703,25,10,115000,5.03,6514.0
11-09-137-00731-800704,25,10,101000,9.71,43383.0
11-09-137-00731-800705,25,10,112000,1.15,14125.0
11-09-138-00732-800706,25,15,114000,1.19,11047.0
11-09-138-00732-800707,25,15,102000,14.05,42980.0
11-09-138-00732-800708,25,15,116000,1.05,10025.0
11-09-138-00732-800709,25,15,108000,3.63,14471.0
11-09-138-00733-119005,25,15,117000,5.98,12443.0
11-09-138-00733-800710,25,15,111000,2.29,13970.0
11-09-138-00733-800711,25,15,119000,3.0,9060.0
11-09-138-00733-800712,25,15,107000,3.06,15081.0
11-09-138-00733-800713,25,15,101000,4.0,51701.0
11-09-138-00733-800714,25,15,109000,3.44,13677.0
11-09-138-00733-800715,25,15,106000,3.05,19270.0
11-09-138-00734-800716,25,15,300100,141.89,753778.0
11-09-138-00734-800717,25,15,300200,35.69,96021.0
11-09-138-00734-800718,25,15,112000,0.82,14402.0
11-09-138-00734-800719,25,15,118000,1.75,10550.0
11-09-139-00735-800720,25,15,105000,1.1,16008.0
11-09-139-00735-800721,25,15,110000,1.1,12784.0
11-09-139-00735-800722,25,15,113000,0.9,12309.0
11-09-139-00735-800723,25,15,100000,10.36,67705.0
11-09-139-00736-800724,25,15,104000,2.88,24939.0
11-09-139-00736-800725,25,15,115000,0.92,10871.0
11-09-139-00736-800726,25,15,120000,1.89,8274.0
11-09-139-00737-800727,25,15,103000,1.21,35191.0
11-09-140-00738-119646,25,16,112000,9.6,10373.0
11-09-140-00738-119675,25,16,111000,6.53,8473.0
11-09-140-00738-119677,25,16,320300,2.95,8110.0
11-09-140-00738-119678,25,16,320200,4.0,13509.0
11-09-140-00738-119679,25,16,104000,6.63,12792.0
11-09-140-00738-800728,25,16,108000,1.2,9181.0
11-09-140-00738-800729,25,16,110000,1.6,8841.0
11-09-140-00738-800730,25,16,320100,10.36,101660.0
11-09-140-00738-800731,25,16,107000,0.44,10940.0
11-09-140-00738-800732,25,16,101000,1.6,44395.0
11-09-140-00739-800733,25,16,114000,6.93,30360.0
11-09-140-00739-800733,25,16,106000,2.63,36561.0
11-09-140-00739-800734,25,16,300300,0.54,10662.0
11-09-140-00739-800734,25,16,300100,63.79,454156.0
11-09-140-00739-800734,25,16,109000,1.96,12387.0
11-09-140-00739-800735,25,16,105000,3.25,16963.0
11-09-140-00740-800736,25,16,100000,4.53,50162.0
11-09-140-00740-800737,25,16,310000,14.2,146262.0
11-09-140-00740-800738,25,16,115000,5.37,3581.0
11-09-140-00741-800739,25,16,103000,32.0,25241.0
11-09-141-00742-120130,25,16,113000,1.14,7313.0
11-09-141-00742-120227,25,16,330000,90.43,146514.0
11-09-141-00742-800740,25,16,102000,6.25,32883.0
11-09-141-00743-800741,25,17,119000,2.13,6127.0
11-09-141-00743-800742,25,17,115000,9.89,9531.0
11-09-141-00744-800743,25,17,112000,10.37,10769.0
11-09-141-00744-800744,25,17,117000,10.03,8206.0
11-09-141-00744-800745,25,17,107000,18.24,21376.0
11-09-142-00745-800746,25,17,101000,8.78,60992.0
11-09-142-00745-800747,25,17,120000,1.23,5838.0
11-09-142-00746-800748,25,17,109000,3.0,15402.0
11-09-142-00746-800749,25,17,300000,12.33,127201.0
11-09-142-00746-800750,25,17,103000,2.23,33982.0
11-09-142-00747-800751,25,17,116000,3.75,9101.0
11-09-142-00747-800752,25,17,105000,5.17,29888.0
11-09-142-00747-800753,25,17,114000,6.4,11093.0
11-09-142-00747-800754,25,17,113000,1.63,11420.0
11-09-142-00748-800755,25,17,108000,2.59,19684.0
11-09-142-00748-800756,25,17,102000,2.84,37981.0
11-09-142-00749-800757,25,17,104000,2.33,27721.0
11-09-142-00749-800758,25,17,110000,5.44,15652.0
11-09-142-00750-800759,25,17,106000,6.0,29197.0
11-09-142-00750-800760,25,17,111000,0.23,13127.0
11-09-142-00750-800761,25,17,118000,5.97,8202.0
11-09-142-00751-800762,25,17,100000,10.36,80305.0
11-09-143-00752-800763,25,18,108000,5.83,13276.0
11-09-143-00752-800764,25,18,102000,15.54,21770.0
11-09-143-00754-800765,25,18,100000,1.37,35135.0
11-09-143-00754-800766,25,18,106000,8.92,13343.0
11-09-143-00755-122709,25,18,103000,3.0,16095.0
11-09-143-00755-800767,25,18,110000,12.83,9682.0
11-09-143-00755-800768,25,18,300000,34.05,480520.0
11-09-143-00755-800769,25,18,104000,17.62,15548.0
11-09-143-00755-800770,25,18,112000,4.86,8846.0
11-09-143-00755-800771,25,18,113000,12.62,7379.0
11-09-143-00755-800772,25,18,116000,17.47,4759.0
11-09-143-00756-800773,25,18,114000,3.67,7940.0
11-09-143-00756-800774,25,18,115000,5.51,5010.0
11-09-144-00757-800775,25,18,105000,0.5,11494.0
11-09-144-00758-800776,25,18,101000,2.83,29823.0
11-09-144-00758-800777,25,18,107000,9.86,10305.0
11-09-144-00758-800778,25,18,117000,3.9,4514.0
11-09-144-00759-800779,25,18,111000,10.42,10098.0
11-09-144-00759-800780,25,18,310000,8.33,113285.0
11-09-144-00759-800781,25,18,109000,1.14,9676.0
11-09-144-00760-800782,25,19,103000,0.93,22347.0
11-09-144-00760-800783,25,19,112000,3.0,7141.0
11-09-145-00761-800784,25,19,101000,3.89,31293.0
11-09-145-00761-800785,25,19,107000,6.92,8690.0
11-09-145-00761-800786,25,19,108000,8.73,7730.0
11-09-145-00761-800787,25,19,102000,1.18,16370.0
11-09-145-00761-800788,25,19,106000,0.47,8935.0
11-09-145-00762-800789,25,19,115000,3.5,5529.0
11-09-145-00763-800790,25,19,105000,11.0,13447.0
11-09-145-00763-800791,25,19,116000,1.47,3295.0
11-09-145-00763-800792,25,19,111000,2.1,6543.0
11-09-145-00763-800793,25,19,109000,1.37,7709.0
11-09-145-00764-800794,25,19,113000,2.1,5923.0
11-09-145-00764-800795,25,19,100000,4.4,47746.0
11-09-145-00764-800796,25,19,114000,0.49,4643.0
11-09-145-00764-800797,25,19,104000,0.73,14867.0
11-09-145-00764-800798,25,19,110000,0.14,7121.0
11-09-145-00764-800799,25,19,300100,9.37,226691.0
11-09-145-00764-800800,25,19,300200,12.44,9231.0
11-09-146-00765-800801,25,20,104000,2.59,12691.0
11-09-146-00766-124698,25,20,109000,4.37,13357.0
11-09-146-00766-800802,25,20,300300,8.55,4871.0
11-09-146-00766-800803,25,20,300400,0.31,1647.0
11-09-146-00766-800804,25,20,300100,120.57,891790.0
11-09-146-00766-800805,25,20,300200,11.56,49755.0
11-09-146-00767-800806,25,20,101000,1.58,18436.0
11-09-146-00767-800807,25,20,102000,3.14,14177.0
11-09-146-00767-800808,25,20,100000,8.0,25446.0
11-09-146-00768-800809,25,20,110000,3.0,8773.0
11-09-146-00768-800810,25,20,108000,2.5,12939.0
11-09-146-00769-800811,25,20,103000,10.5,19183.0
11-09-146-00769-800812,25,20,105000,1.86,13624.0
11-09-146-00770-800813,25,20,107000,0.7,11752.0
11-09-146-00770-800814,25,20,106000,0.57,12645.0
11-09-147-00771-125502,25,21,201000,6.52,12267.0
11-09-147-00771-125503,25,21,202000,1.63,7500.0
11-09-147-00771-800815,25,21,200101,2.87,21463.0
11-09-147-00772-800816,25,21,300200,3.24,8952.0
11-09-147-00772-800816,25,21,300101,21.35,261584.0
11-09-147-00773-800817,25,21,103000,6.39,4490.0
11-09-147-00773-800818,25,21,102000,11.02,7787.0
11-09-147-00774-800819,25,21,100000,10.36,62829.0
11-09-147-00774-800820,25,21,101000,0.74,20688.0
11-09-148-00775-800821,25,23,103000,0.47,16198.0
11-09-148-00775-800822,25,23,108000,4.0,3725.0
11-09-148-00775-800823,25,23,105000,8.0,8139.0
11-09-148-00775-800824,25,23,100000,7.77,76735.0
11-09-148-00776-800825,25,23,102000,8.5,19434.0
11-09-148-00777-800826,25,23,101000,4.34,19841.0
11-09-148-00777-800827,25,23,104000,0.5,15994.0
11-09-148-00777-800828,25,23,106000,5.33,7052.0
11-09-148-00777-800829,25,23,107000,12.2,6772.0
11-09-149-00778-800830,25,24,119000,1.5,5582.0
11-09-149-00778-800831,25,24,112000,4.0,9786.0
11-09-149-00778-800832,25,24,108000,5.0,14774.0
11-09-149-00779-800833,25,24,105000,6.6,19179.0
11-09-149-00779-800834,25,24,113000,7.53,7559.0
11-09-149-00779-800835,25,24,120000,5.57,4831.0
11-09-149-00779-800836,25,24,103000,5.74,20290.0
11-09-149-00779-800837,25,24,110000,4.35,11755.0
11-09-149-00779-800838,25,24,109000,10.21,13113.0
11-09-149-00780-800839,25,24,118000,1.63,6848.0
11-09-149-00780-800840,25,24,104000,0.75,17411.0
11-09-149-00781-800841,25,24,100000,7.5,51080.0
11-09-149-00782-800842,25,24,121000,5.58,5843.0
11-09-149-00782-800843,25,24,101000,6.51,38995.0
11-09-149-00782-800844,25,24,300000,4.39,116695.0
11-09-149-00782-800845,25,24,116000,8.1,5724.0
11-09-149-00782-800846,25,24,117000,16.68,4607.0
11-09-149-00782-800847,25,24,114000,6.1,6528.0
11-09-149-00783-800848,25,24,102000,2.59,24790.0
11-09-149-00783-800849,25,24,106000,7.15,16292.0
11-09-149-00783-800850,25,24,107000,0.49,15402.0
11-09-149-00783-800851,25,24,111000,15.19,7367.0
11-09-149-00783-800852,25,24,115000,5.41,6854.0
11-09-150-00784-800853,25,25,100000,5.98,46008.0
11-09-150-00784-800854,25,25,117000,10.34,6001.0
11-09-150-00784-800855,25,25,108000,1.9,13039.0
11-09-150-00784-800856,25,25,111000,1.22,12416.0
11-09-150-00784-800857,25,25,114000,6.37,9445.0
11-09-150-00785-800858,25,25,107000,6.8,14620.0
11-09-150-00785-800859,25,25,116000,4.03,9117.0
11-09-150-00785-800860,25,25,110000,4.5,14420.0
11-09-150-00785-800861,25,25,112000,3.4,9370.0
11-09-150-00786-800862,25,25,113000,3.56,9693.0
11-09-150-00786-800863,25,25,101000,10.36,34431.0
11-09-150-00786-800864,25,25,104000,2.2,14642.0
11-09-150-00787-800865,25,25,105000,3.5,15116.0
11-09-150-00787-800866,25,25,300101,107.05,590661.0
11-09-150-00787-800867,25,25,300200,17.12,26689.0
11-09-150-00787-800868,25,25,106000,3.6,15024.0
11-09-150-00787-800869,25,25,115000,10.0,9734.0
11-09-150-00788-800870,25,25,109000,6.1,11274.0
11-09-150-00788-800871,25,25,103000,0.73,22693.0
11-09-150-00789-800872,25,25,118000,2.4,5809.0
11-09-150-00789-800873,25,25,102000,7.93,39263.0
11-09-151-00790-800874,25,26,106000,1.0,5557.0
11-09-151-00790-800875,25,26,102000,1.48,16451.0
11-09-151-00790-800876,25,26,104000,3.05,9645.0
11-09-151-00790-800877,25,26,300000,9.97,106605.0
11-09-151-00791-800878,25,26,107000,1.8,7005.0
11-09-151-00791-800879,25,26,100000,4.6,43829.0
11-09-151-00791-800880,25,26,103000,2.2,9141.0
11-09-151-00792-800881,25,26,105000,7.82,8184.0
11-09-151-00792-800882,25,26,101000,1.66,30439.0
11-09-152-00793-800883,25,27,106000,0.92,10988.0
11-09-152-00793-800884,25,27,103000,1.0,18120.0
11-09-152-00794-800885,25,27,105000,0.56,9895.0
11-09-152-00794-800886,25,27,102000,1.0,19187.0
11-09-152-00794-800887,25,27,100000,3.48,42980.0
11-09-152-00795-800888,25,27,107000,2.12,5875.0
11-09-152-00795-800889,25,27,300101,13.02,241393.0
11-09-152-00795-800890,25,27,300200,9.74,19010.0
11-09-152-00795-800891,25,27,104000,3.25,14664.0
11-09-152-00796-800892,25,27,101000,3.08,22465.0
11-09-152-00796-800893,25,27,108000,0.5,8054.0
11-09-153-00797-800894,25,28,105000,6.89,15479.0
11-09-153-00798-800895,25,28,103000,5.39,26855.0
11-09-153-00799-800896,25,28,107000,1.5,11084.0
11-09-153-00799-800897,25,28,101000,10.88,41872.0
11-09-153-00800-800898,25,28,102000,3.89,26721.0
11-09-153-00800-800899,25,28,109000,1.8,8993.0
11-09-153-00801-800900,25,28,100000,6.99,79951.0
11-09-153-00801-800901,25,28,104000,4.0,21683.0
11-09-153-00801-800902,25,28,108000,5.4,9462.0
11-09-153-00802-800903,25,28,106000,5.2,15875.0
11-09-154-00803-800904,25,29,105000,4.25,16013.0
11-09-154-00803-800905,25,29,107000,4.27,18689.0
11-09-154-00804-800906,25,29,102000,3.94,29674.0
11-09-154-00804-800907,25,29,300000,25.9,121842.0
11-09-154-00804-800908,25,29,104000,4.09,14032.0
11-09-154-00805-800909,25,29,101000,12.98,37051.0
11-09-154-00805-800910,25,29,106000,5.37,14025.0
11-09-154-00806-800911,25,29,100000,7.77,36763.0
11-09-154-00807-800912,25,29,103000,5.83,32606.0
11-09-154-00807-800913,25,29,109000,1.71,9176.0
11-09-154-00808-800914,25,29,108000,4.03,13797.0
11-09-155-00809-800915,25,30,101000,10.36,53657.0
11-09-155-00809-800916,25,30,104000,10.36,21047.0
11-09-155-00810-800917,25,30,107000,2.91,12279.0
11-09-155-00811-800918,25,30,108000,1.05,10255.0
11-09-155-00811-800919,25,30,100000,6.48,88651.0
11-09-155-00812-800920,25,30,106000,2.54,18955.0
11-09-155-00812-800921,25,30,105000,5.18,20738.0
11-09-155-00812-800922,25,30,110000,0.73,8723.0
11-09-155-00812-800923,25,30,103000,11.43,26922.0
11-09-155-00812-800924,25,30,112000,3.75,5126.0
11-09-155-00813-800925,25,30,109000,1.23,10268.0
11-09-155-00813-800926,25,30,111000,1.75,7385.0
11-09-155-00813-800927,25,30,102000,2.98,38605.0
11-09-156-00814-800928,25,31,106000,2.0,7906.0
11-09-156-00814-800929,25,31,102000,1.28,20023.0
11-09-156-00814-800930,25,31,115000,1.0,4242.0
11-09-156-00814-800931,25,31,108000,3.0,5915.0
11-09-156-00814-800932,25,31,103000,2.0,16951.0
11-09-156-00814-800933,25,31,114000,4.27,4948.0
11-09-156-00815-800934,25,31,116000,2.0,3724.0
11-09-156-00815-800935,25,31,113000,1.13,5803.0
11-09-156-00815-800936,25,31,110000,0.91,5878.0
11-09-156-00815-800937,25,31,105000,4.0,10816.0
11-09-156-00815-800938,25,31,111000,2.0,6007.0
11-09-156-00815-800939,25,31,107000,1.62,7691.0
11-09-156-00816-800940,25,31,300000,15.54,107425.0
11-09-156-00816-800941,25,31,100000,4.91,50260.0
11-09-156-00817-800942,25,31,101000,3.74,18558.0
11-09-156-00817-800943,25,31,104000,4.0,12101.0
11-09-156-00818-800944,25,31,109000,0.23,5935.0
11-09-156-00818-800945,25,31,112000,0.42,5115.0
11-09-157-00819-800946,25,32,100000,6.24,13666.0
11-09-157-00820-800947,25,32,105000,1.4,5696.0
11-09-157-00820-800948,25,32,106000,0.9,5099.0
11-09-157-00821-800950,25,32,101000,0.67,13016.0
11-09-157-00821-800951,25,32,300100,310.1,1619115.0
11-09-157-00821-800952,25,32,300200,27.4,50089.0
11-09-157-00822-800953,25,32,103000,3.6,7560.0
11-09-157-00822-800954,25,32,102000,2.4,9331.0
11-09-157-00822-800955,25,32,104000,6.8,7652.0
11-09-158-00823-800956,25,33,103000,2.34,9646.0
11-09-158-00823-800957,25,33,105000,3.11,5010.0
11-09-158-00824-800958,25,33,100000,0.8,20934.0
11-09-158-00825-800959,25,33,300000,50.12,129904.0
11-09-158-00826-800960,25,33,101000,4.12,15405.0
11-09-158-00827-800961,25,33,104000,4.89,4654.0
11-09-158-00828-800962,25,33,106000,1.65,6708.0
11-09-158-00829-800963,25,33,107000,3.0,7191.0
11-09-158-00829-800964,25,33,102000,1.64,10460.0
11-09-159-00830-800965,25,34,109000,2.5,6760.0
11-09-159-00830-800966,25,34,102000,2.12,26757.0
11-09-159-00830-800967,25,34,104000,4.0,19487.0
11-09-159-00832-800968,25,34,300100,17.04,194567.0
11-09-159-00832-800969,25,34,300200,4.29,14160.0
11-09-159-00832-800971,25,34,106000,2.59,11105.0
11-09-160-00833-800972,25,34,111000,10.28,20941.0
11-09-160-00833-800973,25,34,103000,6.0,25928.0
11-09-160-00833-800974,25,34,108000,2.0,7143.0
11-09-160-00833-800975,25,34,100000,10.36,35585.0
11-09-160-00833-800976,25,34,110000,1.5,8237.0
11-09-160-00833-800977,25,34,107000,2.0,9611.0
11-09-160-00834-800978,25,34,101000,12.46,58932.0
11-09-160-00835-800979,25,34,105000,2.35,15408.0
11-09-161-00836-800980,25,35,102000,2.58,19707.0
11-09-161-00838-800981,25,35,300000,9.35,124072.0
11-09-161-00838-800982,25,35,109000,3.0,8342.0
11-09-161-00839-800983,25,35,101000,6.0,33082.0
11-09-161-00839-800984,25,35,105000,2.24,10317.0
11-09-161-00839-800985,25,35,110000,0.59,8253.0
11-09-162-00841-800986,25,35,104000,3.56,19275.0
11-09-162-00841-800987,25,35,111000,2.0,7144.0
11-09-162-00842-800988,25,35,103000,5.0,18332.0
11-09-162-00842-800989,25,35,108000,3.0,8528.0
11-09-162-00842-800990,25,35,106000,5.0,12190.0
11-09-162-00842-800991,25,35,107000,3.25,13687.0
11-09-162-00842-800992,25,35,100000,4.24,50772.0
11-09-163-00844-800994,25,36,104000,5.85,13896.0
11-09-163-00845-800996,25,36,109000,4.0,6655.0
11-09-163-00845-800997,25,36,105000,1.1,10906.0
11-09-163-00845-800998,25,36,102000,2.26,13889.0
11-09-163-00846-800999,25,36,106000,1.8,7350.0
11-09-163-00846-801000,25,36,103000,1.94,14161.0
11-09-163-00847-801001,25,36,107000,4.5,7813.0
11-09-164-00848-801002,25,36,101000,6.0,14941.0
11-09-164-00848-801003,25,36,108000,4.49,7548.0
11-09-164-00849-150571,25,37,300500,5.21,9666.0
11-09-164-00849-150572,25,37,300400,4.66,25184.0
11-09-164-00849-150573,25,37,300300,6.29,20598.0
11-09-164-00849-801004,25,37,100000,8.68,7444.0
11-09-164-00849-801005,25,37,300101,266.74,1879420.0
11-09-164-00849-801006,25,37,300200,16.08,95021.0
11-09-164-00850-801007,25,36,100000,4.0,24884.0
11-09-165-00851-801008,25,38,103000,2.67,8820.0
11-09-165-00851-801009,25,38,105000,2.5,7453.0
11-09-165-00851-801010,25,38,104000,1.25,8882.0
11-09-165-00852-801011,25,38,102000,3.23,38028.0
11-09-165-00853-801012,25,38,101000,10.45,38885.0
11-09-165-00853-801013,25,38,106000,5.7,10011.0
11-09-165-00854-801014,25,38,109000,20.29,98716.0
11-09-165-00854-801015,25,38,107000,3.1,6929.0
11-09-165-00855-801016,25,38,100000,4.66,45355.0
11-09-165-00855-801017,25,38,108000,2.37,6118.0
11-09-166-00856-801018,25,39,102000,1.14,16895.0
11-09-166-00856-801019,25,39,107000,1.8,10524.0
11-09-166-00856-801020,25,39,106000,3.83,13906.0
11-09-166-00857-801021,25,39,109000,1.73,7400.0
11-09-166-00857-801022,25,39,104000,2.64,17886.0
11-09-166-00857-801023,25,39,111000,2.75,6965.0
11-09-166-00858-801024,25,39,108000,2.57,9747.0
11-09-166-00859-801025,25,39,100000,5.53,43714.0
11-09-166-00859-801026,25,39,105000,1.61,15969.0
11-09-166-00859-801027,25,39,112000,0.5,5993.0
11-09-166-00860-801028,25,39,103000,4.64,18783.0
11-09-166-00860-801029,25,39,110000,5.26,6555.0
11-09-166-00860-801030,25,39,300400,8.95,11001.0
11-09-166-00860-801030,25,39,300101,48.0,313491.0
11-09-166-00860-801031,25,39,300201,19.59,27860.0
11-09-166-00860-801032,25,39,300300,6.8,15802.0
11-09-166-00860-801033,25,39,101000,13.7,23865.0
11-09-167-00861-801034,25,40,101000,1.5,10018.0
11-09-167-00862-801035,25,40,100000,17.35,79870.0
11-09-167-00862-801036,25,40,102000,0.51,7701.0
11-09-167-00863-801037,25,40,103000,1.28,7959.0
11-09-168-00864-801038,25,41,109000,1.07,8661.0
11-09-168-00864-801039,25,41,103000,13.3,26835.0
11-09-168-00864-801040,25,41,105000,6.05,18354.0
11-09-168-00865-801042,25,41,101000,5.69,42696.0
11-09-168-00866-801041,25,41,111000,1.35,6478.0
11-09-168-00866-801043,25,41,110000,6.12,7413.0
11-09-168-00867-801044,25,41,102000,6.34,26520.0
11-09-169-00868-801045,25,41,106000,26.2,13814.0
11-09-169-00869-801046,25,41,107000,8.52,12536.0
11-09-169-00869-801047,25,41,104000,7.77,21073.0
11-09-169-00870-801048,25,41,100000,8.15,56247.0
11-09-169-00870-801049,25,41,108000,6.74,14018.0
11-09-170-00871-801050,25,42,107000,2.37,7447.0
11-09-170-00871-801051,25,42,110000,11.29,96795.0
11-09-170-00871-801052,25,42,108000,1.04,7523.0
11-09-170-00872-801053,25,42,104000,1.95,11829.0
11-09-170-00873-801054,25,42,109000,1.9,5404.0
11-09-170-00873-801055,25,42,105000,1.27,9206.0
11-09-170-00873-801056,25,42,101000,10.0,33640.0
11-09-170-00874-801057,25,42,106000,2.0,8995.0
11-09-171-00875-801058,25,42,103000,2.59,11116.0
11-09-171-00875-801059,25,42,100000,7.77,37595.0
11-09-171-00876-801060,25,42,102000,0.42,9871.0
11-09-172-00877-801061,25,43,101000,3.07,19150.0
11-09-172-00877-801062,25,43,100000,10.36,29484.0
11-09-172-00878-801063,25,43,103000,0.95,7168.0
11-09-172-00878-801064,25,43,300000,56.98,117675.0
11-09-172-00879-801065,25,43,102000,3.35,9039.0
11-09-172-00879-801066,25,43,104000,4.37,5497.0
11-09-173-00881-801068,25,44,102000,6.16,11680.0
11-09-173-00881-801069,25,44,101000,10.0,16491.0
11-09-173-00882-801070,25,44,105000,1.68,6346.0
11-09-173-00882-801071,25,44,100000,12.0,65945.0
11-09-173-00882-801072,25,44,103000,7.53,9316.0
11-09-173-00882-801073,25,44,106000,2.17,5563.0
11-09-173-00883-801074,25,44,104000,11.2,6760.0
11-09-174-00885-801075,25,45,107000,9.99,11803.0
11-09-174-00885-801076,25,45,112000,12.1,9088.0
11-09-174-00886-801077,25,45,111000,0.44,8687.0
11-09-174-00886-801078,25,45,109000,0.53,9151.0
11-09-174-00887-801079,25,45,103000,1.38,11085.0
11-09-174-00887-801080,25,45,114000,4.34,6123.0
11-09-174-00887-801081,25,45,104000,1.89,11821.0
11-09-175-00888-801082,25,45,102000,5.13,13167.0
11-09-175-00888-801083,25,45,100000,12.66,19296.0
11-09-175-00889-801084,25,45,115000,1.06,7943.0
11-09-175-00889-801085,25,45,101000,2.62,16767.0
11-09-175-00890-801086,25,45,300101,70.05,806486.0
11-09-175-00890-801087,25,45,300200,18.31,38060.0
11-09-175-00891-801088,25,45,110000,2.94,10662.0
11-09-175-00893-801089,25,45,106000,5.42,13000.0
11-09-175-00894-801090,25,45,108000,1.73,8929.0
11-09-175-00894-801091,25,45,105000,2.6,12465.0
11-09-175-00895-801092,25,45,113000,3.69,7832.0
11-09-176-00896-801093,25,48,102000,6.5,21157.0
11-09-176-00897-801094,25,48,105000,5.22,9879.0
11-09-176-00898-801095,25,48,108000,0.83,9372.0
11-09-176-00898-801096,25,48,200001,4.34,64933.0
11-09-176-00898-801097,25,48,201000,4.33,12301.0
11-09-176-00898-801098,25,48,106000,0.66,8025.0
11-09-176-00898-801099,25,48,101000,3.0,22546.0
11-09-176-00899-801100,25,48,110000,2.55,6872.0
11-09-176-00900-801101,25,48,103000,2.65,12628.0
11-09-176-00901-801102,25,48,109000,1.05,7813.0
11-09-176-00901-801103,25,48,107000,4.84,9570.0
11-09-177-00902-801105,25,48,100000,2.8,30289.0
11-09-177-00904-801106,25,49,106000,1.5,7804.0
11-09-177-00905-801107,25,49,300200,19.68,11843.0
11-09-177-00905-801108,25,49,300100,33.47,124437.0
11-09-177-00905-801109,25,49,300300,10.24,40642.0
11-09-177-00905-801110,25,49,103000,2.0,11180.0
11-09-177-00906-801111,25,49,105000,9.83,10331.0
11-09-178-00907-801112,25,49,107000,1.54,8392.0
11-09-178-00907-801113,25,49,100000,10.45,70605.0
11-09-178-00907-801114,25,49,104000,5.06,9868.0
11-09-178-00909-801115,25,49,102000,1.24,25243.0
11-09-178-00910-801116,25,49,101000,5.0,26878.0
11-09-179-00912-801117,25,50,104000,11.98,5731.0
11-09-179-00914-801118,25,50,101000,0.72,10661.0
11-09-179-00915-801119,25,50,100000,12.0,76533.0
11-09-179-00917-801120,25,50,105000,1.71,6119.0
11-09-179-00918-801121,25,50,102000,1.48,9889.0
11-09-179-00918-801122,25,50,103000,0.76,5235.0
11-09-180-00919-801123,25,46,100000,4.23,34409.0
11-09-180-00921-801124,25,46,103000,7.55,8814.0
11-09-180-00921-801125,25,46,300000,13.3,135400.0
11-09-180-00922-801126,25,46,102000,4.87,11741.0
11-09-181-00923-801127,25,46,101000,1.71,16528.0
11-09-181-00924-801128,25,46,104000,0.72,10014.0
11-09-182-00925-801129,25,47,100000,14.25,59619.0
11-09-182-00926-801130,25,47,103000,2.06,18098.0
11-09-182-00926-801131,25,47,105000,3.0,12472.0
11-09-182-00927-801132,25,47,101000,2.65,24950.0
11-09-183-00928-801133,25,47,106000,1.0,7284.0
11-09-183-00928-801134,25,47,300000,12.67,95553.0
11-09-183-00929-801135,25,47,108000,0.32,5388.0
11-09-183-00929-801136,25,47,102000,1.79,20778.0
11-09-183-00930-801137,25,47,104000,3.11,13750.0
11-09-183-00931-801138,25,47,107000,7.0,6834.0
11-09-184-00932-801139,25,51,102000,6.0,8509.0
11-09-184-00932-801140,25,51,103000,2.75,7308.0
11-09-184-00933-801141,25,51,101000,9.0,17596.0
11-09-184-00934-801143,25,51,100000,12.0,26095.0
11-09-185-00938-801145,25,53,106000,34.0,6737.0
11-09-185-00939-801147,25,53,100000,19.43,87371.0
11-09-186-00941-801148,25,53,102000,3.0,22490.0
11-09-186-00942-182984,25,53,104000,2.0,10002.0
11-09-186-00942-801149,25,53,101000,7.04,27965.0
11-09-186-00942-801150,25,53,103000,3.02,12985.0
11-09-186-00943-801151,25,53,105000,2.95,8276.0
11-09-187-00944-801152,25,52,100000,8.51,21787.0
11-09-187-00945-801153,25,52,102000,6.57,11017.0
11-09-187-00945-801154,25,52,101000,5.0,16222.0
11-09-187-00946-801155,25,52,103000,4.0,7798.0
11-09-187-00947-801156,25,52,105000,5.0,8663.0
11-09-187-00947-801157,25,52,104000,10.0,17430.0
11-09-188-00948-801158,25,54,104000,4.0,8341.0
11-09-188-00950-801160,25,54,300000,136.58,505566.0
11-09-188-00950-801161,25,54,101000,2.0,12315.0
11-09-188-00951-801162,25,54,102000,6.0,9951.0
11-09-188-00952-801163,25,54,105000,0.75,13489.0
11-09-188-00954-801164,25,54,103000,4.0,9733.0
11-09-188-00954-801165,25,54,100000,3.63,15881.0
11-09-189-00955-801166,25,55,116000,1.0,10008.0
11-09-189-00955-801167,25,55,101000,6.89,37361.0
11-09-189-00956-801168,25,55,108000,1.0,11740.0
11-09-189-00956-801169,25,55,111000,3.0,9525.0
11-09-189-00956-801170,25,55,113000,7.34,9327.0
11-09-189-00957-801171,25,55,107000,6.0,13734.0
11-09-189-00958-801172,25,55,105000,1.0,17069.0
11-09-190-00959-801173,25,55,115000,2.04,5027.0
11-09-190-00959-801174,25,55,114000,1.79,7852.0
11-09-190-00959-801175,25,55,100000,16.19,82168.0
11-09-190-00960-801176,25,55,104000,5.43,22344.0
11-09-190-00961-801177,25,55,102000,9.0,29793.0
11-09-190-00962-801178,25,55,109000,1.42,11549.0
11-09-190-00962-801179,25,55,106000,10.57,13698.0
11-09-190-00962-801180,25,55,110000,4.23,12705.0
11-09-190-00962-801181,25,55,103000,4.68,22400.0
11-09-190-00963-801182,25,55,112000,4.0,9827.0
11-09-191-00964-801183,25,57,106000,0.52,9899.0
11-09-191-00965-801184,25,57,110000,1.17,5372.0
11-09-191-00965-801185,25,57,107000,1.49,8853.0
11-09-191-00965-801186,25,57,108000,1.34,7314.0
11-09-191-00965-801187,25,57,105000,3.13,8227.0
11-09-191-00966-194087,25,57,201000,3.19,17357.0
11-09-191-00966-801188,25,57,200001,1.95,45376.0
11-09-191-00966-801189,25,57,100000,12.71,78567.0
11-09-191-00967-801190,25,57,104000,1.84,8290.0
11-09-191-00967-801191,25,57,101000,1.68,10621.0
11-09-191-00968-801192,25,57,109000,5.5,6887.0
11-09-191-00969-801193,25,57,103000,2.99,9150.0
11-09-191-00970-801194,25,57,102000,1.44,9806.0
11-09-192-00971-801195,25,56,106000,1.24,8056.0
11-09-192-00971-801196,25,56,107000,0.61,4282.0
11-09-192-00971-801197,25,56,100000,11.0,28113.0
11-09-192-00973-197190,25,56,104000,6.0,8972.0
11-09-192-00973-801198,25,56,101000,0.98,24442.0
11-09-192-00973-801199,25,56,103000,4.5,9179.0
11-09-192-00973-801200,25,56,300000,9.11,136697.0
11-09-192-00974-197679,25,56,105000,1.2,8904.0
11-09-192-00974-801201,25,56,102000,2.14,15350.0
11-09-193-00975-801202,25,59,108000,0.38,16966.0
11-09-193-00976-801203,25,59,105000,3.31,16391.0
11-09-193-00977-801204,25,59,101000,2.59,23125.0
11-09-193-00978-801205,25,59,102000,6.14,16690.0
11-09-193-00978-801206,25,59,100000,16.11,84063.0
11-09-193-00979-801207,25,59,107000,3.7,14743.0
11-09-193-00979-801208,25,59,104000,3.25,17175.0
11-09-193-00979-801209,25,59,106000,4.38,16956.0
11-09-193-00979-801210,25,59,103000,4.12,17978.0
11-09-194-00981-801211,25,58,100000,3.63,19992.0
11-09-194-00983-801213,25,58,102000,2.15,15290.0
11-09-194-00983-801214,25,58,101000,2.36,17643.0
11-09-194-00984-801215,25,58,300000,25.25,136062.0
11-09-194-00984-801216,25,58,105000,1.43,7982.0
11-09-194-00985-801217,25,58,103000,4.43,15334.0
11-09-194-00986-801218,25,58,104000,0.75,9036.0
11-09-195-00987-801219,25,60,106000,2.7,8279.0
11-09-195-00988-801220,25,60,103000,5.54,18217.0
11-09-195-00989-801221,25,60,107000,2.31,8257.0
11-09-195-00989-801222,25,60,100000,13.73,76547.0
11-09-195-00990-801223,25,60,104000,2.78,12660.0
11-09-195-00990-801224,25,60,101000,6.35,23408.0
11-09-195-00991-801225,25,60,105000,1.59,9131.0
11-09-195-00991-801226,25,60,102000,9.45,21803.0
11-09-196-00993-801227,25,61,200001,3.89,66529.0
11-09-196-00993-801228,25,61,201000,15.0,24976.0
11-09-196-00993-801229,25,61,105000,5.2,11039.0
11-09-196-00993-801230,25,61,106000,2.17,11907.0
11-09-196-00994-801231,25,61,108000,2.25,10587.0
11-09-197-00996-209752,25,61,110000,2.0,9076.0
11-09-197-00996-209756,25,61,104000,2.0,12394.0
11-09-197-00996-209757,25,61,300700,2.11,9778.0
11-09-197-00996-209758,25,61,300600,1.5,7671.0
11-09-197-00996-801232,25,61,112000,2.75,5639.0
11-09-197-00996-801233,25,61,300200,4.7,15082.0
11-09-197-00996-801234,25,61,300401,3.83,24309.0
11-09-197-00996-801235,25,61,300101,83.05,932399.0
11-09-197-00996-801236,25,61,300500,4.25,30116.0
11-09-198-00997-801237,25,61,103000,2.97,12304.0
11-09-198-00997-801238,25,61,111000,0.12,8067.0
11-09-198-00997-801239,25,61,100000,10.36,64010.0
11-09-198-00998-801240,25,61,109000,1.35,8908.0
11-09-198-00998-801241,25,61,102000,0.57,15035.0
11-09-198-00999-801242,25,61,101000,3.0,17909.0
11-09-198-00999-801243,25,61,107000,1.3,13005.0
11-09-199-01000-801244,25,62,300000,38.85,169336.0
11-09-199-01000-801245,25,62,102000,5.18,12977.0
11-09-199-01003-801246,25,62,100000,8.0,27778.0
11-09-199-01003-801247,25,62,101000,4.0,18549.0
11-09-200-01004-801248,25,63,105000,3.23,4361.0
11-09-200-01005-801249,25,63,101000,3.5,20769.0
11-09-200-01005-801250,25,63,102000,4.22,10290.0
11-09-200-01005-801251,25,63,104000,1.22,8901.0
11-09-200-01005-801252,25,63,100000,4.5,43345.0
11-09-200-01006-801253,25,63,103000,2.9,8980.0
11-09-200-01006-801254,25,63,200001,5.0,35247.0
11-09-200-01006-801257,25,63,200002,6.0,12190.0
11-09-201-01007-801258,25,22,110000,0.79,9215.0
11-09-201-01007-801259,25,22,105000,1.63,18765.0
11-09-201-01007-801260,25,22,116000,0.6,6902.0
11-09-201-01008-801261,25,22,118000,0.52,5009.0
11-09-201-01008-801262,25,22,101000,5.18,78458.0
11-09-201-01008-801263,25,22,107000,5.18,15033.0
11-09-201-01008-801264,25,22,115000,0.78,6337.0
11-09-201-01009-801265,25,22,103000,2.33,28637.0
11-09-201-01009-801266,25,22,112000,1.5,7862.0
11-09-202-01010-801267,25,22,104000,0.88,21966.0
11-09-202-01010-801268,25,22,109000,2.5,9502.0
11-09-202-01010-801269,25,22,100000,4.89,75634.0
11-09-202-01011-801270,25,22,106000,6.82,16328.0
11-09-202-01011-801271,25,22,114000,2.19,6431.0
11-09-202-01012-801272,25,22,117000,0.26,4549.0
11-09-202-01012-801273,25,22,102000,2.59,30046.0
11-09-202-01012-801274,25,22,111000,0.79,9366.0
11-09-202-01012-801275,25,22,113000,2.12,9093.0
11-09-202-01012-801276,25,22,108000,0.76,16125.0
11-10-203-01014-801277,05,12,104000,16.2,27791.0
11-10-203-01017-801278,05,12,102000,10.96,30977.0
11-10-203-01019-801279,05,12,103000,46.83,64627.0
11-10-203-01025-801280,05,12,101000,7.57,19320.0
11-10-203-01028-801281,05,12,100000,8.01,92653.0
11-10-204-01031-801282,05,13,101000,5.82,27678.0
11-10-204-01034-801283,05,13,100000,19.25,23973.0
11-10-204-01039-801284,05,13,103000,12.93,24745.0
11-10-204-01041-801285,05,13,200001,13.52,77432.0
11-10-204-01051-801288,05,13,102000,6.23,13708.0
11-10-205-01060-801292,05,14,103000,9.33,13915.0
11-10-206-01063-801293,05,14,101000,14.32,28516.0
11-10-206-01072-801294,05,14,100000,10.09,14151.0
11-10-206-01074-801295,05,14,200101,7.77,55704.0
11-10-206-01074-801296,05,14,201000,2.28,11632.0
11-10-206-01077-801297,05,14,102000,3.1,9590.0
11-10-207-01083-801298,05,20,101000,1.55,16978.0
11-10-207-01093-801299,05,20,100000,2.52,53747.0
11-10-207-01097-801300,05,20,102000,12.44,20019.0
11-10-207-01098-801301,05,20,103000,8.73,12020.0
11-10-208-01101-801302,05,21,103000,5.3,13783.0
11-10-208-01102-220942,05,21,105000,8.86,5673.0
11-10-208-01102-801303,05,21,102000,8.67,14742.0
11-10-208-01103-221071,05,21,104000,38.69,16746.0
11-10-208-01109-801304,05,21,101000,22.37,40588.0
11-10-209-01113-801305,05,41,102000,15.12,22495.0
11-10-209-01113-801306,05,41,101000,4.98,34526.0
11-10-209-01116-801307,05,41,100000,30.97,45257.0
11-10-210-01123-801308,05,42,102000,10.46,13589.0
11-10-210-01125-801309,05,42,101000,29.17,21123.0
11-10-210-01127-801310,05,42,100000,30.12,64568.0
11-10-211-01128-801311,05,23,100000,20.15,21224.0
11-10-211-01134-801312,05,23,300100,44.52,114912.0
11-10-211-01135-801313,05,23,300200,15.74,22006.0
11-10-212-01151-801314,05,24,300001,24.54,154367.0
11-10-212-01156-801315,05,24,100000,11.31,17252.0
11-10-213-01161-801316,05,22,100000,25.84,32838.0
11-10-213-01164-801317,05,22,101000,14.07,20547.0
11-10-213-01166-226081,05,22,102000,17.45,23452.0
11-10-214-01174-801318,05,21,100000,21.13,80149.0
11-10-215-01184-801319,05,19,300000,19.18,218391.0
11-10-216-01200-801322,05,15,101000,12.77,17821.0
11-10-216-01204-801323,05,15,100000,16.16,16037.0
11-10-216-01212-801324,05,15,300000,26.43,241107.0
11-10-217-01215-801325,05,11,103000,11.13,13336.0
11-10-217-01222-801326,05,11,101000,5.48,19697.0
11-10-217-01224-801327,05,11,100000,11.11,35522.0
11-10-217-01226-801328,05,11,102000,22.21,28311.0
11-10-218-01230-801329,05,10,100000,12.19,83125.0
11-10-218-01236-801330,05,10,102000,7.6,17165.0
11-10-218-01240-801331,05,10,101000,6.23,15215.0
11-10-219-01257-801332,05,09,100000,12.48,27075.0
11-10-219-01258-801333,05,09,300000,16.96,136877.0
11-10-219-01260-801334,05,09,103000,12.62,20630.0
11-10-219-01266-801335,05,09,102000,13.27,22650.0
11-10-219-01267-801336,05,09,101000,8.27,27124.0
11-10-220-01270-801337,05,16,101000,7.86,24927.0
11-10-220-01278-801338,05,16,100000,19.64,87687.0
11-10-220-01283-801339,05,16,102000,10.02,30743.0
11-10-221-01288-801340,05,18,100001,3.45,58952.0
11-10-221-01297-801341,05,18,101000,2.94,16738.0
11-10-221-01300-801342,05,18,103000,1.03,24234.0
11-10-221-01302-237301,05,18,104000,25.02,23941.0
11-10-222-01311-801343,05,17,201000,2.53,12594.0
11-10-222-01314-801346,05,17,200001,8.99,71424.0
11-10-223-01323-801349,05,25,100000,2.97,34190.0
11-10-223-01327-801350,05,25,101000,9.49,24614.0
11-10-224-01332-801351,05,27,102000,11.24,31250.0
11-10-224-01336-801352,05,27,101000,0.63,17899.0
11-10-224-01340-801353,05,27,100000,12.29,34181.0
11-10-224-01343-240182,05,27,300200,0.67,6894.0
11-10-224-01343-801354,05,27,300100,30.17,253225.0
11-10-225-01346-801355,05,27,104000,11.18,17266.0
11-10-225-01350-801356,05,27,103000,18.87,27369.0
11-10-226-01356-801357,05,26,300000,17.5,150112.0
11-10-226-01357-242638,05,26,101000,1.25,10434.0
11-10-226-01358-801358,05,26,100000,10.65,86112.0
11-10-226-01360-801359,05,26,102000,13.27,25319.0
11-10-226-01361-243123,05,26,109000,0.28,4926.0
11-10-226-01362-243202,05,26,110000,1.56,6262.0
11-10-227-01365-801360,05,26,108000,26.54,31980.0
11-10-227-01368-801361,05,26,105000,24.79,53360.0
11-10-228-01372-801362,05,26,107000,15.6,30148.0
11-10-228-01374-801363,05,26,106000,27.37,34429.0
11-10-229-01386-801364,05,02,300000,23.5,201323.0
11-10-229-01390-801365,05,02,102000,12.67,29923.0
11-10-229-01392-801366,05,02,103000,6.0,24959.0
11-10-229-01394-801367,05,02,100000,50.18,23730.0
11-10-229-01395-801368,05,02,101000,9.0,16283.0
11-10-230-01398-801369,05,01,104000,12.0,24343.0
11-10-230-01399-801370,05,01,300300,11.63,84616.0
11-10-230-01399-801371,05,01,300400,3.42,23491.0
11-10-230-01399-801372,05,01,103000,3.66,40453.0
11-10-230-01400-801373,05,01,300101,107.08,956417.0
11-10-230-01402-801374,05,01,300200,6.48,35123.0
11-10-230-01407-245825,05,01,108000,2.22,6603.0
11-10-230-01408-801378,05,01,102000,9.43,33049.0
11-10-230-01411-801379,05,01,100000,4.9,30668.0
11-10-230-01413-801380,05,01,101000,4.23,10258.0
11-10-230-01414-801381,05,01,106000,13.18,26867.0
11-10-230-01417-801382,05,01,105000,4.5,45285.0
11-10-230-01420-801383,05,01,107000,14.18,59528.0
11-10-231-01421-801384,05,03,102000,11.04,11254.0
11-10-231-01422-801385,05,03,300000,30.97,157082.0
11-10-231-01424-801386,05,03,103000,5.6,10263.0
11-10-231-01427-801387,05,03,101000,4.06,17082.0
11-10-231-01428-801388,05,03,100000,25.63,21384.0
11-10-231-01429-801389,05,03,104000,6.47,18419.0
11-10-232-01440-801390,05,03,106000,15.33,35068.0
11-10-232-01441-801391,05,03,105000,5.16,55753.0
11-10-233-01453-801392,05,04,104000,7.12,27041.0
11-10-234-01459-801393,05,04,100000,5.87,13544.0
11-10-234-01461-801394,05,04,101000,15.64,28898.0
11-10-234-01463-801395,05,04,102000,8.69,16647.0
11-10-234-01466-801396,05,04,105000,13.45,16350.0
11-10-234-01471-801397,05,04,106000,10.9,98122.0
11-10-234-01473-801398,05,04,103000,21.32,93594.0
11-10-235-01476-801399,05,05,103000,13.96,30348.0
11-10-235-01479-801400,05,05,104000,4.56,18531.0
11-10-235-01481-801401,05,05,100000,21.33,47565.0
11-10-235-01483-801402,05,05,102000,17.42,14879.0
11-10-236-01488-801403,05,07,102000,2.66,14202.0
11-10-236-01495-801404,05,07,300100,28.62,291675.0
11-10-236-01503-801405,05,07,101000,10.79,25574.0
11-10-236-01505-801406,05,07,100000,19.58,21692.0
11-10-237-01512-801407,05,08,100000,5.68,53174.0
11-10-237-01513-801408,05,08,102000,13.11,22773.0
11-10-237-01520-801409,05,08,101000,6.33,18609.0
11-10-238-01527-801411,05,26,103000,26.45,43554.0
11-10-238-01530-801412,05,26,104000,9.87,31013.0
11-10-239-01536-801413,05,06,100000,20.23,52332.0
11-10-239-01540-801414,05,06,101000,23.47,22138.0
11-11-241-01548-801416,22,01,100000,1.76,803.0
11-11-242-01549-801417,22,04,100000,3.6,717.0
11-11-242-01550-801418,22,04,101000,0.115,1045.0
11-11-243-01551-801419,22,03,100000,6.778781,630.0
11-11-243-01551-801420,22,03,101000,0.45,1939.0
11-11-244-01553-801421,22,02,100000,124.97085,25024.0
11-11-244-01553-801422,22,02,101000,0.176,3868.0
11-11-244-01553-801423,22,02,102000,1.79,2980.0
11-12-246-01569-801426,03,02,100000,10.18,5655.0
11-12-248-01596-801428,03,04,102000,13.402473,16545.0
11-12-248-01597-801429,03,04,101000,4.196478,14369.0
11-12-250-01634-801432,03,06,100000,5.6604695,13239.0
11-12-251-01655-801435,03,07,100000,9.120783,14639.0
11-12-254-01686-801441,03,11,100000,5.0201783,7097.0
11-12-255-01695-801443,03,04,100000,2.4335675,8862.0
11-12-258-01724-801446,03,08,100000,1.7544098,6976.0
11-12-259-01729-801447,03,09,100000,7.602588,15271.0
11-12-259-01732-801448,03,09,101000,1.7265166,7975.0
11-13-261-01748-801451,18,07,100000,9.0,10790.0
11-13-262-01766-801454,18,05,100000,32.0,24803.0
11-13-263-01772-801455,18,03,100000,6.0,11473.0
11-13-264-01789-801456,18,04,100000,5.92,14377.0
11-13-265-01796-801457,18,01,101000,25.54,57182.0
11-13-265-01797-801458,18,01,102000,10.2,8796.0
11-13-266-01801-801460,18,02,100000,3.6,8366.0
11-13-267-01817-801462,18,06,100000,31.98,21018.0
11-13-270-01849-801466,18,01,100000,23.0,51418.0
11-14-275-01873-801469,15,06,191000,9.28,12630.0
11-14-275-01873-801470,15,06,100000,5.2,5307.0
11-14-275-01874-801471,15,06,101000,6.18,8040.0
11-14-275-01874-801472,15,06,102000,4.65,9458.0
11-14-275-01875-801473,15,06,103000,6.59,15443.0
11-14-275-01875-801474,15,06,105000,2.6,5041.0
11-14-275-01875-801475,15,06,104000,4.57,7251.0
11-14-276-01876-801476,15,05,192000,4.31,13822.0
11-14-276-01876-801488,15,05,190000,0.89,4101.0
11-14-276-01877-801477,15,05,104000,1.55,1932.0
11-14-276-01877-801478,15,05,103000,2.53,5609.0
11-14-276-01877-801479,15,05,100000,2.84,33011.0
11-14-276-01877-801480,15,05,102000,2.29,5339.0
11-14-276-01877-801481,15,05,101000,8.0,6911.0
11-14-276-01878-801482,15,05,107000,2.59,4058.0
11-14-276-01878-801483,15,05,106000,2.54,8234.0
11-14-276-01878-801484,15,05,105000,7.02,24437.0
11-14-277-01879-801485,15,07,103000,4.99,5635.0
11-14-277-01879-801486,15,07,102000,1.16,4288.0
11-14-277-01880-270116,15,07,104000,1.49,7340.0
11-14-277-01880-801469,15,07,191000,4.5,3391.0
11-14-277-01881-801487,15,07,300100,33.3,198535.0
11-14-277-01882-801488,15,07,190000,2.5,7757.0
11-14-277-01882-801489,15,07,108000,3.45,16570.0
11-14-277-01882-801490,15,07,107000,5.37,9910.0
11-14-277-01882-801491,15,07,106000,3.2,6764.0
11-14-277-01882-801492,15,07,105000,3.1,9427.0
11-14-278-01883-801493,15,07,109000,3.2,5969.0
11-14-278-01884-801494,15,07,101000,4.67,3606.0
11-14-278-01886-801495,15,07,100000,1.7,6797.0
11-14-280-01893-801496,15,04,100000,1.0,9673.0
11-15-281-01896-801497,17,01,100000,11.0,3455.0
11-15-281-01896-801498,17,01,101000,13.0,3546.0
11-15-281-01898-801499,17,01,102000,17.0,1808.0
11-15-282-01899-801500,17,01,107000,22.0,5290.0
11-15-282-01900-801501,17,01,104000,20.0,5607.0
11-15-282-01900-801502,17,01,105000,26.0,2421.0
11-15-282-01900-801503,17,01,106000,36.0,13482.0
11-15-283-01901-801505,17,01,103000,22.0,3527.0
11-15-283-01901-801506,17,01,300000,110.0,155240.0
11-15-283-01902-801504,17,01,108000,16.0,3609.0
11-15-283-01905-801507,17,01,111000,9.0,8402.0
11-15-284-01907-801508,17,01,112000,19.0,7104.0
11-15-284-01907-801509,17,01,113000,7.0,2102.0
11-15-284-01908-801510,17,01,115000,52.0,20809.0
11-15-284-01911-801511,17,01,114000,2.0,2325.0
11-15-285-01910-801512,17,01,110000,23.0,13688.0
11-15-285-01910-801513,17,01,109000,36.0,4502.0
11-15-285-01911-801514,17,01,116000,8.0,2804.0
11-15-286-01913-801515,17,02,102000,12.0,3409.0
11-15-286-01914-801516,17,02,101000,44.0,35599.0
11-15-286-01915-801517,17,02,100000,10.0,5548.0
11-15-288-01921-801519,17,03,100000,53.0,13669.0
11-16-289-01922-271865,24,01,104000,8.16,9160.0
11-16-289-01922-271866,24,01,103000,8.76,7538.0
11-16-289-99999-801520,24,01,100000,4.4,12552.0
11-16-289-99999-801521,24,01,101000,27.12,27668.0
11-16-289-99999-801523,24,01,102000,7.72,26990.0
11-16-289-99999-801523,24,01,105000,7.6,16954.0
11-16-289-99999-801523,24,01,107000,12.51,35576.0
11-16-289-99999-801523,24,01,106000,3.29,13972.0
11-16-289-99999-801523,24,01,300000,15.8,157358.0
11-16-289-99999-801525,24,01,108000,3.42,8136.0
11-16-290-99999-801526,24,03,100000,4.14,18223.0
11-16-290-99999-801527,24,03,101000,4.13,8550.0
11-16-290-99999-801529,24,03,102000,3.57,13274.0
11-16-290-99999-801530,24,03,103000,2.53,4766.0
11-16-291-99999-801531,24,02,103000,2.41,4300.0
11-16-292-99999-801533,24,02,101000,6.19,16166.0
11-16-292-99999-801534,24,02,100000,7.77,25897.0
11-16-292-99999-801535,24,02,102000,17.29,14641.0
11-17-293-01965-801536,16,05,100000,18.3,46066.0
11-17-294-01974-801538,16,04,100000,9.72,12004.0
11-17-295-01977-801539,16,05,101000,8.8,5894.0
11-17-296-01980-801540,16,03,100000,76.0,14339.0
11-17-298-01989-278353,16,02,300300,6.14,30964.0
11-17-298-01989-278354,16,02,300500,2.11,13682.0
11-17-298-01989-278358,16,02,300400,2.93,26938.0
11-17-298-01989-278359,16,02,300600,2.02,8987.0
11-17-298-01989-801543,16,02,300200,1.84,11076.0
11-17-298-01989-801544,16,02,300100,10.36,131719.0
11-17-298-01994-278901,16,02,100000,7.8,7777.0
11-17-299-01996-801545,16,01,100000,7.8,20601.0
11-18-300-02001-801546,04,02,100000,4.0,11319.0
11-18-300-02004-801547,04,02,101000,8.24,28267.0
11-18-301-02005-801550,04,01,103000,2.95,12621.0
11-18-301-02007-280885,04,01,100000,3.5,6219.0
11-18-301-02008-801548,04,01,101000,2.95,19938.0
11-18-301-02008-801549,04,01,102000,4.23,66216.0
11-18-301-02009-801551,04,01,104000,5.19,18006.0
11-18-301-02010-801552,04,01,105000,3.79,16246.0
11-18-301-02012-281759,04,01,106000,4.63,22735.0
11-18-302-02013-801553,04,04,101000,5.2,9019.0
11-18-302-02014-801554,04,04,100000,12.76,43077.0
11-18-303-02018-801555,04,05,100000,4.52,29875.0
11-18-303-02018-801556,04,05,101000,1.59,7191.0
11-18-303-02021-283005,04,05,105000,3.47,7589.0
11-18-303-02022-801557,04,05,102000,3.86,25387.0
11-18-303-02022-801558,04,05,104000,3.75,12398.0
11-18-303-02023-801559,04,05,103000,2.9,7707.0
11-18-303-02024-801560,04,05,106000,2.74,7171.0
11-18-304-02026-283613,04,12,101000,12.4,13611.0
11-18-304-02026-283613,04,12,102000,1.52,3791.0
11-18-304-02029-801561,04,12,100000,4.0,15587.0
11-18-305-02034-801562,04,13,100000,4.0,11472.0
11-18-305-02035-801563,04,13,101000,9.22,93350.0
11-18-305-02035-801563,04,13,102000,1.08,3779.0
11-18-305-02038-801566,04,13,103000,5.28,31926.0
11-18-305-02040-285495,04,13,201000,4.16,37114.0
11-18-305-02040-801568,04,13,200001,7.77,9015.0
11-18-305-02040-801569,04,13,104000,4.01,19066.0
11-18-306-02041-801570,04,09,101000,5.18,15729.0
11-18-306-02042-801571,04,09,102000,9.07,18525.0
11-18-306-02043-801572,04,09,100000,7.1,55084.0
11-18-306-02045-801573,04,09,103000,6.02,14570.0
11-18-307-02049-801576,04,10,100000,2.0,8516.0
11-18-307-02052-801577,04,10,101000,13.74,40614.0
11-18-308-02055-801579,04,11,100000,3.5,8891.0
11-18-309-02060-801581,04,18,100000,21.53,15121.0
11-18-309-02060-801582,04,18,102000,8.6,11993.0
11-18-309-02061-801583,04,18,101000,33.27,73918.0
11-18-309-02062-291062,04,18,201000,10.19,16796.0
11-18-309-02062-801584,04,18,200001,10.19,19137.0
11-18-309-02062-801585,04,18,103000,3.5,21709.0
11-18-310-02064-291355,04,17,300200,0.63,5540.0
11-18-310-02064-801586,04,17,300100,15.5,120127.0
11-18-310-02065-801587,04,17,100000,9.38,6104.0
11-18-310-02066-291703,04,17,102000,5.48,17017.0
11-18-310-02069-292421,04,17,103000,5.22,19740.0
11-18-310-02069-801588,04,17,101000,5.34,15052.0
11-18-311-02071-801589,04,16,101000,10.95,37326.0
11-18-311-02072-801590,04,16,100000,1.6,3583.0
11-18-311-02073-801591,04,16,102000,8.0,8395.0
11-18-311-02074-801593,04,16,103000,8.0,12398.0
11-18-311-02075-801594,04,16,104000,1.6,3987.0
11-18-312-02078-801595,04,15,300101,59.64,105364.0
11-18-312-02081-801598,04,15,100000,1.0,21002.0
11-18-313-02082-801599,04,14,101000,6.0,6996.0
11-18-313-02084-801600,04,14,102000,4.92,12994.0
11-18-313-02085-801601,04,14,100000,7.32,28848.0
11-18-314-02088-801604,04,19,104000,10.0,3761.0
11-18-314-02088-801605,04,19,105000,4.0,8298.0
11-18-314-02089-801606,04,19,100000,16.48,39547.0
11-18-314-02089-801607,04,19,103000,3.0,11025.0
11-18-314-02090-801608,04,19,101000,1.51,3726.0
11-18-314-02090-801609,04,19,102000,2.0,4109.0
11-18-315-02093-801611,04,20,100000,12.79,26370.0
11-18-315-02094-801612,04,20,101000,3.0,2217.0
11-18-315-02095-801613,04,20,102000,2.0,5899.0
11-18-316-02097-801614,04,23,300000,15.75,115483.0
11-18-316-02100-801615,04,23,100000,0.33,3741.0
11-18-317-02101-801616,04,21,100000,6.09,43883.0
11-18-317-02102-300230,04,21,201000,1.2,7957.0
11-18-317-02102-801617,04,21,200001,4.9,8541.0
11-18-318-02107-801618,04,22,100000,4.55,25479.0
11-18-318-02108-801619,04,22,101000,4.2,8659.0
11-18-319-02110-301325,04,03,201000,3.0,13252.0
11-18-319-02110-801620,04,03,200001,4.35,35655.0
11-18-319-02111-301461,04,03,101000,1.55,1932.0
11-18-319-02112-801621,04,03,100000,4.74,11697.0
11-18-320-02004-801622,04,02,102000,4.96,11138.0
11-18-320-02115-801623,04,03,102000,3.0,11318.0
11-18-321-02116-801624,04,07,100000,9.25,20712.0
11-18-321-02119-302704,04,07,102000,5.0,14310.0
11-18-321-02119-302706,04,07,101000,4.0,12810.0
11-18-321-02125-801625,04,07,105000,1.03,4684.0
11-18-322-02126-303429,04,07,104000,15.0,5772.0
11-18-322-02126-801626,04,07,103000,8.0,12585.0
11-18-322-02129-801627,04,07,300000,216.79,584342.0
11-18-323-02132-801628,04,06,100000,1.4,4292.0
11-18-323-02136-801629,04,06,101000,12.5,19183.0
11-18-325-02148-801630,04,08,101000,4.62,20747.0
11-18-325-02149-801631,04,08,102000,2.36,15342.0
11-18-326-02151-801632,04,08,100000,3.19,15809.0
11-18-326-02152-801633,04,08,103000,4.69,12086.0
11-19-327-02161-306489,26,03,104000,17.99,13572.0
11-19-327-02162-306564,26,03,107000,2.51,4703.0
11-19-327-02163-306662,26,03,106000,1.63,12064.0
11-19-327-99999-801634,26,03,100000,10.57,73062.0
11-19-327-99999-801635,26,03,101000,8.68,38832.0
11-19-327-99999-801636,26,03,103000,6.5,7022.0
11-19-327-99999-801637,26,03,105000,5.05,26758.0
11-19-327-99999-801638,26,03,300000,15.54,216950.0
11-19-328-02166-306882,26,02,310000,45.86,147217.0
11-19-328-02167-306988,26,02,102000,9.27,9907.0
11-19-328-02171-307150,26,02,106000,6.68,12170.0
11-19-328-02172-307206,26,02,107000,3.51,9092.0
11-19-328-02173-307254,26,02,300400,6.32,10871.0
11-19-328-02173-307255,26,02,300300,1.44,6009.0
11-19-328-02173-307256,26,02,300200,7.2,16322.0
11-19-328-02175-307402,26,02,105000,4.92,15536.0
11-19-328-02176-307507,26,02,103000,2.96,7725.0
11-19-328-02177-307525,26,02,200001,18.57,12853.0
11-19-328-02177-307593,26,02,201000,12.38,21430.0
11-19-328-99999-801639,26,02,101000,2.56,20395.0
11-19-328-99999-801640,26,02,100000,10.08,68732.0
11-19-328-99999-801641,26,02,104000,14.55,30375.0
11-19-328-99999-801642,26,02,300101,10.89,69613.0
11-19-329-02183-308211,26,01,201000,3.8,6269.0
11-19-329-02183-308212,26,01,202000,5.1,15336.0
11-19-329-02187-308587,26,01,211000,1.46,6151.0
11-19-329-99999-801643,26,01,100000,1.45,10870.0
11-19-329-99999-801644,26,01,101000,3.88,8205.0
11-19-329-99999-801645,26,01,102000,1.89,17336.0
11-19-329-99999-801646,26,01,200001,8.29,71215.0
11-19-329-99999-801647,26,01,103000,0.88,16418.0
11-19-329-99999-801648,26,01,210001,3.26,17697.0
11-19-330-02196-309799,26,04,310200,3.9,8221.0
11-19-330-99999-801649,26,04,100000,13.99,45240.0
11-19-330-99999-801650,26,04,101000,2.12,10652.0
11-19-330-99999-801651,26,04,310100,10.64,151045.0
11-19-330-99999-801652,26,04,102000,8.99,37817.0
11-19-331-02203-311005,26,04,104000,3.7,6823.0
11-19-331-99999-801653,26,04,103000,8.99,31177.0
11-19-331-99999-801654,26,04,300101,8.32,126225.0
11-19-332-99999-801655,26,05,300100,3.24,13021.0
11-19-332-99999-801656,26,05,300300,13.63,139204.0
11-19-333-02223-313830,26,06,100000,3.7,21485.0
11-19-333-02224-313875,26,06,102000,1.15,7358.0
11-19-333-02224-313876,26,06,103000,3.31,9703.0
11-19-333-02224-313877,26,06,104000,0.63,5576.0
11-19-333-02226-313979,26,06,203000,0.71,7194.0
11-19-333-02226-313981,26,06,200001,2.77,25861.0
11-19-333-02226-313984,26,06,202000,2.72,7828.0
11-19-333-02226-313985,26,06,201000,7.72,23359.0
11-19-333-02228-314139,26,06,106000,1.57,13610.0
11-19-333-02229-314224,26,06,107000,5.85,24469.0
11-19-333-02241-315444,26,06,300200,2.78,8753.0
11-19-333-99999-801657,26,06,101000,7.77,33191.0
11-19-333-99999-801658,26,06,105000,7.77,55981.0
11-19-333-99999-801659,26,06,109000,11.66,42104.0
11-19-333-99999-801660,26,06,108000,12.95,30327.0
11-19-333-99999-801661,26,06,110000,12.95,39652.0
11-19-333-99999-801662,26,06,300101,16.67,117647.0
11-19-333-99999-801663,26,06,111000,3.98,20249.0
11-19-334-02266-318173,26,17,102000,1.31,1399.0
11-19-334-99999-801665,26,17,101000,5.1,43275.0
11-19-334-99999-801666,26,17,104000,9.48,54298.0
11-19-334-99999-801667,26,17,105000,7.88,30024.0
11-19-334-99999-801668,26,17,103000,16.83,26983.0
11-19-334-99999-801669,26,17,106000,13.13,52760.0
11-19-335-02268-318539,26,16,200001,19.65,47186.0
11-19-335-02268-318540,26,16,201001,4.37,18503.0
11-19-335-02269-318575,26,16,310600,2.6,4656.0
11-19-335-02269-318575,26,16,311000,3.86,12569.0
11-19-335-02269-318575,26,16,310300,39.79,86832.0
11-19-335-02269-318575,26,16,310400,65.79,174933.0
11-19-335-02269-318589,26,16,310701,6.74,11278.0
11-19-335-02270-318640,26,16,300200,7.95,12872.0
11-19-335-02270-318641,26,16,300100,4.49,8260.0
11-19-335-02271-318655,26,16,210001,1.38,4553.0
11-19-335-02271-318656,26,16,211000,1.18,5029.0
11-19-335-02271-318660,26,16,212000,3.93,7646.0
11-19-335-02271-318661,26,16,320800,2.12,8314.0
11-19-335-02271-318662,26,16,320700,3.01,7657.0
11-19-335-02271-318666,26,16,321000,0.87,4776.0
11-19-335-02271-318667,26,16,321100,1.67,5576.0
11-19-335-02272-318682,26,16,300800,7.49,15939.0
11-19-335-02272-318684,26,16,300900,7.33,18424.0
11-19-335-02272-318686,26,16,301600,7.81,9194.0
11-19-335-02272-318688,26,16,300301,11.92,19398.0
11-19-335-02272-318689,26,16,301300,2.5,5784.0
11-19-335-02272-318690,26,16,300500,2.83,4925.0
11-19-335-02272-318691,26,16,300400,3.64,8742.0
11-19-335-02272-318693,26,16,300600,2.77,16288.0
11-19-335-02272-318694,26,16,300700,1.95,8713.0
11-19-335-02273-318683,26,16,301000,1.78,11516.0
11-19-335-02273-318687,26,16,301501,9.82,14007.0
11-19-335-02273-318712,26,16,220001,7.95,10372.0
11-19-335-02273-318713,26,16,221000,2.42,8957.0
11-19-335-02273-318715,26,16,301100,7.11,11543.0
11-19-335-02273-318719,26,16,301201,8.95,16748.0
11-19-335-02273-318720,26,16,301401,5.44,23468.0
11-19-335-02274-318772,26,16,231000,3.87,5771.0
11-19-335-02274-318773,26,16,230001,2.2,5016.0
11-19-335-02274-318776,26,16,301700,5.43,5849.0
11-19-335-02283-319518,26,16,310900,4.12,17567.0
11-19-335-02287-319950,26,16,103000,4.57,9577.0
11-19-335-02293-320495,26,16,109000,2.6,7473.0
11-19-335-99999-801670,26,16,310100,32.57,108518.0
11-19-335-99999-801671,26,16,310500,25.02,262188.0
11-19-335-99999-801672,26,16,311101,9.72,23368.0
11-19-335-99999-801673,26,16,321201,6.45,65517.0
11-19-335-99999-801674,26,16,330000,154.2,425836.0
11-19-335-99999-801675,26,16,106000,8.53,55541.0
11-19-335-99999-801676,26,16,107000,10.36,20349.0
11-19-335-99999-801677,26,16,104000,21.15,26995.0
11-19-335-99999-801678,26,16,340000,23.04,245079.0
11-19-335-99999-801679,26,16,108000,6.47,47229.0
11-19-335-99999-801680,26,16,105000,6.06,20690.0
11-19-336-02304-321527,26,07,210001,3.93,17035.0
11-19-336-02304-321528,26,07,211000,2.52,6943.0
11-19-336-02306-321657,26,07,100000,2.48,5033.0
11-19-336-02307-321682,26,07,310500,2.7,12342.0
11-19-336-02307-321683,26,07,310300,2.12,6415.0
11-19-336-02307-321684,26,07,310200,0.37,4582.0
11-19-336-02307-321685,26,07,310401,1.43,7529.0
11-19-336-02310-321911,26,07,101000,3.6,16898.0
11-19-336-02311-321983,26,07,200001,15.02,39406.0
11-19-336-02312-322048,26,07,330100,2.94,17130.0
11-19-336-02312-322052,26,07,102000,1.93,5936.0
11-19-336-02313-322166,26,07,330300,3.12,6651.0
11-19-336-02314-322318,26,07,105000,2.56,6607.0
11-19-336-02314-322324,26,07,104000,3.3,9763.0
11-19-336-02315-322410,26,07,106000,9.13,7810.0
11-19-336-02315-322413,26,07,107000,1.78,5004.0
11-19-336-99999-801681,26,07,310100,11.66,125037.0
11-19-336-99999-801682,26,07,300000,15.96,121110.0
11-19-336-99999-801683,26,07,320000,24.6,109956.0
11-19-336-99999-801684,26,07,201000,21.83,32787.0
11-19-336-99999-801685,26,07,202000,5.52,20015.0
11-19-336-99999-801686,26,07,330201,12.02,71929.0
11-19-336-99999-801688,26,07,103000,15.54,74769.0
11-19-336-99999-801689,26,07,500101,23.3,57648.0
11-19-336-99999-801690,26,07,500200,30.0,52158.0
11-19-337-02318-322774,26,08,101000,0.77,6244.0
11-19-337-02319-322844,26,08,105000,1.59,3814.0
11-19-337-02320-322901,26,08,202000,1.7,8477.0
11-19-337-02320-322902,26,08,201000,1.63,5955.0
11-19-337-02323-323098,26,08,511600,1.64,10544.0
11-19-337-02323-323111,26,08,511900,1.08,6939.0
11-19-337-02323-323113,26,08,511700,1.83,9548.0
11-19-337-02323-323115,26,08,512100,2.31,10440.0
11-19-337-02324-323139,26,08,513100,1.1,11798.0
11-19-337-02324-323141,26,08,512900,1.0,9726.0
11-19-337-02325-323220,26,08,103000,3.29,15913.0
11-19-337-99999-801691,26,08,100000,15.57,79571.0
11-19-337-99999-801692,26,08,511001,10.1,117539.0
11-19-337-99999-801693,26,08,510901,12.72,111602.0
11-19-337-99999-801694,26,08,511100,4.35,132701.0
11-19-337-99999-801695,26,08,511301,15.85,315976.0
11-19-337-99999-801696,26,08,200001,10.36,35939.0
11-19-337-99999-801697,26,08,310100,18.44,100223.0
11-19-337-99999-801698,26,08,310200,18.44,96747.0
11-19-337-99999-801699,26,08,512000,6.48,80918.0
11-19-337-99999-801700,26,08,512200,8.42,100606.0
11-19-337-99999-801701,26,08,512300,3.68,19931.0
11-19-337-99999-801702,26,08,512401,13.63,142557.0
11-19-337-99999-801703,26,08,512500,3.24,114085.0
11-19-337-99999-801704,26,08,512600,6.87,88358.0
11-19-337-99999-801705,26,08,512700,19.4,275990.0
11-19-337-99999-801706,26,08,106000,22.43,41762.0
11-19-337-99999-801707,26,08,510601,20.77,107537.0
11-19-337-99999-801708,26,08,510700,9.71,69252.0
11-19-337-99999-801709,26,08,512800,17.17,63795.0
11-19-337-99999-801710,26,08,513900,19.42,149965.0
11-19-337-99999-801711,26,08,513200,10.96,266889.0
11-19-337-99999-801712,26,08,513300,7.12,224821.0
11-19-337-99999-801713,26,08,514300,3.11,40961.0
11-19-337-99999-801714,26,08,513400,10.69,232811.0
11-19-337-99999-801716,26,08,514400,20.34,100048.0
11-19-337-99999-801718,26,08,300000,22.01,101409.0
11-19-337-99999-801719,26,08,107000,15.54,30421.0
11-19-338-02344-324900,26,12,101000,3.75,24207.0
11-19-338-02345-325036,26,12,102000,2.69,6435.0
11-19-338-02345-325037,26,12,103000,3.12,6431.0
11-19-338-02346-325093,26,12,550100,2.03,12089.0
11-19-338-02346-325094,26,12,550200,1.57,6780.0
11-19-338-02346-325097,26,12,550500,0.73,5196.0
11-19-338-02346-325098,26,12,550601,2.21,7433.0
11-19-338-02346-325100,26,12,550700,3.79,12520.0
11-19-338-02346-325103,26,12,551000,2.46,8151.0
11-19-338-02349-325556,26,12,106101,8.18,19726.0
11-19-338-02350-325577,26,12,551800,3.98,7165.0
11-19-338-02350-325581,26,12,551900,2.54,25241.0
11-19-338-02350-325583,26,12,552400,1.6,4291.0
11-19-338-02350-325584,26,08,510200,0.85,8298.0
11-19-338-02352-325661,26,12,210001,1.1,5417.0
11-19-338-02352-325665,26,12,211000,1.18,5674.0
11-19-338-02352-325666,26,12,212000,2.12,8736.0
11-19-338-02352-325673,26,12,105000,1.22,5421.0
11-19-338-02352-325675,26,08,510100,9.12,37589.0
11-19-338-99999-801720,26,12,550401,10.94,94698.0
11-19-338-99999-801721,26,12,550901,17.28,160976.0
11-19-338-99999-801722,26,12,551400,9.66,120378.0
11-19-338-99999-801723,26,12,104000,3.9,22632.0
11-19-338-99999-801724,26,12,100000,19.04,45211.0
11-19-338-99999-801725,26,12,551200,6.48,72474.0
11-19-338-99999-801726,26,12,551300,6.47,101067.0
11-19-338-99999-801727,26,12,551500,9.06,90081.0
11-19-338-99999-801728,26,12,551600,5.88,137028.0
11-19-338-99999-801729,26,12,551700,6.48,102815.0
11-19-338-99999-801730,26,12,552000,4.33,62200.0
11-19-338-99999-801731,26,12,200001,2.14,15166.0
11-19-338-99999-801731,26,12,201000,3.98,11378.0
11-19-338-99999-801732,26,12,552100,7.25,101268.0
11-19-339-02363-327362,26,14,100000,7.25,9554.0
11-19-339-02363-327363,26,14,101000,1.52,4745.0
11-19-339-02365-327598,26,14,105000,8.73,9270.0
11-19-339-02373-329104,26,14,102000,7.51,13265.0
11-19-339-99999-801733,26,14,300000,19.06,114876.0
11-19-339-99999-801734,26,14,104000,11.65,24640.0
11-19-339-99999-801735,26,14,103000,22.01,56128.0
11-19-340-02380-330145,26,15,210001,4.95,4306.0
11-19-340-02380-330148,26,15,103000,2.87,6512.0
11-19-340-02381-330256,26,15,211000,2.88,5236.0
11-19-340-02382-330359,26,15,200001,8.64,18207.0
11-19-340-02383-330484,26,07,330400,4.12,8970.0
11-19-340-02383-330484,26,15,105000,1.42,5713.0
11-19-340-02385-330800,26,15,201000,8.79,22118.0
11-19-340-02393-331744,26,15,101000,9.51,19124.0
11-19-340-99999-801736,26,15,100000,3.88,17217.0
11-19-340-99999-801737,26,15,104000,12.95,19187.0
11-19-340-99999-801738,26,15,102000,13.9,92386.0
11-19-341-02400-332696,26,11,101000,4.43,13481.0
11-19-341-02402-332812,26,11,201000,3.83,13961.0
11-19-341-02402-332813,26,11,200001,4.3,9910.0
11-19-341-02402-332815,26,11,203000,1.24,5307.0
11-19-341-02402-332817,26,11,202000,1.71,5429.0
11-19-341-02402-332818,26,11,541300,1.46,6309.0
11-19-341-02402-332820,26,11,541400,1.14,7664.0
11-19-341-02402-332821,26,11,540700,3.59,32040.0
11-19-341-02402-332822,26,11,540800,3.47,17549.0
11-19-341-02402-332823,26,11,541200,2.18,6450.0
11-19-341-02402-332824,26,11,541000,2.4,7182.0
11-19-341-02402-332829,26,11,541100,4.64,18692.0
11-19-341-02402-332831,26,11,540900,2.12,11676.0
11-19-341-02403-332834,26,11,540300,4.59,10205.0
11-19-341-02403-332836,26,11,540200,11.68,73322.0
11-19-341-02403-332837,26,11,540500,3.72,17360.0
11-19-341-02403-332838,26,11,540400,3.52,6888.0
11-19-341-02404-332855,26,11,103000,3.22,16963.0
11-19-341-02404-332857,26,11,541600,1.8,7354.0
11-19-341-02404-332858,26,11,541700,0.52,5476.0
11-19-341-02404-332859,26,11,542200,2.43,14096.0
11-19-341-02404-332861,26,11,542001,1.9,17901.0
11-19-341-02404-332862,26,11,541800,2.33,9223.0
11-19-341-02404-332865,26,11,541900,1.52,7410.0
11-19-341-02404-332866,26,11,542100,0.61,4922.0
11-19-341-02404-332867,26,11,542301,2.42,12352.0
11-19-341-02404-332868,26,11,542400,1.54,11788.0
11-19-341-02404-332869,26,11,542500,0.52,13883.0
11-19-341-02404-332870,26,11,542600,2.82,20860.0
11-19-341-02404-332873,26,11,542700,2.41,17367.0
11-19-341-02404-332874,26,11,542801,4.84,21112.0
11-19-341-02404-332875,26,11,541500,1.29,5089.0
11-19-341-02404-332877,26,11,542900,2.15,9566.0
11-19-341-02405-332903,26,11,210001,3.13,8225.0
11-19-341-02405-332905,26,11,100000,1.93,10114.0
11-19-341-02405-332910,26,11,220001,4.51,18478.0
11-19-341-02405-332911,26,05,100000,1.83,9373.0
11-19-341-02405-332911,26,11,211000,2.73,6609.0
11-19-341-02406-332939,26,11,221000,2.62,6008.0
11-19-341-02406-332940,26,11,543200,1.14,6036.0
11-19-341-02408-333068,26,11,230001,1.48,7147.0
11-19-341-02408-333069,26,11,231000,1.84,7349.0
11-19-341-02409-333113,26,11,102000,4.02,5982.0
11-19-341-99999-801739,26,11,540100,11.81,184474.0
11-19-341-99999-801740,26,11,540600,51.74,950435.0
11-19-341-99999-801740,26,11,543101,2.48,14766.0
11-19-341-99999-801741,26,11,543000,30.48,155172.0
11-19-342-99999-801742,26,10,530100,185.39,4399819.0
11-19-343-02412-333296,26,09,521200,5.66,16247.0
11-19-343-02413-333317,26,09,521600,5.32,17547.0
11-19-343-02413-333323,26,09,200101,6.56,24465.0
11-19-343-02414-333385,26,09,201000,1.59,8328.0
11-19-343-02414-333386,26,09,202000,3.26,8699.0
11-19-343-02414-333387,26,09,204001,5.26,12994.0
11-19-343-02414-333388,26,09,203000,4.42,10996.0
11-19-343-02415-333477,26,09,210001,1.81,4766.0
11-19-343-02415-333478,26,09,211000,1.8,9262.0
11-19-343-02416-333522,26,09,520201,1.12,9480.0
11-19-343-02416-333540,26,09,212000,1.53,6009.0
11-19-343-02418-333683,26,09,520400,0.74,9824.0
11-19-343-02422-334013,26,09,102000,2.18,7180.0
11-19-343-02423-334054,26,09,100000,3.13,7658.0
11-19-343-02431-334905,26,09,522100,2.0,12937.0
11-19-343-99999-801743,26,09,520700,1.68,7831.0
11-19-343-99999-801744,26,09,521501,10.05,77575.0
11-19-343-99999-801745,26,09,521800,2.86,10112.0
11-19-343-99999-801747,26,09,101000,9.07,37659.0
11-19-343-99999-801748,26,09,105000,10.36,30266.0
11-19-343-99999-801749,26,09,104000,5.18,20217.0
11-19-344-02444-337141,26,13,200001,10.7,15320.0
11-19-344-02444-337142,26,13,201000,6.76,11517.0
11-19-344-02460-341706,26,13,320200,32.37,84252.0
11-19-344-02460-341707,26,13,320300,2.17,2601.0
11-19-344-02462-342538,26,13,101000,4.66,10305.0
11-19-344-02465-343469,26,08,102000,2.74,7388.0
11-19-344-99999-801750,26,13,104000,10.36,14904.0
11-19-344-99999-801751,26,13,103000,11.65,12199.0
11-19-344-99999-801752,26,13,102000,16.58,16804.0
11-19-344-99999-801753,26,13,105000,10.36,10314.0
11-19-344-99999-801754,26,13,106000,10.36,43770.0
11-19-344-99999-801755,26,13,300000,14.78,125498.0
11-19-344-99999-801756,26,13,100000,17.04,42094.0
11-19-344-99999-801757,26,13,320100,90.65,177989.0
11-19-345-02471-344458,26,13,211000,3.68,3926.0
11-19-345-02471-344458,26,13,210001,6.07,21405.0
11-19-345-02471-344459,26,13,212000,4.52,10866.0
11-19-345-99999-801759,26,13,108000,10.36,38688.0
11-19-345-99999-801760,26,13,310000,69.1,100347.0
11-19-345-99999-801762,26,13,110000,14.25,53484.0
11-20-346-02509-801764,05,35,104000,12.45,27751.0
11-20-347-02518-801765,05,34,100000,11.11,31147.0
11-20-348-02527-801766,05,34,102000,14.92,12664.0
11-20-348-02527-801767,05,34,101000,51.14,53577.0
11-20-349-02539-352240,05,33,103000,1.6,5248.0
11-20-349-02539-801768,05,33,100000,9.75,78097.0
11-20-349-02542-352566,05,33,101000,18.91,18263.0
11-20-349-02543-352759,05,33,104000,3.24,6009.0
11-20-350-02545-801769,05,31,200001,16.29,76380.0
11-20-350-02550-801770,05,31,100000,18.36,39257.0
11-20-351-02561-801771,05,28,100000,8.59,23637.0
11-20-352-02564-801772,05,29,100000,5.11,49257.0
11-20-352-02566-358526,05,29,102000,0.24,5545.0
11-20-352-02569-801773,05,29,101000,4.22,13958.0
11-20-353-02576-801774,05,29,103000,8.48,26241.0
11-20-354-02581-361403,05,32,102000,13.01,22084.0
11-20-354-02582-361535,05,32,302200,1.06,3637.0
11-20-354-02582-361609,05,32,302300,2.56,4991.0
11-20-354-02582-361611,05,32,110000,5.49,7243.0
11-20-354-02583-361835,05,32,106000,2.44,6273.0
11-20-354-02584-361864,05,32,301100,2.01,6628.0
11-20-354-02584-801775,05,32,300100,23.39,151789.0
11-20-354-02586-361935,05,32,109000,4.95,6631.0
11-20-354-02587-362160,05,32,108000,1.51,2399.0
11-20-354-02587-362185,05,32,107000,4.87,7775.0
11-20-354-02587-362186,05,32,103000,2.63,13251.0
11-20-354-02587-362191,05,32,100000,5.89,16583.0
11-20-354-02587-362193,05,32,201000,6.11,9160.0
11-20-354-02587-362194,05,32,101000,6.03,8651.0
11-20-354-02587-801776,05,32,200001,6.26,33535.0
11-20-355-02589-362288,05,33,102000,7.6,19814.0
11-20-355-02589-362291,05,32,300400,8.09,25448.0
11-20-355-02589-362292,05,33,105000,12.29,15209.0
11-20-355-02590-362296,05,33,300400,20.98,28368.0
11-20-355-02590-362298,05,33,300200,11.18,17113.0
11-20-355-02590-362299,05,33,300300,15.22,26560.0
11-20-355-02590-801777,05,33,300100,36.72,70544.0
11-20-355-02591-362417,05,33,200001,26.11,41295.0
11-20-355-02591-362421,05,33,201000,20.17,17391.0
11-20-355-02595-362723,05,32,310100,162.91,333683.0
11-20-355-02595-801778,05,32,310200,20.49,65207.0
11-20-355-02596-362853,05,32,111000,2.89,5341.0
11-20-355-02596-362854,05,32,105000,3.28,8441.0
11-20-356-02601-801779,05,36,100000,13.93,31761.0
11-20-357-02606-363453,05,39,500300,10.7,57039.0
11-20-357-02606-363454,05,39,500600,3.92,14830.0
11-20-357-02606-363455,05,39,500700,2.21,10338.0
11-20-357-02606-363456,05,39,500900,4.1,14587.0
11-20-357-02606-363457,05,39,500500,2.63,19368.0
11-20-357-02606-363458,05,39,500800,3.23,9533.0
11-20-357-02606-801780,05,39,500400,19.45,108100.0
11-20-357-02606-801781,05,39,500101,59.8,478950.0
11-20-357-02606-801782,05,39,500200,3.69,38623.0
11-20-357-02607-363618,05,39,100000,13.21,32417.0
11-20-357-02609-363954,05,39,103000,9.79,16506.0
11-20-357-02609-363955,05,39,102000,14.05,36909.0
11-20-357-02613-801783,05,39,101000,15.02,12716.0
11-20-358-02615-801784,05,35,101000,12.57,17307.0
11-20-358-02633-801786,05,35,100000,3.45,56323.0
11-20-359-02636-367010,05,35,106000,4.54,6642.0
11-20-359-02637-367024,05,35,103000,18.27,3348.0
11-20-359-02639-801787,05,35,102000,13.42,15078.0
11-20-360-02653-368578,05,34,103000,4.37,6421.0
11-20-360-02653-801788,05,34,107000,26.35,97824.0
11-20-360-02654-368662,05,34,104000,1.61,6274.0
11-20-360-02659-368937,05,34,210002,11.11,6441.0
11-20-360-02659-368938,05,34,210003,3.33,7538.0
11-20-360-02659-368939,05,34,210001,7.86,14484.0
11-20-361-02660-369009,05,34,300100,20.98,33131.0
11-20-361-02660-369010,05,34,300200,24.26,76691.0
11-20-361-02660-369013,05,34,105000,7.07,8825.0
11-20-361-02660-369014,05,34,106000,3.63,6355.0
11-20-361-02660-369015,05,34,202000,6.88,13731.0
11-20-361-02661-369071,05,34,220003,8.16,9447.0
11-20-361-02661-369092,05,34,220001,6.77,16719.0
11-20-361-02661-369093,05,34,220002,19.06,14670.0
11-20-361-02661-369094,05,34,230002,8.18,11600.0
11-20-361-02661-369095,05,34,230001,14.3,14812.0
11-20-361-02662-369121,05,34,201000,8.9,17333.0
11-20-361-02662-801789,05,34,200001,34.46,51264.0
11-20-362-02667-801790,05,30,103000,17.23,11641.0
11-20-362-02673-801791,05,30,100000,6.12,38096.0
11-20-363-02678-801792,05,30,101000,13.83,17811.0
11-20-363-02678-801793,05,30,102000,10.94,23367.0
11-20-364-02683-373459,05,38,201000,16.78,19633.0
11-20-364-02683-373460,05,38,202000,5.85,4502.0
11-20-364-02683-373461,05,38,200001,16.66,14180.0
11-20-364-02684-373565,05,38,300200,4.9,15489.0
11-20-364-02684-801794,05,38,300100,177.19,599306.0
11-20-364-02688-373896,05,38,100000,5.49,10342.0
11-20-364-02698-801795,05,38,102000,13.24,16064.0
11-20-365-02704-801796,05,38,101000,38.58,24183.0
11-20-366-02712-801797,05,37,100000,11.53,28539.0
11-20-367-02718-801798,05,37,101000,39.91,23750.0
11-20-368-02731-801799,05,40,105001,7.35,47666.0
11-20-368-02735-377852,05,40,112000,10.9,9981.0
11-20-368-02736-377916,05,40,103000,4.01,9608.0
11-20-368-02736-377918,05,40,102000,28.8,15289.0
11-20-368-02736-377920,05,40,104000,2.65,9043.0
11-20-368-02739-801800,05,40,100000,8.6,56729.0
11-20-368-02742-378290,05,40,101000,17.1,11043.0
11-20-368-02743-378378,05,40,111000,5.64,5312.0
11-20-368-02743-378379,05,40,110000,4.33,5084.0
11-20-369-02752-379287,05,40,113000,2.69,6551.0
11-20-369-02752-801801,05,40,510100,49.82,77803.0
11-20-369-02753-379462,05,40,107000,2.02,6766.0
11-20-369-02753-801802,05,40,106000,8.92,11178.0
11-21-370-02757-801803,19,01,100000,20.8,12971.0
11-21-370-02763-801804,19,01,101000,14.15,16371.0
11-21-370-02765-801805,19,01,102000,16.72,51205.0
11-21-371-02772-801806,19,01,107000,29.58,24607.0
11-21-371-02774-801807,19,01,103000,41.44,69667.0
11-21-371-02776-801808,19,01,104000,70.47,65054.0
11-21-372-02782-801809,19,01,105000,16.84,12161.0
11-21-372-02787-801810,19,01,300300,11.13,23833.0
11-21-372-02788-801811,19,01,300201,28.62,34640.0
11-21-372-02799-801813,19,01,300101,49.75,134824.0
11-21-373-02800-801814,19,01,106000,24.13,17275.0
11-21-374-02808-801815,19,02,100000,23.83,30352.0
11-21-374-02814-384265,19,02,103000,5.43,9564.0
11-21-374-02814-801816,19,02,101000,26.16,39549.0
11-21-374-02816-801818,19,02,102000,35.22,33556.0
11-21-374-02821-384612,19,02,300300,6.18,13116.0
11-21-374-02821-384613,19,02,104000,3.16,8521.0
11-21-374-02827-384964,19,02,105000,1.85,4599.0
11-21-374-02832-801819,19,02,300201,18.13,152690.0
11-21-374-02833-801820,19,02,300101,132.86,233058.0
11-21-375-02834-801821,19,03,100000,41.44,42032.0
11-21-375-02835-385278,19,03,104000,11.42,11370.0
11-21-375-02837-801822,19,03,101000,26.42,31069.0
11-21-375-02839-385509,19,03,106000,4.9,5746.0
11-21-375-02845-801823,19,03,102000,26.4,41945.0
11-21-375-02852-386860,19,03,105000,3.9088602,4434.0
11-21-375-02854-801824,19,03,103000,72.87,30278.0
11-21-376-02861-801825,19,04,100000,14.38,18097.0
11-21-376-02870-801826,19,04,103000,18.64,17623.0
11-21-376-02884-801827,19,04,102000,7.89,11289.0
11-21-376-02888-801828,19,04,101001,29.98,69240.0
11-21-377-02890-801829,19,05,100000,17.9,16786.0
11-21-377-02903-801831,19,05,105000,20.44,12800.0
11-21-377-02907-801832,19,05,101000,23.64,22737.0
11-21-377-02909-801833,19,05,300101,41.82,101829.0
11-21-378-02914-801835,19,05,102000,31.08,76435.0
11-21-378-02915-801836,19,05,103000,47.78,25236.0
11-21-378-02919-395394,19,05,104000,6.11,8170.0
11-21-379-02926-801837,19,06,107000,2.54,28220.0
11-21-379-02927-801838,19,06,102000,10.77,35015.0
11-21-380-02934-801839,19,06,108000,9.04,2972.0
11-21-380-02934-801839,19,06,103000,23.35,48104.0
11-21-380-02940-801840,19,06,104000,17.72,25016.0
11-21-381-02948-801841,19,06,106000,6.22,14350.0
11-21-381-02949-399027,19,06,111000,2.72,6139.0
11-21-381-02950-801842,19,06,105000,10.36,13661.0
11-21-381-02954-399315,19,06,110000,0.94,5965.0
11-21-381-02954-801843,19,06,300200,31.08,36877.0
11-21-381-02968-801844,19,06,300100,121.91,403418.0
11-21-382-02974-801845,19,06,100001,25.33,26119.0
11-21-382-02977-801846,19,06,101000,11.65,27312.0
11-21-383-02988-801847,19,07,104000,11.15,12832.0
11-21-383-02990-801848,19,07,103000,18.04,18966.0
11-21-383-02999-801849,19,07,102000,24.82,46314.0
11-21-384-03002-403727,19,07,108000,6.25,10855.0
11-21-384-03006-801850,19,07,100001,25.46,26806.0
11-21-384-03007-404089,19,07,106000,7.81,13096.0
11-21-384-03007-404090,19,07,109000,9.58,9978.0
11-21-384-03007-404091,19,07,105000,2.0,7148.0
11-21-384-03008-404106,19,07,107000,3.59,9366.0
11-21-384-03009-404118,19,07,110000,1.15,8102.0
11-21-384-03011-801851,19,07,101000,21.71,24772.0
11-21-385-03026-406078,19,13,106000,6.24,8258.0
11-21-385-03026-801853,19,13,107000,13.06,7522.0
11-21-385-03028-801854,19,13,100000,15.54,10464.0
11-21-386-03036-801855,19,13,101000,25.38,30591.0
11-21-386-03049-801856,19,13,103001,18.3,50116.0
11-21-386-03053-801857,19,13,109000,6.39,12404.0
11-21-386-03054-801858,19,13,105000,9.43,13702.0
11-21-386-03055-801859,19,13,300000,124.74,411542.0
11-21-387-03057-801860,19,13,102000,8.8,11649.0
11-21-387-03058-801861,19,13,104000,14.62,13658.0
11-21-387-03061-801862,19,13,108000,35.08,10899.0
11-21-387-03070-801863,19,13,310000,16.84,125199.0
11-21-388-03072-801864,19,12,102000,7.45,10664.0
11-21-388-03074-801865,19,12,100000,6.06,17122.0
11-21-388-03074-801866,19,12,101000,5.18,8838.0
11-21-388-03076-801867,19,12,103000,4.92,13268.0
11-21-388-03078-801868,19,12,104000,5.31,19363.0
11-21-388-03080-801869,19,12,115000,18.13,13938.0
11-21-388-03081-801870,19,12,116000,11.81,16854.0
11-21-388-03082-801871,19,12,117000,12.09,10187.0
11-21-388-03083-801872,19,12,113000,28.49,9071.0
11-21-388-03084-801873,19,12,112000,7.77,9213.0
11-21-388-03085-801874,19,12,111000,4.4,17950.0
11-21-388-03086-801875,19,12,118000,9.12,10847.0
11-21-388-03089-801876,19,12,114000,34.89,12904.0
11-21-388-03090-801877,19,12,110000,11.81,17676.0
11-21-388-03094-801878,19,12,109000,2.56,5403.0
11-21-388-03096-801879,19,12,105000,10.22,10032.0
11-21-388-03097-801880,19,12,108000,6.48,10005.0
11-21-388-03099-801881,19,12,300000,79.8,210418.0
11-21-389-03104-801882,19,12,106000,10.36,10102.0
11-21-389-03105-801883,19,12,107000,3.63,36667.0
11-21-390-03112-801884,19,08,101000,16.0,27154.0
11-21-390-03114-801885,19,08,102000,13.24,8508.0
11-21-391-03130-801886,19,08,100000,20.72,15458.0
11-21-392-03135-801887,19,09,104000,21.42,12955.0
11-21-392-03139-801888,19,09,105000,15.13,14409.0
11-21-392-03140-801889,19,09,106000,12.95,7466.0
11-21-393-03142-801890,19,09,103000,31.08,69920.0
11-21-393-03144-801891,19,09,100000,18.26,16246.0
11-21-393-03149-801892,19,09,101000,7.77,17535.0
11-21-393-03152-801893,19,09,102001,15.34,25719.0
11-21-394-03153-801894,19,10,100000,11.4,14027.0
11-21-394-03156-801895,19,10,101000,23.83,11738.0
11-21-395-03159-801896,19,10,104000,14.5,14127.0
11-21-395-03164-801897,19,10,103000,15.4,51062.0
11-21-395-03166-801898,19,10,102000,15.54,12974.0
11-21-396-03181-426511,19,11,112000,5.17,16151.0
11-21-396-03181-801899,19,11,107000,18.65,48247.0
11-21-396-03183-801900,19,11,108000,11.65,18317.0
11-21-396-03184-801901,19,11,109000,2.28,6611.0
11-21-397-03189-801902,19,11,105000,25.9,18604.0
11-21-397-03196-801903,19,11,106000,8.26,23513.0
11-21-398-03199-801904,19,11,104000,12.95,13309.0
11-21-398-03208-801905,19,11,103000,61.07,34924.0
11-21-398-03209-801906,19,11,101000,25.9,65246.0
11-21-398-03216-801907,19,11,102000,76.48,52507.0
11-21-398-03217-429994,19,11,113000,12.32,5719.0
11-21-399-03220-801908,19,11,100000,18.06,18351.0
11-21-399-03223-430673,19,11,110000,4.5,5981.0
11-21-399-03226-801909,19,11,111000,4.85,10096.0
11-22-400-03232-801910,13,39,101000,0.85,13404.0
11-22-400-03232-801911,13,39,103000,2.29,8316.0
11-22-400-03234-801912,13,39,104000,6.93,26326.0
11-22-400-03234-801913,13,39,108000,4.21,14297.0
11-22-400-03234-801914,13,39,109000,14.46,13933.0
11-22-400-03235-801916,13,39,204001,8.49,19960.0
11-22-401-03236-801917,13,39,100000,6.7,7834.0
11-22-401-03242-801923,13,39,106000,13.67,13049.0
11-22-401-03242-801924,13,39,107000,3.68,11313.0
11-22-401-03247-801927,13,39,110001,10.03,53227.0
11-22-402-03257-801932,13,41,100000,12.66,14788.0
11-22-402-03262-801933,13,41,101000,14.96,10917.0
11-22-403-03263-801935,13,41,102000,31.24,11000.0
11-22-403-03265-801937,13,41,103000,12.74,7040.0
11-22-403-03267-801939,13,41,105001,20.68,90265.0
11-22-403-03269-801941,13,41,104001,5.24,15126.0
11-22-403-03270-801942,13,41,106001,3.03,13923.0
11-22-404-03272-801945,13,40,104000,3.87,8417.0
11-22-404-03272-801945,13,40,105000,5.17,8749.0
11-22-404-03272-801945,13,40,102000,17.98,14761.0
11-22-404-03275-801949,13,40,300000,35.07,124501.0
11-22-405-03277-801950,13,40,115000,19.36,24754.0
11-22-405-03278-801951,13,40,116000,19.71,17854.0
11-22-405-03279-801952,13,40,110000,14.2,9553.0
11-22-405-03280-801954,13,40,121000,7.62,6298.0
11-22-405-03281-801955,13,40,114000,18.93,30086.0
11-22-405-03282-801957,13,40,113000,9.07,16894.0
11-22-405-03282-801958,13,40,117000,6.68,5467.0
11-22-405-03283-801960,13,40,120000,17.13,7737.0
11-22-406-03287-801965,13,40,100001,13.01,14196.0
11-22-406-03289-801966,13,40,101001,20.67,11658.0
11-22-406-03290-801967,13,40,108000,9.4,10377.0
11-22-406-03291-438071,13,40,103000,6.69,5060.0
11-22-406-03291-801968,13,40,107001,10.62,13494.0
11-22-406-03291-801969,13,40,106000,44.26,16069.0
11-22-406-03292-801970,13,40,112001,12.57,26340.0
11-22-406-03294-801973,13,40,111000,8.44,14733.0
11-22-406-03295-801975,13,40,310101,35.92,192396.0
11-22-406-03295-801977,13,40,310300,6.48,9087.0
11-22-406-03297-801979,13,40,118000,17.96,10561.0
11-22-406-03297-801980,13,40,119000,6.54,7260.0
11-22-407-03298-801981,13,42,100000,5.0,23916.0
11-22-407-03301-801985,13,40,109000,11.31,10369.0
11-22-408-03302-801987,13,42,101000,15.04,10274.0
11-22-408-03302-801988,13,42,102000,2.77,6189.0
11-22-408-03303-801989,13,42,103000,2.8,13569.0
11-22-408-03304-801990,13,42,104000,6.43,31459.0
11-22-408-03305-801991,13,42,300000,93.34,125371.0
11-22-408-03307-801993,13,42,105000,4.3,9317.0
11-22-408-03310-801994,13,42,106000,11.47,6672.0
11-22-409-03312-801997,13,43,101000,11.82,19093.0
11-22-409-03314-802001,13,43,100000,3.52,6236.0
11-22-409-03316-802003,13,43,102000,15.08,7474.0
11-22-409-03316-802004,13,43,103000,27.78,18702.0
11-22-409-03316-802005,13,43,104000,12.96,13123.0
11-22-409-03317-442629,13,43,105000,5.32,3790.0
11-22-409-03317-802006,13,43,300600,11.8,15913.0
11-22-409-03317-802008,13,43,300201,89.87,395360.0
11-22-409-03317-802009,13,43,300101,50.8,166932.0
11-22-409-03317-802009,13,43,300400,8.02,25058.0
11-22-409-03318-802011,13,43,300700,9.12,23619.0
11-22-409-03318-802011,13,43,300501,5.52,24137.0
11-22-409-03318-802011,13,43,107000,15.11,7142.0
11-22-409-03319-442850,13,43,106000,6.34,6479.0
11-22-409-03321-802015,13,43,108000,9.35,17916.0
11-22-409-03322-443306,13,43,110000,5.36,3975.0
11-22-409-03322-802016,13,43,109000,22.24,55996.0
11-22-410-03324-802020,13,44,103000,28.63,13551.0
11-22-410-03325-802021,13,44,100000,7.6,45468.0
11-22-410-03326-802022,13,44,102000,7.56,17373.0
11-22-410-03329-802027,13,44,101000,17.81,8639.0
11-22-410-03330-802029,13,44,107000,23.49,14257.0
11-22-410-03331-802031,13,44,110000,7.83,21003.0
11-22-410-03332-802034,13,44,300101,64.29,462694.0
11-22-410-03332-802034,13,24,108000,7.62,7560.0
11-22-410-03334-802038,13,44,104000,16.44,20578.0
11-22-411-03340-802043,13,44,105000,12.65,13869.0
11-22-411-03341-802045,13,44,108000,14.68,39176.0
11-22-411-03342-802046,13,44,106000,5.77,8832.0
11-22-411-03343-802047,13,44,109000,12.62,14801.0
11-22-412-03344-802049,13,44,111000,31.81,13668.0
11-22-412-03346-802052,13,44,112000,23.4,69357.0
11-22-413-03351-802056,13,45,100001,10.29,20702.0
11-22-414-03357-802062,13,45,101000,10.28,24398.0
11-22-414-03360-802064,13,45,102001,23.75,84578.0
11-22-416-03369-802068,13,45,103000,15.74,12582.0
11-22-416-03372-802071,13,45,104000,10.58,19623.0
11-23-418-03380-802078,13,06,103000,10.5,6435.0
11-23-418-03380-802078,13,01,107000,2.17,10679.0
11-23-418-03382-802079,13,01,108000,3.99,39047.0
11-23-418-03383-802080,13,01,109000,32.02,12617.0
11-23-419-03385-802081,13,01,100000,3.85,27274.0
11-23-419-03386-802082,13,01,101000,12.17,23021.0
11-23-419-03387-802083,13,01,300000,96.0,147124.0
11-23-419-03387-802084,13,01,105001,3.49,19216.0
11-23-419-03388-802085,13,01,104001,1.68,23301.0
11-23-419-03389-802086,13,01,103000,1.72,16139.0
11-23-419-03390-802087,13,01,102000,12.59,6596.0
11-23-419-03390-802088,13,01,106001,2.49,25928.0
11-23-420-03392-802089,13,02,100000,13.99,7202.0
11-23-420-03392-802090,13,02,300000,17.18,109755.0
11-23-420-03392-802091,13,02,102000,30.31,9818.0
11-23-420-03393-802092,13,02,103000,1.66,11416.0
11-23-420-03394-802093,13,02,101000,33.24,18183.0
11-23-420-03395-802094,13,02,104000,14.91,31457.0
11-23-420-03395-802095,13,02,106000,23.75,13746.0
11-23-420-03397-802096,13,02,105000,19.11,12287.0
11-23-420-03398-802097,13,02,107000,19.04,18703.0
11-23-420-03398-802098,13,02,108000,12.11,7728.0
11-23-420-03398-802099,13,02,109000,12.7,10848.0
11-23-421-03399-802100,13,03,300100,289.85,690765.0
11-23-421-03399-802101,13,03,300200,13.33,27015.0
11-23-421-03400-454188,13,03,102000,6.15,10708.0
11-23-421-03400-802102,13,03,101000,44.97,10288.0
11-23-421-03400-802103,13,03,103000,2.59,9595.0
11-23-421-03400-802104,13,03,104000,3.79,46588.0
11-23-421-03401-802105,13,03,105000,23.94,10248.0
11-23-421-03402-802106,13,03,100000,22.74,8840.0
11-23-422-03403-802107,13,04,100000,2.93,15373.0
11-23-422-03404-802108,13,04,101000,18.03,9115.0
11-23-422-03405-802109,13,04,102000,4.07,64477.0
11-23-422-03406-802111,13,03,106000,1.68,16400.0
11-23-423-03408-802112,13,05,300000,81.11,108277.0
11-23-423-03410-802114,13,05,100001,1.22,17418.0
11-23-423-03411-802115,13,05,101000,1.63,12200.0
11-23-423-03412-802116,13,05,104000,20.3,8641.0
11-23-423-03413-802117,13,05,102000,0.63,11462.0
11-23-423-03414-802118,13,05,103000,8.43,9780.0
11-23-424-03415-802119,13,07,100000,16.09,5202.0
11-23-424-03415-802120,13,07,102000,14.91,15044.0
11-23-424-03417-802122,13,07,101000,17.37,6729.0
11-23-424-03417-802123,13,07,103000,0.55,17020.0
11-23-424-03418-802124,13,07,104000,32.29,8490.0
11-23-424-03418-802125,13,07,106000,21.23,12300.0
11-23-424-03420-802126,13,07,105000,25.53,10493.0
11-23-424-03421-802127,13,07,110000,0.41,5960.0
11-23-424-03422-802128,13,07,108000,0.43,9843.0
11-23-424-03423-802129,13,07,107000,8.46,6649.0
11-23-424-03423-802130,13,07,109000,6.22,54173.0
11-23-424-03423-802131,13,07,111000,30.49,7111.0
11-23-425-03424-802132,13,08,101000,32.87,7209.0
11-23-425-03425-802133,13,08,102000,24.59,12455.0
11-23-425-03426-802134,13,08,104000,24.41,7926.0
11-23-425-03427-802135,13,08,100000,4.49,10525.0
11-23-425-03427-802136,13,08,103000,20.86,21521.0
11-23-425-03428-802137,13,08,105000,33.57,13598.0
11-23-425-03428-802138,13,08,106000,52.73,18938.0
11-23-425-03429-802139,13,08,107001,14.51,75594.0
11-23-425-03430-802141,13,08,108000,16.93,6541.0
11-23-425-03431-802142,13,08,111000,27.16,11145.0
11-23-425-03432-802143,13,08,112000,23.49,8169.0
11-23-425-03433-802144,13,08,109000,23.5,6686.0
11-23-425-03433-802145,13,08,110000,25.72,15770.0
11-23-425-03434-802146,13,08,113000,14.73,7447.0
11-23-426-03435-802147,13,09,100000,14.42,12283.0
11-23-426-03436-802148,13,09,101001,2.1,42547.0
11-23-426-03437-802149,13,09,102000,25.46,11100.0
11-23-426-03437-802150,13,09,103000,26.85,5909.0
11-23-426-03439-802151,13,09,104000,17.44,8252.0
11-23-426-03440-802152,13,09,105000,52.96,9476.0
11-23-427-03443-459749,13,10,201000,2.16,8635.0
11-23-427-03443-802153,13,10,200001,12.0,41621.0
11-23-427-03444-802154,13,10,102001,5.89,32454.0
11-23-427-03446-802155,13,10,101000,10.02,19830.0
11-23-427-03447-802156,13,10,100000,30.02,16113.0
11-23-427-03448-802157,13,10,104000,6.54,19955.0
11-23-427-03449-460965,13,10,106000,8.54,9371.0
11-23-427-03449-802158,13,10,103000,22.03,10111.0
11-23-427-03449-802159,13,10,300101,35.72,219984.0
11-23-427-03449-802160,13,10,300200,16.35,37135.0
11-23-427-03450-802161,13,10,105000,3.0,23694.0
11-23-427-03451-802162,13,10,107000,27.86,21544.0
11-23-427-03453-802163,13,10,108000,3.24,20932.0
11-23-428-03454-802164,13,11,100000,6.28,22937.0
11-23-428-03457-802165,13,11,101000,19.24,14311.0
11-23-428-03458-802166,13,11,102000,59.23,12600.0
11-23-428-03458-802167,13,11,300101,35.65,105043.0
11-23-428-03460-802168,13,11,103000,14.33,8031.0
11-23-429-03461-802169,13,12,101000,25.33,11190.0
11-23-429-03461-802170,13,12,300101,86.77,160500.0
11-23-429-03463-802172,13,12,100000,12.62,9884.0
11-23-429-03463-802173,13,12,102000,24.81,11339.0
11-23-429-03464-802174,13,12,104000,4.4,14436.0
11-23-429-03465-802175,13,12,107000,10.71,14757.0
11-23-429-03466-802176,13,12,106000,43.31,12223.0
11-23-429-03467-802177,13,12,103000,35.39,9814.0
11-23-429-03468-802178,13,12,108000,29.11,15030.0
11-23-429-03470-802179,13,12,109000,10.36,26216.0
11-23-430-03471-802180,13,13,100000,5.21,6576.0
11-23-430-03471-802181,13,13,101000,37.09,12124.0
11-23-430-03473-802182,13,13,102000,37.16,8854.0
11-23-430-03473-802183,13,13,106000,4.31,7265.0
11-23-430-03474-802184,13,13,107000,12.6,9307.0
11-23-430-03475-802185,13,13,103000,10.27,8639.0
11-23-430-03476-802186,13,13,105000,30.35,11346.0
11-23-430-03477-802187,13,13,108000,36.91,17252.0
11-23-430-03478-802188,13,13,104000,15.4,7252.0
11-23-430-03479-802189,13,13,300000,54.99,128981.0
11-23-430-03479-802190,13,13,110000,13.23,8437.0
11-23-430-03481-802191,13,13,109000,8.52,10782.0
11-23-431-03482-802192,13,14,104000,12.68,20269.0
11-23-431-03483-802193,13,14,103000,39.79,11987.0
11-23-431-03485-802194,13,14,106001,21.44,19676.0
11-23-431-03486-802195,13,14,105000,12.42,18004.0
11-23-432-03487-802196,13,16,102000,77.54,6042.0
11-23-432-03487-802197,13,16,103000,12.24,14228.0
11-23-432-03488-802198,13,16,100000,9.03,6606.0
11-23-432-03488-802199,13,16,101000,18.81,5811.0
11-23-432-03489-802200,13,16,108001,13.48,90474.0
11-23-432-03490-802201,13,16,110000,27.25,9321.0
11-23-432-03491-802202,13,16,106000,2.59,15848.0
11-23-432-03491-802203,13,16,107000,2.76,19034.0
11-23-433-03492-469140,13,16,105000,6.48,6378.0
11-23-433-03492-802205,13,16,104000,0.79,14930.0
11-23-433-03493-802206,13,16,111000,0.78,6633.0
11-23-433-03493-802207,13,16,112000,0.31,9625.0
11-23-433-03493-802208,13,16,113000,6.72,10483.0
11-23-433-03494-802209,13,16,109001,1.52,13389.0
11-23-433-03495-802210,13,16,114000,3.02,17556.0
11-23-433-03496-802211,13,16,115000,10.32,95907.0
11-23-433-03497-802212,13,16,117000,24.69,5548.0
11-23-433-03498-802213,13,16,116000,4.3,11456.0
11-23-434-03500-802215,13,17,103000,1.15,6258.0
11-23-434-03501-802216,13,17,102001,5.93,56023.0
11-23-434-03501-802217,13,17,104000,25.45,5917.0
11-23-434-03502-802218,13,17,100000,2.78,17638.0
11-23-434-03503-802219,13,17,101000,1.24,10332.0
11-23-434-03504-802220,13,17,106001,2.6,11096.0
11-23-434-03507-471043,13,17,300200,1.68,12401.0
11-23-434-03507-802221,13,17,105000,19.81,6697.0
11-23-434-03507-802222,13,17,300100,39.19,183375.0
11-23-435-03508-802224,13,18,102000,0.8,25148.0
11-23-435-03509-802225,13,18,101000,23.83,79622.0
11-23-435-03509-802226,13,18,103000,25.79,9890.0
11-23-435-03510-802227,13,18,100000,4.1,22536.0
11-23-435-03512-802228,13,18,104001,1.48,18187.0
11-23-435-03513-802230,13,18,300101,92.94,362633.0
11-23-435-03514-802231,13,18,105001,4.18,28667.0
11-23-436-03515-802232,13,19,100000,1.07,10610.0
11-23-436-03515-802233,13,19,101000,0.26,10705.0
11-23-436-03516-802234,13,19,102000,0.31,10936.0
11-23-436-03516-802235,13,19,104000,35.4,5636.0
11-23-436-03517-802236,13,19,103000,0.23,9130.0
11-23-436-03518-802237,13,19,105000,3.52,23648.0
11-23-436-03518-802238,13,19,106000,0.23,6442.0
11-23-436-03519-802239,13,19,107000,6.03,42067.0
11-23-436-03519-802240,13,19,110000,19.19,14430.0
11-23-436-03522-802241,13,19,108000,7.74,32074.0
11-23-436-03522-802242,13,19,109000,19.45,8347.0
11-23-436-03522-802243,13,19,111000,2.17,8861.0
11-23-437-03525-802245,13,20,100000,2.59,9576.0
11-23-437-03525-802246,13,20,101000,1.37,12837.0
11-23-437-03526-802248,13,20,300000,100.22,164364.0
11-23-437-03527-802249,13,20,105001,2.05,13352.0
11-23-437-03528-802250,13,20,107000,16.09,6713.0
11-23-437-03528-802251,13,20,108000,20.75,7297.0
11-23-437-03528-802252,13,20,109000,14.98,8219.0
11-23-437-03529-802253,13,20,103000,44.49,8124.0
11-23-437-03529-802254,13,20,104000,1.13,8537.0
11-23-437-03530-802255,13,20,102000,2.21,12971.0
11-23-437-03531-802256,13,20,106000,2.34,15670.0
11-23-438-03532-802257,13,22,100000,3.2,15143.0
11-23-438-03533-802259,13,22,101000,4.48,16893.0
11-23-438-03534-802260,13,22,102000,17.48,59246.0
11-23-438-03534-802261,13,22,103000,11.3,11980.0
11-23-438-03536-475533,13,22,104000,4.94,6520.0
11-23-438-03536-802263,13,22,107000,12.37,19838.0
11-23-438-03538-802265,13,22,105000,15.08,20323.0
11-23-438-03539-802266,13,22,106000,13.74,18839.0
11-23-438-03539-802267,13,22,108000,3.0,10928.0
11-23-439-03540-802268,13,23,100000,0.29,10150.0
11-23-439-03540-802269,13,23,102000,0.73,11315.0
11-23-439-03540-802270,13,23,104000,8.08,9587.0
11-23-439-03541-802271,13,23,103000,21.89,8183.0
11-23-439-03542-802272,13,23,101000,1.74,10604.0
11-23-439-03543-802273,13,23,300101,165.17,1109056.0
11-23-439-03543-802274,13,23,105000,0.64,13162.0
11-23-439-03544-802275,13,23,106001,17.21,83796.0
11-23-439-03544-802276,13,23,107000,13.0,11465.0
11-23-439-03544-802277,13,23,108000,27.03,7200.0
11-23-440-03545-802278,13,24,100001,1.62,26145.0
11-23-440-03545-802279,13,24,103000,8.19,28451.0
11-23-440-03546-802280,13,24,101000,6.09,15345.0
11-23-440-03546-802281,13,24,102000,0.72,9600.0
11-23-440-03547-802282,13,24,104000,3.88,13689.0
11-23-440-03549-802283,13,24,109000,1.79,11812.0
11-23-440-03550-802284,13,24,110000,10.0,66786.0
11-23-441-03554-802285,13,24,106000,6.58,33678.0
11-23-441-03557-802286,13,24,105000,15.54,19424.0
11-23-441-03558-802287,13,24,107000,9.0,14396.0
11-23-441-03559-802289,13,24,112000,6.14,9602.0
11-23-441-03559-802290,13,24,113000,1.33,12354.0
11-23-441-03561-802291,13,24,111000,2.32,36432.0
11-23-442-03563-802292,13,26,100000,21.54,6297.0
11-23-442-03563-802293,13,26,101000,15.8,12304.0
11-23-442-03564-802294,13,26,102000,6.47,12675.0
11-23-442-03565-802296,13,26,104000,7.77,18729.0
11-23-442-03565-802297,13,26,106000,20.41,7672.0
11-23-442-03566-802298,13,26,103000,15.15,6032.0
11-23-442-03566-802299,13,26,105000,6.64,28412.0
11-23-442-03567-802300,13,26,111000,5.18,24322.0
11-23-442-03568-802301,13,26,107000,12.95,22157.0
11-23-442-03568-802302,13,26,109000,21.83,6655.0
11-23-442-03569-802303,13,26,108000,25.79,14205.0
11-23-442-03569-802304,13,26,110000,23.41,7378.0
11-23-443-03570-802305,13,27,100000,51.41,10753.0
11-23-443-03571-802306,13,27,101000,9.99,34094.0
11-23-443-03572-802307,13,27,102000,4.24,10535.0
11-23-443-03573-802308,13,27,103000,5.65,46781.0
11-23-443-03579-802310,13,27,104000,5.83,92922.0
11-23-444-03580-802311,13,28,100000,13.99,18031.0
11-23-444-03581-802312,13,28,300000,284.9,1062771.0
11-23-445-03582-802314,13,29,100001,16.53,71945.0
11-23-445-03584-802315,13,29,102001,16.88,27808.0
11-23-445-03585-802317,13,29,101000,1.47,5669.0
11-23-445-03586-802318,13,29,103000,0.31,10363.0
11-23-445-03587-802319,13,29,106000,42.66,14688.0
11-23-445-03588-802320,13,29,104000,45.48,13358.0
11-23-445-03589-802321,13,29,105000,9.28,7502.0
11-23-446-03590-802323,13,30,102000,19.08,24173.0
11-23-446-03591-802324,13,30,101000,3.8,6479.0
11-23-446-03592-802325,13,30,100000,18.46,23834.0
11-23-446-03593-802326,13,30,107000,14.77,7041.0
11-23-446-03593-802327,13,30,103000,11.52,20401.0
11-23-446-03593-802328,13,30,106000,29.86,15508.0
11-23-446-03594-802329,13,30,108000,0.4,18645.0
11-23-446-03595-802330,13,30,105000,37.45,11660.0
11-23-446-03597-802332,13,30,104000,13.77,10075.0
11-23-447-03598-802333,13,31,105000,4.46,14074.0
11-23-447-03600-802335,13,31,101001,17.1,63694.0
11-23-447-03600-802336,13,31,103000,1.19,9605.0
11-23-447-03602-802338,13,31,100001,22.35,84543.0
11-23-447-03604-802339,13,31,104001,3.22,19789.0
11-23-447-03605-802340,13,31,102000,3.13,28245.0
11-23-448-03606-802341,13,32,109000,29.45,14946.0
11-23-448-03608-802342,13,32,108000,5.83,48485.0
11-23-448-03610-802343,13,32,107000,8.08,14156.0
11-23-449-03612-802344,13,32,106000,4.61,21111.0
11-23-449-03613-487411,13,32,104000,10.11,10375.0
11-23-449-03613-487413,13,32,105000,2.59,5248.0
11-23-449-03613-802345,13,32,200101,14.15,77966.0
11-23-449-03614-802346,13,32,100000,24.27,70914.0
11-23-449-03615-487509,13,32,201000,2.8,6660.0
11-23-449-03616-802347,13,32,103000,8.19,10998.0
11-23-449-03617-802348,13,32,102000,2.9,18614.0
11-23-449-03618-487919,13,32,210001,49.21,2412.0
11-23-449-03618-802349,13,32,101000,5.2,34548.0
11-23-449-03618-802350,13,32,211000,9.8,10083.0
11-23-450-03620-802351,13,33,300000,107.1,163431.0
11-23-450-03622-802352,13,33,102000,18.1,8192.0
11-23-450-03624-802353,13,33,100001,12.17,19994.0
11-23-450-03624-802354,13,33,101000,3.72,5891.0
11-23-451-03627-802355,13,33,104000,19.71,30115.0
11-23-451-03628-802356,13,33,103000,6.29,10619.0
11-23-451-03629-802357,13,33,105000,12.37,15158.0
11-23-451-03629-802358,13,33,107000,13.03,11000.0
11-23-451-03630-802359,13,33,108000,6.65,9546.0
11-23-451-03631-490021,13,33,310301,28.43,26731.0
11-23-451-03631-490022,13,33,310400,7.0,17961.0
11-23-451-03631-490024,13,33,110000,1.43,13144.0
11-23-451-03631-802360,13,33,310200,28.49,56124.0
11-23-451-03631-802361,13,33,310101,154.21,764586.0
11-23-451-03631-802363,13,33,109000,9.89,8995.0
11-23-451-03632-490246,13,33,310500,2.56,10168.0
11-23-451-03632-490248,13,33,310600,3.76,13346.0
11-23-451-03632-802364,13,33,106000,10.26,21460.0
11-23-452-03634-802365,13,34,100000,6.68,19078.0
11-23-452-03635-491055,13,34,104000,8.39,7034.0
11-23-452-03635-802366,13,34,103000,7.77,29529.0
11-23-452-03636-802367,13,34,101001,14.71,42356.0
11-23-452-03637-802368,13,34,102000,21.7,18791.0
11-23-453-03639-802370,13,35,100000,29.45,9893.0
11-23-453-03640-802371,13,35,101000,11.56,13213.0
11-23-454-03643-802373,13,35,102001,17.04,47642.0
11-23-454-03643-802374,13,35,104000,8.88,8093.0
11-23-454-03646-802376,13,35,103000,18.98,20209.0
11-23-455-03648-802377,13,36,101000,11.93,9208.0
11-23-455-03649-802378,13,36,100000,28.85,7525.0
11-23-455-03650-802379,13,36,109000,0.31,9202.0
11-23-455-03651-494680,13,36,104000,0.19,4251.0
11-23-455-03651-494681,13,36,107000,5.16,7179.0
11-23-455-03651-802380,13,36,103000,11.42,21879.0
11-23-455-03651-802381,13,36,106000,4.12,15809.0
11-23-455-03652-494773,13,36,102000,5.44,8265.0
11-23-455-03652-494775,13,36,200001,5.01,9819.0
11-23-455-03652-494776,13,36,108000,2.33,7037.0
11-23-455-03652-802382,13,36,203000,4.99,12627.0
11-23-455-03652-802383,13,36,206000,7.5,33797.0
11-23-455-03652-802384,13,36,202000,6.36,16652.0
11-23-455-03652-802385,13,36,204000,3.6,11432.0
11-23-455-03654-495003,13,36,110001,12.21,96858.0
11-23-455-03656-802387,13,36,111000,15.92,18803.0
11-23-455-03656-802388,13,36,112000,0.78,8495.0
11-23-455-03656-802389,13,36,113000,0.33,7633.0
11-23-455-03658-802391,13,36,114000,26.0,34227.0
11-23-456-03659-495758,13,37,101000,5.53,10349.0
11-23-456-03659-802392,13,37,100000,18.79,11410.0
11-23-456-03664-802393,13,37,102000,8.47,64532.0
11-23-456-03665-802394,13,37,103000,9.24,8516.0
11-23-457-03667-802395,13,38,103000,11.5,13282.0
11-23-457-03668-497374,13,38,105000,8.81,8738.0
11-23-457-03669-802396,13,38,104000,6.1,20757.0
11-23-457-03672-802397,13,38,102001,19.98,67151.0
11-23-457-03674-802398,13,38,100000,29.15,13442.0
11-23-457-03675-498469,13,38,101000,4.37,6417.0
11-23-458-03677-802401,13,06,300000,45.75,100490.0
11-23-458-03679-802402,13,06,104000,10.87,17888.0
11-23-458-03681-802403,13,06,107000,1.2,9125.0
11-23-458-03682-802404,13,06,106000,20.01,14747.0
11-23-458-03683-802405,13,06,108001,11.88,15232.0
11-23-459-03684-802406,13,06,100000,52.49,12090.0
11-23-459-03685-802407,13,06,101001,4.5,19383.0
11-23-459-03686-802408,13,06,102000,5.44,42138.0
11-23-459-03688-802409,13,06,105001,12.62,18048.0
11-23-460-03689-802410,13,14,100000,36.42,8225.0
11-23-460-03689-802411,13,14,201000,0.99,5021.0
11-23-460-03689-802411,13,14,101000,40.92,15245.0
11-23-460-03690-802412,13,14,102000,22.41,6825.0
11-23-460-03691-501529,13,14,212000,27.7,25818.0
11-23-460-03691-802413,13,14,200001,19.92,55508.0
11-23-460-03691-802414,13,14,210001,14.08,16515.0
11-23-460-03691-802415,13,14,211000,24.86,39893.0
11-23-461-03693-802416,13,14,107000,36.65,17009.0
11-23-461-03693-802417,13,14,108000,12.09,21169.0
11-23-461-03694-501949,13,14,109000,8.44,8849.0
11-23-461-03694-501950,13,14,110000,9.12,9220.0
11-23-461-03694-501952,13,14,111000,7.14,14947.0
11-23-461-03694-802418,13,14,112000,15.06,26060.0
11-23-461-03694-802419,13,14,113000,12.85,12474.0
11-23-461-03695-802420,13,14,114000,46.88,15482.0
11-23-462-03699-802424,13,15,100000,10.1,28641.0
11-23-463-03705-802426,13,15,105000,11.97,10812.0
11-23-463-03705-802426,13,15,103000,3.45,6819.0
11-23-463-03705-802426,13,15,101000,11.45,15072.0
11-23-463-03705-802426,13,15,104000,15.99,10919.0
11-23-463-03705-802426,13,15,102000,14.04,16585.0
11-23-464-03706-802427,13,21,102000,0.39,10349.0
11-23-464-03707-504209,13,21,100000,0.58,6751.0
11-23-464-03707-802428,13,21,101001,5.18,10361.0
11-23-464-03709-802429,13,21,103000,6.34,22644.0
11-23-464-03710-802430,13,21,104000,12.16,10405.0
11-23-465-03711-802431,13,21,105001,22.8,7574.0
11-23-465-03712-802432,13,21,106000,1.33,8096.0
11-23-465-03713-802433,13,21,107000,13.32,21900.0
11-23-466-03716-802435,13,25,300000,35.77,145133.0
11-23-466-03717-802437,13,25,101000,17.53,8859.0
11-23-466-03718-802438,13,25,102000,23.4,9429.0
11-23-467-03719-802439,13,25,310000,12.67,172710.0
11-23-467-03719-802440,13,25,104000,38.82,15276.0
11-23-467-03721-802441,13,25,103000,7.56,29079.0
11-24-468-03723-802442,07,07,103000,51.83,16466.0
11-24-468-03724-802443,07,07,104000,92.44,18408.0
11-24-468-03725-802444,07,07,105000,17.81,51209.0
11-24-468-03726-802445,07,07,310101,68.22,104303.0
11-24-468-03726-802445,07,07,310200,35.81,16706.0
11-24-468-03728-507105,07,07,102000,73.96,8105.0
11-24-468-03729-802446,07,17,104000,7.56,14293.0
11-24-468-03729-802446,07,07,101000,14.89,36636.0
11-24-468-03730-507349,07,07,100000,20.75,11652.0
11-24-468-03731-507358,07,07,106000,2.97,19787.0
11-24-468-03731-802447,07,07,300000,29.58,104585.0
11-24-469-03733-802448,07,08,104000,22.24,18061.0
11-24-469-03737-508001,07,08,105000,17.41,10673.0
11-24-469-03738-508111,07,08,101000,6.77,5716.0
11-24-469-03739-508229,07,08,100000,7.88,9029.0
11-24-469-03739-802450,07,08,106001,39.5,90269.0
11-24-469-03740-802451,07,08,102000,8.43,62435.0
11-24-470-03745-802454,07,08,103000,36.95,24101.0
11-24-470-03746-802455,07,10,107001,22.08,51794.0
11-24-470-03747-802456,07,10,109001,80.997665,97025.0
11-24-470-03748-802457,07,10,102000,30.09,16636.0
11-24-470-03750-802458,07,10,100000,20.52,16216.0
11-24-471-03752-802459,07,10,104000,37.0,18267.0
11-24-471-03753-802460,07,10,103000,35.15,51003.0
11-24-471-03754-802461,07,10,110001,28.370272,59647.0
11-24-471-03755-802462,07,10,105000,44.27,25167.0
11-24-471-03756-802463,07,10,111001,29.22696,25765.0
11-24-471-03757-802464,07,10,300101,125.4968,109950.0
11-24-471-03758-509611,07,10,101000,8.77,8177.0
11-24-471-03759-802465,07,10,108001,64.05628,50733.0
11-24-472-03760-802466,07,09,103000,27.32,17231.0
11-24-472-03763-802468,07,09,107001,101.97996,24910.0
11-24-472-03765-510446,07,09,104000,5.66,8287.0
11-24-472-03766-802469,07,09,100000,8.82,51461.0
11-24-472-03767-802470,07,09,101000,20.43,20722.0
11-24-472-03768-802471,07,09,102000,22.4,15197.0
11-24-472-03769-802472,07,09,105000,13.47,42035.0
11-24-472-03771-510996,07,09,106000,7.94,5325.0
11-24-473-03773-802475,07,10,200001,17.23,82137.0
11-24-473-03773-802475,07,10,201000,13.76,10413.0
11-24-473-03774-802477,07,10,106000,26.9,23571.0
11-24-473-03775-802479,07,11,300000,56.75,123359.0
11-24-473-03776-802480,07,12,110000,26.99,31378.0
11-24-474-03777-511429,07,12,109000,60.34,10217.0
11-24-474-03779-802481,07,12,108000,8.78,50698.0
11-24-474-03780-802482,07,12,111000,40.42,25674.0
11-24-474-03781-802483,07,12,300200,5.59,11967.0
11-24-474-03781-802484,07,12,300101,1940.7109,2954526.0
11-24-474-03782-511686,07,12,103000,3.75,8183.0
11-24-474-03782-511687,07,12,100000,9.07,6878.0
11-24-474-03783-802486,07,12,112001,20.85,54352.0
11-24-474-03784-802487,07,12,104000,23.12,25391.0
11-24-474-03785-511845,07,12,106000,23.53,11786.0
11-24-474-03786-802488,07,12,107000,32.04,13493.0
11-24-474-03787-802489,07,12,105000,62.66,27781.0
11-24-475-03788-802490,07,03,104000,74.14,19576.0
11-24-475-03789-802491,07,03,105000,10.36,57961.0
11-24-475-03790-512108,07,03,106000,51.31,14098.0
11-24-475-03790-512159,07,03,107000,11.57,10034.0
11-24-475-03791-512189,07,03,108000,57.41,11127.0
11-24-475-03792-802493,07,03,300101,38.59,116371.0
11-24-475-03792-802494,07,03,300201,20.01,50095.0
11-24-475-03794-802495,07,03,103000,50.39,24770.0
11-24-475-03794-802496,07,03,102000,28.16,11635.0
11-24-475-03795-512426,07,03,101000,65.23,11772.0
11-24-475-03797-802497,07,03,100000,5.18,35284.0
11-24-476-03799-802499,07,02,310101,,120117.0
11-24-476-03800-512731,07,02,103000,34.38,7790.0
11-24-476-03801-802500,07,02,104000,4.53,36603.0
11-24-476-03802-512921,07,02,102000,16.12,7922.0
11-24-476-03803-802501,07,02,300200,15.6,42032.0
11-24-476-03803-802501,07,02,300101,,612458.0
11-24-476-03806-513104,07,02,106000,18.54,9459.0
11-24-476-03806-802503,07,02,105000,44.28,28088.0
11-24-476-03807-802504,07,02,107001,74.48,81611.0
11-24-476-03809-802506,07,02,101000,50.57,51801.0
11-24-476-03810-802507,07,02,108001,79.46,79479.0
11-24-476-03811-513446,07,02,100000,21.91,11309.0
11-24-476-03811-802508,07,02,109001,36.0,95297.0
11-24-477-03812-513486,07,01,106000,22.29,16326.0
11-24-477-03812-802509,07,01,107000,4.39,13778.0
11-24-477-03812-802510,07,01,105000,42.07,27824.0
11-24-477-03813-802511,07,01,111000,9.56,19363.0
11-24-477-03813-802512,07,01,110000,3.51,31794.0
11-24-477-03814-513671,07,01,108000,11.5,4891.0
11-24-477-03814-513672,07,01,101000,1.23,8195.0
11-24-477-03814-802513,07,01,100000,8.36,13594.0
11-24-477-03814-802516,07,01,300101,55.25,350544.0
11-24-477-03815-513704,07,01,112000,77.59,12087.0
11-24-477-03816-802517,07,01,113000,39.02,17058.0
11-24-477-03817-802518,07,01,114000,35.89,21026.0
11-24-477-03818-513913,07,01,102000,32.17,11542.0
11-24-477-03820-802520,07,01,104000,35.26,16715.0
11-24-477-03821-802521,07,01,103000,69.48,20615.0
11-24-478-03822-802522,07,06,320101,72.7982,134139.0
11-24-478-03822-802523,07,06,320200,17.76,26028.0
11-24-478-03823-802524,07,06,106000,43.81,19607.0
11-24-478-03824-802525,07,06,108000,36.21,17434.0
11-24-479-03825-802526,07,06,110000,30.39,15395.0
11-24-479-03825-802527,07,06,109000,27.66,23397.0
11-24-479-03826-514420,07,06,112000,18.45,9851.0
11-24-479-03826-802528,07,06,111000,35.64,16339.0
11-24-479-03827-514505,07,06,100000,13.21,11041.0
11-24-479-03827-514522,07,06,101000,4.99,4674.0
11-24-479-03827-802529,07,06,300101,377.42322,151207.0
11-24-479-03829-802530,07,06,113000,26.12,16884.0
11-24-479-03830-514687,07,06,102000,19.24,13142.0
11-24-479-03831-802531,07,06,105000,41.87,50172.0
11-24-479-03832-802532,07,06,116001,77.09,45084.0
11-24-479-03833-514850,07,06,104000,29.04,11042.0
11-24-479-03834-802534,07,06,103000,9.8,14376.0
11-24-479-03835-802535,07,06,310201,135.02206,96915.0
11-24-479-03835-802535,07,06,310101,32.41003,23263.0
11-24-479-03837-802537,07,05,105000,16.58,26643.0
11-24-479-03838-515359,07,06,115000,15.62,9120.0
11-24-479-03838-802538,07,06,114000,37.41,38729.0
11-24-480-03840-802539,07,05,108000,59.62,14541.0
11-24-480-03841-802540,07,05,109000,36.15,16558.0
11-24-480-03841-802541,07,05,110000,21.85,13946.0
11-24-480-03843-802542,07,05,111001,64.99,69366.0
11-24-480-03844-802543,07,05,107000,43.75,28389.0
11-24-480-03845-515697,07,05,100000,1.53,22467.0
11-24-480-03845-802544,07,05,101000,22.34,16193.0
11-24-480-03846-802545,07,04,115001,8.0,65785.0
11-24-480-03848-802546,07,05,104000,28.77,17553.0
11-24-480-03849-802547,07,05,102000,2.32,26571.0
11-24-481-03850-516016,07,04,112000,32.77,8316.0
11-24-481-03850-802548,07,04,111000,10.36,64603.0
11-24-481-03851-802549,07,04,113000,40.91,14280.0
11-24-481-03852-802550,07,04,110000,64.5,21955.0
11-24-481-03853-516225,07,04,108000,15.53,9091.0
11-24-481-03853-516226,07,04,109000,5.61,7510.0
11-24-481-03854-516284,07,04,100000,20.46,8187.0
11-24-481-03854-802551,07,04,300101,173.8189,405225.0
11-24-481-03855-516334,07,04,101000,11.94,9420.0
11-24-481-03856-516414,07,04,107000,8.43,5670.0
11-24-481-03856-802552,07,04,106000,32.38,34008.0
11-24-481-03857-802553,07,04,104000,27.65,19723.0
11-24-481-03858-802554,07,04,105000,12.95,41870.0
11-24-481-03859-802555,07,04,102000,14.38,17965.0
11-24-481-03860-516804,07,04,103000,6.56,7088.0
11-24-481-03860-802557,07,04,114001,7.07,64144.0
11-24-482-03862-802558,07,13,105000,14.34,14850.0
11-24-482-03863-802559,07,13,103000,20.2,30082.0
11-24-482-03864-802562,07,13,310101,137.03725,131104.0
11-24-482-03864-802563,07,13,310200,2.3,21560.0
11-24-482-03864-802564,07,13,310400,16.97,21132.0
11-24-482-03864-802565,07,13,310300,1.21,684.0
11-24-482-03865-802566,07,13,104000,2.28,48552.0
11-24-482-03866-517060,07,13,107000,12.79,8784.0
11-24-482-03866-802567,07,13,115001,80.77,89834.0
11-24-482-03867-802568,07,13,106000,24.89,46821.0
11-24-483-03869-802571,07,13,108000,19.21,41016.0
11-24-483-03870-517318,07,13,111000,12.62,6788.0
11-24-483-03871-802572,07,13,110000,21.64,29596.0
11-24-483-03872-802573,07,13,109000,16.68,14152.0
11-24-483-03873-802574,07,13,100000,13.15,26103.0
11-24-483-03874-802575,07,13,101000,21.62,21792.0
11-24-483-03876-517621,07,13,102000,11.55,12199.0
11-24-483-03876-802576,07,13,300101,94.94345,170217.0
11-24-483-03878-517720,07,13,113000,14.47,14902.0
11-24-483-03878-802580,07,13,112000,14.41,14039.0
11-24-483-03878-802581,07,13,114001,33.0901,20418.0
11-24-484-03881-802582,07,14,102000,17.15,13921.0
11-24-484-03882-802583,07,14,101000,12.77,27962.0
11-24-484-03885-802585,07,14,300101,20.16,100662.0
11-24-484-03886-802586,07,14,104001,7.45,21275.0
11-24-484-03888-518889,07,14,100000,19.61,5133.0
11-24-484-03888-802588,07,14,105001,80.597466,30347.0
11-24-485-03893-519476,07,14,201000,2.74,18367.0
11-24-485-03893-802590,07,14,200001,48.51069,78265.0
11-24-485-03895-802591,07,14,103000,10.25,17608.0
11-24-486-03898-519906,07,15,101000,2.06,2394.0
11-24-486-03898-519907,07,15,102000,6.92,9007.0
11-24-486-03898-519908,07,15,300700,0.96,8055.0
11-24-486-03898-519909,07,15,300400,1.91,10920.0
11-24-486-03898-519910,07,15,300200,6.95,8412.0
11-24-486-03898-519912,07,15,300600,6.1,13986.0
11-24-486-03898-802594,07,15,300300,4.05,9217.0
11-24-486-03898-802595,07,15,100000,3.21,4314.0
11-24-486-03898-802596,07,15,300500,8.74,14636.0
11-24-486-03898-802596,07,15,300101,2605.5444,1061598.0
11-24-486-03899-802598,07,15,104000,15.06,11182.0
11-24-486-03900-520236,07,15,108000,4.41,6466.0
11-24-486-03901-802599,07,15,109000,4.01,19006.0
11-24-486-03902-520513,07,15,110000,2.04,6598.0
11-24-486-03904-520811,07,15,106000,1.63,9246.0
11-24-486-03904-520812,07,15,107000,14.47,6236.0
11-24-486-03904-520919,07,15,113001,3.05,15269.0
11-24-486-03905-802600,07,15,105000,23.82,50641.0
11-24-486-03906-802601,07,15,112001,7.03,33823.0
11-24-486-03907-802602,07,15,103000,15.71,18432.0
11-24-486-03908-521250,07,15,111000,16.2,8626.0
11-24-487-03910-521555,07,16,106000,6.28,11097.0
11-24-487-03910-802603,07,16,105000,4.45,33113.0
11-24-488-03913-802604,07,16,103000,38.7,31561.0
11-24-488-03914-802605,07,16,104000,18.5,14348.0
11-24-488-03916-522158,07,16,100000,4.11,8962.0
11-24-488-03916-802606,07,16,101000,1.33,3029.0
11-24-488-03916-802607,07,16,300101,17.38,139029.0
11-24-488-03918-802608,07,16,200001,25.45639,71888.0
11-24-488-03918-802609,07,16,201000,8.25,6212.0
11-24-488-03919-522394,07,16,102000,16.23,9589.0
11-24-489-03921-522842,07,19,101000,2.3,4947.0
11-24-489-03921-522843,07,19,100000,4.04,10964.0
11-24-490-03922-802614,07,18,300400,0.34,4438.0
11-24-490-03922-802614,07,18,300101,26.560001,144249.0
11-24-490-03923-522985,07,18,111000,3.44,8129.0
11-24-490-03923-802615,07,18,300300,3.68,29303.0
11-24-490-03924-523016,07,18,110000,3.17,6743.0
11-24-490-03924-523041,07,18,109000,3.03,7626.0
11-24-490-03924-802616,07,18,108000,4.38,14569.0
11-24-490-03924-802617,07,18,115001,19.34,51039.0
11-24-490-03925-523131,07,18,114001,1.09,18069.0
11-24-490-03926-523226,07,18,112000,5.88,9725.0
11-24-491-03927-523315,07,18,310500,2.85,5534.0
11-24-491-03927-523317,07,18,102000,6.22,8841.0
11-24-491-03927-523318,07,18,101000,4.49,5941.0
11-24-491-03927-802618,07,18,310101,92.50921,70314.0
11-24-491-03927-802619,07,18,100000,0.5,509.0
11-24-491-03928-802620,07,18,113000,15.51,16588.0
11-24-491-03929-802621,07,18,103000,13.1,19863.0
11-24-491-03929-802622,07,18,104000,7.67,31533.0
11-24-491-03929-802623,07,18,105000,9.45,14478.0
11-24-491-03931-802625,07,18,106000,10.93,13508.0
11-24-491-03931-802626,07,18,107000,2.69,1973.0
11-24-492-03932-523737,07,17,101000,15.01,10780.0
11-24-492-03932-523789,07,17,102000,7.02,8361.0
11-24-492-03933-523880,07,17,111001,34.3,25434.0
11-24-492-03936-524104,07,17,103000,11.07,11720.0
11-24-492-03937-802629,07,17,300101,,1505872.0
11-24-492-03939-524262,07,17,110000,3.36,6664.0
11-24-492-03940-524271,07,17,109000,2.71,10495.0
11-24-492-03940-802634,07,17,108000,6.47,38377.0
11-24-492-03941-524358,07,17,300200,42.0,13078.0
11-24-493-03944-524716,07,17,106000,9.37,17457.0
11-24-493-03944-802635,07,17,105000,5.69,16009.0
11-24-493-03945-802636,07,17,107000,7.92,30908.0
11-25-494-03947-802637,30,02,100000,17.76,20638.0
11-25-495-03948-802638,30,01,100000,5.6,26905.0
11-26-496-03949-802639,29,01,100000,0.78,11725.0
11-27-497-03950-525193,14,07,103000,4.68,7711.0
11-27-497-03952-802640,14,07,102000,2.16,21700.0
11-27-497-03953-802641,14,07,104000,2.04,31890.0
11-27-497-03954-802642,14,07,101000,31.41,78378.0
11-27-497-03955-802643,14,07,100000,14.5,23958.0
11-27-498-03956-802644,14,07,105000,2.95,44246.0
11-27-498-03957-802645,14,07,106000,2.36,33641.0
11-27-498-03959-802646,14,07,300000,46.46,278317.0
11-27-499-03960-802647,14,08,100000,6.48,49234.0
11-27-499-03961-802648,14,08,101000,3.13,28741.0
11-27-499-03961-802649,14,08,102000,4.25,21322.0
11-27-499-03962-802650,14,08,104000,2.07,17674.0
11-27-499-03962-802651,14,08,103000,2.23,23920.0
11-27-499-03965-527119,14,08,107000,3.42,4531.0
11-27-499-03965-527148,14,08,106000,3.77,8714.0
11-27-499-03965-527149,14,08,300200,11.42,14656.0
11-27-499-03965-527150,14,08,105000,23.3,33644.0
11-27-499-03965-802652,14,08,300100,13.38,145143.0
11-27-499-03966-802653,14,08,310000,62.29,242193.0
11-27-499-03967-802654,14,08,112000,3.28,27730.0
11-27-499-03968-802655,14,08,111000,5.88,32972.0
11-27-499-03969-802656,14,08,113000,9.71,76442.0
11-27-499-03970-802657,14,08,110000,4.22,29191.0
11-27-499-03972-802659,14,08,109000,18.59,77420.0
11-27-499-03973-802660,14,08,108000,5.04,41142.0
11-27-500-03975-802662,14,22,103000,3.35,22344.0
11-27-500-03977-802663,14,22,104000,6.05,42492.0
11-27-500-03978-802664,14,22,102000,3.44,31835.0
11-27-500-03979-802665,14,22,101000,5.12,51311.0
11-27-500-03981-802666,14,22,105000,13.36,73692.0
11-27-500-03982-802667,14,22,107000,5.52,29546.0
11-27-500-03983-802668,14,22,106000,7.9,37862.0
11-27-500-03984-802669,14,22,100000,10.89,52767.0
11-27-500-03985-802670,14,22,110000,7.0,18893.0
11-27-500-03986-802671,14,22,109000,2.23,11591.0
11-27-500-03987-802672,14,22,108000,0.66,16002.0
11-27-501-03988-802673,14,23,108000,1.1,13848.0
11-27-501-03989-802674,14,23,100000,14.34,65681.0
11-27-501-03990-802675,14,23,107000,4.24,32276.0
11-27-501-03991-802676,14,23,300000,23.44,328034.0
11-27-501-03992-802677,14,23,101000,5.5,34014.0
11-27-501-03993-802678,14,23,106000,1.26,17398.0
11-27-502-03996-802679,14,23,103000,4.33,23736.0
11-27-502-03997-802680,14,23,102000,7.51,48866.0
11-27-502-03999-802681,14,23,104000,47.8,49140.0
11-27-502-04000-802682,14,23,105000,41.36,21338.0
11-27-503-04002-802683,14,24,107000,3.94,3081.0
11-27-503-04003-802684,14,24,106000,2.86,41674.0
11-27-503-04004-802685,14,24,108000,16.54,96229.0
11-27-503-04005-802686,14,24,109000,1.98,14730.0
11-27-503-04006-802687,14,24,100000,5.93,28571.0
11-27-503-04007-802688,14,24,101000,1.29,26863.0
11-27-503-04007-802689,14,24,102000,1.92,19278.0
11-27-503-04009-802690,14,24,300000,121.65,421576.0
11-27-503-04011-802691,14,24,105000,3.5,30596.0
11-27-503-04013-802692,14,24,104000,2.56,14203.0
11-27-503-04014-802693,14,24,103000,3.11,20328.0
11-27-504-04017-802694,14,26,104000,6.78,36928.0
11-27-504-04018-802695,14,26,100000,7.05,11476.0
11-27-504-04019-802696,14,26,300000,7.77,102985.0
11-27-504-04020-802697,14,26,102000,2.67,39679.0
11-27-504-04020-802698,14,26,103000,1.41,13734.0
11-27-504-04021-802699,14,26,101000,12.77,78715.0
11-27-505-04023-802700,14,27,112000,1.67,7854.0
11-27-505-04023-802701,14,27,111000,3.96,19423.0
11-27-505-04024-802702,14,27,110000,10.36,27332.0
11-27-505-04025-802703,14,27,113000,14.67,12451.0
11-27-505-04025-802704,14,27,114000,1.52,6793.0
11-27-505-04026-535333,14,27,103000,5.12,11230.0
11-27-505-04026-535334,14,27,104000,5.12,9682.0
11-27-505-04026-535336,14,27,102000,3.3,17268.0
11-27-505-04026-802705,14,27,100000,3.8,19768.0
11-27-505-04026-802706,14,27,101000,3.09,14278.0
11-27-505-04027-535451,14,27,310400,12.07,17612.0
11-27-505-04027-535452,14,27,310300,5.02,18693.0
11-27-505-04027-535453,14,27,115000,7.38,4763.0
11-27-505-04028-802707,14,27,105000,3.53,20072.0
11-27-505-04030-535809,14,27,107000,3.48,17145.0
11-27-505-04030-535810,14,27,108000,9.15,2462.0
11-27-505-04030-802708,14,27,310100,4.27,78612.0
11-27-505-04030-802709,14,27,310200,15.1,12234.0
11-27-505-04031-535970,14,27,300300,7.26,21878.0
11-27-505-04032-802710,14,27,300100,217.17,1624752.0
11-27-505-04033-536124,14,27,300200,4.38,17376.0
11-27-505-04034-802711,14,27,109000,12.54,43578.0
11-27-506-04037-536693,14,28,104000,5.51,3322.0
11-27-506-04037-536793,14,28,103000,6.73,4168.0
11-27-506-04037-802712,14,28,102000,7.37,38519.0
11-27-506-04038-536901,14,28,101000,4.36,7911.0
11-27-506-04039-802713,14,28,100000,16.84,71813.0
11-27-506-04042-802714,14,28,106000,8.53,20182.0
11-27-507-04044-802715,14,28,105000,15.63,20509.0
11-27-507-04046-802716,14,28,300000,18.11,109470.0
11-27-508-04052-802717,14,30,101000,26.68,19794.0
11-27-508-04057-802718,14,30,100000,29.28,29565.0
11-27-508-04062-539850,14,30,102000,3.49,8224.0
11-27-508-04062-539998,14,30,103000,9.54,10982.0
11-27-509-04064-802719,14,29,104000,7.92,43721.0
11-27-509-04067-802720,14,29,108000,21.91,26631.0
11-27-509-04070-541242,14,29,103000,2.0,13242.0
11-27-509-04070-802721,14,29,102000,3.39,19184.0
11-27-509-04071-541339,14,29,100000,12.94,25002.0
11-27-509-04071-541340,14,29,101000,3.51,7127.0
11-27-509-04071-802722,14,29,300000,56.28,226105.0
11-27-509-04072-802723,14,29,105000,23.15,18008.0
11-27-509-04074-541550,14,29,200200,3.83,8925.0
11-27-509-04074-802724,14,29,200100,16.51,83511.0
11-27-509-04077-541855,14,29,107000,7.89,6398.0
11-27-509-04077-802725,14,29,106000,2.93,18969.0
11-27-510-04082-542504,14,25,300200,3.3,13238.0
11-27-510-04082-802727,14,25,300100,10.17,108578.0
11-27-510-04083-802728,14,25,107000,2.16,23902.0
11-27-510-04084-802729,14,25,106000,11.35,33052.0
11-27-510-04085-802730,14,25,105000,7.62,55931.0
11-27-510-04086-802731,14,25,104000,1.75,30750.0
11-27-510-04089-802732,14,25,103000,10.88,15785.0
11-27-510-04090-802733,14,25,102000,3.99,22813.0
11-27-510-04094-544100,14,25,101000,6.58,10890.0
11-27-510-04094-802734,14,25,100000,9.01,41992.0
11-27-511-04096-802735,14,19,102000,13.74,21917.0
11-27-511-04098-802736,14,19,101000,2.59,16473.0
11-27-511-04100-802737,14,19,300100,20.62,275083.0
11-27-511-04101-802738,14,19,100000,18.22,13956.0
11-27-511-04103-544924,14,19,300200,23.31,34233.0
11-27-511-04103-802740,14,19,103000,3.47,8335.0
11-27-511-04104-802741,14,19,104000,12.75,24041.0
11-27-511-04105-802742,14,19,105000,1.26,13148.0
11-27-511-04105-802743,14,19,106000,19.61,10392.0
11-27-511-04107-802744,14,19,110000,26.96,15065.0
11-27-511-04108-802745,14,19,109000,10.5,16639.0
11-27-511-04109-802746,14,19,108000,33.1,19646.0
11-27-511-04110-802747,14,19,107000,7.41,37212.0
11-27-512-04112-802748,14,17,102000,16.9,54457.0
11-27-512-04114-802749,14,17,103000,6.48,15764.0
11-27-512-04115-802750,14,17,104000,11.94,42338.0
11-27-513-04116-802751,14,17,107000,4.6,32388.0
11-27-513-04117-802752,14,17,101000,25.82,28275.0
11-27-513-04118-802753,14,17,300000,57.6,190255.0
11-27-513-04119-802754,14,17,108000,8.44,25468.0
11-27-513-04120-802755,14,17,109000,1.54,20466.0
11-27-513-04121-802756,14,17,106000,2.82,10701.0
11-27-513-04122-802757,14,17,105000,45.51,27651.0
11-27-513-04124-802758,14,17,100000,1.91,28836.0
11-27-514-04125-802759,14,16,100000,1.82,13918.0
11-27-514-04127-802760,14,16,300000,81.64,174985.0
11-27-514-04129-802761,14,16,102000,11.96,18007.0
11-27-514-04131-802762,14,16,101000,6.49,23818.0
11-27-515-04133-802763,14,15,101000,1.73,19879.0
11-27-515-04135-802764,14,15,105000,34.92,28888.0
11-27-515-04137-802765,14,15,300100,138.5,573272.0
11-27-515-04137-802766,14,15,300200,9.62,19437.0
11-27-515-04138-802767,14,15,100000,5.12,9192.0
11-27-515-04139-802768,14,15,104000,10.52,29604.0
11-27-515-04140-802769,14,15,103000,22.27,17153.0
11-27-515-04141-802770,14,15,102000,5.08,27718.0
11-27-516-04145-802771,14,06,101000,15.95,27666.0
11-27-516-04146-550218,14,06,102000,13.64,12553.0
11-27-516-04146-802772,14,06,310000,12.95,342595.0
11-27-516-04147-802773,14,06,105000,3.89,20434.0
11-27-516-04147-802774,14,06,104000,28.7,61312.0
11-27-516-04148-550516,14,06,103000,36.93,14958.0
11-27-516-04151-802775,14,06,100000,1.89,7883.0
11-27-516-04152-551021,14,06,300400,9.15,12007.0
11-27-516-04152-802776,14,06,300100,259.1,656925.0
11-27-516-04152-802777,14,06,300200,53.03,44331.0
11-27-516-04152-802778,14,06,300300,0.66,12078.0
11-27-516-04153-551139,14,06,111000,7.84,15717.0
11-27-516-04153-802779,14,06,110000,10.36,22868.0
11-27-516-04154-802780,14,06,109000,3.73,25864.0
11-27-516-04155-551404,14,06,107000,41.37,47538.0
11-27-516-04155-551405,14,06,108000,6.28,9806.0
11-27-516-04156-802781,14,06,106000,12.79,34550.0
11-27-517-04158-802782,14,02,106000,20.74,33599.0
11-27-517-04160-802783,14,02,107000,3.52,9325.0
11-27-517-04162-552182,14,02,108000,10.83,11418.0
11-27-517-04163-552327,14,02,200200,4.38,10032.0
11-27-517-04163-552327,14,02,200400,1.22,25080.0
11-27-517-04163-552393,14,02,104000,10.41,4462.0
11-27-517-04163-552396,14,02,105000,2.83,11021.0
11-27-517-04163-802784,14,02,103000,5.23,14700.0
11-27-517-04164-802785,14,02,101000,8.1,67732.0
11-27-517-04164-802785,14,02,100000,19.52,57600.0
11-27-517-04164-802785,14,02,102000,5.88,6696.0
11-27-517-04164-802785,14,02,200100,6.71,39781.0
11-27-517-04164-802785,14,02,200300,4.88,8841.0
11-27-517-04165-802786,14,02,510400,79.4,175605.0
11-27-517-04165-802787,14,02,510100,143.76,803389.0
11-27-517-04165-802788,14,02,510500,104.13,307724.0
11-27-517-04166-552677,14,02,300200,1.8,13144.0
11-27-517-04166-552687,14,02,109000,5.55,9197.0
11-27-517-04166-802789,14,02,300100,26.41,379070.0
11-27-517-04167-552914,14,02,110000,6.41,9207.0
11-27-517-04168-802790,14,02,510200,225.26,1014557.0
11-27-517-04169-802791,14,02,510300,22.0,369077.0
11-27-517-04171-553290,14,02,111000,8.28,11950.0
11-27-518-99999-802794,14,01,500100,603.0,9925891.0
11-27-520-04172-553350,14,03,103000,3.13,6403.0
11-27-520-04172-802795,14,03,102000,2.29,17775.0
11-27-520-04173-553512,14,03,105000,5.23,7462.0
11-27-520-04173-553514,14,03,118000,41.86,42732.0
11-27-520-04173-802796,14,03,104000,12.15,58986.0
11-27-520-04174-553695,14,03,107000,12.86,11578.0
11-27-520-04174-802797,14,03,106000,7.24,4708.0
11-27-520-04174-802798,14,03,108000,0.96,7670.0
11-27-520-04175-802799,14,03,109000,30.23,45039.0
11-27-520-04176-802800,14,03,110000,9.82,21588.0
11-27-520-04177-554160,14,03,101000,9.29,7952.0
11-27-520-04177-802801,14,03,100000,1.81,16289.0
11-27-520-04178-802802,14,03,117000,3.51,12111.0
11-27-520-04179-802803,14,03,112000,1.71,14827.0
11-27-520-04180-554547,14,03,111000,4.0,6178.0
11-27-520-04181-554734,14,03,113000,2.92,6588.0
11-27-520-04183-802804,14,03,116000,4.05,14774.0
11-27-520-04184-554960,14,03,115000,5.89,7318.0
11-27-520-04185-802805,14,03,114000,4.07,18662.0
11-27-521-04187-802806,14,10,101000,2.65,21416.0
11-27-521-04189-802807,14,10,102000,6.25,18410.0
11-27-521-04190-802808,14,10,100000,2.73,10249.0
11-27-521-04191-555872,14,10,301300,7.97,10359.0
11-27-521-04191-556000,14,10,301700,8.12,8756.0
11-27-521-04191-556053,14,10,115000,10.7,8930.0
11-27-521-04191-556054,14,10,114000,4.49,6001.0
11-27-521-04191-802809,14,10,113000,10.0,31120.0
11-27-521-04191-802810,14,10,112000,38.84,47987.0
11-27-521-04193-556326,14,10,300900,5.66,4639.0
11-27-521-04193-802811,14,10,300500,87.05,517083.0
11-27-521-04193-802812,14,10,300400,36.0,40555.0
11-27-521-04194-802813,14,10,300200,13.88,82139.0
11-27-521-04194-802814,14,10,300100,146.11,1566651.0
11-27-521-04194-802815,14,10,300300,13.23,78323.0
11-27-521-04195-802816,14,10,103000,1.22,33353.0
11-27-521-04196-556541,14,10,110000,4.49,9172.0
11-27-521-04196-802817,14,10,108000,22.56,19536.0
11-27-521-04196-802818,14,10,109000,6.68,7758.0
11-27-521-04198-802819,14,10,111000,3.31,15065.0
11-27-521-04199-802820,14,10,107000,4.35,44515.0
11-27-521-04200-556988,14,10,106000,13.53,6683.0
11-27-521-04200-557043,14,10,301100,5.26,11344.0
11-27-521-04200-557056,14,10,105000,20.86,20833.0
11-27-521-04200-802821,14,10,104000,0.6,12014.0
11-27-522-04202-802822,14,09,104000,16.32,49061.0
11-27-522-04203-557542,14,09,108000,21.05,7663.0
11-27-522-04203-802823,14,09,105000,10.53,47629.0
11-27-522-04204-802824,14,09,106000,13.15,15129.0
11-27-522-04204-802825,14,09,107000,37.51,17953.0
11-27-522-04205-802826,14,09,200100,9.02,71368.0
11-27-522-04208-802827,14,09,102000,33.62,19532.0
11-27-522-04209-802828,14,09,300100,18.29,181339.0
11-27-522-04209-802829,14,09,300200,11.89,40749.0
11-27-522-04210-802830,14,09,100000,42.41,28408.0
11-27-522-04210-802831,14,09,101000,43.71,25320.0
11-27-522-04212-802832,14,09,103000,83.65,21646.0
11-27-523-04215-558895,14,18,105000,51.88,9989.0
11-27-523-04218-802833,14,18,100000,4.3,23665.0
11-27-523-04219-802834,14,18,101000,4.73,34665.0
11-27-523-04221-802835,14,18,300000,8.29,112434.0
11-27-523-04223-802837,14,18,104000,4.94,16386.0
11-27-523-04224-802838,14,18,102000,7.81,72670.0
11-27-523-04225-802839,14,18,103000,10.18,57159.0
11-27-524-04226-802840,14,21,300000,21.0,197408.0
11-27-524-04228-802841,14,21,100000,18.15,25878.0
11-27-524-04232-802842,14,21,103000,5.61,23246.0
11-27-524-04233-802843,14,21,102000,16.86,24883.0
11-27-524-04235-802844,14,21,101000,5.8,70453.0
11-27-525-04236-802845,14,20,106000,4.52,14267.0
11-27-525-04237-802846,14,20,107000,4.6,14845.0
11-27-525-04239-802847,14,20,101000,3.2,19862.0
11-27-525-04240-802848,14,20,100000,12.06,68019.0
11-27-525-04241-802849,14,20,104000,4.16,23012.0
11-27-525-04241-802850,14,20,105000,11.65,12880.0
11-27-525-04243-802851,14,20,102000,3.57,15865.0
11-27-525-04243-802852,14,20,103000,3.24,25130.0
11-27-526-04244-802853,14,13,107000,4.74,19522.0
11-27-526-04245-802854,14,13,108000,6.48,21593.0
11-27-526-04246-802855,14,13,100000,36.27,88810.0
11-27-526-04247-802856,14,13,300101,178.57,620846.0
11-27-526-04249-802857,14,13,105000,11.97,79902.0
11-27-526-04251-802858,14,13,106000,68.82,20856.0
11-27-526-04252-802859,14,13,104000,1.48,19658.0
11-27-526-04254-802860,14,13,101000,4.42,35237.0
11-27-526-04254-802861,14,13,102000,1.94,12483.0
11-27-526-04254-802862,14,13,103000,1.56,10576.0
11-27-527-04255-802863,14,11,109000,20.05,10564.0
11-27-527-04255-802864,14,11,110000,6.86,10569.0
11-27-527-04256-802865,14,11,101000,4.09,26289.0
11-27-527-04258-802866,14,11,105000,7.16,44367.0
11-27-527-04259-802867,14,11,106000,83.44,18033.0
11-27-527-04261-563650,14,11,104000,19.67,9522.0
11-27-527-04261-563744,14,11,103000,23.37,19733.0
11-27-527-04261-802868,14,11,102000,29.5,14585.0
11-27-527-04262-802869,14,11,100000,7.69,95180.0
11-27-527-04264-564465,14,11,108000,5.77,10179.0
11-27-527-04265-802870,14,11,107000,2.56,56819.0
11-27-528-04267-564829,14,04,101000,6.96,5454.0
11-27-528-04267-564970,14,04,103000,9.17,6980.0
11-27-528-04267-802872,14,04,102000,2.59,9697.0
11-27-528-04268-802873,14,04,104000,3.21,11288.0
11-27-528-04269-565265,14,04,106000,4.01,3992.0
11-27-528-04269-802874,14,04,105000,14.79,34294.0
11-27-528-04271-802875,14,04,100000,10.49,56529.0
11-27-528-04274-802876,14,04,107000,6.19,9822.0
11-27-529-04278-802878,14,05,101000,6.27,17986.0
11-27-529-04279-802879,14,05,103000,12.98,12257.0
11-27-529-04280-566839,14,05,100000,4.5,11602.0
11-27-529-04281-802880,14,05,102000,6.78,21305.0
11-27-530-04283-802881,14,14,107000,0.71,5238.0
11-27-530-04284-802882,14,14,100000,1.58,2968.0
11-27-530-04285-567320,14,14,310200,8.42,21029.0
11-27-530-04285-802883,14,14,101000,10.0,19087.0
11-27-530-04285-802884,14,14,310100,29.89,214950.0
11-27-530-04286-802885,14,14,102000,9.01,33766.0
11-27-530-04286-802886,14,14,103000,2.59,20917.0
11-27-530-04287-567498,14,14,300200,0.41,12168.0
11-27-530-04287-802887,14,14,300100,66.82,406370.0
11-27-530-04290-802888,14,14,104000,5.17,19525.0
11-27-530-04290-802889,14,14,105000,2.09,8598.0
11-27-530-04293-802890,14,14,106000,3.38,22386.0
11-27-531-04296-802891,14,12,102000,33.33,42459.0
11-27-531-04296-802892,14,12,103000,83.7,27405.0
11-27-531-04299-802893,14,12,101000,55.27,32018.0
11-27-531-04301-802894,14,12,100000,43.42,29392.0
11-27-531-04302-568759,14,12,300300,2.59,11834.0
11-27-531-04302-802895,14,12,300101,118.18,226510.0
11-28-532-04306-802896,02,19,100000,23.45,84255.0
11-28-532-04315-569352,02,19,110000,4.58,8520.0
11-28-532-04318-802897,02,19,104000,12.87,57535.0
11-28-532-04319-569539,02,19,101000,12.65,14974.0
11-28-532-04339-802898,02,19,103000,39.41,29715.0
11-28-532-04344-802899,02,19,109000,11.39,57761.0
11-28-532-04350-802900,02,19,102000,7.36,66780.0
11-28-532-04352-570569,02,19,105000,4.07,34157.0
11-28-532-04352-802901,02,19,108000,38.85,66145.0
11-28-532-04353-570590,02,19,106000,5.91,9077.0
11-28-532-04354-802902,02,19,107000,41.44,52657.0
11-28-533-04357-570690,02,18,104000,2.69,5366.0
11-28-533-04360-802903,02,18,100000,18.78,34379.0
11-28-533-04368-802904,02,18,300000,36.86,241034.0
11-28-533-04370-802905,02,18,102000,21.36,64406.0
11-28-533-04370-802905,02,11,100000,6.31,13679.0
11-28-533-04383-571384,02,18,101000,8.96,19093.0
11-28-533-04390-802906,02,18,103000,6.94,48666.0
11-28-534-04399-802907,02,20,310000,28.47,214384.0
11-28-534-04401-571808,02,20,103000,25.12,14639.0
11-28-534-04408-571999,02,20,105000,10.36,28289.0
11-28-534-04414-802908,02,20,100000,30.0,67591.0
11-28-534-04416-802909,02,20,101000,22.79,40080.0
11-28-534-04417-802910,02,20,104000,38.85,31712.0
11-28-534-04428-572308,02,20,102000,16.06,9685.0
11-28-534-04428-802911,02,20,300000,23.82,148583.0
11-28-534-04430-572368,02,20,107000,0.52,19308.0
11-28-534-04435-802912,02,20,106000,12.5,50048.0
11-28-535-04454-572862,02,17,104000,2.72,6511.0
11-28-535-04456-802913,02,17,101000,16.2,35775.0
11-28-535-04459-802914,02,17,105000,13.34,54091.0
11-28-535-04474-802915,02,17,106000,5.19,39613.0
11-28-535-04479-573521,02,17,100000,21.18,20761.0
11-28-535-04490-802916,02,17,102000,19.86,30915.0
11-28-535-04492-802917,02,17,103000,13.6,50123.0
11-28-535-04495-573956,02,17,620100,9.06,17707.0
11-28-536-04499-802919,02,16,600200,40.17,171148.0
11-28-536-04501-573968,02,16,600300,3.91,10153.0
11-28-536-04508-802918,02,16,600100,377.55063,2964638.0
11-28-537-04517-802918,02,15,611101,,93455.0
11-28-537-04523-574170,02,15,100000,13.83,12645.0
11-28-537-04526-574213,02,15,610100,70.0,155514.0
11-28-537-04530-802920,02,15,102000,60.49,39215.0
11-28-537-04534-802921,02,15,101000,19.12,45517.0
11-28-537-04543-574760,02,15,610901,52.34,84548.0
11-28-538-04551-574952,02,14,105000,40.1,13019.0
11-28-538-04559-575211,02,14,102000,14.1,23565.0
11-28-538-04567-575385,02,14,101000,10.3,25226.0
11-28-538-04568-802922,02,14,300000,13.7,116833.0
11-28-538-04570-802923,02,14,107000,11.86,33519.0
11-28-538-04578-575620,02,14,108000,172.41873,3631.0
11-28-538-04583-575744,02,14,106000,7.61,18977.0
11-28-538-04595-802924,02,14,109000,36.31,38862.0
11-28-538-04603-802925,02,14,103000,3.94,40742.0
11-28-538-04609-576363,02,14,104000,18.38,15974.0
11-28-538-04612-576440,02,14,100000,0.56,11844.0
11-28-539-04616-576531,02,23,107000,12.74,11051.0
11-28-539-04628-802926,02,23,100000,9.63,40744.0
11-28-539-04638-802927,02,23,105000,23.65,60630.0
11-28-539-04646-802928,02,23,104000,14.14,84910.0
11-28-539-04653-577259,02,23,101000,26.26,21089.0
11-28-539-04659-577407,02,23,106000,4.15,20290.0
11-28-539-04664-802929,02,23,103000,21.91,65879.0
11-28-539-04668-577573,02,23,102000,41.44,33860.0
11-28-540-04695-802930,02,21,300101,57.49,461123.0
11-28-540-04699-802931,02,21,101000,6.0,34305.0
11-28-540-04718-578603,02,21,102000,17.61,28904.0
11-28-540-04722-578679,02,21,100000,10.36,15656.0
11-28-541-04727-802932,02,22,102000,28.91,30076.0
11-28-541-04730-579086,02,22,100000,4.0,35830.0
11-28-541-04732-579212,02,22,103000,0.39,3889.0
11-28-541-04737-802933,02,22,104000,101.7,53102.0
11-28-541-04738-579389,02,22,310200,8.94,15186.0
11-28-541-04738-802934,02,22,310101,25.9,86951.0
11-28-541-04740-802935,02,22,106000,6.04,38675.0
11-28-541-04757-802937,02,22,300101,25.52,149077.0
11-28-541-04766-579872,02,22,101000,2.5,15323.0
11-28-542-04775-802938,02,01,105000,6.03,15581.0
11-28-542-04776-580328,02,01,102000,6.17,8508.0
11-28-542-04778-802939,02,01,101000,25.28,29654.0
11-28-542-04780-580521,02,01,108000,11.1,15785.0
11-28-542-04784-580777,02,01,104000,10.9,24748.0
11-28-542-04789-581009,02,01,110000,9.11,20792.0
11-28-542-04796-802940,02,01,107000,4.57,14285.0
11-28-542-04798-802941,02,01,100000,19.65,34395.0
11-28-542-04799-581460,02,01,103000,5.18,20131.0
11-28-542-04802-802942,02,01,109000,14.12,88883.0
11-28-543-04812-802943,02,02,104000,11.24,43497.0
11-28-543-04816-802944,02,02,100000,25.6,43249.0
11-28-543-04817-802945,02,02,105000,19.55,43435.0
11-28-543-04826-582798,02,02,102000,7.72,19235.0
11-28-543-04827-582830,02,02,101000,7.77,19011.0
11-28-543-04836-583130,02,02,300300,4.61,4177.0
11-28-543-04836-802946,02,02,300101,20.73,161331.0
11-28-543-04837-583164,02,02,103000,15.54,18051.0
11-28-544-04850-585551,02,03,107000,3.32,5178.0
11-28-544-04854-585801,02,03,104000,6.09,29096.0
11-28-544-04857-585878,02,03,103000,19.52,12004.0
11-28-544-04862-802947,02,03,106000,6.54,9784.0
11-28-544-04865-802948,02,03,101000,18.18,42061.0
11-28-544-04867-802947,02,03,300100,78.33,752037.0
11-28-544-04871-802949,02,03,100000,23.28,84356.0
11-28-544-04872-586233,02,03,102000,16.88,24429.0
11-28-544-04881-586474,02,03,105000,2.59,21241.0
11-28-545-04890-802950,02,04,110000,7.02,43904.0
11-28-545-04895-587205,02,04,107000,4.99,7847.0
11-28-545-04903-802951,02,04,104000,42.31,42806.0
11-28-545-04906-802952,02,04,300101,52.09,355934.0
11-28-545-04907-587400,02,04,300300,7.25,35353.0
11-28-545-04910-802953,02,04,109000,14.88,48760.0
11-28-545-04911-802954,02,04,105000,19.57,44061.0
11-28-545-04913-587502,02,04,310200,10.0,16063.0
11-28-545-04913-587503,02,04,310300,9.2,13428.0
11-28-545-04914-802955,02,04,310101,39.28,298050.0
11-28-545-04924-802957,02,04,106000,14.07,36788.0
11-28-545-04935-587808,02,04,102000,9.52,16147.0
11-28-545-04937-587831,02,04,108000,4.51,11965.0
11-28-545-04941-587890,02,04,101000,4.97,11106.0
11-28-545-04941-802958,02,04,100000,7.2,46029.0
11-28-546-04958-802959,02,05,101000,8.24,36061.0
11-28-546-04960-802960,02,05,103000,10.36,41101.0
11-28-546-04961-802961,02,05,106000,20.71,88878.0
11-28-546-04966-802962,02,05,300000,14.55,212866.0
11-28-546-04972-802963,02,05,107000,15.55,62913.0
11-28-546-04975-588598,02,05,100000,22.68,29421.0
11-28-546-04980-588681,02,05,105000,4.61,22668.0
11-28-546-04984-802964,02,05,310000,26.14,121314.0
11-28-546-04987-802965,02,05,102000,11.32,56362.0
11-28-546-04988-802966,02,05,104000,4.69,56969.0
11-28-546-04989-588807,02,03,108000,10.36,23316.0
11-28-547-04991-802967,02,06,104000,23.5,36122.0
11-28-547-04993-588883,02,06,108000,25.9,30174.0
11-28-547-05003-802968,02,06,109000,8.0,42685.0
11-28-547-05004-589079,02,06,101000,5.04,10797.0
11-28-547-05009-589205,02,06,107000,14.99,21731.0
11-28-547-05010-802969,02,06,500101,59.69,708316.0
11-28-547-05012-589245,02,06,103000,12.3,16351.0
11-28-547-05016-589334,02,06,105000,10.96,17491.0
11-28-547-05021-802970,02,06,300000,12.67,101656.0
11-28-547-05023-589503,02,06,106000,3.37,12003.0
11-28-547-05024-589508,02,06,500201,13.89,23597.0
11-28-547-05027-589560,02,06,112000,16.84,30962.0
11-28-547-05030-802971,02,06,110000,20.72,27497.0
11-28-547-05034-802972,02,06,310000,26.67,159110.0
11-28-547-05035-589750,02,06,102000,4.66,14187.0
11-28-547-05037-589773,02,06,100000,13.39,21701.0
11-28-548-05040-589798,02,07,109000,5.16,8316.0
11-28-548-05040-802973,02,07,103000,10.36,43987.0
11-28-548-05055-802976,02,07,510200,11.19,59152.0
11-28-548-05067-802979,02,07,104000,7.65,88726.0
11-28-548-05070-802980,02,07,102000,10.36,79142.0
11-28-548-05072-590222,02,07,105000,13.36,14603.0
11-28-548-05074-802981,02,07,300000,30.01,471051.0
11-28-548-05078-802982,02,07,310000,15.11,143726.0
11-28-548-05084-802983,02,07,106000,26.14,54363.0
11-28-548-05089-590426,02,07,101000,25.15,15164.0
11-28-548-05093-802984,02,07,100000,17.97,62536.0
11-28-548-05096-802985,02,07,107000,10.97,36943.0
11-28-549-05112-590769,02,08,100000,29.9,24048.0
11-28-549-05115-802986,02,08,105000,28.77,45563.0
11-28-549-05117-590896,02,08,101000,11.66,12815.0
11-28-549-05123-802987,02,08,310101,36.96,108467.0
11-28-549-05124-591023,02,08,310200,11.14,34311.0
11-28-549-05133-591202,02,08,102000,31.57,23707.0
11-28-549-05136-591289,02,08,104000,33.2,21098.0
11-28-549-05139-802988,02,08,300100,8.24,100836.0
11-28-549-05139-802988,02,08,300200,11.53,27812.0
11-28-549-05148-802989,02,08,103000,71.86,41336.0
11-28-549-05149-591553,02,08,106000,10.61,13909.0
11-28-550-05158-802990,02,09,101000,22.95,65910.0
11-28-550-05177-802991,02,09,300000,48.39,316606.0
11-28-550-05178-592113,02,09,102000,6.28,27191.0
11-28-550-05184-802992,02,09,100000,9.42,55984.0
11-28-550-05187-802993,02,09,107000,8.16,27637.0
11-28-550-05197-592764,02,09,105000,100.12,8759.0
11-28-550-05197-592766,02,09,106000,18.1,32066.0
11-28-551-05200-592856,02,11,106000,11.21,6807.0
11-28-551-05200-592857,02,11,202000,12.69,7880.0
11-28-551-05214-802995,02,11,310000,7.12,133914.0
11-28-551-05215-593157,02,11,201000,4.64,5785.0
11-28-551-05215-802996,02,11,200001,24.82,32468.0
11-28-551-05219-802997,02,11,103000,6.29,28317.0
11-28-551-05224-593294,02,11,101000,17.5,12364.0
11-28-551-05239-802999,02,11,105000,39.78,51931.0
11-28-551-05243-593597,02,11,102000,5.82,9781.0
11-28-551-05246-803000,02,11,104000,20.6,26181.0
11-28-552-05254-803001,02,13,107000,14.5,65089.0
11-28-552-05259-803002,02,13,300200,31.31,38560.0
11-28-552-05259-803002,02,13,300100,15.01,236800.0
11-28-552-05260-593932,02,13,105000,23.08,32214.0
11-28-552-05264-593976,02,13,106000,5.96,20891.0
11-28-552-05265-593982,02,13,100000,2.59,29599.0
11-28-552-05271-803003,02,13,310000,30.12,136182.0
11-28-552-05279-594245,02,13,102000,25.73,21490.0
11-28-552-05284-803004,02,13,320000,15.42,119813.0
11-28-552-05288-594393,02,13,101000,22.43,21334.0
11-28-552-05289-803005,02,13,104000,2.59,33434.0
11-28-553-05305-803006,02,12,106000,49.73,40845.0
11-28-553-05309-803007,02,12,310000,51.93,107592.0
11-28-553-05310-594760,02,12,101000,34.84,37814.0
11-28-553-05313-803008,02,12,107000,7.45,71068.0
11-28-553-05317-594902,02,12,108000,30.28,27679.0
11-28-553-05321-594956,02,12,103000,11.65,23106.0
11-28-553-05330-803009,02,12,300000,16.35,174924.0
11-28-553-05336-803010,02,12,100000,40.45,78961.0
11-28-553-05343-803011,02,12,102000,25.88,63378.0
11-28-553-05356-595435,02,12,104000,65.55,17030.0
11-28-553-05357-595448,02,12,105000,0.1,1005.0
11-28-553-05364-803012,02,12,320000,38.16,104651.0
11-28-554-05376-595773,02,10,107000,4.6,19004.0
11-28-554-05378-803013,02,10,108000,24.5,61578.0
11-28-554-05383-596010,02,10,109000,32.21,17080.0
11-28-554-05383-596011,02,10,300200,3.47,14535.0
11-28-554-05383-803014,02,10,300100,16.07,174369.0
11-28-554-05392-803015,02,10,101000,7.74,73820.0
11-28-554-05396-596197,02,10,103000,27.1,20790.0
11-28-554-05406-803016,02,10,102000,5.96,20485.0
11-28-554-05407-803017,02,10,106000,8.55,25158.0
11-28-554-05415-803018,02,10,105000,12.0,33882.0
11-28-554-05421-803019,02,10,310000,33.47,133462.0
11-28-554-05422-803020,02,10,104000,26.24,35531.0
11-28-554-05427-596973,02,10,100000,3.1,16138.0
11-29-555-05433-803021,11,03,113000,5.24,51624.0
11-29-555-05433-803022,11,03,116000,9.19,15614.0
11-29-555-05433-803023,11,03,102000,6.85,27279.0
11-29-555-05434-803024,11,03,100000,4.31,32041.0
11-29-555-05435-803025,11,03,110000,3.14,21197.0
11-29-555-05435-803026,11,03,115000,3.95,12408.0
11-29-555-05436-803027,11,03,112000,8.85,26575.0
11-29-555-05436-803028,11,03,109000,22.79,14937.0
11-29-555-05436-803029,11,03,105000,3.92,11121.0
11-29-555-05436-803030,11,03,104000,7.22,52080.0
11-29-555-05437-803031,11,03,117000,6.36,27244.0
11-29-555-05437-803032,11,03,107000,2.97,17398.0
11-29-555-05438-597780,11,03,106000,6.26,4361.0
11-29-555-05438-597793,11,03,300300,5.8,9282.0
11-29-555-05438-803033,11,03,300101,141.95,369177.0
11-29-555-05438-803034,11,03,300200,7.2,23953.0
11-29-555-05439-598022,11,03,111000,5.1,6589.0
11-29-555-05439-803035,11,03,108000,3.54,14728.0
11-29-555-05440-803036,11,03,101000,10.82,33916.0
11-29-555-05441-803037,11,03,118000,13.57,33138.0
11-29-555-05442-803038,11,03,114000,3.57,29651.0
11-29-556-05443-803040,11,06,116000,1.06,17334.0
11-29-556-05443-803041,11,06,108000,4.56,48143.0
11-29-556-05443-803042,11,06,113000,3.62,60609.0
11-29-556-05445-803044,11,06,112000,3.83,31095.0
11-29-556-05446-803045,11,06,109000,2.7,15199.0
11-29-556-05446-803046,11,06,101000,3.32,19982.0
11-29-556-05446-803047,11,06,104000,1.59,33895.0
11-29-556-05447-803048,11,06,102000,33.59,76903.0
11-29-556-05448-598975,11,04,300200,22.53,20645.0
11-29-556-05448-803049,11,06,105000,2.36,15391.0
11-29-556-05448-803050,11,06,106000,2.72,40101.0
11-29-556-99999-803039,11,06,110000,4.96,26067.0
11-29-557-05449-803051,11,06,300101,75.36,193131.0
11-29-557-05450-803052,11,06,107000,27.14,25121.0
11-29-557-05451-803053,11,06,114000,1.46,16183.0
11-29-557-05452-803054,11,06,103000,126.51,23022.0
11-29-557-05453-803055,11,06,111000,6.84,20094.0
11-29-557-05453-803056,11,06,115000,2.79,21882.0
11-29-558-05454-803057,11,05,100000,14.2,42748.0
11-29-558-05455-803058,11,05,101000,9.28,26876.0
11-29-558-05457-803060,11,05,300101,47.05,132408.0
11-29-558-05458-803061,11,05,103000,1.42,25581.0
11-29-558-05458-803062,11,05,102000,5.35,18090.0
11-29-559-05459-600535,11,17,101000,0.76,10552.0
11-29-559-05459-803063,11,17,107000,7.54,14650.0
11-29-559-05459-803064,11,17,105000,7.37,21329.0
11-29-559-05459-803065,11,17,102000,6.29,14968.0
11-29-559-05460-803066,11,17,100000,0.84,14959.0
11-29-559-05461-600884,11,17,109000,12.73,12561.0
11-29-559-05461-803067,11,17,300101,75.24,170577.0
11-29-559-05462-803068,11,17,106000,2.45,28080.0
11-29-559-05463-803069,11,17,110000,30.99,44375.0
11-29-560-05465-803071,11,17,104000,11.34,14652.0
11-29-560-05466-803072,11,17,111001,29.99,81156.0
11-29-560-05467-601860,11,17,108000,4.4,7661.0
11-29-560-05467-803073,11,17,103000,10.73,44602.0
11-29-561-05468-803074,11,10,111000,5.28,29944.0
11-29-561-05469-803075,11,10,114000,68.65,19116.0
11-29-561-05469-803076,11,10,103000,18.82,24184.0
11-29-561-05469-803077,11,10,110000,85.72,14592.0
11-29-561-05470-803078,11,10,310000,34.75,134051.0
11-29-561-05470-803079,11,10,108000,77.2,15760.0
11-29-561-05471-803080,11,10,117000,2.81,14984.0
11-29-561-05471-803081,11,10,107000,5.36,28784.0
11-29-561-05472-803082,11,10,109000,42.05,16542.0
11-29-562-05473-803084,11,10,100000,8.47,14485.0
11-29-562-05474-803085,11,10,112000,2.63,19438.0
11-29-562-05474-803086,11,10,101000,111.54,25239.0
11-29-562-05477-803088,11,10,106000,4.1,14709.0
11-29-562-99999-803083,11,10,300000,190.94,648298.0
11-29-563-05478-602605,11,20,108000,0.2,2563.0
11-29-563-05478-803090,11,20,109000,14.35,51022.0
11-29-563-05478-803090,11,20,103000,7.86,7281.0
11-29-563-05480-602879,11,20,100000,0.78,6064.0
11-29-563-05480-803091,11,20,106000,5.49,18005.0
11-29-563-05481-602940,11,20,111000,0.65,798.0
11-29-563-05481-803092,11,20,112000,64.6,14456.0
11-29-563-05483-803094,11,20,113001,25.67,50895.0
11-29-563-05484-803095,11,20,101000,7.42,13509.0
11-29-563-05485-803096,11,20,110000,15.34,26181.0
11-29-563-05487-803098,11,20,107000,8.86,16192.0
11-29-563-05488-803099,11,20,102000,5.23,31478.0
11-29-563-99999-803089,11,20,104000,8.52,52701.0
11-29-564-05489-803100,11,10,116000,31.39,19809.0
11-29-564-05490-803102,11,10,115000,5.49,29739.0
11-29-564-05491-803103,11,10,104000,24.36,20906.0
11-29-564-05492-803104,11,10,105000,10.54,45295.0
11-29-564-05493-803105,11,10,102000,2.81,20574.0
11-29-564-05495-803107,11,10,113000,5.55,67442.0
11-29-565-05496-803108,11,04,102000,19.83,18713.0
11-29-565-05498-803109,11,04,300101,28.39,114154.0
11-29-565-05498-803110,11,04,104000,88.77,20451.0
11-29-565-05498-803111,11,04,105000,23.66,31788.0
11-29-565-05499-803112,11,04,107000,30.06,31364.0
11-29-565-05499-803113,11,04,108000,43.25,18792.0
11-29-565-05500-803114,11,04,310000,65.9,245391.0
11-29-565-05501-605010,11,04,100000,5.84,3403.0
11-29-565-05501-605045,11,04,101000,1.28,6379.0
11-29-565-05502-803117,11,04,106000,35.26,19174.0
11-29-566-05503-803118,11,08,107000,1.68,8679.0
11-29-566-05504-803119,11,08,100000,6.98,38369.0
11-29-566-05505-803120,11,08,300101,16.47,103435.0
11-29-566-05506-803121,11,08,103000,0.66,12221.0
11-29-566-05507-803122,11,08,104000,5.26,17257.0
11-29-566-05508-803123,11,08,102000,9.37,37509.0
11-29-567-05509-803124,11,08,101000,7.78,66647.0
11-29-567-05510-803125,11,04,103000,40.93,34146.0
11-29-567-05511-803126,11,08,105000,0.94,12099.0
11-29-567-05512-606677,11,08,106000,0.21,5229.0
11-29-567-05512-803127,11,08,310101,48.46,287233.0
11-29-567-05513-606736,11,18,107000,1.93,8387.0
11-29-567-05513-803128,11,18,102000,0.68,12632.0
11-29-567-05514-803129,11,18,101000,1.16,14135.0
11-29-568-05515-803130,11,18,104000,44.33,13272.0
11-29-568-05515-803131,11,18,108000,10.19,42220.0
11-29-568-05516-803132,11,18,111000,1.89,8290.0
11-29-568-05517-803133,11,18,110000,1.8,12127.0
11-29-568-05517-803134,11,18,109000,17.89,26852.0
11-29-568-05518-803135,11,18,103000,3.5,4608.0
11-29-568-05518-803135,11,18,100000,0.47,1280.0
11-29-568-05518-803135,11,18,106000,0.34,1814.0
11-29-568-05519-803136,11,18,112000,5.91,13092.0
11-29-568-05520-608312,11,18,105000,0.77,5248.0
11-29-568-05520-803137,11,18,310101,32.19,193028.0
11-29-568-05521-803138,11,18,300101,12.97,67019.0
11-29-568-05521-803138,11,18,300201,21.69,82238.0
11-29-569-05522-608679,11,09,100000,96.99,16488.0
11-29-569-05522-608689,11,09,102000,4.07,12332.0
11-29-569-05522-608721,11,09,103000,0.23,2117.0
11-29-569-05522-803139,11,09,106000,14.01,28477.0
11-29-569-05523-608786,11,09,113000,6.52,8160.0
11-29-569-05523-608850,11,09,310200,5.27,10446.0
11-29-569-05523-608856,11,09,107000,4.83,5776.0
11-29-569-05523-803140,11,09,112000,14.69,14020.0
11-29-569-05523-803141,11,09,310300,9.22,19063.0
11-29-569-05523-803141,11,09,310101,51.15,78094.0
11-29-569-05524-803142,11,09,104000,23.06,24108.0
11-29-570-05525-803143,11,07,108000,0.46,4146.0
11-29-570-05526-803144,11,07,104000,1.99,5022.0
11-29-570-05527-803145,11,07,107000,1.72,6524.0
11-29-570-05528-609292,11,07,100000,1.0,8758.0
11-29-570-05528-803146,11,07,109000,2.28,25364.0
11-29-570-05529-803147,11,07,101000,1.91,20095.0
11-29-570-05529-803148,11,07,103000,10.34,25391.0
11-29-570-05530-803149,11,07,102000,9.32,60816.0
11-29-570-05531-803150,11,07,106000,0.92,7953.0
11-29-570-05531-803151,11,07,105000,45.43,7792.0
11-29-571-05532-803152,11,19,101000,3.0,17663.0
11-29-571-05533-803153,11,19,107000,5.92,33393.0
11-29-571-05534-610527,11,19,110000,0.95,9486.0
11-29-571-05534-803154,11,19,106000,6.57,19306.0
11-29-571-05535-803155,11,19,105000,4.38,21828.0
11-29-571-05536-803156,11,19,103000,1.2,11531.0
11-29-571-05537-803157,11,19,300101,36.71,179877.0
11-29-571-05538-803158,11,19,102000,4.38,13814.0
11-29-571-05539-803159,11,19,108000,3.52,36053.0
11-29-571-05540-612434,11,19,100000,1.25,4871.0
11-29-571-05540-803160,11,19,109000,3.77,11109.0
11-29-571-05541-803161,11,19,104000,2.86,23232.0
11-29-572-05542-612862,11,01,302400,0.8468868,17501.0
11-29-572-05542-612952,11,01,300801,8.06,43714.0
11-29-572-05544-613084,11,01,300201,6.0038776,14905.0
11-29-572-05544-613095,11,01,300500,3.07,5910.0
11-29-572-05545-613354,11,01,101000,4.5,7001.0
11-29-572-05545-803163,11,01,100000,2.93,24938.0
11-29-572-99999-803162,11,01,300101,159.1,3302296.0
11-29-573-05546-803164,11,15,102000,4.26,17999.0
11-29-573-05547-613710,11,15,101000,2.69,6187.0
11-29-573-05547-803165,11,15,107000,2.52,14096.0
11-29-573-05548-614053,11,15,106000,4.28,3254.0
11-29-573-05548-803166,11,15,108000,4.34,15998.0
11-29-573-05549-803167,11,15,109000,11.62,21905.0
11-29-573-05550-803168,11,15,300000,16.84,120265.0
11-29-573-05551-803169,11,15,104000,5.7,22115.0
11-29-573-05552-614807,11,15,100000,0.57,7282.0
11-29-573-05552-803170,11,15,105000,2.0,29822.0
11-29-574-05553-803171,11,12,108000,4.17,18872.0
11-29-574-05554-803172,11,12,103000,4.02,16827.0
11-29-574-05555-615541,11,12,102000,5.44,6350.0
11-29-574-05555-803173,11,12,201000,11.75,15523.0
11-29-574-05556-616108,11,12,105000,3.87,5024.0
11-29-574-05556-803174,11,12,300101,26.67,108706.0
11-29-574-05557-803175,11,12,100000,1.43,4961.0
11-29-574-05558-616723,11,12,107000,2.92,7752.0
11-29-574-05558-803176,11,12,101000,4.11,13457.0
11-29-574-05559-803177,11,12,106000,7.8,23567.0
11-29-574-05560-617422,11,12,109000,2.25,4121.0
11-29-574-05560-803178,11,12,104000,2.58,23435.0
11-29-575-05561-617517,11,09,300300,8.35,15302.0
11-29-575-05561-617518,11,09,300500,10.15,9719.0
11-29-575-05561-803179,11,09,109000,10.1,14100.0
11-29-575-05561-803180,11,09,108000,18.64,15868.0
11-29-575-05561-803181,11,09,300901,26.15,55925.0
11-29-575-05561-803181,11,09,300801,16.22,8944.0
11-29-575-05561-803181,11,09,300400,3.31,9744.0
11-29-575-05561-803181,11,09,300101,75.3,281161.0
11-29-575-05561-803182,11,09,300200,7.8,31181.0
11-29-575-05562-617598,11,09,110000,6.84,10241.0
11-29-575-05562-803183,11,09,101000,28.14,34313.0
11-29-575-05564-803185,11,09,105000,7.29,6779.0
11-29-575-05564-803185,11,09,310400,7.37,10071.0
11-29-576-05566-803187,11,13,103000,14.48,28750.0
11-29-576-05567-617901,11,13,107000,0.16,2840.0
11-29-576-05567-803188,11,13,101000,0.43,2179.0
11-29-576-05567-803188,11,13,105000,0.72,3596.0
11-29-576-05567-803188,11,13,106000,1.33,7094.0
11-29-576-05567-803189,11,13,102000,3.26,9472.0
11-29-576-05568-618089,11,13,100000,3.26,5910.0
11-29-576-05568-803190,11,13,108000,2.83,13137.0
11-29-576-05568-803190,11,13,104000,2.33,4963.0
11-29-577-05569-803191,11,16,110000,5.99,12008.0
11-29-577-05570-803192,11,16,104000,7.36,34753.0
11-29-577-05571-803193,11,16,107000,8.6,26084.0
11-29-577-05572-618713,11,16,300301,5.82,29871.0
11-29-577-05572-803194,11,16,300201,5.59,13235.0
11-29-577-05572-803194,11,16,300101,102.68,606755.0
11-29-577-05573-618989,11,16,111000,0.78,8911.0
11-29-577-05573-803195,11,16,103000,1.22,8357.0
11-29-577-05573-803195,11,16,105000,2.3,2843.0
11-29-577-05574-803197,11,16,109000,9.69,42598.0
11-29-577-05575-803198,11,16,100000,1.52,17820.0
11-29-577-05575-803199,11,16,112000,1.0,9900.0
11-29-578-05576-803200,11,16,102000,3.05,23934.0
11-29-578-05577-803201,11,16,101000,10.31,44478.0
11-29-578-05578-803202,11,16,113000,0.34,7678.0
11-29-578-05579-619887,11,16,108000,9.04,5194.0
11-29-578-05579-803203,11,16,106000,24.47,42391.0
11-29-579-05580-803205,11,11,101000,10.83,26564.0
11-29-579-05582-803207,11,11,300101,43.16,310920.0
11-29-579-05583-803208,11,11,103000,2.07,10584.0
11-29-579-05584-620493,11,11,100000,2.24,1783.0
11-29-579-05584-620588,11,11,108000,11.91,8213.0
11-29-579-05584-803209,11,11,110000,24.43,23270.0
11-29-579-05585-803210,11,11,104000,2.93,19767.0
11-29-579-05585-803211,11,11,201000,7.85,8424.0
11-29-579-05585-803212,11,11,200001,8.12,44142.0
11-29-579-05585-803213,11,11,210001,13.7,25050.0
11-29-580-05587-620945,11,11,106000,0.36,2598.0
11-29-580-05587-620991,11,11,109000,3.1,4075.0
11-29-580-05587-803215,11,11,107000,0.4,1562.0
11-29-580-05587-803215,11,11,112000,5.8,30589.0
11-29-580-05588-803216,11,11,102000,24.0,7049.0
11-29-580-05588-803217,11,11,111000,3.73,24740.0
11-29-580-05589-803218,11,11,105000,2.34,13674.0
11-29-580-05589-803219,11,11,113000,14.95,43666.0
11-29-581-05590-803220,11,14,111000,1.84,16550.0
11-29-581-05591-803221,11,14,106000,7.91,83287.0
11-29-581-05592-803222,11,14,107000,3.11,21037.0
11-29-581-05593-803223,11,14,101000,4.94,29122.0
11-29-581-05593-803223,11,14,300301,15.64,16031.0
11-29-581-05593-803224,11,14,300100,6.65,68230.0
11-29-581-05594-803225,11,14,109000,3.78,35519.0
11-29-582-05595-623223,11,14,108000,6.64,6454.0
11-29-582-05595-803226,11,14,104000,7.8,25577.0
11-29-582-05596-803227,11,14,102000,8.5,47221.0
11-29-582-05597-803228,11,14,105000,0.64,7563.0
11-29-582-05598-803229,11,14,100000,2.31,12336.0
11-29-582-05599-803230,11,14,110000,2.03,25177.0
11-29-582-05600-803231,11,14,103000,5.61,50394.0
11-29-583-05601-624776,11,01,301000,1.4104806,10261.0
11-29-583-05601-803232,11,02,106000,2.85,17567.0
11-29-583-05602-803233,11,02,102000,13.06,54609.0
11-29-583-05603-625334,11,01,302201,10.879239,37961.0
11-29-583-05603-803234,11,02,108000,14.55,24159.0
11-29-583-05603-803235,11,02,101000,2.7,18253.0
11-29-583-05604-625666,11,01,301801,3.584128,43360.0
11-29-583-05604-803236,11,02,103000,3.12,25533.0
11-29-584-05605-803237,11,02,105000,2.7,19646.0
11-29-584-05606-803238,11,02,107000,4.96,50437.0
11-29-584-05607-626235,11,01,302601,9.510781,22154.0
11-29-584-05607-803239,11,02,100000,8.42,55209.0
11-29-584-05608-803240,11,02,104000,3.71,37873.0
11-30-585-05609-803241,06,01,109000,2.52,4578.0
11-30-585-05610-626690,06,01,112000,12.22,9770.0
11-30-585-05610-626693,06,01,104000,4.03,4795.0
11-30-585-05610-626695,06,01,102000,11.72,11925.0
11-30-585-05610-626697,06,01,103000,6.96,7108.0
11-30-585-05610-626699,06,01,111000,7.61,7504.0
11-30-585-05610-626701,06,01,108000,5.42,11546.0
11-30-585-05610-803242,06,01,106000,11.32,31667.0
11-30-585-05611-626727,06,01,105000,8.27,4555.0
11-30-585-05611-626730,06,01,202000,3.28,8023.0
11-30-585-05611-626732,06,01,201000,9.82,9390.0
11-30-585-05611-626733,06,01,100000,7.64,4955.0
11-30-585-05611-803243,06,01,200001,35.99,53823.0
11-30-585-05612-626764,06,01,107000,13.54,6457.0
11-30-585-05612-803244,06,01,101000,14.53,13743.0
11-30-585-05613-803246,06,01,113000,11.72,6825.0
11-30-585-05614-803247,06,01,110000,5.22,14661.0
11-30-586-05615-626885,06,02,211000,12.18,7062.0
11-30-586-05615-626887,06,02,103000,8.33,6298.0
11-30-586-05615-803248,06,02,210001,27.37,83367.0
11-30-586-05616-626925,06,02,107000,14.98,7845.0
11-30-586-05616-626930,06,02,201000,5.25,7819.0
11-30-586-05616-626931,06,02,100000,10.18,9898.0
11-30-586-05616-626933,06,02,102000,9.23,6173.0
11-30-586-05616-803249,06,02,200001,16.79,64581.0
11-30-586-05616-803250,06,02,104000,28.69,14979.0
11-30-586-05617-803251,06,02,106000,14.14,10992.0
11-30-586-05617-803252,06,02,105000,22.55,18489.0
11-30-586-05618-803253,06,02,108000,4.92,6198.0
11-30-586-05619-803254,06,02,101000,18.69,10447.0
11-31-587-05620-627030,32,01,103000,2.59,6447.0
11-31-587-05625-627038,32,01,101000,3.63,8677.0
11-31-587-05626-627044,32,01,102000,2.71,5670.0
11-31-587-05629-627056,32,01,100000,4.37,8320.0
11-32-588-05630-627122,12,01,100000,3.96,7886.0
11-32-588-05630-803255,12,01,101000,16.68,50126.0
11-32-588-05631-803256,12,01,300300,14.14,22661.0
11-32-588-05631-803256,12,01,300100,39.54,57165.0
11-32-588-05631-803256,12,01,300200,12.09,13884.0
11-32-588-05631-803256,12,01,300400,18.37,24504.0
11-32-589-05632-803257,12,02,100000,54.63,64032.0
11-32-589-05632-803258,12,02,101000,43.08,60226.0
11-32-589-05633-627221,12,02,102000,32.18,23099.0
11-32-589-05633-627225,12,02,103000,15.37,16246.0
11-32-589-05633-627226,12,02,104000,14.38,18158.0
11-32-589-05633-627228,12,02,106000,15.24,30754.0
11-32-589-05633-627229,12,02,105000,15.73,25005.0
11-32-589-05633-627230,12,02,300300,8.64,19277.0
11-32-589-05633-627231,12,02,300400,7.4,23077.0
11-32-589-05633-627232,12,02,300500,2.04,8920.0
11-32-589-05633-627233,12,02,300600,13.56,39838.0
11-32-589-05633-627234,12,02,107000,8.89,11599.0
11-32-589-05633-627235,12,02,109000,12.28,17358.0
11-32-589-05633-627236,12,02,110000,8.14,12543.0
11-32-589-05633-627237,12,02,108000,9.83,13777.0
11-32-589-05633-627238,12,02,300800,9.17,30616.0
11-32-589-05633-627239,12,02,300900,6.9,25057.0
11-32-589-05633-627240,12,02,300700,11.57,29239.0
11-32-589-05633-627241,12,02,111000,11.35,17314.0
11-32-589-05633-627242,12,02,114000,15.47,20683.0
11-32-589-05633-627243,12,02,113000,11.73,14162.0
11-32-589-05633-627244,12,02,112000,9.26,14854.0
11-32-589-05633-627245,12,02,301000,18.26,33261.0
11-32-589-05633-627246,12,02,117000,7.95,16441.0
11-32-589-05633-627247,12,02,116000,8.59,11453.0
11-32-589-05633-627248,12,02,115000,10.81,15209.0
11-32-589-05633-627249,12,02,301100,7.19,18812.0
11-32-589-05633-803259,12,02,300100,11.03,65238.0
11-32-589-05633-803260,12,02,300200,1.79,4820.0
11-32-589-05634-627274,12,02,119000,15.08,17517.0
11-32-589-05634-627275,12,02,120000,13.01,14737.0
11-32-589-05634-627279,12,02,123000,8.43,16526.0
11-32-589-05634-627280,12,02,122000,10.41,14063.0
11-32-589-05634-627281,12,02,121000,9.63,14696.0
11-32-589-05634-627282,12,02,301300,10.66,26705.0
11-32-589-05634-627283,12,02,301200,10.08,23584.0
11-32-589-05634-627284,12,02,126000,12.3,26586.0
11-32-589-05634-627285,12,02,125000,12.67,19074.0
11-32-589-05634-627289,12,02,127000,10.02,19312.0
11-32-589-05634-627290,12,02,301500,2.82,11939.0
11-32-589-05634-627291,12,02,129000,14.24,31642.0
11-32-589-05634-627292,12,02,128000,24.46,35035.0
11-32-589-05634-803261,12,02,118000,54.15,40506.0
11-32-589-05634-803262,12,02,124000,16.76,28907.0
11-32-589-05634-803263,12,02,301400,23.96,103579.0
11-32-590-05637-803264,12,03,100000,34.14,22949.0
11-32-591-05638-627357,12,04,100000,20.44,35245.0
11-32-591-05638-627364,12,04,310200,17.35,29996.0
11-32-591-05638-803265,12,04,310100,21.33,72434.0
11-32-591-05640-627429,12,04,101000,20.48,26144.0
11-32-591-05640-627431,12,04,102000,13.67,17107.0
11-32-591-05640-627432,12,04,300700,11.33,28382.0
11-32-591-05640-627433,12,04,300500,10.11,16016.0
11-32-591-05640-627434,12,04,103000,13.45,22381.0
11-32-591-05640-627435,12,04,300600,11.71,25672.0
11-32-591-05640-627436,12,04,300800,10.31,50556.0
11-32-591-05640-627438,12,04,301000,5.95,18983.0
11-32-591-05640-627439,12,04,301100,7.58,25511.0
11-32-591-05640-803267,12,04,300101,96.25,456618.0
11-32-591-05640-803267,12,04,300400,24.26,34228.0
11-32-591-05640-803267,12,04,300900,10.42,56505.0
11-32-591-05640-803267,12,04,300300,18.59,30024.0
11-32-591-05640-803267,12,04,301200,11.83,35171.0
11-32-591-05640-803267,12,04,300200,14.61,23524.0
11-32-592-05641-803268,12,05,300200,53.06,69334.0
11-32-592-05641-803269,12,05,300101,58.14,72870.0
11-32-592-05643-803270,12,05,100000,34.41,39027.0
11-32-592-05644-803271,12,05,101000,16.59,49453.0
11-32-592-05646-803272,12,05,102000,9.32,51770.0
11-32-593-05647-803273,12,06,100000,32.28,39550.0
11-32-593-05647-803274,12,06,101000,32.66,44186.0
11-32-593-05648-627627,12,06,102000,63.38,45422.0
11-32-593-05649-803275,12,06,300300,9.52,16089.0
11-32-593-05649-803275,12,06,300101,29.6,139136.0
11-32-593-05649-803275,12,06,300200,19.93,24808.0
11-32-593-05650-627683,12,06,202000,9.24,15691.0
11-32-593-05650-803276,12,06,200001,14.71,32048.0
11-32-593-05650-803276,12,06,201000,10.53,17647.0
11-32-594-05652-627768,12,07,101000,3.68,7971.0
11-32-594-05652-803277,12,07,100000,6.96,19657.0
11-32-594-05653-627799,12,07,300500,4.1,9120.0
11-32-594-05653-627800,12,07,300400,5.06,9540.0
11-32-594-05653-627802,12,07,300700,4.35,6750.0
11-32-594-05653-627803,12,07,300600,3.73,7329.0
11-32-594-05653-627806,12,07,300800,4.12,10439.0
11-32-594-05653-627807,12,07,300900,5.07,9287.0
11-32-594-05653-803278,12,07,300100,6.49,20216.0
11-32-594-05653-803278,12,07,300300,4.96,8162.0
11-32-594-05653-803279,12,07,300200,12.41,37789.0
11-32-594-05654-627834,12,07,103000,4.64,5721.0
11-32-594-05654-627835,12,07,102000,5.6,7165.0
11-32-594-05654-627838,12,07,104000,6.38,9631.0
11-32-594-05654-627845,12,07,310700,5.52,17971.0
11-32-594-05654-627852,12,07,110000,6.91,12337.0
11-32-594-05654-627854,12,07,108000,4.69,10559.0
11-32-594-05654-627855,12,07,107000,3.13,6156.0
11-32-594-05654-627864,12,07,109000,6.08,13773.0
11-32-594-05654-803280,12,07,310600,13.35,31914.0
11-32-594-05654-803280,12,07,311100,5.84,16623.0
11-32-594-05654-803280,12,07,106000,8.55,16897.0
11-32-594-05654-803280,12,07,310101,18.47,81798.0
11-32-594-05654-803280,12,07,310300,5.09,11303.0
11-32-594-05654-803280,12,07,105000,7.88,13362.0
11-32-594-05654-803280,12,07,311000,2.6,9512.0
11-32-594-05654-803280,12,07,310200,6.25,16904.0
11-32-594-05654-803280,12,07,310800,9.33,33137.0
11-32-594-05654-803280,12,07,310500,4.22,7536.0
11-32-594-05654-803280,12,07,310400,7.25,13492.0
11-32-594-05654-803280,12,07,311200,5.59,13265.0
11-32-594-05654-803280,12,07,310900,4.91,21598.0
11-32-594-05655-627882,12,07,202000,11.81,33896.0
11-32-594-05655-803281,12,07,200001,17.3,31249.0
11-32-594-05655-803281,12,07,201000,9.51,23510.0
11-32-594-05656-627922,12,07,112000,6.41,11752.0
11-32-594-05656-627937,12,07,115000,10.13,16603.0
11-32-594-05656-803282,12,07,113000,11.24,27491.0
11-32-594-05656-803283,12,07,114000,25.23,45069.0
11-32-595-05657-803284,12,08,100000,13.59,24667.0
11-32-595-05658-627979,12,08,300400,28.92,56397.0
11-32-595-05658-627980,12,08,300300,17.02,34837.0
11-32-595-05658-803285,12,08,101000,24.05,30391.0
11-32-595-05658-803286,12,08,300200,7.18,24774.0
11-32-595-05659-627984,12,08,104000,10.83,26825.0
11-32-595-05659-627985,12,08,103000,9.83,26553.0
11-32-595-05659-627986,12,08,102000,6.88,18975.0
11-32-595-05659-627988,12,08,301000,14.66,25433.0
11-32-595-05659-627990,12,08,300700,21.0,34457.0
11-32-595-05659-627991,12,08,300900,7.74,22514.0
11-32-595-05659-627992,12,08,301100,14.21,34455.0
11-32-595-05659-803287,12,08,300500,9.02,27906.0
11-32-595-05661-628008,12,08,301600,12.87,33167.0
11-32-595-05661-628009,12,08,301300,10.59,21407.0
11-32-595-05661-628011,12,08,301400,19.27,22322.0
11-32-595-05661-628012,12,08,301700,10.49,18412.0
11-32-595-05661-628015,12,08,301900,12.34,34995.0
11-32-595-05661-803288,12,08,300101,109.47,582588.0
11-32-595-05661-803289,12,08,301500,27.0,54342.0
11-32-595-05661-803290,12,08,301800,18.69,51078.0
11-32-595-05662-628031,12,08,106000,29.36,25203.0
11-32-595-05662-628035,12,08,107000,23.18,16828.0
11-32-595-05662-803291,12,08,105000,13.18,27595.0
11-32-595-05663-803292,12,08,108000,40.04,35535.0
11-32-596-05666-803293,12,09,101000,35.43,40656.0
11-32-597-05668-628138,12,10,101000,14.24,21226.0
11-32-597-05668-803294,12,10,100000,15.93,21890.0
11-32-597-05669-803295,12,10,102000,8.73,21788.0
11-32-597-05670-628174,12,10,300200,14.04,39363.0
11-32-597-05670-803296,12,10,300101,27.33,89625.0
11-32-597-05670-803296,12,10,300300,22.33,37564.0
11-32-597-05671-803297,12,10,103000,13.5,52445.0
11-32-597-05672-628197,12,10,104000,52.47,37017.0
11-32-598-05673-628214,12,11,101000,11.1,15693.0
11-32-598-05673-628215,12,11,100000,15.14,31642.0
11-32-598-05673-628217,12,11,102000,10.81,18124.0
11-32-598-05673-628225,12,11,300500,26.76,22541.0
11-32-598-05673-803298,12,11,300100,16.18,43326.0
11-32-598-05673-803298,12,11,300400,23.91,28728.0
11-32-598-05673-803298,12,11,300200,14.45,22384.0
11-32-598-05673-803298,12,11,300300,11.29,15904.0
11-32-598-05674-628232,12,11,103000,26.52,24977.0
11-32-598-05674-628234,12,11,310200,14.0,37253.0
11-32-598-05674-803299,12,11,310101,70.48,227716.0
11-32-598-05676-803300,12,11,104000,21.79,67151.0
11-32-598-05677-628271,12,11,105000,13.0,25872.0
11-32-598-05678-628280,12,11,106000,12.65,28299.0
11-32-599-05679-803303,12,12,100000,27.94,54780.0
11-32-599-05682-803304,12,12,101000,23.5,35882.0
11-32-599-05683-628343,12,12,102000,28.42,37733.0
11-32-599-05683-803305,12,12,103000,20.42,26639.0
11-32-600-05686-803307,12,13,100000,34.6,46279.0
11-32-600-05688-803306,12,13,300101,41.29,221007.0
11-32-600-05688-803306,12,13,300200,6.55,28317.0
11-32-600-05688-803306,12,13,300300,4.66,28456.0
11-32-600-05688-803306,12,13,300400,8.55,50165.0
11-32-600-05688-803308,12,13,101000,16.19,37185.0
11-32-601-05689-628475,12,14,101000,7.47,20103.0
11-32-601-05689-803309,12,14,100000,15.42,38987.0
11-32-601-05689-803310,12,14,102000,14.18,32634.0
11-32-601-05690-803311,12,14,103000,32.52,49875.0
11-32-601-05691-803312,12,14,300400,8.14,24541.0
11-32-601-05691-803312,12,14,300200,7.97,25719.0
11-32-601-05691-803312,12,14,300500,12.87,42559.0
11-32-601-05691-803312,12,14,300101,141.53,699872.0
11-32-601-05691-803312,12,14,300300,7.69,33534.0
11-32-601-05692-803313,12,14,104000,9.7,30419.0
11-33-602-05693-803314,23,02,100000,5.0,4402.0
11-33-602-05694-628772,23,02,511700,1.78,18000.0
11-33-602-05694-803315,23,02,101000,9.63,22375.0
11-33-602-05694-803316,23,02,102000,7.56,11422.0
11-33-602-05696-803319,23,02,105000,11.4,34363.0
11-33-602-05697-628977,23,02,107000,7.79,6459.0
11-33-602-05697-628979,23,02,108000,3.42,7552.0
11-33-602-05697-803321,23,02,106000,6.47,15044.0
11-33-602-05698-629121,23,02,104000,7.5,10799.0
11-33-602-05698-803322,23,02,103000,14.78,38564.0
11-33-602-05699-629124,23,02,514900,1.22,3155.0
11-33-602-05699-629153,23,02,515300,1.72,2492.0
11-33-602-05699-629155,23,02,513700,2.53,5526.0
11-33-602-05699-803323,23,02,510200,25.62,183215.0
11-33-602-05699-803324,23,02,512100,14.57,19312.0
11-33-602-05699-803325,23,02,511200,18.59,22313.0
11-33-602-05699-803326,23,02,512000,4.53,14544.0
11-33-602-05699-803327,23,02,511000,6.61,28827.0
11-33-602-05699-803327,23,02,514200,6.35,3283.0
11-33-602-05699-803327,23,02,514500,6.99,4662.0
11-33-602-05700-629168,23,02,513500,15.97,5305.0
11-33-602-05700-629173,23,02,513000,2.65,21338.0
11-33-602-05700-629175,23,02,513100,3.26,10467.0
11-33-602-05700-803328,23,02,510300,37.35,215424.0
11-33-602-05700-803329,23,02,512700,4.78,14881.0
11-33-602-05700-803330,23,02,512600,2.97,21953.0
11-33-602-05700-803331,23,02,512400,3.72,19507.0
11-33-602-05701-629182,23,02,515500,6.95,3549.0
11-33-602-05701-803332,23,02,511100,4.76,27169.0
11-33-602-05701-803333,23,02,510100,21.42,168642.0
11-33-602-05701-803334,23,02,511500,9.0,19093.0
11-33-602-05701-803335,23,02,511600,20.75,17409.0
11-33-602-05701-803336,23,02,512300,6.75,15868.0
11-33-602-05701-803337,23,02,510800,17.4,49256.0
11-33-602-05701-803338,23,02,515600,3.0,8421.0
11-33-603-99999-803339,23,02,515000,1.59,3395.0
11-33-603-99999-803339,23,01,500100,174.0,3841396.0
11-33-604-05702-629284,23,02,515100,1.97,2529.0
11-33-604-05702-629305,23,02,514600,4.12,4892.0
11-33-604-05702-629336,23,02,514400,2.62,4669.0
11-33-604-05702-803342,23,02,514300,1.67,4476.0
11-33-604-05702-803342,23,02,514700,3.56,3284.0
11-33-604-05702-803342,23,02,513800,1.15,4774.0
11-33-604-05702-803342,23,02,111000,19.39,13091.0
11-33-604-05702-803352,23,02,514100,3.03,3802.0
11-33-604-05703-629363,23,02,515400,3.45,1945.0
11-33-604-05703-803343,23,02,511900,2.88,15899.0
11-33-604-05703-803344,23,02,512800,7.02,11235.0
11-33-604-05703-803345,23,02,510500,20.72,107187.0
11-33-604-05703-803346,23,02,512900,6.35,13516.0
11-33-604-05703-803347,23,02,513200,1.75,10739.0
11-33-604-05704-629371,23,02,513300,2.47,9816.0
11-33-604-05704-629372,23,02,513400,2.41,5572.0
11-33-604-05704-803349,23,02,512500,2.69,10563.0
11-33-604-05704-803350,23,02,510700,11.18,39744.0
11-33-604-05704-803351,23,02,510400,19.42,125244.0
11-33-604-05704-803353,23,02,511400,2.98,24345.0
11-33-604-05704-803354,23,02,510900,5.19,36506.0
11-33-604-05704-803355,23,02,512200,5.88,17937.0
11-33-604-05704-803356,23,02,510600,18.0,111866.0
11-33-604-05705-629381,23,02,514000,2.47,11856.0
11-33-604-05705-629382,23,02,514800,5.63,11437.0
11-33-604-05705-629390,23,02,515200,5.39,3298.0
11-33-604-05705-803357,23,02,511800,7.04,16133.0
11-33-604-05705-803358,23,02,513600,4.66,9709.0
11-33-604-05705-803359,23,02,513900,17.42,7822.0
11-33-604-05706-803361,23,02,112000,8.06,19347.0
11-33-604-05706-803364,23,02,113000,6.03,54127.0
11-33-604-05707-629585,23,02,300400,3.91,2818.0
11-33-604-05707-629742,23,02,300300,10.07,9923.0
11-33-604-05707-629743,23,02,109000,0.79,5713.0
11-33-604-05707-803365,23,02,300100,11.6,144955.0
11-33-604-05707-803366,23,02,300200,14.51,13433.0
11-33-604-05707-803367,23,02,110000,8.84,11532.0
11-33-604-05708-803368,23,02,115000,39.64,21568.0
11-33-604-05709-803370,23,02,114000,15.63,23333.0
11-33-604-05710-803372,23,02,116000,17.35,26947.0
11-33-604-05711-630208,23,02,117000,34.89,9654.0
11-33-605-05712-630366,23,03,201000,3.23,5206.0
11-33-605-05712-803375,23,03,202000,1.88,2119.0
11-33-605-05712-803375,23,03,301100,1.32,4240.0
11-33-605-05712-803375,23,03,200001,4.71,83232.0
11-33-605-05712-803376,23,03,105000,7.61,36195.0
11-33-605-05713-630472,23,03,300900,5.27,8869.0
11-33-605-05713-803379,23,03,300300,12.95,21207.0
11-33-605-05713-803380,23,03,300600,1.61,9364.0
11-33-605-05713-803381,23,03,301200,3.76,11369.0
11-33-605-05714-803382,23,03,103000,9.5,21412.0
11-33-605-05714-803384,23,03,310300,2.66,26972.0
11-33-605-05714-803385,23,03,310200,8.52,42583.0
11-33-605-05714-803386,23,03,104000,8.96,26613.0
11-33-605-05715-803387,23,03,100000,9.06,71928.0
11-33-605-05715-803390,23,03,102000,5.18,12756.0
11-33-605-05715-803391,23,03,101000,6.5,8826.0
11-33-605-05716-803392,23,03,310100,7.49,45205.0
11-33-605-05717-630910,23,03,301000,2.71,6975.0
11-33-605-05717-630912,23,03,300800,2.52,7883.0
11-33-605-05717-803396,23,03,300400,6.6,25165.0
11-33-605-05717-803397,23,03,300500,6.35,9739.0
11-33-605-05717-803398,23,03,300100,11.65,175061.0
11-33-605-05717-803399,23,03,106000,10.0,18672.0
11-33-605-05717-803400,23,03,300700,5.1,9480.0
11-33-605-05717-803401,23,03,300200,1.9,21424.0
11-33-605-05718-630968,23,03,211000,1.44,5187.0
11-33-605-05718-630970,23,03,212000,4.2,4271.0
11-33-605-05718-803404,23,03,210001,9.53,72428.0
11-33-605-05719-803406,23,03,107000,18.05,75911.0
11-33-605-05719-803407,23,03,213000,5.5,10421.0
11-33-605-05720-803409,23,03,108000,13.06,23719.0
11-33-605-05720-803410,23,03,109000,4.66,55282.0
11-33-606-05721-803412,23,05,102000,9.76,54898.0
11-33-606-05722-803413,23,05,100000,10.76,31210.0
11-33-606-05723-803415,23,05,101000,9.6,24578.0
11-33-606-05724-803418,23,05,103000,13.79,23046.0
11-33-606-05727-803422,23,05,300000,13.64,109196.0
11-33-607-05729-803427,23,06,100000,22.37,61579.0
11-33-607-05731-803431,23,06,101000,8.93,88788.0
11-33-607-05732-803434,23,06,102000,5.39,4566.0
11-33-607-05732-803435,23,06,103000,12.0,23636.0
11-33-607-05734-803440,23,06,104000,16.01,27894.0
11-33-608-05736-803445,23,07,102000,4.75,13406.0
11-33-608-05736-803446,23,07,103000,14.55,45773.0
11-33-608-05736-803450,23,07,104000,1.53,12831.0
11-33-608-05737-633848,23,07,301500,2.27,4896.0
11-33-608-05737-803451,23,07,301700,2.34,4886.0
11-33-608-05737-803452,23,07,100000,2.25,11884.0
11-33-608-05737-803454,23,07,101000,9.49,17795.0
11-33-608-05738-803456,23,07,105000,28.21,41190.0
11-33-608-05740-634024,23,07,201000,1.71,1373.0
11-33-608-05740-634028,23,07,222000,0.82,1156.0
11-33-608-05740-634036,23,07,300600,1.79,15016.0
11-33-608-05740-634055,23,07,106000,3.61,6582.0
11-33-608-05740-634058,23,07,107000,4.47,8311.0
11-33-608-05740-634063,23,07,301000,3.29,11230.0
11-33-608-05740-634065,23,07,301200,3.98,7645.0
11-33-608-05740-634068,23,07,200001,2.09,4994.0
11-33-608-05740-803463,23,07,300200,4.5,32031.0
11-33-608-05740-803463,23,07,301600,4.04,7497.0
11-33-608-05740-803463,23,07,302000,0.92,3061.0
11-33-608-05740-803463,23,07,302100,4.23,5793.0
11-33-608-05740-803463,23,07,300900,5.88,7613.0
11-33-608-05740-803463,23,07,300800,1.25,10267.0
11-33-608-05740-803463,23,07,300100,19.94,366712.0
11-33-608-05740-803463,23,07,301900,1.3,5171.0
11-33-608-05740-803463,23,07,300400,3.53,11902.0
11-33-608-05740-803463,23,07,302200,0.89,1596.0
11-33-608-05740-803463,23,07,300500,1.81,14397.0
11-33-608-05740-803463,23,07,300700,3.64,11366.0
11-33-608-05740-803463,23,07,301300,2.92,6499.0
11-33-608-05740-803463,23,07,300300,11.08,30938.0
11-33-608-05740-803463,23,07,301400,3.7,6066.0
11-33-608-05740-803464,23,07,108000,2.76,8842.0
11-33-608-05740-803466,23,07,210001,6.76,7939.0
11-33-608-05740-803467,23,07,221000,2.68,10835.0
11-33-608-05743-803473,23,07,109000,27.62,55667.0
11-33-609-05745-634383,23,07,224000,1.19,1037.0
11-33-609-05745-634473,23,07,600300,10.36,8920.0
11-33-609-05745-803481,23,07,220001,12.25,13602.0
11-33-609-05745-803482,23,07,290001,7.8,57672.0
11-33-609-05745-803484,23,07,113000,25.19,63027.0
11-33-609-05745-803485,23,07,600200,8.45,13491.0
11-33-609-05745-803486,23,07,600100,2.29,36657.0
11-33-609-05746-634479,23,07,211000,11.1,3247.0
11-33-609-05746-803487,23,07,110000,4.81,11368.0
11-33-609-05746-803493,23,07,111000,8.16,39386.0
11-33-609-05746-803494,23,07,112000,4.07,8405.0
11-33-609-05747-803497,23,07,114000,10.24,45038.0
11-33-610-05749-803505,23,08,100000,29.24,32417.0
11-33-610-05749-803508,23,08,102000,5.83,6005.0
11-33-610-05749-803509,23,08,101000,5.77,15075.0
11-33-610-05750-634896,23,08,292000,2.56,4290.0
11-33-610-05750-803512,23,08,103000,2.37,17524.0
11-33-610-05750-803517,23,08,291001,3.72,35198.0
11-33-610-05751-803523,23,08,104000,7.51,48364.0
11-33-610-05752-635020,23,08,106000,13.05,9006.0
11-33-610-05752-635021,23,08,107000,9.29,6423.0
11-33-610-05752-803535,23,08,108000,2.1,13453.0
11-33-610-05753-803537,23,08,109000,5.72,6993.0
11-33-610-05753-803538,23,08,610500,20.05,16293.0
11-33-610-05753-803541,23,08,610200,30.72,61649.0
11-33-610-05753-803542,23,08,610100,8.44,159232.0
11-33-610-05753-803543,23,08,610400,3.17,24209.0
11-33-610-05753-803544,23,08,610300,48.64,41304.0
11-33-611-05754-803558,23,09,201000,95.33,37787.0
11-33-611-05755-803559,23,09,200001,61.2,19762.0
11-33-611-05755-803560,23,09,100000,47.97,32603.0
11-33-611-05755-803561,23,09,101000,103.43,22713.0
11-33-611-05756-635087,23,09,211000,134.03,8416.0
11-33-611-05756-803563,23,09,210001,106.05,11578.0
11-33-611-05756-803564,23,09,102000,30.67,81763.0
11-33-611-05757-635107,23,09,221000,37.16,8564.0
11-33-611-05757-803565,23,09,220001,30.93,29557.0
11-33-611-05757-803566,23,09,233000,19.1,14257.0
11-33-611-05758-635115,23,09,235000,1.13,5562.0
11-33-611-05758-635116,23,09,234000,6.39,10383.0
11-33-611-05758-803567,23,09,232000,6.67,19764.0
11-33-611-05758-803570,23,09,230001,15.05,48003.0
11-33-611-05759-803572,23,09,231000,14.58,2718.0
11-33-612-05760-803574,23,11,100000,9.58,6598.0
11-33-612-05760-803576,23,11,200001,6.63,68907.0
11-33-612-05762-803581,23,11,101000,2.2,7541.0
11-33-612-05763-803585,23,11,102000,12.43,19105.0
11-33-612-05764-803589,23,11,300000,14.01,182477.0
11-33-612-05765-803592,23,11,103000,1.56,22866.0
11-33-612-05766-803595,23,11,104000,21.83,27423.0
11-33-612-05767-803598,23,11,106000,10.32,14770.0
11-33-612-05767-803600,23,11,105000,12.95,20032.0
11-33-613-05768-803602,23,12,112000,10.63,15799.0
11-33-613-05769-803604,23,12,111000,4.5,16191.0
11-33-613-05769-803606,23,12,310200,13.0,40251.0
11-33-613-05769-803607,23,12,310100,6.03,73418.0
11-33-613-05771-803613,23,12,113000,19.0,23996.0
11-33-614-05773-803616,23,12,109000,10.88,11114.0
11-33-614-05774-803618,23,12,107000,8.21,7895.0
11-33-614-05774-803620,23,12,108000,17.13,11231.0
11-33-614-05774-803620,23,12,110000,18.8,22103.0
11-33-614-05775-803623,23,12,100000,14.55,27640.0
11-33-614-05776-803625,23,12,106000,8.61,18611.0
11-33-614-05777-803626,23,12,103000,11.0,10285.0
11-33-614-05777-803628,23,12,104000,6.44,8109.0
11-33-614-05777-803629,23,12,105000,8.96,19917.0
11-33-614-05779-636014,23,12,301300,3.85,1346.0
11-33-614-05779-803631,23,12,301200,0.76,4919.0
11-33-614-05779-803631,23,12,300500,7.99,26348.0
11-33-614-05779-803631,23,12,300100,23.0,387223.0
11-33-614-05779-803631,23,12,300900,12.41,20468.0
11-33-614-05779-803631,23,12,300300,24.61,69639.0
11-33-614-05779-803631,23,12,301000,5.5,29493.0
11-33-614-05779-803631,23,12,300700,3.9,19316.0
11-33-614-05779-803631,23,12,300600,24.61,17619.0
11-33-614-05780-636037,23,12,301100,26.58,13826.0
11-33-614-05780-803633,23,12,300800,4.17,18315.0
11-33-614-05780-803634,23,12,300400,19.42,33241.0
11-33-614-05781-803635,23,12,114000,25.07,31837.0
11-33-615-05783-803639,23,12,101000,24.47,26451.0
11-33-616-05787-803645,23,12,102000,7.62,24141.0
11-33-617-05788-803646,23,06,106000,2.06,6538.0
11-33-617-05788-803648,23,06,107000,21.49,42783.0
11-33-617-05788-803649,23,06,105000,18.03,51394.0
11-33-617-05789-636665,23,06,108000,5.48,4962.0
11-33-617-05789-803650,23,06,300000,27.71,144561.0
11-33-617-05790-636738,23,06,310100,97.27,118080.0
11-33-617-05790-803651,23,06,109000,12.91,23117.0
11-33-617-05791-803653,23,06,112000,11.81,23550.0
11-33-617-05791-803655,23,06,111000,11.4,17605.0
11-33-617-05791-803657,23,06,200001,4.8,58740.0
11-33-617-05791-803658,23,06,201000,5.05,9209.0
11-33-617-05793-803663,23,06,310200,19.02,8809.0
11-33-617-05793-803664,23,06,110000,27.24,52819.0
11-33-618-05795-637387,23,13,100000,17.26,11551.0
11-33-618-05795-803667,23,13,101000,13.3,28980.0
11-33-618-05795-803668,23,13,102000,6.17,6490.0
11-33-618-05796-803670,23,13,104000,11.27,76837.0
11-33-618-05797-803671,23,13,105000,6.6,12448.0
11-33-618-05798-803672,23,13,103000,19.22,18881.0
11-33-618-05799-637707,23,13,202000,0.7,4500.0
11-33-618-05799-803674,23,13,200001,14.8,86489.0
11-33-618-05799-803674,23,13,201000,4.0,8756.0
11-33-618-05802-803678,23,13,123000,33.99,29832.0
11-33-619-05803-803679,23,13,114000,5.59,10412.0
11-33-619-05806-803684,23,13,116000,10.47,49195.0
11-33-619-05807-803685,23,13,117000,2.62,7597.0
11-33-619-05807-803686,23,13,118000,11.97,21870.0
11-33-619-05808-803687,23,13,119000,11.55,56552.0
11-33-619-05809-803688,23,13,121000,13.0,23328.0
11-33-619-05809-803689,23,13,122000,11.27,18826.0
11-33-620-05810-803691,23,13,106000,6.5,11304.0
11-33-620-05810-803693,23,13,108000,3.8,12820.0
11-33-620-05810-803694,23,13,107000,9.86,12452.0
11-33-620-05811-803696,23,13,109000,5.0,12377.0
11-33-620-05811-803697,23,13,300100,12.58,139483.0
11-33-620-05811-803699,23,13,300200,2.1,11057.0
11-33-620-05812-803700,23,13,110000,11.52,14997.0
11-33-620-05812-803701,23,13,111000,7.73,13092.0
11-33-620-05812-803703,23,13,115000,6.74,14057.0
11-33-620-05813-803704,23,13,112000,5.55,14495.0
11-33-620-05813-803706,23,13,113000,4.79,12611.0
11-33-620-05814-803707,23,13,310000,15.36,202013.0
11-33-620-05816-803711,23,13,124000,21.83,58062.0
11-33-620-05816-803712,23,13,125000,12.8,26645.0
11-33-621-05818-803715,23,14,101000,10.13,10795.0
11-33-621-05819-803717,23,14,100000,8.37,8413.0
11-33-621-05821-639447,23,14,102000,7.73,11091.0
11-33-621-05821-803718,23,14,103000,12.95,99058.0
11-33-621-05823-803720,23,14,105000,8.6,11417.0
11-33-621-05824-803721,23,14,104000,2.55,10882.0
11-33-621-05826-803724,23,14,108000,7.3,30327.0
11-33-622-05829-803726,23,15,100000,2.59,15633.0
11-33-622-05829-803727,23,15,101000,14.4,23564.0
11-33-622-05830-640126,23,15,300700,22.04,5456.0
11-33-622-05830-803728,23,15,300600,7.71,4660.0
11-33-622-05830-803729,23,15,300300,12.16,6857.0
11-33-622-05830-803730,23,15,300200,10.39,8318.0
11-33-622-05830-803731,23,15,300400,5.12,6289.0
11-33-622-05830-803732,23,15,300500,10.95,7381.0
11-33-622-05830-803733,23,15,300100,10.63,71965.0
11-33-622-05831-803734,23,15,102000,12.42,38265.0
11-33-622-05832-803735,23,15,104000,18.0,5693.0
11-33-622-05832-803736,23,15,103000,6.97,33190.0
11-33-622-05833-803737,23,15,105000,11.31,18446.0
11-33-622-05833-803738,23,15,106000,8.93,22879.0
11-33-622-05834-803739,23,15,107000,26.25,21595.0
11-33-623-05835-803741,23,16,109000,15.02,32878.0
11-33-623-05836-640707,23,16,300600,3.42,7753.0
11-33-623-05836-640712,23,16,110000,1.58,8912.0
11-33-623-05836-640713,23,16,300900,1.93,14086.0
11-33-623-05836-803743,23,16,300400,8.99,12732.0
11-33-623-05836-803744,23,16,300500,6.24,14040.0
11-33-623-05838-803749,23,16,108000,13.84,26413.0
11-33-623-05839-803752,23,16,112000,10.38,7830.0
11-33-623-05840-803753,23,16,111000,10.07,34601.0
11-33-623-05841-641066,23,16,301000,4.01,9231.0
11-33-623-05841-803754,23,16,300100,46.99,940989.0
11-33-623-05841-803755,23,16,300800,0.7,12755.0
11-33-623-05841-803756,23,16,300300,27.83,35810.0
11-33-623-05841-803757,23,16,300200,13.24,30078.0
11-33-623-05841-803758,23,16,300700,0.28,7437.0
11-33-624-05842-803760,23,16,100000,8.74,66500.0
11-33-624-05843-803767,23,16,105000,2.1,46744.0
11-33-624-05844-803769,23,16,106000,21.94,66050.0
11-33-624-05845-803777,23,16,101000,25.95,35397.0
11-33-624-05845-803779,23,16,102000,11.91,22703.0
11-33-624-05845-803783,23,16,103000,6.48,52435.0
11-33-624-05845-803784,23,16,104000,55.43,36593.0
11-33-624-05846-803786,23,16,107000,3.48,19153.0
11-33-625-05847-641210,23,17,113000,6.6,5485.0
11-33-625-05847-803787,23,17,300000,11.36,114202.0
11-33-625-05847-803789,23,17,114000,5.68,11497.0
11-33-625-05848-803794,23,17,100000,5.72,68644.0
11-33-625-05849-641311,23,17,107000,8.32,18991.0
11-33-625-05849-641313,23,17,106000,8.91,17659.0
11-33-625-05849-641314,23,17,105000,3.09,9358.0
11-33-625-05849-641315,23,17,108000,0.94,14899.0
11-33-625-05849-641317,23,17,109000,7.53,6126.0
11-33-625-05849-803796,23,17,310200,6.12,36582.0
11-33-625-05849-803797,23,17,310100,6.89,65593.0
11-33-625-05850-641369,23,17,102000,4.73,15957.0
11-33-625-05850-641370,23,17,103000,11.86,11238.0
11-33-625-05850-803798,23,17,101000,6.6,70971.0
11-33-625-05853-803801,23,17,104000,31.48,78976.0
11-33-625-05854-641766,23,17,112000,6.36,4363.0
11-33-625-05854-641767,23,17,111000,5.51,5937.0
11-33-625-05854-803802,23,17,110000,3.83,29226.0
11-33-626-05855-641832,23,18,201000,8.46,6908.0
11-33-626-05855-803803,23,18,200001,3.92,12332.0
11-33-626-05856-803805,23,18,100000,13.0,72321.0
11-33-626-05857-803806,23,18,102000,22.76,10397.0
11-33-626-05858-803808,23,18,101000,29.29,12367.0
11-33-626-05860-803810,23,18,103000,5.89,52879.0
11-33-626-05860-803811,23,18,105000,21.16,19935.0
11-33-626-05860-803812,23,18,104000,27.2,29928.0
11-33-626-05861-803813,23,18,106000,52.36,32721.0
11-33-627-05862-803814,23,19,100000,5.21,78834.0
11-33-627-05862-803815,23,19,102000,9.59,13122.0
11-33-627-05862-803817,23,19,103000,19.36,8106.0
11-33-627-05863-803818,23,19,101000,20.96,12167.0
11-33-627-05864-803820,23,19,104000,16.41,10474.0
11-33-627-05866-642455,23,19,301000,6.74,2099.0
11-33-627-05866-642465,23,19,300800,5.75,2818.0
11-33-627-05866-642474,23,19,300900,18.79,2271.0
11-33-627-05866-642476,23,19,300300,8.71,13327.0
11-33-627-05866-642477,23,19,300500,35.73,10679.0
11-33-627-05866-642478,23,19,300200,18.88,26005.0
11-33-627-05866-642480,23,19,300400,5.78,12201.0
11-33-627-05866-803821,23,19,300700,2.16,5912.0
11-33-627-05866-803821,23,19,300100,13.47,199854.0
11-33-627-05867-642516,23,19,300600,23.79,4925.0
11-33-627-05867-803822,23,19,105000,4.28,12518.0
11-33-627-05867-803824,23,19,107000,9.22,17459.0
11-33-627-05867-803825,23,19,106000,3.88,9376.0
11-33-627-05868-642577,23,19,108000,14.57,9877.0
11-33-627-05868-642589,23,19,110000,5.75,7829.0
11-33-627-05868-803826,23,19,201000,16.4,24428.0
11-33-627-05868-803829,23,19,112000,9.1,8685.0
11-33-627-05868-803830,23,19,111000,11.3,15814.0
11-33-627-05868-803831,23,19,202000,10.8,23453.0
11-33-627-05868-803833,23,19,200001,10.5,27420.0
11-33-627-05868-803834,23,19,109000,10.8,19915.0
11-33-627-05869-642606,23,19,114000,13.39,5853.0
11-33-627-05869-803835,23,19,113000,15.88,14270.0
11-33-628-05870-803839,23,20,100000,55.17,53287.0
11-33-628-05871-803841,23,20,101000,11.4,48846.0
11-33-628-05873-803843,23,20,103000,52.25,68819.0
11-33-628-05873-803846,23,20,104000,26.16,55189.0
11-33-628-05873-803849,23,20,105000,7.79,2842.0
11-33-628-05874-803855,23,20,102000,2.68,25820.0
11-33-628-05876-642839,23,20,300700,5.56,6902.0
11-33-628-05876-642884,23,20,301100,3.41,952.0
11-33-628-05876-803858,23,20,300800,8.48,4533.0
11-33-628-05876-803859,23,20,300500,8.57,14884.0
11-33-628-05876-803860,23,20,300100,15.15,135825.0
11-33-628-05876-803860,23,20,300400,1.4,18883.0
11-33-628-05877-642891,23,20,301000,3.88,1680.0
11-33-628-05878-642993,23,20,107000,4.05,11912.0
11-33-628-05878-803863,23,20,106000,38.85,49834.0
11-33-628-05878-803864,23,20,200001,17.84,33893.0
11-33-628-05878-803866,23,20,108000,5.93,19303.0
11-33-628-05878-803867,23,20,201000,6.51,25768.0
11-33-628-05879-803875,23,20,109000,7.86,13633.0
11-33-628-05880-803879,23,20,110000,34.0,17161.0
11-33-629-05881-803886,23,21,100000,5.15,19226.0
11-33-629-05882-803907,23,21,101000,6.47,19269.0
11-33-629-05882-803917,23,21,102000,5.18,24305.0
11-33-629-05884-803927,23,21,300000,24.27,190084.0
11-33-629-05884-803932,23,07,301100,8.53,7347.0
11-33-629-05884-803939,23,21,103000,4.91,17225.0
11-33-630-05885-803942,23,04,105000,2.5,15853.0
11-33-630-05886-803944,23,04,104000,14.7,19822.0
11-33-630-05888-803948,23,04,106000,11.65,59318.0
11-33-631-05890-803951,23,04,100000,12.5,41739.0
11-33-631-05891-803954,23,04,102000,11.5,60315.0
11-33-631-05891-803955,23,04,103000,4.37,14719.0
11-33-631-05892-803957,23,04,101000,14.25,18909.0
11-33-632-05895-803961,23,10,100000,7.2,63479.0
11-33-632-05895-803962,23,10,101000,20.0,20065.0
11-33-632-05896-803966,23,10,320500,10.96,19715.0
11-33-632-05896-803967,23,10,321700,5.6,6561.0
11-33-632-05897-644442,23,10,321100,6.55,10089.0
11-33-632-05897-644443,23,10,321800,8.65,6306.0
11-33-632-05897-644445,23,10,321900,10.02,5130.0
11-33-632-05897-803969,23,10,102000,19.99,13851.0
11-33-632-05897-803970,23,10,320900,12.35,9325.0
11-33-632-05897-803972,23,10,320600,9.38,18043.0
11-33-632-05897-803975,23,10,321600,6.37,6972.0
11-33-632-05897-803977,23,10,321400,11.76,10753.0
11-33-632-05897-803980,23,10,321500,12.32,7754.0
11-33-632-05897-803981,23,10,320700,8.55,22005.0
11-33-632-05897-803982,23,10,321000,8.99,10572.0
11-33-632-05898-644473,23,10,321300,11.18,9235.0
11-33-632-05898-803984,23,10,320100,105.6,816321.0
11-33-632-05898-803988,23,10,320800,16.18,14388.0
11-33-632-05898-803989,23,10,320200,20.33,64796.0
11-33-632-05898-803990,23,10,320300,23.54,37803.0
11-33-632-05898-803991,23,10,321200,6.11,6823.0
11-33-632-05898-803996,23,10,320400,21.47,18110.0
11-33-632-05899-644532,23,10,310600,3.86,2892.0
11-33-632-05899-644593,23,10,310400,1.92,6002.0
11-33-632-05899-644594,23,10,310500,4.71,4475.0
11-33-632-05899-804002,23,10,310100,13.86,86897.0
11-33-632-05899-804003,23,10,310300,12.9,12702.0
11-33-632-05899-804004,23,10,310200,5.5,14164.0
11-33-632-05899-804006,23,10,104000,16.07,17429.0
11-33-632-05900-804010,23,10,330000,393.68,106523.0
11-33-633-05901-804012,23,08,110000,22.17,21259.0
11-33-633-05902-804018,23,08,111000,7.02,48393.0
11-33-633-05903-804020,23,08,105000,7.13,6183.0
11-33-633-05903-804021,23,10,300300,8.75,17273.0
11-33-633-05903-804022,23,10,300400,14.76,9286.0
11-33-633-05904-644792,23,10,300600,10.39,9254.0
11-33-633-05904-644800,23,10,300500,11.64,8515.0
11-33-633-05904-804024,23,10,300200,1.92,26248.0
11-33-633-05904-804026,23,10,300100,43.52,235661.0
11-33-633-05905-804028,23,10,103000,13.36,22406.0
11-33-633-05905-804028,23,10,322000,1.32,45.0
11-33-633-05906-644880,23,10,106000,5.74,8447.0
11-33-633-05906-804029,23,10,105000,7.41,58678.0
11-34-634-05908-804035,33,04,100000,30.0,20297.0
11-34-635-05909-804036,33,01,300101,19.54,203065.0
11-34-635-05910-804037,33,01,300201,33.07,157131.0
11-34-635-05911-804038,33,01,300300,2.24,5013.0
11-34-636-05913-804039,33,03,103000,2.0,6093.0
11-34-636-05913-804039,33,03,102000,2.3,6431.0
11-34-636-05913-804039,33,03,100000,1.53,10446.0
11-34-636-05913-804039,33,03,101000,3.17,10477.0
11-34-637-05914-804040,33,02,100000,35.17,61804.0
11-35-640-05923-804041,27,01,100000,14.14,74955.0
