shrid2,pc11_state_id,pc11_district_id,pc11_subdistrict_id
11-01-001-00001-000123,01,001,00001
11-01-001-00001-000124,01,001,00001
11-01-001-00001-000125,01,001,00001
11-01-001-00001-000126,01,001,00001
11-01-001-00001-000127,01,001,00001
11-01-001-00001-000128,01,001,00001
11-01-001-00001-800001,01,001,00001
11-01-001-00002-800002,01,001,00002
11-01-001-00003-000369,01,001,00003
11-01-001-00003-000370,01,001,00003
11-01-002-00005-800016,01,002,00005
11-01-002-00005-800017,01,002,00005
11-01-002-00006-800018,01,002,00006
11-01-002-00007-000720,01,002,00007
11-01-002-00007-800019,01,002,00007
11-01-002-00008-000829,01,002,00008
11-01-002-00008-000830,01,002,00008
11-01-002-00008-800020,01,002,00008
11-01-002-00009-800021,01,002,00009
11-01-003-00010-000909,01,003,00010
11-01-003-00010-000910,01,003,00010
11-01-003-00010-800047,01,003,00010
11-01-004-00013-800048,01,004,00013
11-01-005-00016-800062,01,005,00016
11-01-005-00018-001233,01,005,00018
11-01-005-00019-800063,01,005,00019
11-01-006-00020-800064,01,006,00020
11-01-006-00022-800065,01,006,00022
11-01-006-00025-800066,01,006,00025
11-01-006-00026-800067,01,006,00026
11-01-007-00027-800081,01,007,00027
11-01-007-00028-800082,01,007,00028
11-01-007-00030-800083,01,007,00030
11-01-007-00030-800084,01,007,00030
11-01-007-00030-800085,01,007,00030
11-01-007-00031-800086,01,007,00031
11-01-008-00032-800003,01,008,00032
11-01-008-00033-800004,01,008,00033
11-01-008-00034-800005,01,008,00034
11-01-008-00035-800006,01,008,00035
11-01-008-00037-800007,01,008,00037
11-01-008-00039-800008,01,008,00039
11-01-008-00039-800009,01,008,00039
11-01-009-00041-800010,01,009,00041
11-01-009-00042-800011,01,009,00042
11-01-009-00042-800012,01,009,00042
11-01-010-00043-002830,01,010,00043
11-01-010-00043-800013,01,010,00043
11-01-010-00043-800013,01,010,00044
11-01-010-00043-800013,01,002,00008
11-01-010-00043-800014,01,010,00043
11-01-010-00044-002834,01,010,00044
11-01-010-00044-002835,01,010,00044
11-01-011-00045-002883,01,011,00045
11-01-011-00047-002958,01,011,00047
11-01-011-00047-800015,01,011,00047
11-01-012-00048-800022,01,012,00048
11-01-012-00048-800023,01,012,00048
11-01-012-00049-800024,01,012,00049
11-01-012-00050-800025,01,012,00050
11-01-012-00051-800026,01,012,00051
11-01-013-00052-800027,01,013,00052
11-01-014-00053-800028,01,014,00053
11-01-014-00053-800029,01,014,00053
11-01-014-00054-800030,01,014,00054
11-01-014-00054-800031,01,014,00054
11-01-014-00055-800032,01,014,00055
11-01-014-00055-800033,01,015,00059
11-01-014-00055-800033,01,014,00055
11-01-014-00055-800034,01,014,00055
11-01-014-00055-800035,01,014,00055
11-01-014-00056-800036,01,014,00056
11-01-014-00057-800037,01,014,00057
11-01-014-00058-800038,01,014,00058
11-01-014-00058-800039,01,014,00058
11-01-015-00059-800040,01,015,00059
11-01-015-00059-800041,01,015,00059
11-01-015-00059-800042,01,015,00059
11-01-015-00059-800043,01,015,00059
11-01-015-00059-800044,01,015,00059
11-01-015-00059-800045,01,015,00059
11-01-015-00060-800046,01,015,00060
11-01-016-00062-800049,01,016,00062
11-01-016-00065-800050,01,016,00065
11-01-017-00066-800051,01,017,00066
11-01-017-00067-800052,01,017,00067
11-01-017-00067-800053,01,017,00067
11-01-018-00068-800054,01,018,00068
11-01-019-00072-004954,01,019,00072
11-01-019-00072-004955,01,019,00072
11-01-019-00072-800055,01,019,00072
11-01-019-00073-800056,01,019,00073
11-01-019-00073-800057,01,019,00073
11-01-019-00074-800058,01,019,00074
11-01-020-00077-005415,01,020,00077
11-01-020-00077-005416,01,020,00077
11-01-020-00077-800059,01,020,00077
11-01-020-00077-800060,01,020,00077
11-01-020-00077-800061,01,020,00077
11-01-021-00078-800068,01,021,00078
11-01-021-00078-800069,01,021,00078
11-01-021-00078-800070,01,021,00078
11-01-021-00079-005963,01,021,00079
11-01-021-00079-005964,01,021,00079
11-01-021-00079-005965,01,021,00079
11-01-021-00079-800071,01,021,00079
11-01-021-00079-800072,01,021,00079
11-01-021-00079-800073,01,021,00079
11-01-021-00080-006176,01,021,00080
11-01-021-00080-006177,01,021,00080
11-01-021-00080-006178,01,021,00080
11-01-021-00080-800074,01,021,00080
11-01-021-00081-800075,01,021,00081
11-01-021-00081-800076,01,021,00081
11-01-022-00082-006671,01,022,00082
11-01-022-00082-006672,01,022,00082
11-01-022-00082-800077,01,022,00082
11-01-022-00082-800078,01,022,00082
11-01-022-00082-800079,01,022,00082
11-01-022-00082-800080,01,022,00082
11-02-023-00087-800087,02,023,00087
11-02-023-00087-800088,02,023,00087
11-02-023-00088-800089,02,023,00088
11-02-023-00088-800090,02,023,00088
11-02-023-00090-800091,02,023,00090
11-02-024-00093-800092,02,024,00093
11-02-024-00094-008799,02,024,00094
11-02-024-00099-800093,02,024,00099
11-02-024-00099-800094,02,024,00099
11-02-024-00100-800095,02,024,00100
11-02-024-00101-800096,02,024,00101
11-02-024-00103-800097,02,024,00103
11-02-024-00104-800098,02,024,00104
11-02-024-00111-800099,02,024,00111
11-02-026-00117-800100,02,026,00117
11-02-026-00118-012896,02,026,00118
11-02-026-00118-800101,02,026,00118
11-02-026-00118-800102,02,026,00118
11-02-026-00120-800103,02,026,00120
11-02-027-00124-800104,02,027,00124
11-02-027-00129-800105,02,027,00129
11-02-027-00132-800106,02,027,00132
11-02-027-00133-800107,02,027,00133
11-02-027-00133-800108,02,027,00133
11-02-028-00140-800109,02,028,00140
11-02-028-00141-800110,02,028,00141
11-02-028-00143-800111,02,028,00143
11-02-028-00144-800112,02,028,00144
11-02-029-00148-800113,02,029,00148
11-02-029-00148-800114,02,029,00148
11-02-029-00150-800115,02,029,00150
11-02-029-00150-800116,02,029,00150
11-02-029-00150-800117,02,029,00150
11-02-030-00152-800118,02,030,00152
11-02-030-00154-800119,02,030,00154
11-02-030-00155-800120,02,030,00155
11-02-030-00156-800121,02,030,00156
11-02-031-00158-800122,02,031,00158
11-02-031-00161-800123,02,031,00161
11-02-031-00162-800124,02,031,00162
11-02-031-00164-800125,02,031,00164
11-02-031-00164-800126,02,031,00164
11-02-031-00165-800127,02,031,00165
11-02-031-00165-800128,02,031,00165
11-02-031-00165-800129,02,031,00165
11-02-032-00167-800130,02,032,00167
11-02-032-00172-800131,02,032,00172
11-02-032-00173-800132,02,032,00173
11-02-033-00177-023702,02,033,00177
11-02-033-00177-800133,02,033,00177
11-02-033-00179-800134,02,033,00179
11-02-033-00180-800135,02,033,00180
11-02-033-00181-800136,02,033,00181
11-02-033-00182-800137,02,033,00182
11-02-033-00184-800138,02,033,00184
11-02-033-00185-800139,02,033,00185
11-02-033-00188-800140,02,033,00188
11-02-033-00189-800141,02,033,00189
11-02-033-00191-800142,02,033,00191
11-03-035-00200-027401,03,035,00200
11-03-035-00201-027772,03,035,00201
11-03-035-00201-027773,03,035,00201
11-03-035-00201-027774,03,035,00201
11-03-035-00201-027775,03,035,00201
11-03-035-00201-027776,03,035,00201
11-03-035-00201-027777,03,035,00201
11-03-035-00201-027778,03,035,00201
11-03-035-00201-027779,03,035,00201
11-03-035-00201-027780,03,035,00201
11-03-035-00201-027781,03,035,00201
11-03-035-00201-027782,03,035,00201
11-03-035-00201-800143,03,035,00201
11-03-035-00201-800144,03,035,00201
11-03-035-00202-028501,03,035,00202
11-03-035-00202-028502,03,035,00202
11-03-035-00202-028503,03,035,00202
11-03-035-00202-028504,03,035,00202
11-03-035-00202-800145,03,035,00202
11-03-035-00202-800146,03,035,00202
11-03-035-00202-800147,03,035,00202
11-03-035-00203-800148,03,035,00203
11-03-035-00203-800149,03,035,00203
11-03-035-00203-800150,03,035,00203
11-03-035-00203-800151,03,035,00203
11-03-035-00204-028993,03,035,00204
11-03-035-00204-800152,03,035,00204
11-03-036-00205-800153,03,036,00205
11-03-036-00205-800154,03,036,00205
11-03-036-00206-029355,03,036,00206
11-03-036-00206-800155,03,036,00206
11-03-036-00206-800156,03,036,00206
11-03-036-00207-800157,03,036,00207
11-03-036-00208-029683,03,036,00208
11-03-036-00208-029684,03,036,00208
11-03-036-00208-800158,03,036,00208
11-03-037-00209-800159,03,037,00209
11-03-037-00209-800160,03,037,00209
11-03-037-00210-800161,03,037,00210
11-03-037-00211-030247,03,037,00211
11-03-037-00211-030248,03,037,00211
11-03-037-00211-800162,03,037,00211
11-03-037-00211-800163,03,037,00211
11-03-037-00211-800164,03,037,00211
11-03-037-00212-030387,03,037,00212
11-03-037-00212-030388,03,037,00212
11-03-037-00212-030389,03,037,00212
11-03-037-00212-030390,03,037,00212
11-03-037-00212-030391,03,037,00212
11-03-037-00212-800165,03,037,00212
11-03-037-00212-800166,03,037,00213
11-03-037-00212-800166,03,037,00212
11-03-037-00212-800167,03,037,00212
11-03-037-00212-800168,03,037,00212
11-03-037-00213-030635,03,037,00213
11-03-037-00213-030636,03,037,00213
11-03-037-00213-800169,03,037,00213
11-03-037-00213-800170,03,037,00213
11-03-038-00214-800171,03,038,00214
11-03-038-00214-800172,03,038,00214
11-03-038-00214-800173,03,038,00214
11-03-038-00215-031343,03,038,00215
11-03-038-00215-031344,03,038,00215
11-03-038-00215-031345,03,038,00215
11-03-038-00215-800174,03,038,00215
11-03-038-00216-031760,03,038,00216
11-03-038-00216-800175,03,038,00216
11-03-038-00216-800176,03,038,00216
11-03-038-00216-800177,03,038,00216
11-03-038-00217-800178,03,038,00217
11-03-038-00217-800179,03,038,00217
11-03-039-00218-032342,03,039,00218
11-03-039-00218-032343,03,039,00218
11-03-039-00218-032344,03,039,00218
11-03-039-00218-800180,03,039,00218
11-03-039-00218-800181,03,039,00218
11-03-039-00218-800182,03,039,00218
11-03-039-00219-032529,03,039,00219
11-03-039-00219-800183,03,039,00219
11-03-040-00220-800184,03,040,00220
11-03-040-00221-800185,03,040,00221
11-03-040-00222-800186,03,040,00222
11-03-040-00222-800187,03,040,00222
11-03-040-00223-800188,03,040,00223
11-03-041-00224-800189,03,041,00224
11-03-041-00224-800190,03,041,00224
11-03-041-00225-800191,03,041,00225
11-03-041-00226-800192,03,041,00226
11-03-041-00226-800193,03,041,00226
11-03-041-00226-800194,03,041,00226
11-03-041-00227-033546,03,041,00227
11-03-041-00227-800195,03,041,00227
11-03-041-00227-800196,03,041,00227
11-03-041-00228-033674,03,041,00228
11-03-041-00228-033675,03,041,00228
11-03-041-00228-033676,03,041,00228
11-03-041-00228-033677,03,041,00228
11-03-041-00228-033678,03,041,00228
11-03-041-00228-033679,03,041,00228
11-03-041-00228-800197,03,041,00228
11-03-041-00229-033754,03,041,00229
11-03-041-00229-033755,03,041,00229
11-03-041-00229-800198,03,041,00229
11-03-041-00230-800199,03,041,00230
11-03-042-00231-800200,03,042,00231
11-03-042-00232-800201,03,042,00232
11-03-042-00233-034220,03,042,00233
11-03-042-00233-800202,03,042,00233
11-03-042-00233-800203,03,042,00233
11-03-043-00234-800204,03,043,00234
11-03-043-00234-800205,03,043,00234
11-03-043-00234-800206,03,043,00234
11-03-043-00235-034787,03,043,00235
11-03-043-00235-800207,03,043,00235
11-03-043-00235-800208,03,043,00235
11-03-043-00235-800209,03,043,00235
11-03-043-00235-800210,03,043,00235
11-03-043-00236-800211,03,043,00236
11-03-043-00236-800212,03,043,00236
11-03-043-00237-035150,03,043,00237
11-03-043-00237-800213,03,043,00237
11-03-043-00238-800214,03,043,00238
11-03-044-00239-800215,03,044,00239
11-03-044-00240-800216,03,044,00240
11-03-044-00241-800217,03,044,00241
11-03-044-00241-800218,03,044,00241
11-03-045-00242-800219,03,045,00242
11-03-045-00242-800220,03,045,00242
11-03-045-00243-800221,03,045,00243
11-03-046-00244-800222,03,046,00244
11-03-046-00244-800223,03,046,00244
11-03-046-00245-035831,03,046,00245
11-03-046-00245-035832,03,046,00245
11-03-046-00245-800224,03,046,00245
11-03-046-00245-800225,03,046,00245
11-03-046-00245-800226,03,046,00245
11-03-046-00245-800227,03,046,00245
11-03-046-00245-800228,03,046,00245
11-03-046-00246-800229,03,046,00246
11-03-046-00246-800230,03,046,00246
11-03-046-00246-800231,03,046,00246
11-03-047-00247-800232,03,047,00247
11-03-047-00248-800233,03,047,00248
11-03-047-00248-800234,03,047,00248
11-03-047-00249-800235,03,047,00249
11-03-047-00249-800236,03,047,00249
11-03-048-00250-800237,03,048,00250
11-03-048-00251-800238,03,048,00251
11-03-048-00251-800239,03,048,00251
11-03-048-00252-036472,03,048,00252
11-03-048-00252-800240,03,048,00252
11-03-048-00252-800241,03,048,00252
11-03-048-00253-036830,03,048,00253
11-03-048-00253-800242,03,048,00253
11-03-048-00253-800243,03,048,00253
11-03-048-00254-037081,03,048,00254
11-03-048-00254-800244,03,048,00254
11-03-048-00254-800245,03,048,00254
11-03-049-00255-037425,03,049,00255
11-03-049-00255-800246,03,049,00255
11-03-049-00255-800247,03,049,00255
11-03-049-00255-800248,03,049,00255
11-03-049-00256-800249,03,049,00256
11-03-049-00256-800250,03,049,00256
11-03-049-00256-800251,03,049,00256
11-03-049-00257-037671,03,049,00257
11-03-049-00257-037672,03,049,00257
11-03-049-00257-037673,03,049,00257
11-03-049-00257-800252,03,049,00257
11-03-049-00257-800252,03,049,00256
11-03-049-00258-037848,03,049,00258
11-03-049-00258-037849,03,049,00258
11-03-049-00258-037850,03,049,00258
11-03-049-00258-800253,03,049,00258
11-03-050-00259-800254,03,050,00259
11-03-050-00260-038244,03,050,00260
11-03-050-00260-800255,03,050,00260
11-03-050-00260-800256,03,050,00260
11-03-051-00262-800257,03,051,00262
11-03-051-00263-800258,03,051,00263
11-03-051-00264-038763,03,051,00264
11-03-051-00264-038764,03,051,00264
11-03-051-00264-038765,03,051,00264
11-03-051-00264-800259,03,051,00264
11-03-051-00265-800260,03,051,00265
11-03-051-00265-800261,03,051,00265
11-03-052-00266-039141,03,052,00266
11-03-052-00266-800262,03,052,00266
11-03-052-00266-800263,03,052,00266
11-03-052-00266-800264,03,052,00266
11-03-052-00267-039227,03,052,00267
11-03-052-00267-039228,03,052,00267
11-03-052-00267-800265,03,052,00267
11-03-052-00267-800266,03,052,00267
11-03-052-00268-039383,03,052,00268
11-03-052-00268-039384,03,052,00268
11-03-052-00268-039385,03,052,00268
11-03-052-00268-039386,03,052,00268
11-03-052-00268-039387,03,052,00268
11-03-052-00268-800267,03,052,00268
11-03-052-00268-800268,03,052,00268
11-03-053-00269-039571,03,053,00269
11-03-053-00269-800269,03,053,00269
11-03-053-00269-800270,03,053,00269
11-03-053-00270-800271,03,053,00270
11-03-053-00271-800272,03,053,00271
11-03-053-00271-800273,03,053,00271
11-03-053-00271-800274,03,053,00271
11-03-053-00272-800275,03,053,00272
11-03-053-00272-800276,03,053,00272
11-03-053-00272-800277,03,053,00272
11-03-053-00273-800278,03,053,00273
11-03-053-00274-800279,03,053,00274
11-03-053-00274-800280,03,053,00274
11-03-054-00275-800281,03,054,00275
11-03-054-00275-800282,03,054,00275
11-03-054-00275-800283,03,054,00275
11-03-054-00276-800284,03,054,00276
11-03-054-00276-800285,03,054,00276
11-04-055-00277-800286,04,055,00277
11-05-056-00280-800287,05,056,00280
11-05-056-00283-800288,05,056,00283
11-05-056-00283-800289,05,056,00283
11-05-057-00284-800290,05,057,00284
11-05-057-00284-800291,05,057,00284
11-05-057-00285-800292,05,057,00285
11-05-057-00285-800293,05,057,00285
11-05-057-00287-800294,05,057,00287
11-05-057-00287-800295,05,057,00287
11-05-058-00290-800296,05,058,00290
11-05-058-00291-800297,05,058,00291
11-05-059-00294-800298,05,059,00294
11-05-059-00294-800299,05,059,00294
11-05-059-00294-800299,05,061,00307
11-05-059-00297-800300,05,059,00297
11-05-059-00297-800301,05,059,00297
11-05-059-00299-044604,05,059,00299
11-05-059-00299-800302,05,059,00299
11-05-059-00299-800303,05,059,00299
11-05-060-00300-800304,05,060,00300
11-05-060-00303-045110,05,060,00303
11-05-060-00303-045111,05,060,00303
11-05-060-00303-800305,05,060,00303
11-05-060-00303-800306,05,060,00303
11-05-060-00304-045267,05,060,00304
11-05-060-00304-045268,05,060,00304
11-05-060-00304-045269,05,060,00304
11-05-060-00304-045270,05,060,00304
11-05-060-00304-800307,05,060,00304
11-05-060-00304-800308,05,060,00304
11-05-060-00304-800309,05,060,00304
11-05-060-00304-800310,05,060,00304
11-05-060-00304-800311,05,060,00304
11-05-060-00304-800312,05,060,00304
11-05-060-00305-045361,05,060,00305
11-05-060-00305-045362,05,060,00305
11-05-060-00305-045363,05,060,00305
11-05-060-00305-045364,05,060,00305
11-05-060-00305-800313,05,060,00305
11-05-060-00305-800314,05,060,00305
11-05-061-00306-800315,05,061,00306
11-05-061-00307-800316,05,061,00307
11-05-061-00310-800317,05,061,00310
11-05-061-00313-048597,05,061,00313
11-05-061-00313-048598,05,061,00313
11-05-061-00313-800318,05,061,00313
11-05-061-00313-800319,05,061,00313
11-05-061-00314-048841,05,061,00314
11-05-062-00316-800320,05,062,00316
11-05-062-00317-800321,05,062,00317
11-05-062-00320-800322,05,062,00320
11-05-063-00323-800323,05,063,00323
11-05-064-00328-800324,05,064,00328
11-05-064-00329-800325,05,064,00329
11-05-064-00330-053250,05,064,00330
11-05-064-00330-800326,05,064,00330
11-05-064-00330-800327,05,064,00330
11-05-065-00334-800328,05,065,00334
11-05-065-00336-800329,05,065,00336
11-05-065-00337-054471,05,065,00337
11-05-065-00337-800330,05,065,00337
11-05-066-00340-800331,05,066,00340
11-05-066-00340-800332,05,066,00340
11-05-066-00340-800333,05,066,00340
11-05-066-00340-800334,05,066,00340
11-05-066-00342-055293,05,066,00342
11-05-066-00342-055294,05,066,00342
11-05-066-00342-055295,05,066,00342
11-05-066-00342-800335,05,066,00342
11-05-066-00343-800336,05,066,00343
11-05-066-00344-800337,05,066,00344
11-05-066-00345-800338,05,066,00345
11-05-067-00346-055697,05,067,00346
11-05-067-00346-800339,05,067,00346
11-05-067-00346-800340,05,067,00346
11-05-067-00347-800341,05,067,00347
11-05-067-00347-800342,05,067,00347
11-05-067-00348-800343,05,067,00348
11-05-067-00348-800344,05,067,00348
11-05-067-00348-800345,05,067,00348
11-05-067-00349-056015,05,067,00349
11-05-067-00349-056016,05,067,00349
11-05-067-00349-800346,05,067,00349
11-05-067-00349-800347,05,067,00349
11-05-067-00350-800348,05,067,00350
11-05-067-00350-800349,05,067,00350
11-05-067-00351-800350,05,067,00351
11-05-067-00351-800351,05,067,00351
11-05-067-00352-056316,05,067,00352
11-05-067-00352-056317,05,067,00352
11-05-067-00352-800352,05,067,00352
11-05-068-00353-056627,05,068,00353
11-05-068-00353-056628,05,068,00353
11-05-068-00353-056629,05,068,00353
11-05-068-00353-056630,05,068,00353
11-05-068-00353-056631,05,068,00353
11-05-068-00353-056632,05,068,00353
11-05-068-00353-056633,05,068,00353
11-05-068-00353-056634,05,068,00353
11-05-068-00353-056635,05,068,00353
11-05-068-00353-056636,05,068,00353
11-05-068-00353-056637,05,068,00353
11-05-068-00353-056638,05,068,00353
11-05-068-00353-056639,05,068,00353
11-05-068-00353-800353,05,068,00353
11-05-068-00353-800354,05,068,00353
11-05-068-00353-800355,05,068,00353
11-05-068-00353-800356,05,068,00353
11-05-068-00353-800357,05,068,00353
11-05-068-00354-056777,05,068,00354
11-05-068-00354-056778,05,068,00354
11-05-068-00354-056779,05,068,00354
11-05-068-00354-800358,05,068,00354
11-05-068-00354-800359,05,068,00354
11-05-068-00355-800360,05,068,00355
11-06-069-00356-800361,06,069,00356
11-06-069-00356-800362,06,069,00356
11-06-069-00357-057167,06,069,00357
11-06-069-00357-057168,06,069,00357
11-06-069-00357-057169,06,069,00357
11-06-069-00357-057170,06,069,00357
11-06-069-00357-800363,06,069,00357
11-06-070-00358-057341,06,070,00358
11-06-070-00358-057342,06,070,00358
11-06-070-00358-800364,06,070,00358
11-06-070-00359-057507,06,070,00359
11-06-070-00359-057508,06,070,00359
11-06-070-00359-057509,06,070,00359
11-06-070-00359-057510,06,070,00359
11-06-070-00359-057511,06,070,00359
11-06-070-00359-057512,06,070,00359
11-06-070-00359-057513,06,070,00359
11-06-070-00359-800365,06,070,00359
11-06-070-00359-800366,06,070,00359
11-06-070-00359-800367,06,070,00359
11-06-070-00360-057651,06,070,00360
11-06-070-00360-057652,06,070,00360
11-06-071-00361-057958,06,071,00361
11-06-071-00361-057959,06,071,00361
11-06-071-00361-057960,06,071,00361
11-06-071-00361-057961,06,071,00361
11-06-071-00361-057962,06,071,00361
11-06-071-00361-057963,06,071,00361
11-06-071-00361-057964,06,071,00361
11-06-071-00361-800368,06,071,00361
11-06-071-00361-800369,06,071,00361
11-06-071-00362-058145,06,071,00362
11-06-071-00362-058146,06,071,00362
11-06-071-00363-058298,06,071,00363
11-06-072-00364-800370,06,072,00364
11-06-072-00365-058472,06,072,00365
11-06-072-00365-800371,06,072,00365
11-06-072-00366-800372,06,072,00366
11-06-072-00366-800373,06,072,00366
11-06-073-00367-800374,06,073,00367
11-06-073-00368-800375,06,073,00368
11-06-073-00368-800376,06,073,00368
11-06-073-00369-800377,06,073,00369
11-06-074-00370-800378,06,074,00370
11-06-074-00370-800379,06,074,00370
11-06-074-00371-800380,06,074,00371
11-06-074-00372-059310,06,074,00372
11-06-074-00372-800381,06,074,00372
11-06-074-00372-800382,06,074,00372
11-06-074-00373-800383,06,074,00373
11-06-074-00374-800384,06,074,00374
11-06-075-00375-059496,06,075,00375
11-06-075-00375-059497,06,075,00375
11-06-075-00375-059498,06,075,00375
11-06-075-00375-059499,06,075,00375
11-06-075-00375-059500,06,075,00375
11-06-075-00375-059501,06,075,00375
11-06-075-00375-059502,06,075,00375
11-06-075-00375-059503,06,075,00375
11-06-075-00375-059504,06,075,00375
11-06-075-00375-059505,06,075,00375
11-06-075-00375-800385,06,075,00375
11-06-075-00377-800386,06,075,00377
11-06-076-00378-800387,06,076,00378
11-06-076-00379-800388,06,076,00379
11-06-076-00380-059905,06,076,00380
11-06-076-00380-059906,06,076,00380
11-06-076-00380-059907,06,076,00380
11-06-076-00380-059908,06,076,00380
11-06-076-00380-800389,06,076,00380
11-06-076-00381-800390,06,076,00381
11-06-077-00382-800391,06,077,00382
11-06-077-00382-800392,06,077,00382
11-06-077-00383-800393,06,077,00383
11-06-077-00384-800394,06,077,00384
11-06-077-00385-060260,06,077,00385
11-06-077-00385-800395,06,077,00385
11-06-078-00386-800396,06,078,00386
11-06-078-00387-060411,06,078,00387
11-06-078-00387-800397,06,078,00387
11-06-078-00388-800398,06,078,00388
11-06-079-00389-800399,06,079,00389
11-06-079-00390-800400,06,079,00390
11-06-079-00390-800401,06,079,00390
11-06-079-00391-800402,06,079,00391
11-06-079-00392-800403,06,079,00392
11-06-080-00393-060865,06,080,00393
11-06-080-00394-061014,06,080,00394
11-06-080-00394-061015,06,080,00394
11-06-080-00394-061016,06,080,00394
11-06-080-00394-061017,06,080,00394
11-06-080-00394-061018,06,080,00394
11-06-080-00394-061019,06,080,00394
11-06-080-00394-800404,06,080,00394
11-06-080-00394-800405,06,080,00394
11-06-080-00395-800406,06,080,00395
11-06-080-00396-800407,06,080,00396
11-06-081-00397-800408,06,081,00397
11-06-081-00398-800409,06,081,00398
11-06-081-00399-061274,06,081,00399
11-06-081-00400-800410,06,081,00400
11-06-081-00401-800411,06,081,00401
11-06-081-00402-800412,06,081,00402
11-06-082-00404-800413,06,082,00404
11-06-082-00405-061679,06,082,00405
11-06-082-00405-800414,06,082,00405
11-06-082-00405-800415,06,082,00405
11-06-082-00406-800416,06,082,00406
11-06-083-00407-800417,06,083,00407
11-06-083-00408-061808,06,083,00408
11-06-083-00408-800418,06,083,00408
11-06-083-00409-061910,06,083,00409
11-06-083-00409-800419,06,083,00409
11-06-084-00411-800420,06,084,00411
11-06-084-00411-800421,06,084,00411
11-06-084-00412-062334,06,084,00412
11-06-084-00412-800422,06,084,00412
11-06-084-00412-800423,06,084,00412
11-06-085-00413-062388,06,085,00413
11-06-085-00414-062658,06,085,00414
11-06-085-00414-062659,06,085,00414
11-06-085-00414-062660,06,085,00414
11-06-085-00414-062661,06,085,00414
11-06-085-00414-062662,06,085,00414
11-06-085-00414-800424,06,085,00414
11-06-085-00414-800425,06,085,00414
11-06-085-00415-800426,06,085,00415
11-06-086-00416-800427,06,086,00416
11-06-086-00416-800428,06,086,00416
11-06-086-00417-062837,06,086,00417
11-06-086-00417-062838,06,086,00417
11-06-086-00417-800429,06,086,00417
11-06-086-00418-800430,06,086,00418
11-06-086-00419-062924,06,086,00419
11-06-086-00420-062989,06,086,00420
11-06-086-00420-800431,06,086,00420
11-06-087-00421-063071,06,087,00421
11-06-087-00421-800432,06,087,00421
11-06-087-00422-063190,06,087,00422
11-06-087-00422-800433,06,087,00422
11-06-087-00423-063336,06,087,00423
11-06-087-00423-800434,06,087,00423
11-06-087-00424-063432,06,087,00424
11-06-087-00424-800435,06,087,00424
11-06-088-00425-063498,06,088,00425
11-06-088-00425-800436,06,088,00425
11-06-088-00426-063583,06,088,00426
11-06-089-00427-063730,06,089,00427
11-06-089-00427-063731,06,089,00427
11-06-089-00427-800437,06,089,00427
11-06-089-00428-800438,06,089,00428
11-06-089-00429-800439,06,089,00429
11-06-089-00429-800440,06,089,00429
11-07-090-00431-800441,07,090,00430
11-07-090-00431-800441,07,093,00441
11-07-090-00431-800441,07,092,00436
11-07-090-00431-800441,07,097,00451
11-07-090-00431-800441,07,090,00431
11-07-090-00431-800441,07,098,00454
11-07-090-00431-800441,07,094,00444
11-07-090-00431-800441,07,090,00432
11-07-090-00431-800441,07,091,00433
11-07-090-00431-800441,07,097,00453
11-07-090-00431-800441,07,092,00438
11-07-090-00431-800441,07,095,00446
11-07-090-00431-800441,07,096,00448
11-07-090-00431-800441,07,096,00450
11-07-090-00431-800441,07,098,00456
11-07-090-00431-800441,07,094,00442
11-07-090-00431-800441,07,091,00434
11-07-090-00431-800441,07,092,00437
11-07-090-00431-800441,07,097,00452
11-07-090-00431-800441,07,094,00443
11-07-090-00431-800441,07,095,00445
11-07-090-00431-800441,07,098,00455
11-07-090-00431-800441,07,093,00439
11-07-090-00431-800441,07,096,00449
11-07-090-00431-800441,07,091,00435
11-07-090-00431-800441,07,093,00440
11-07-090-00431-800441,07,095,00447
11-08-099-00457-800444,08,099,00457
11-08-099-00457-800445,08,099,00457
11-08-099-00458-064639,08,099,00458
11-08-099-00458-800446,08,099,00458
11-08-099-00459-064852,08,099,00459
11-08-099-00459-800447,08,099,00459
11-08-099-00460-800448,08,099,00460
11-08-099-00460-800449,08,099,00460
11-08-099-00461-800450,08,099,00461
11-08-099-00462-800451,08,099,00462
11-08-099-00463-066362,08,099,00463
11-08-099-00463-066363,08,099,00463
11-08-099-00463-066364,08,099,00463
11-08-099-00464-066641,08,099,00464
11-08-099-00464-800452,08,099,00464
11-08-099-00465-800453,08,099,00465
11-08-100-00466-800454,08,100,00466
11-08-100-00468-800455,08,100,00468
11-08-100-00469-800456,08,100,00469
11-08-100-00470-800457,08,100,00470
11-08-100-00471-800458,08,100,00471
11-08-100-00472-800459,08,100,00472
11-08-101-00473-800460,08,101,00473
11-08-101-00473-800461,08,101,00473
11-08-101-00476-069573,08,101,00476
11-08-101-00477-800462,08,101,00477
11-08-101-00478-069776,08,101,00478
11-08-101-00480-800463,08,101,00480
11-08-102-00481-800464,08,102,00481
11-08-102-00482-800465,08,102,00482
11-08-102-00483-800466,08,102,00483
11-08-102-00484-800467,08,102,00484
11-08-102-00484-800468,08,102,00484
11-08-102-00485-800469,08,102,00485
11-08-102-00485-800470,08,102,00485
11-08-102-00486-800471,08,102,00486
11-08-102-00486-800472,08,102,00486
11-08-102-00486-800473,08,102,00486
11-08-103-00487-071111,08,103,00487
11-08-103-00487-071112,08,103,00487
11-08-103-00487-071113,08,103,00487
11-08-103-00487-800474,08,103,00487
11-08-103-00487-800475,08,103,00487
11-08-103-00487-800476,08,103,00487
11-08-103-00487-800477,08,103,00487
11-08-103-00488-800478,08,103,00488
11-08-103-00488-800479,08,103,00488
11-08-103-00488-800480,08,103,00488
11-08-103-00488-800481,08,103,00488
11-08-103-00489-071463,08,103,00489
11-08-103-00490-071567,08,103,00490
11-08-103-00490-071568,08,103,00490
11-08-103-00490-800482,08,103,00490
11-08-103-00491-800483,08,103,00491
11-08-103-00491-800484,08,103,00491
11-08-103-00492-800485,08,103,00492
11-08-104-00493-071949,08,104,00493
11-08-104-00493-071950,08,104,00493
11-08-104-00493-800486,08,104,00493
11-08-104-00496-072405,08,104,00496
11-08-104-00496-800487,08,104,00496
11-08-104-00496-800488,08,104,00496
11-08-104-00497-072517,08,104,00497
11-08-104-00497-800489,08,104,00497
11-08-104-00498-072695,08,104,00498
11-08-104-00499-072893,08,104,00499
11-08-104-00499-072894,08,104,00499
11-08-104-00499-072895,08,104,00499
11-08-104-00499-800490,08,104,00499
11-08-104-00502-800491,08,104,00502
11-08-104-00503-073683,08,104,00503
11-08-104-00504-800492,08,104,00504
11-08-105-00506-800493,08,105,00506
11-08-105-00507-800494,08,105,00507
11-08-105-00508-800495,08,105,00508
11-08-105-00509-800496,08,105,00509
11-08-105-00510-800497,08,105,00510
11-08-105-00511-800498,08,105,00511
11-08-105-00512-800499,08,105,00512
11-08-105-00512-800500,08,105,00512
11-08-105-00513-075197,08,105,00513
11-08-105-00513-800501,08,105,00513
11-08-106-00515-075562,08,106,00515
11-08-106-00516-800502,08,106,00516
11-08-106-00518-800503,08,106,00518
11-08-106-00519-800504,08,106,00519
11-08-107-00520-800505,08,107,00520
11-08-107-00522-800506,08,107,00522
11-08-107-00523-800507,08,107,00523
11-08-107-00525-077072,08,107,00525
11-08-108-00526-077198,08,108,00526
11-08-108-00526-800508,08,108,00526
11-08-108-00529-077533,08,108,00529
11-08-108-00531-800509,08,108,00531
11-08-109-00533-800510,08,109,00533
11-08-109-00534-078281,08,109,00534
11-08-109-00534-078282,08,109,00534
11-08-109-00536-800511,08,109,00536
11-08-109-00537-800512,08,109,00537
11-08-110-00538-800513,08,110,00538
11-08-110-00539-800514,08,110,00539
11-08-110-00540-079345,08,110,00540
11-08-110-00540-800515,08,110,00540
11-08-110-00541-079460,08,110,00541
11-08-110-00541-800516,08,110,00541
11-08-110-00542-800517,08,110,00542
11-08-110-00542-800518,08,110,00542
11-08-110-00542-800519,08,110,00542
11-08-110-00542-800520,08,110,00542
11-08-110-00545-800521,08,110,00545
11-08-110-00546-080247,08,110,00546
11-08-110-00546-800522,08,110,00546
11-08-110-00546-800522,08,110,00545
11-08-110-00546-800522,08,110,00547
11-08-110-00547-080443,08,110,00547
11-08-110-00548-080685,08,110,00548
11-08-110-00549-080898,08,110,00549
11-08-110-00549-080899,08,110,00549
11-08-110-00549-080900,08,110,00549
11-08-110-00550-800523,08,110,00550
11-08-111-00551-800524,08,111,00551
11-08-111-00551-800525,08,111,00551
11-08-111-00552-800526,08,111,00552
11-08-111-00553-800527,08,111,00553
11-08-111-00554-081930,08,111,00554
11-08-111-00554-081931,08,111,00554
11-08-111-00554-081932,08,111,00554
11-08-111-00554-800528,08,111,00554
11-08-111-00555-082168,08,111,00555
11-08-111-00555-082169,08,111,00555
11-08-111-00555-800529,08,111,00555
11-08-111-00555-800530,08,111,00555
11-08-111-00555-800531,08,111,00555
11-08-111-00556-082362,08,111,00556
11-08-111-00556-800532,08,111,00556
11-08-112-00557-800533,08,112,00557
11-08-112-00558-800534,08,112,00558
11-08-112-00560-082987,08,112,00560
11-08-112-00560-082988,08,112,00560
11-08-112-00560-800535,08,112,00560
11-08-112-00560-800536,08,112,00560
11-08-112-00560-800537,08,112,00560
11-08-112-00562-083283,08,112,00562
11-08-112-00562-083284,08,112,00562
11-08-112-00562-800538,08,112,00562
11-08-112-00563-083490,08,112,00563
11-08-112-00563-083491,08,112,00563
11-08-112-00564-800539,08,112,00564
11-08-112-00565-083743,08,112,00565
11-08-112-00565-800540,08,112,00565
11-08-112-00565-800540,08,112,00564
11-08-112-00566-800541,08,112,00566
11-08-112-00566-800542,08,112,00566
11-08-113-00567-800543,08,113,00567
11-08-113-00570-085020,08,113,00570
11-08-113-00570-085021,08,113,00570
11-08-113-00570-085022,08,113,00570
11-08-113-00570-800544,08,113,00570
11-08-113-00573-800545,08,113,00573
11-08-113-00573-800546,08,113,00573
11-08-114-00574-800547,08,114,00574
11-08-114-00575-800548,08,114,00575
11-08-115-00579-800549,08,115,00579
11-08-115-00581-088172,08,115,00581
11-08-115-00582-088468,08,115,00582
11-08-115-00582-800550,08,115,00582
11-08-116-00586-089253,08,116,00586
11-08-116-00587-800551,08,116,00587
11-08-116-00588-800552,08,116,00588
11-08-116-00590-800553,08,116,00590
11-08-117-00592-800554,08,117,00592
11-08-117-00593-090024,08,117,00593
11-08-117-00593-800555,08,117,00593
11-08-117-00594-090133,08,117,00594
11-08-117-00594-800556,08,117,00594
11-08-117-00595-090219,08,117,00595
11-08-117-00595-800557,08,117,00595
11-08-117-00595-800558,08,117,00595
11-08-117-00596-090348,08,117,00596
11-08-118-00597-800559,08,118,00597
11-08-118-00599-090726,08,118,00599
11-08-118-00599-800560,08,118,00599
11-08-118-00601-800561,08,118,00601
11-08-118-00602-091065,08,118,00602
11-08-118-00603-800562,08,118,00603
11-08-118-00603-800563,08,118,00603
11-08-118-00604-800564,08,118,00604
11-08-118-00604-800565,08,118,00604
11-08-118-00605-800566,08,118,00605
11-08-118-00605-800567,08,118,00605
11-08-119-00606-800568,08,119,00606
11-08-119-00607-091641,08,119,00607
11-08-119-00607-091642,08,119,00607
11-08-119-00607-800569,08,119,00607
11-08-119-00607-800570,08,119,00607
11-08-119-00609-800571,08,119,00609
11-08-119-00610-092091,08,119,00610
11-08-119-00610-800572,08,119,00610
11-08-119-00611-800573,08,119,00611
11-08-119-00613-800574,08,119,00613
11-08-119-00614-800575,08,119,00614
11-08-120-00615-800576,08,120,00615
11-08-120-00617-092991,08,120,00617
11-08-120-00617-800577,08,120,00617
11-08-120-00618-800578,08,120,00618
11-08-120-00619-800579,08,120,00619
11-08-120-00620-800580,08,120,00620
11-08-120-00621-093680,08,120,00621
11-08-120-00621-800581,08,120,00621
11-08-121-00623-800582,08,121,00623
11-08-121-00624-094175,08,121,00624
11-08-121-00624-800583,08,121,00624
11-08-121-00624-800584,08,121,00624
11-08-121-00625-800585,08,121,00625
11-08-121-00625-800586,08,121,00625
11-08-121-00626-094556,08,121,00626
11-08-121-00626-094557,08,121,00626
11-08-121-00626-800587,08,121,00626
11-08-121-00626-800587,08,121,00622
11-08-122-00627-800588,08,122,00627
11-08-122-00628-800589,08,122,00628
11-08-122-00629-800590,08,122,00629
11-08-122-00633-800591,08,122,00633
11-08-122-00634-095665,08,122,00634
11-08-122-00634-800592,08,122,00634
11-08-122-00636-800593,08,122,00636
11-08-122-00637-800594,08,122,00637
11-08-122-00638-096393,08,122,00638
11-08-123-00639-096535,08,123,00639
11-08-123-00640-800595,08,123,00640
11-08-123-00641-096823,08,123,00641
11-08-123-00641-800596,08,123,00641
11-08-123-00643-097133,08,123,00643
11-08-123-00643-097134,08,123,00643
11-08-123-00643-800597,08,123,00643
11-08-123-00645-097448,08,123,00645
11-08-123-00645-800598,08,123,00645
11-08-124-00646-800599,08,124,00646
11-08-124-00648-098173,08,124,00648
11-08-124-00648-800600,08,124,00648
11-08-124-00649-098426,08,124,00649
11-08-125-00651-098874,08,125,00651
11-08-125-00651-098875,08,125,00651
11-08-125-00652-800601,08,125,00652
11-08-125-00654-800602,08,125,00654
11-08-126-00657-800603,08,126,00657
11-08-126-00658-800604,08,126,00658
11-08-126-00659-100868,08,126,00659
11-08-126-00659-800605,08,126,00659
11-08-126-00660-800606,08,126,00660
11-08-126-00663-800607,08,126,00663
11-08-126-00664-800608,08,126,00664
11-08-127-00667-800609,08,127,00667
11-08-127-00667-800610,08,127,00667
11-08-127-00668-102329,08,127,00668
11-08-127-00668-102330,08,127,00668
11-08-127-00668-102331,08,127,00668
11-08-127-00668-102332,08,127,00668
11-08-127-00668-102333,08,127,00668
11-08-127-00668-102334,08,127,00668
11-08-127-00668-102335,08,127,00668
11-08-127-00668-800611,08,127,00668
11-08-127-00669-800612,08,127,00669
11-08-128-00670-800613,08,128,00670
11-08-128-00671-800614,08,128,00671
11-08-128-00672-800615,08,128,00672
11-08-128-00673-102950,08,128,00673
11-08-128-00673-102951,08,128,00673
11-08-128-00673-102952,08,128,00673
11-08-128-00676-800616,08,128,00676
11-08-128-00677-103778,08,128,00677
11-08-129-00678-103985,08,129,00678
11-08-129-00679-104376,08,129,00679
11-08-129-00679-800617,08,129,00679
11-08-129-00679-800618,08,129,00679
11-08-129-00680-800619,08,129,00680
11-08-129-00681-104837,08,129,00681
11-08-129-00682-800620,08,129,00682
11-08-129-00683-800621,08,129,00683
11-08-129-00684-105388,08,129,00684
11-08-130-00685-105568,08,130,00685
11-08-130-00685-800622,08,130,00685
11-08-130-00686-105801,08,130,00686
11-08-130-00689-106672,08,130,00689
11-08-130-00689-106673,08,130,00689
11-08-130-00689-106674,08,130,00689
11-08-130-00689-106675,08,130,00689
11-08-130-00689-800623,08,130,00689
11-08-130-00690-800624,08,130,00690
11-08-130-00690-800625,08,130,00690
11-08-130-00692-800626,08,130,00692
11-08-130-00693-107554,08,130,00693
11-08-130-00693-107555,08,130,00693
11-08-130-00693-107556,08,130,00693
11-08-130-00693-107557,08,130,00693
11-08-130-00694-107683,08,130,00694
11-08-130-00695-107879,08,130,00695
11-08-131-00696-108047,08,131,00696
11-08-131-00698-800627,08,131,00698
11-08-131-00699-800628,08,131,00699
11-09-132-00701-109208,09,132,00701
11-09-132-00701-800629,09,132,00701
11-09-132-00702-109634,09,132,00702
11-09-132-00702-109635,09,132,00702
11-09-132-00702-109636,09,132,00702
11-09-132-00702-800630,09,132,00702
11-09-132-00703-800631,09,132,00703
11-09-132-00703-800632,09,132,00703
11-09-132-00703-800633,09,132,00703
11-09-132-00703-800634,09,132,00703
11-09-132-00703-800635,09,132,00703
11-09-132-00703-800636,09,132,00703
11-09-132-00704-110273,09,132,00704
11-09-132-00704-800637,09,132,00704
11-09-132-00705-800638,09,132,00705
11-09-132-00705-800639,09,132,00705
11-09-133-00706-800640,09,133,00706
11-09-133-00706-800641,09,133,00706
11-09-133-00706-800642,09,133,00706
11-09-133-00706-800643,09,133,00706
11-09-133-00707-800644,09,133,00707
11-09-133-00707-800645,09,133,00707
11-09-133-00707-800646,09,133,00707
11-09-133-00707-800647,09,133,00707
11-09-133-00707-800648,09,133,00707
11-09-133-00707-800649,09,133,00707
11-09-133-00708-111037,09,133,00708
11-09-133-00708-111038,09,133,00708
11-09-133-00708-111039,09,133,00708
11-09-133-00708-111040,09,133,00708
11-09-133-00708-800650,09,133,00708
11-09-133-00708-800651,09,133,00708
11-09-133-00708-800652,09,133,00708
11-09-133-00709-800653,09,133,00709
11-09-133-00709-800654,09,133,00709
11-09-133-00709-800655,09,133,00709
11-09-133-00710-111300,09,133,00710
11-09-133-00710-111301,09,133,00710
11-09-133-00710-111302,09,133,00710
11-09-133-00710-800656,09,133,00710
11-09-133-00711-800657,09,133,00711
11-09-133-00711-800658,09,133,00711
11-09-133-00711-800659,09,133,00711
11-09-134-00712-112010,09,134,00712
11-09-134-00712-800660,09,134,00712
11-09-134-00712-800661,09,134,00712
11-09-134-00712-800662,09,134,00712
11-09-134-00712-800663,09,134,00712
11-09-134-00713-112563,09,134,00713
11-09-134-00713-112564,09,134,00713
11-09-134-00713-800664,09,134,00713
11-09-134-00713-800665,09,134,00713
11-09-134-00713-800666,09,134,00713
11-09-134-00713-800667,09,134,00713
11-09-134-00714-113101,09,134,00714
11-09-134-00714-800668,09,134,00714
11-09-134-00714-800669,09,134,00714
11-09-134-00715-113991,09,134,00715
11-09-134-00715-113992,09,134,00715
11-09-134-00715-113993,09,134,00715
11-09-134-00715-800670,09,134,00715
11-09-134-00715-800671,09,134,00715
11-09-134-00715-800672,09,134,00715
11-09-134-00715-800673,09,134,00715
11-09-134-00715-800674,09,134,00715
11-09-134-00715-800675,09,134,00715
11-09-134-00716-114483,09,134,00716
11-09-134-00716-800676,09,134,00716
11-09-134-00716-800677,09,134,00716
11-09-135-00717-800678,09,135,00717
11-09-135-00718-114993,09,135,00718
11-09-135-00718-800679,09,135,00718
11-09-135-00718-800680,09,135,00718
11-09-135-00719-115310,09,135,00719
11-09-135-00719-115311,09,135,00719
11-09-135-00719-115312,09,135,00719
11-09-135-00719-800681,09,135,00719
11-09-135-00719-800682,09,135,00719
11-09-135-00720-115652,09,135,00720
11-09-135-00720-800683,09,135,00720
11-09-135-00720-800684,09,135,00720
11-09-135-00721-800685,09,135,00721
11-09-135-00721-800686,09,135,00721
11-09-135-00722-800687,09,135,00722
11-09-135-00722-800688,09,135,00722
11-09-135-00722-800689,09,135,00722
11-09-136-00723-800690,09,136,00723
11-09-136-00723-800691,09,136,00723
11-09-136-00724-800692,09,136,00724
11-09-136-00725-800693,09,136,00725
11-09-136-00725-800694,09,136,00725
11-09-136-00726-117035,09,136,00726
11-09-136-00726-117036,09,136,00726
11-09-136-00726-800695,09,136,00726
11-09-136-00727-800696,09,136,00727
11-09-136-00728-800697,09,136,00728
11-09-137-00729-800698,09,137,00729
11-09-137-00729-800699,09,137,00729
11-09-137-00729-800700,09,137,00729
11-09-137-00730-118195,09,137,00730
11-09-137-00730-800701,09,137,00730
11-09-137-00730-800702,09,137,00730
11-09-137-00730-800703,09,137,00730
11-09-137-00731-800704,09,137,00731
11-09-137-00731-800705,09,137,00731
11-09-138-00732-800706,09,138,00732
11-09-138-00732-800707,09,138,00732
11-09-138-00732-800708,09,138,00732
11-09-138-00732-800709,09,138,00732
11-09-138-00733-800710,09,138,00733
11-09-138-00733-800711,09,138,00733
11-09-138-00733-800712,09,138,00733
11-09-138-00733-800713,09,138,00733
11-09-138-00733-800714,09,138,00733
11-09-138-00733-800715,09,138,00733
11-09-138-00734-119234,09,138,00734
11-09-138-00734-119235,09,138,00734
11-09-138-00734-119236,09,138,00734
11-09-138-00734-119237,09,138,00734
11-09-138-00734-800716,09,138,00734
11-09-138-00734-800717,09,138,00734
11-09-138-00734-800718,09,138,00734
11-09-138-00734-800719,09,138,00734
11-09-139-00735-800720,09,139,00735
11-09-139-00735-800721,09,139,00735
11-09-139-00735-800722,09,139,00735
11-09-139-00735-800723,09,139,00735
11-09-139-00736-800724,09,139,00736
11-09-139-00736-800725,09,139,00736
11-09-139-00736-800726,09,139,00736
11-09-139-00737-800727,09,139,00737
11-09-140-00738-119671,09,140,00738
11-09-140-00738-119672,09,140,00738
11-09-140-00738-119673,09,140,00738
11-09-140-00738-119674,09,140,00738
11-09-140-00738-119675,09,140,00738
11-09-140-00738-119676,09,140,00738
11-09-140-00738-119677,09,140,00738
11-09-140-00738-119678,09,140,00738
11-09-140-00738-119679,09,140,00738
11-09-140-00738-800728,09,140,00738
11-09-140-00738-800729,09,140,00738
11-09-140-00738-800730,09,140,00738
11-09-140-00738-800731,09,140,00738
11-09-140-00738-800732,09,140,00738
11-09-140-00739-119758,09,140,00739
11-09-140-00739-119759,09,140,00739
11-09-140-00739-119760,09,140,00739
11-09-140-00739-119761,09,140,00739
11-09-140-00739-800733,09,140,00739
11-09-140-00739-800734,09,140,00739
11-09-140-00739-800735,09,140,00739
11-09-140-00740-800736,09,140,00740
11-09-140-00740-800737,09,140,00740
11-09-140-00740-800738,09,140,00740
11-09-140-00741-120113,09,140,00741
11-09-140-00741-800739,09,140,00741
11-09-141-00742-120224,09,141,00742
11-09-141-00742-120225,09,141,00742
11-09-141-00742-120226,09,141,00742
11-09-141-00742-120227,09,141,00742
11-09-141-00742-120228,09,141,00742
11-09-141-00742-800740,09,141,00742
11-09-141-00743-120347,09,141,00743
11-09-141-00743-120348,09,141,00743
11-09-141-00743-800741,09,141,00743
11-09-141-00743-800742,09,141,00743
11-09-141-00744-800743,09,141,00744
11-09-141-00744-800744,09,141,00744
11-09-141-00744-800745,09,141,00744
11-09-142-00745-800746,09,142,00745
11-09-142-00745-800747,09,142,00745
11-09-142-00746-120827,09,142,00746
11-09-142-00746-800748,09,142,00746
11-09-142-00746-800749,09,142,00746
11-09-142-00746-800750,09,142,00746
11-09-142-00747-800751,09,142,00747
11-09-142-00747-800752,09,142,00747
11-09-142-00747-800753,09,142,00747
11-09-142-00747-800754,09,142,00747
11-09-142-00748-800755,09,142,00748
11-09-142-00748-800756,09,142,00748
11-09-142-00749-800757,09,142,00749
11-09-142-00749-800758,09,142,00749
11-09-142-00750-800759,09,142,00750
11-09-142-00750-800760,09,142,00750
11-09-142-00750-800761,09,142,00750
11-09-142-00751-121690,09,142,00751
11-09-142-00751-121691,09,142,00751
11-09-142-00751-121692,09,142,00751
11-09-142-00751-800762,09,142,00751
11-09-143-00752-800763,09,143,00752
11-09-143-00752-800764,09,143,00752
11-09-143-00753-122031,09,143,00753
11-09-143-00754-122337,09,143,00754
11-09-143-00754-800765,09,143,00754
11-09-143-00754-800766,09,143,00754
11-09-143-00755-122709,09,143,00755
11-09-143-00755-122710,09,143,00755
11-09-143-00755-122711,09,143,00755
11-09-143-00755-122712,09,143,00755
11-09-143-00755-122713,09,143,00755
11-09-143-00755-122714,09,143,00755
11-09-143-00755-122715,09,143,00755
11-09-143-00755-122716,09,143,00755
11-09-143-00755-122717,09,143,00755
11-09-143-00755-122718,09,143,00755
11-09-143-00755-800767,09,143,00755
11-09-143-00755-800768,09,143,00755
11-09-143-00755-800769,09,143,00755
11-09-143-00755-800770,09,143,00755
11-09-143-00755-800771,09,143,00755
11-09-143-00755-800772,09,143,00755
11-09-143-00756-800773,09,143,00756
11-09-143-00756-800774,09,143,00756
11-09-144-00757-800775,09,144,00757
11-09-144-00758-800776,09,144,00758
11-09-144-00758-800777,09,144,00758
11-09-144-00758-800778,09,144,00758
11-09-144-00759-123440,09,144,00759
11-09-144-00759-123441,09,144,00759
11-09-144-00759-123442,09,144,00759
11-09-144-00759-800779,09,144,00759
11-09-144-00759-800780,09,144,00759
11-09-144-00759-800781,09,144,00759
11-09-144-00760-800782,09,144,00760
11-09-144-00760-800783,09,144,00760
11-09-145-00761-800784,09,145,00761
11-09-145-00761-800785,09,145,00761
11-09-145-00761-800786,09,145,00761
11-09-145-00761-800787,09,145,00761
11-09-145-00761-800788,09,145,00761
11-09-145-00762-800789,09,145,00762
11-09-145-00763-124214,09,145,00763
11-09-145-00763-800790,09,145,00763
11-09-145-00763-800791,09,145,00763
11-09-145-00763-800792,09,145,00763
11-09-145-00763-800793,09,145,00763
11-09-145-00764-124455,09,145,00764
11-09-145-00764-124456,09,145,00764
11-09-145-00764-124457,09,145,00764
11-09-145-00764-124458,09,145,00764
11-09-145-00764-124459,09,145,00764
11-09-145-00764-124460,09,145,00764
11-09-145-00764-124461,09,145,00764
11-09-145-00764-800794,09,145,00764
11-09-145-00764-800795,09,145,00764
11-09-145-00764-800796,09,145,00764
11-09-145-00764-800797,09,145,00764
11-09-145-00764-800798,09,145,00764
11-09-145-00764-800799,09,145,00764
11-09-145-00764-800800,09,145,00764
11-09-146-00765-124572,09,146,00765
11-09-146-00765-800801,09,146,00765
11-09-146-00766-124689,09,146,00766
11-09-146-00766-124690,09,146,00766
11-09-146-00766-124691,09,146,00766
11-09-146-00766-124692,09,146,00766
11-09-146-00766-124693,09,146,00766
11-09-146-00766-124694,09,146,00766
11-09-146-00766-124695,09,146,00766
11-09-146-00766-124696,09,146,00766
11-09-146-00766-124697,09,146,00766
11-09-146-00766-124698,09,146,00766
11-09-146-00766-124699,09,146,00766
11-09-146-00766-800802,09,146,00766
11-09-146-00766-800803,09,146,00766
11-09-146-00766-800804,09,146,00766
11-09-146-00766-800805,09,146,00766
11-09-146-00767-124869,09,146,00767
11-09-146-00767-800806,09,146,00767
11-09-146-00767-800807,09,146,00767
11-09-146-00767-800808,09,146,00767
11-09-146-00768-800809,09,146,00768
11-09-146-00768-800810,09,146,00768
11-09-146-00769-800811,09,146,00769
11-09-146-00769-800812,09,146,00769
11-09-146-00770-800813,09,146,00770
11-09-146-00770-800814,09,146,00770
11-09-147-00771-125502,09,147,00771
11-09-147-00771-125503,09,147,00771
11-09-147-00771-800815,09,147,00771
11-09-147-00772-800816,09,147,00772
11-09-147-00773-800817,09,147,00773
11-09-147-00773-800818,09,147,00773
11-09-147-00774-126213,09,147,00774
11-09-147-00774-800819,09,147,00774
11-09-147-00774-800820,09,147,00774
11-09-148-00775-800821,09,148,00775
11-09-148-00775-800822,09,148,00775
11-09-148-00775-800823,09,148,00775
11-09-148-00775-800824,09,148,00775
11-09-148-00776-800825,09,148,00776
11-09-148-00777-800826,09,148,00777
11-09-148-00777-800827,09,148,00777
11-09-148-00777-800828,09,148,00777
11-09-148-00777-800829,09,148,00777
11-09-149-00778-800830,09,149,00778
11-09-149-00778-800831,09,149,00778
11-09-149-00778-800832,09,149,00778
11-09-149-00779-800833,09,149,00779
11-09-149-00779-800834,09,149,00779
11-09-149-00779-800835,09,149,00779
11-09-149-00779-800836,09,149,00779
11-09-149-00779-800837,09,149,00779
11-09-149-00779-800838,09,149,00779
11-09-149-00780-800839,09,149,00780
11-09-149-00780-800840,09,149,00780
11-09-149-00781-800841,09,149,00781
11-09-149-00782-800842,09,149,00782
11-09-149-00782-800843,09,149,00782
11-09-149-00782-800844,09,149,00782
11-09-149-00782-800845,09,149,00782
11-09-149-00782-800846,09,149,00782
11-09-149-00782-800847,09,149,00782
11-09-149-00783-800848,09,149,00783
11-09-149-00783-800849,09,149,00783
11-09-149-00783-800850,09,149,00783
11-09-149-00783-800851,09,149,00783
11-09-149-00783-800852,09,149,00783
11-09-150-00784-800853,09,150,00784
11-09-150-00784-800854,09,150,00784
11-09-150-00784-800855,09,150,00784
11-09-150-00784-800856,09,150,00784
11-09-150-00784-800857,09,150,00784
11-09-150-00785-800858,09,150,00785
11-09-150-00785-800859,09,150,00785
11-09-150-00785-800860,09,150,00785
11-09-150-00785-800861,09,150,00785
11-09-150-00786-130130,09,150,00786
11-09-150-00786-800862,09,150,00786
11-09-150-00786-800863,09,150,00786
11-09-150-00786-800864,09,150,00786
11-09-150-00787-130470,09,150,00787
11-09-150-00787-130471,09,150,00787
11-09-150-00787-130472,09,150,00787
11-09-150-00787-130473,09,150,00787
11-09-150-00787-130474,09,150,00787
11-09-150-00787-130475,09,150,00787
11-09-150-00787-130476,09,150,00787
11-09-150-00787-130477,09,150,00787
11-09-150-00787-800865,09,150,00787
11-09-150-00787-800866,09,150,00787
11-09-150-00787-800867,09,150,00787
11-09-150-00787-800868,09,150,00787
11-09-150-00787-800869,09,150,00787
11-09-150-00788-130808,09,150,00788
11-09-150-00788-800870,09,150,00788
11-09-150-00788-800871,09,150,00788
11-09-150-00789-800872,09,150,00789
11-09-150-00789-800873,09,150,00789
11-09-151-00790-131660,09,151,00790
11-09-151-00790-131661,09,151,00790
11-09-151-00790-800874,09,151,00790
11-09-151-00790-800875,09,151,00790
11-09-151-00790-800876,09,151,00790
11-09-151-00790-800877,09,151,00790
11-09-151-00791-800878,09,151,00791
11-09-151-00791-800879,09,151,00791
11-09-151-00791-800880,09,151,00791
11-09-151-00792-800881,09,151,00792
11-09-151-00792-800882,09,151,00792
11-09-152-00793-800883,09,152,00793
11-09-152-00793-800884,09,152,00793
11-09-152-00794-800885,09,152,00794
11-09-152-00794-800886,09,152,00794
11-09-152-00794-800887,09,152,00794
11-09-152-00795-800888,09,152,00795
11-09-152-00795-800889,09,152,00795
11-09-152-00795-800890,09,152,00795
11-09-152-00795-800891,09,152,00795
11-09-152-00796-800892,09,152,00796
11-09-152-00796-800893,09,152,00796
11-09-153-00797-135074,09,153,00797
11-09-153-00797-800894,09,153,00797
11-09-153-00798-800895,09,153,00798
11-09-153-00799-135522,09,153,00799
11-09-153-00799-800896,09,153,00799
11-09-153-00799-800897,09,153,00799
11-09-153-00800-136058,09,153,00800
11-09-153-00800-800898,09,153,00800
11-09-153-00800-800899,09,153,00800
11-09-153-00801-136543,09,153,00801
11-09-153-00801-800900,09,153,00801
11-09-153-00801-800901,09,153,00801
11-09-153-00801-800902,09,153,00801
11-09-153-00802-800903,09,153,00802
11-09-154-00803-800904,09,154,00803
11-09-154-00803-800905,09,154,00803
11-09-154-00804-137766,09,154,00804
11-09-154-00804-800906,09,154,00804
11-09-154-00804-800907,09,154,00804
11-09-154-00804-800908,09,154,00804
11-09-154-00805-800909,09,154,00805
11-09-154-00805-800910,09,154,00805
11-09-154-00806-800911,09,154,00806
11-09-154-00807-800912,09,154,00807
11-09-154-00807-800913,09,154,00807
11-09-154-00808-800914,09,154,00808
11-09-155-00809-800915,09,155,00809
11-09-155-00809-800916,09,155,00809
11-09-155-00810-800917,09,155,00810
11-09-155-00811-800918,09,155,00811
11-09-155-00811-800919,09,155,00811
11-09-155-00812-800920,09,155,00812
11-09-155-00812-800921,09,155,00812
11-09-155-00812-800922,09,155,00812
11-09-155-00812-800923,09,155,00812
11-09-155-00812-800924,09,155,00812
11-09-155-00813-800925,09,155,00813
11-09-155-00813-800926,09,155,00813
11-09-155-00813-800927,09,155,00813
11-09-156-00814-800928,09,156,00814
11-09-156-00814-800929,09,156,00814
11-09-156-00814-800930,09,156,00814
11-09-156-00814-800931,09,156,00814
11-09-156-00814-800932,09,156,00814
11-09-156-00814-800933,09,156,00814
11-09-156-00815-800934,09,156,00815
11-09-156-00815-800935,09,156,00815
11-09-156-00815-800936,09,156,00815
11-09-156-00815-800937,09,156,00815
11-09-156-00815-800938,09,156,00815
11-09-156-00815-800939,09,156,00815
11-09-156-00816-142394,09,156,00816
11-09-156-00816-142395,09,156,00816
11-09-156-00816-142396,09,156,00816
11-09-156-00816-800940,09,156,00816
11-09-156-00816-800941,09,156,00816
11-09-156-00817-800942,09,156,00817
11-09-156-00817-800943,09,156,00817
11-09-156-00818-800944,09,156,00818
11-09-156-00818-800945,09,156,00818
11-09-157-00819-800946,09,157,00819
11-09-157-00820-800947,09,157,00820
11-09-157-00820-800948,09,157,00820
11-09-157-00820-800949,09,157,00820
11-09-157-00821-143558,09,157,00821
11-09-157-00821-143559,09,157,00821
11-09-157-00821-800950,09,157,00821
11-09-157-00821-800951,09,157,00821
11-09-157-00821-800952,09,157,00821
11-09-157-00822-800953,09,157,00822
11-09-157-00822-800954,09,157,00822
11-09-157-00822-800955,09,157,00822
11-09-158-00823-800956,09,158,00823
11-09-158-00823-800957,09,158,00823
11-09-158-00824-800958,09,158,00824
11-09-158-00825-800959,09,158,00825
11-09-158-00826-800960,09,158,00826
11-09-158-00827-800961,09,158,00827
11-09-158-00828-800962,09,158,00828
11-09-158-00829-800963,09,158,00829
11-09-158-00829-800964,09,158,00829
11-09-159-00830-800965,09,159,00830
11-09-159-00830-800966,09,159,00830
11-09-159-00830-800967,09,159,00830
11-09-159-00832-146567,09,159,00832
11-09-159-00832-146568,09,159,00832
11-09-159-00832-800968,09,159,00832
11-09-159-00832-800969,09,159,00832
11-09-159-00832-800970,09,159,00832
11-09-159-00832-800971,09,159,00832
11-09-160-00833-800972,09,160,00833
11-09-160-00833-800973,09,160,00833
11-09-160-00833-800974,09,160,00833
11-09-160-00833-800975,09,160,00833
11-09-160-00833-800976,09,160,00833
11-09-160-00833-800977,09,160,00833
11-09-160-00834-800978,09,160,00834
11-09-160-00835-800979,09,160,00835
11-09-161-00836-800980,09,161,00836
11-09-161-00838-800981,09,161,00838
11-09-161-00838-800982,09,161,00838
11-09-161-00839-800983,09,161,00839
11-09-161-00839-800984,09,161,00839
11-09-161-00839-800985,09,161,00839
11-09-162-00841-800986,09,162,00841
11-09-162-00841-800987,09,162,00841
11-09-162-00842-148852,09,162,00842
11-09-162-00842-148853,09,162,00842
11-09-162-00842-800988,09,162,00842
11-09-162-00842-800989,09,162,00842
11-09-162-00842-800990,09,162,00842
11-09-162-00842-800991,09,162,00842
11-09-162-00842-800992,09,162,00842
11-09-163-00843-800993,09,163,00843
11-09-163-00844-800994,09,163,00844
11-09-163-00844-800995,09,163,00844
11-09-163-00845-149454,09,163,00845
11-09-163-00845-800996,09,163,00845
11-09-163-00845-800997,09,163,00845
11-09-163-00845-800998,09,163,00845
11-09-163-00846-149673,09,163,00846
11-09-163-00846-149674,09,163,00846
11-09-163-00846-800999,09,163,00846
11-09-163-00846-801000,09,163,00846
11-09-163-00847-801001,09,163,00847
11-09-164-00848-150291,09,164,00848
11-09-164-00848-801002,09,164,00848
11-09-164-00848-801003,09,164,00848
11-09-164-00849-150571,09,164,00849
11-09-164-00849-150572,09,164,00849
11-09-164-00849-150573,09,164,00849
11-09-164-00849-801004,09,164,00849
11-09-164-00849-801005,09,164,00849
11-09-164-00849-801006,09,164,00849
11-09-164-00850-801007,09,164,00850
11-09-165-00851-801008,09,165,00851
11-09-165-00851-801009,09,165,00851
11-09-165-00851-801010,09,165,00851
11-09-165-00852-801011,09,165,00852
11-09-165-00853-801012,09,165,00853
11-09-165-00853-801013,09,165,00853
11-09-165-00854-801014,09,165,00854
11-09-165-00854-801015,09,165,00854
11-09-165-00855-801016,09,165,00855
11-09-165-00855-801017,09,165,00855
11-09-166-00856-801018,09,166,00856
11-09-166-00856-801019,09,166,00856
11-09-166-00856-801020,09,166,00856
11-09-166-00857-801021,09,166,00857
11-09-166-00857-801022,09,166,00857
11-09-166-00857-801023,09,166,00857
11-09-166-00858-801024,09,166,00858
11-09-166-00859-152726,09,166,00859
11-09-166-00859-801025,09,166,00859
11-09-166-00859-801026,09,166,00859
11-09-166-00859-801027,09,166,00859
11-09-166-00860-152869,09,166,00860
11-09-166-00860-152870,09,166,00860
11-09-166-00860-801028,09,166,00860
11-09-166-00860-801029,09,166,00860
11-09-166-00860-801030,09,166,00860
11-09-166-00860-801031,09,166,00860
11-09-166-00860-801032,09,166,00860
11-09-166-00860-801033,09,166,00860
11-09-167-00861-153038,09,167,00861
11-09-167-00861-801034,09,167,00861
11-09-167-00862-801035,09,167,00862
11-09-167-00862-801036,09,167,00862
11-09-167-00863-153624,09,167,00863
11-09-167-00863-801037,09,167,00863
11-09-168-00864-801038,09,168,00864
11-09-168-00864-801039,09,168,00864
11-09-168-00864-801040,09,168,00864
11-09-168-00865-801042,09,168,00865
11-09-168-00866-801041,09,168,00866
11-09-168-00866-801043,09,168,00866
11-09-168-00867-801044,09,168,00867
11-09-169-00868-801045,09,169,00868
11-09-169-00869-801046,09,169,00869
11-09-169-00869-801047,09,169,00869
11-09-169-00870-801048,09,169,00870
11-09-169-00870-801049,09,169,00870
11-09-170-00871-801050,09,170,00871
11-09-170-00871-801051,09,170,00871
11-09-170-00871-801052,09,170,00871
11-09-170-00872-801053,09,170,00872
11-09-170-00873-801054,09,170,00873
11-09-170-00873-801055,09,170,00873
11-09-170-00873-801056,09,170,00873
11-09-170-00874-801057,09,170,00874
11-09-171-00875-155910,09,171,00875
11-09-171-00875-801058,09,171,00875
11-09-171-00875-801059,09,171,00875
11-09-171-00876-801060,09,171,00876
11-09-172-00877-801061,09,172,00877
11-09-172-00877-801062,09,172,00877
11-09-172-00878-801063,09,172,00878
11-09-172-00878-801064,09,172,00878
11-09-172-00879-801065,09,172,00879
11-09-172-00879-801066,09,172,00879
11-09-172-00879-801067,09,172,00879
11-09-173-00881-801068,09,173,00881
11-09-173-00881-801069,09,173,00881
11-09-173-00882-158999,09,173,00882
11-09-173-00882-159000,09,173,00882
11-09-173-00882-801070,09,173,00882
11-09-173-00882-801071,09,173,00882
11-09-173-00882-801072,09,173,00882
11-09-173-00882-801073,09,173,00882
11-09-173-00883-801074,09,173,00883
11-09-174-00885-801075,09,174,00885
11-09-174-00885-801076,09,174,00885
11-09-174-00886-801077,09,174,00886
11-09-174-00886-801078,09,174,00886
11-09-174-00887-160728,09,174,00887
11-09-174-00887-160729,09,174,00887
11-09-174-00887-801079,09,174,00887
11-09-174-00887-801080,09,174,00887
11-09-174-00887-801081,09,174,00887
11-09-175-00888-161173,09,175,00888
11-09-175-00888-801082,09,175,00888
11-09-175-00888-801083,09,175,00888
11-09-175-00889-161734,09,175,00889
11-09-175-00889-161735,09,175,00889
11-09-175-00889-161736,09,175,00889
11-09-175-00889-801084,09,175,00889
11-09-175-00889-801085,09,175,00889
11-09-175-00890-161836,09,175,00890
11-09-175-00890-161837,09,175,00890
11-09-175-00890-801086,09,175,00890
11-09-175-00890-801087,09,175,00890
11-09-175-00891-162178,09,175,00891
11-09-175-00891-162179,09,175,00891
11-09-175-00891-801088,09,175,00891
11-09-175-00892-162513,09,175,00892
11-09-175-00892-162514,09,175,00892
11-09-175-00892-162515,09,175,00892
11-09-175-00892-162516,09,175,00892
11-09-175-00892-162517,09,175,00892
11-09-175-00892-162518,09,175,00892
11-09-175-00893-801089,09,175,00893
11-09-175-00894-801090,09,175,00894
11-09-175-00894-801091,09,175,00894
11-09-175-00895-801092,09,175,00895
11-09-176-00896-801093,09,176,00896
11-09-176-00897-801094,09,176,00897
11-09-176-00898-164843,09,176,00898
11-09-176-00898-164844,09,176,00898
11-09-176-00898-164845,09,176,00898
11-09-176-00898-801095,09,176,00898
11-09-176-00898-801096,09,176,00898
11-09-176-00898-801097,09,176,00898
11-09-176-00898-801098,09,176,00898
11-09-176-00898-801099,09,176,00898
11-09-176-00899-801100,09,176,00899
11-09-176-00900-801101,09,176,00900
11-09-176-00901-801102,09,176,00901
11-09-176-00901-801103,09,176,00901
11-09-176-00901-801104,09,176,00901
11-09-177-00902-801105,09,177,00902
11-09-177-00904-801106,09,177,00904
11-09-177-00905-166581,09,177,00905
11-09-177-00905-166582,09,177,00905
11-09-177-00905-166583,09,177,00905
11-09-177-00905-801107,09,177,00905
11-09-177-00905-801108,09,177,00905
11-09-177-00905-801109,09,177,00905
11-09-177-00905-801110,09,177,00905
11-09-177-00906-801111,09,177,00906
11-09-178-00907-167328,09,178,00907
11-09-178-00907-801112,09,178,00907
11-09-178-00907-801113,09,178,00907
11-09-178-00907-801114,09,178,00907
11-09-178-00909-168112,09,178,00909
11-09-178-00909-801115,09,178,00909
11-09-178-00910-801116,09,178,00910
11-09-179-00912-169021,09,179,00912
11-09-179-00912-169022,09,179,00912
11-09-179-00912-169023,09,179,00912
11-09-179-00912-801117,09,179,00912
11-09-179-00914-169575,09,179,00914
11-09-179-00914-801118,09,179,00914
11-09-179-00915-170003,09,179,00915
11-09-179-00915-801119,09,179,00915
11-09-179-00917-801120,09,179,00917
11-09-179-00918-801121,09,179,00918
11-09-179-00918-801122,09,179,00918
11-09-180-00919-171633,09,180,00919
11-09-180-00919-801123,09,180,00919
11-09-180-00921-801124,09,180,00921
11-09-180-00921-801125,09,180,00921
11-09-180-00922-801126,09,180,00922
11-09-181-00923-801127,09,181,00923
11-09-181-00924-801128,09,181,00924
11-09-182-00925-173406,09,182,00925
11-09-182-00925-801129,09,182,00925
11-09-182-00926-173796,09,182,00926
11-09-182-00926-801130,09,182,00926
11-09-182-00926-801131,09,182,00926
11-09-182-00927-801132,09,182,00927
11-09-183-00928-174749,09,183,00928
11-09-183-00928-174750,09,183,00928
11-09-183-00928-174751,09,183,00928
11-09-183-00928-801133,09,183,00928
11-09-183-00928-801134,09,183,00928
11-09-183-00929-801135,09,183,00929
11-09-183-00929-801136,09,183,00929
11-09-183-00930-801137,09,183,00930
11-09-183-00931-175980,09,183,00931
11-09-183-00931-801138,09,183,00931
11-09-184-00932-801139,09,184,00932
11-09-184-00932-801140,09,184,00932
11-09-184-00933-801141,09,184,00933
11-09-184-00933-801142,09,184,00933
11-09-184-00934-801143,09,184,00934
11-09-184-00935-178061,09,184,00935
11-09-184-00936-178487,09,184,00936
11-09-184-00936-801144,09,184,00936
11-09-185-00938-801145,09,185,00938
11-09-185-00938-801146,09,185,00938
11-09-185-00939-801147,09,185,00939
11-09-186-00941-801148,09,186,00941
11-09-186-00942-182983,09,186,00942
11-09-186-00942-182984,09,186,00942
11-09-186-00942-801149,09,186,00942
11-09-186-00942-801150,09,186,00942
11-09-186-00943-801151,09,186,00943
11-09-187-00944-183830,09,187,00944
11-09-187-00944-801152,09,187,00944
11-09-187-00945-801153,09,187,00945
11-09-187-00945-801154,09,187,00945
11-09-187-00946-801155,09,187,00946
11-09-187-00947-801156,09,187,00947
11-09-187-00947-801157,09,187,00947
11-09-188-00948-801158,09,188,00948
11-09-188-00949-185391,09,188,00949
11-09-188-00949-801159,09,188,00949
11-09-188-00950-185901,09,188,00950
11-09-188-00950-185902,09,188,00950
11-09-188-00950-185903,09,188,00950
11-09-188-00950-185904,09,188,00950
11-09-188-00950-185905,09,188,00950
11-09-188-00950-801160,09,188,00950
11-09-188-00950-801161,09,188,00950
11-09-188-00951-801162,09,188,00951
11-09-188-00952-801163,09,188,00952
11-09-188-00954-801164,09,188,00954
11-09-188-00954-801165,09,188,00954
11-09-189-00955-801166,09,189,00955
11-09-189-00955-801167,09,189,00955
11-09-189-00956-801168,09,189,00956
11-09-189-00956-801169,09,189,00956
11-09-189-00956-801170,09,189,00956
11-09-189-00957-189407,09,189,00957
11-09-189-00957-801171,09,189,00957
11-09-189-00958-801172,09,189,00958
11-09-190-00959-801173,09,190,00959
11-09-190-00959-801174,09,190,00959
11-09-190-00959-801175,09,190,00959
11-09-190-00960-801176,09,190,00960
11-09-190-00961-801177,09,190,00961
11-09-190-00962-801178,09,190,00962
11-09-190-00962-801179,09,190,00962
11-09-190-00962-801180,09,190,00962
11-09-190-00962-801181,09,190,00962
11-09-190-00963-801182,09,190,00963
11-09-191-00964-801183,09,191,00964
11-09-191-00965-801184,09,191,00965
11-09-191-00965-801185,09,191,00965
11-09-191-00965-801186,09,191,00965
11-09-191-00965-801187,09,191,00965
11-09-191-00966-194082,09,191,00966
11-09-191-00966-194083,09,191,00966
11-09-191-00966-194084,09,191,00966
11-09-191-00966-194085,09,191,00966
11-09-191-00966-194086,09,191,00966
11-09-191-00966-194087,09,191,00966
11-09-191-00966-194088,09,191,00966
11-09-191-00966-801188,09,191,00966
11-09-191-00966-801189,09,191,00966
11-09-191-00967-801190,09,191,00967
11-09-191-00967-801191,09,191,00967
11-09-191-00968-195176,09,191,00968
11-09-191-00968-801192,09,191,00968
11-09-191-00969-801193,09,191,00969
11-09-191-00970-801194,09,191,00970
11-09-192-00971-801195,09,192,00971
11-09-192-00971-801196,09,192,00971
11-09-192-00971-801197,09,192,00971
11-09-192-00972-196761,09,192,00972
11-09-192-00973-197188,09,192,00973
11-09-192-00973-197189,09,192,00973
11-09-192-00973-197190,09,192,00973
11-09-192-00973-801198,09,192,00973
11-09-192-00973-801199,09,192,00973
11-09-192-00973-801200,09,192,00973
11-09-192-00974-197677,09,192,00974
11-09-192-00974-197678,09,192,00974
11-09-192-00974-197679,09,192,00974
11-09-192-00974-801201,09,192,00974
11-09-193-00975-801202,09,193,00975
11-09-193-00976-801203,09,193,00976
11-09-193-00977-801204,09,193,00977
11-09-193-00978-199391,09,193,00978
11-09-193-00978-199392,09,193,00978
11-09-193-00978-801205,09,193,00978
11-09-193-00978-801206,09,193,00978
11-09-193-00979-801207,09,193,00979
11-09-193-00979-801208,09,193,00979
11-09-193-00979-801209,09,193,00979
11-09-193-00979-801210,09,193,00979
11-09-194-00981-801211,09,194,00981
11-09-194-00981-801212,09,194,00981
11-09-194-00983-801213,09,194,00983
11-09-194-00983-801214,09,194,00983
11-09-194-00984-202318,09,194,00984
11-09-194-00984-202319,09,194,00984
11-09-194-00984-202320,09,194,00984
11-09-194-00984-801215,09,194,00984
11-09-194-00984-801216,09,194,00984
11-09-194-00985-203003,09,194,00985
11-09-194-00985-801217,09,194,00985
11-09-194-00986-203428,09,194,00986
11-09-194-00986-801218,09,194,00986
11-09-195-00987-801219,09,195,00987
11-09-195-00988-801220,09,195,00988
11-09-195-00989-801221,09,195,00989
11-09-195-00989-801222,09,195,00989
11-09-195-00990-801223,09,195,00990
11-09-195-00990-801224,09,195,00990
11-09-195-00991-801225,09,195,00991
11-09-195-00991-801226,09,195,00991
11-09-196-00992-207292,09,196,00992
11-09-196-00993-207806,09,196,00993
11-09-196-00993-207807,09,196,00993
11-09-196-00993-207808,09,196,00993
11-09-196-00993-207809,09,196,00993
11-09-196-00993-207810,09,196,00993
11-09-196-00993-801227,09,196,00993
11-09-196-00993-801228,09,196,00993
11-09-196-00993-801229,09,196,00993
11-09-196-00993-801230,09,196,00993
11-09-196-00994-801231,09,196,00994
11-09-197-00995-208865,09,197,00995
11-09-197-00996-209729,09,197,00996
11-09-197-00996-209730,09,197,00996
11-09-197-00996-209731,09,197,00996
11-09-197-00996-209732,09,197,00996
11-09-197-00996-209733,09,197,00996
11-09-197-00996-209734,09,197,00996
11-09-197-00996-209735,09,197,00996
11-09-197-00996-209736,09,197,00996
11-09-197-00996-209737,09,197,00996
11-09-197-00996-209738,09,197,00996
11-09-197-00996-209739,09,197,00996
11-09-197-00996-209740,09,197,00996
11-09-197-00996-209741,09,197,00996
11-09-197-00996-209742,09,197,00996
11-09-197-00996-209743,09,197,00996
11-09-197-00996-209744,09,197,00996
11-09-197-00996-209745,09,197,00996
11-09-197-00996-209746,09,197,00996
11-09-197-00996-209747,09,197,00996
11-09-197-00996-209748,09,197,00996
11-09-197-00996-209749,09,197,00996
11-09-197-00996-209750,09,197,00996
11-09-197-00996-209751,09,197,00996
11-09-197-00996-209752,09,197,00996
11-09-197-00996-209753,09,197,00996
11-09-197-00996-209754,09,197,00996
11-09-197-00996-209755,09,197,00996
11-09-197-00996-209756,09,197,00996
11-09-197-00996-209757,09,197,00996
11-09-197-00996-209758,09,197,00996
11-09-197-00996-209759,09,197,00996
11-09-197-00996-209760,09,197,00996
11-09-197-00996-209761,09,197,00996
11-09-197-00996-801232,09,197,00996
11-09-197-00996-801233,09,197,00996
11-09-197-00996-801234,09,197,00996
11-09-197-00996-801235,09,197,00996
11-09-197-00996-801236,09,197,00996
11-09-198-00997-210167,09,198,00997
11-09-198-00997-801237,09,198,00997
11-09-198-00997-801238,09,198,00997
11-09-198-00997-801239,09,198,00997
11-09-198-00998-210622,09,198,00998
11-09-198-00998-210623,09,198,00998
11-09-198-00998-801240,09,198,00998
11-09-198-00998-801241,09,198,00998
11-09-198-00999-210982,09,198,00999
11-09-198-00999-801242,09,198,00999
11-09-198-00999-801243,09,198,00999
11-09-199-01000-211672,09,199,01000
11-09-199-01000-211673,09,199,01000
11-09-199-01000-211674,09,199,01000
11-09-199-01000-211675,09,199,01000
11-09-199-01000-211676,09,199,01000
11-09-199-01000-801244,09,199,01000
11-09-199-01000-801245,09,199,01000
11-09-199-01003-212949,09,199,01003
11-09-199-01003-801246,09,199,01003
11-09-199-01003-801247,09,199,01003
11-09-200-01004-801248,09,200,01004
11-09-200-01005-214088,09,200,01005
11-09-200-01005-801249,09,200,01005
11-09-200-01005-801250,09,200,01005
11-09-200-01005-801251,09,200,01005
11-09-200-01005-801252,09,200,01005
11-09-200-01006-214380,09,200,01006
11-09-200-01006-214381,09,200,01006
11-09-200-01006-214382,09,200,01006
11-09-200-01006-214383,09,200,01006
11-09-200-01006-214384,09,200,01006
11-09-200-01006-214385,09,200,01006
11-09-200-01006-214386,09,200,01006
11-09-200-01006-801253,09,200,01006
11-09-200-01006-801254,09,200,01006
11-09-200-01006-801255,09,200,01006
11-09-200-01006-801256,09,200,01006
11-09-200-01006-801257,09,200,01006
11-09-201-01007-801258,09,201,01007
11-09-201-01007-801259,09,201,01007
11-09-201-01007-801260,09,201,01007
11-09-201-01008-215120,09,201,01008
11-09-201-01008-801261,09,201,01008
11-09-201-01008-801262,09,201,01008
11-09-201-01008-801263,09,201,01008
11-09-201-01008-801264,09,201,01008
11-09-201-01009-801265,09,201,01009
11-09-201-01009-801266,09,201,01009
11-09-202-01010-801267,09,202,01010
11-09-202-01010-801268,09,202,01010
11-09-202-01010-801269,09,202,01010
11-09-202-01011-801270,09,202,01011
11-09-202-01011-801271,09,202,01011
11-09-202-01012-215988,09,202,01012
11-09-202-01012-801272,09,202,01012
11-09-202-01012-801273,09,202,01012
11-09-202-01012-801274,09,202,01012
11-09-202-01012-801275,09,202,01012
11-09-202-01012-801276,09,202,01012
11-10-203-01014-801277,10,203,01014
11-10-203-01017-801278,10,203,01017
11-10-203-01019-801279,10,203,01019
11-10-203-01025-801280,10,203,01025
11-10-203-01028-217372,10,203,01028
11-10-203-01028-217373,10,203,01028
11-10-203-01028-801281,10,203,01028
11-10-203-01029-217429,10,203,01029
11-10-204-01031-801282,10,204,01031
11-10-204-01034-801283,10,204,01034
11-10-204-01039-801284,10,204,01039
11-10-204-01041-801285,10,204,01041
11-10-204-01045-801286,10,204,01045
11-10-204-01047-801287,10,204,01047
11-10-204-01051-801288,10,204,01051
11-10-204-01052-801289,10,204,01052
11-10-204-01055-801290,10,204,01055
11-10-204-01057-801291,10,204,01057
11-10-205-01060-801292,10,205,01060
11-10-206-01063-801293,10,206,01063
11-10-206-01072-801294,10,206,01072
11-10-206-01074-219625,10,206,01074
11-10-206-01074-801295,10,206,01074
11-10-206-01074-801296,10,206,01074
11-10-206-01077-801297,10,206,01077
11-10-207-01083-801298,10,207,01083
11-10-207-01093-220486,10,207,01093
11-10-207-01093-801299,10,207,01093
11-10-207-01095-220625,10,207,01095
11-10-207-01097-801300,10,207,01097
11-10-207-01098-801301,10,207,01098
11-10-208-01101-801302,10,208,01101
11-10-208-01102-801303,10,208,01102
11-10-208-01109-801304,10,208,01109
11-10-209-01113-801305,10,209,01113
11-10-209-01113-801306,10,209,01113
11-10-209-01116-801307,10,209,01116
11-10-210-01123-801308,10,210,01123
11-10-210-01125-801309,10,210,01125
11-10-210-01127-801310,10,210,01127
11-10-211-01128-801311,10,211,01128
11-10-211-01134-801312,10,211,01134
11-10-211-01135-801313,10,211,01135
11-10-212-01147-225104,10,212,01147
11-10-212-01151-801314,10,212,01151
11-10-212-01156-801315,10,212,01156
11-10-213-01159-225836,10,213,01159
11-10-213-01161-801316,10,213,01161
11-10-213-01164-801317,10,213,01164
11-10-214-01174-801318,10,214,01174
11-10-215-01184-227112,10,215,01184
11-10-215-01184-801319,10,215,01184
11-10-215-01188-801320,10,215,01188
11-10-215-01189-227464,10,215,01189
11-10-216-01199-801321,10,216,01199
11-10-216-01200-801322,10,216,01200
11-10-216-01204-228693,10,216,01204
11-10-216-01204-801323,10,216,01204
11-10-216-01212-229455,10,216,01212
11-10-216-01212-229456,10,216,01212
11-10-216-01212-229457,10,216,01212
11-10-216-01212-229458,10,216,01212
11-10-216-01212-801324,10,216,01212
11-10-217-01215-801325,10,217,01215
11-10-217-01221-230711,10,217,01221
11-10-217-01222-801326,10,217,01222
11-10-217-01224-801327,10,217,01224
11-10-217-01226-801328,10,217,01226
11-10-218-01230-801329,10,218,01230
11-10-218-01236-801330,10,218,01236
11-10-218-01240-801331,10,218,01240
11-10-219-01257-801332,10,219,01257
11-10-219-01258-233708,10,219,01258
11-10-219-01258-801333,10,219,01258
11-10-219-01260-801334,10,219,01260
11-10-219-01266-801335,10,219,01266
11-10-219-01267-801336,10,219,01267
11-10-220-01270-801337,10,220,01270
11-10-220-01278-801338,10,220,01278
11-10-220-01283-801339,10,220,01283
11-10-221-01284-236297,10,221,01284
11-10-221-01285-236373,10,221,01285
11-10-221-01288-236603,10,221,01288
11-10-221-01288-236604,10,221,01288
11-10-221-01288-801340,10,221,01288
11-10-221-01297-801341,10,221,01297
11-10-221-01300-801342,10,221,01300
11-10-222-01309-237758,10,222,01309
11-10-222-01311-801343,10,222,01311
11-10-222-01311-801344,10,222,01311
11-10-222-01312-238047,10,222,01312
11-10-222-01312-238048,10,222,01312
11-10-222-01312-801345,10,222,01312
11-10-222-01314-238158,10,222,01314
11-10-222-01314-801346,10,222,01314
11-10-222-01316-801347,10,222,01316
11-10-222-01319-801348,10,222,01319
11-10-223-01323-801349,10,223,01323
11-10-223-01327-801350,10,223,01327
11-10-224-01332-801351,10,224,01332
11-10-224-01336-239325,10,224,01336
11-10-224-01336-801352,10,224,01336
11-10-224-01338-239423,10,224,01338
11-10-224-01339-239576,10,224,01339
11-10-224-01340-801353,10,224,01340
11-10-224-01343-240182,10,224,01343
11-10-224-01343-240183,10,224,01343
11-10-224-01343-240184,10,224,01343
11-10-224-01343-801354,10,224,01343
11-10-225-01346-801355,10,225,01346
11-10-225-01350-801356,10,225,01350
11-10-226-01356-801357,10,226,01356
11-10-226-01357-242654,10,226,01357
11-10-226-01358-801358,10,226,01358
11-10-226-01360-801359,10,226,01360
11-10-226-01361-243123,10,226,01361
11-10-226-01362-243202,10,226,01362
11-10-226-01362-243203,10,226,01362
11-10-227-01365-801360,10,227,01365
11-10-227-01368-801361,10,227,01368
11-10-228-01372-801362,10,228,01372
11-10-228-01374-801363,10,228,01374
11-10-229-01386-801364,10,229,01386
11-10-229-01390-801365,10,229,01390
11-10-229-01391-244896,10,229,01391
11-10-229-01392-801366,10,229,01392
11-10-229-01394-801367,10,229,01394
11-10-229-01395-801368,10,229,01395
11-10-230-01398-801369,10,230,01398
11-10-230-01399-801370,10,230,01399
11-10-230-01399-801371,10,230,01399
11-10-230-01399-801372,10,230,01399
11-10-230-01400-801373,10,230,01400
11-10-230-01402-245396,10,230,01402
11-10-230-01402-245397,10,230,01402
11-10-230-01402-801374,10,230,01402
11-10-230-01403-245486,10,230,01403
11-10-230-01403-801375,10,230,01403
11-10-230-01404-801376,10,230,01404
11-10-230-01405-801377,10,230,01405
11-10-230-01407-245825,10,230,01407
11-10-230-01408-801378,10,230,01408
11-10-230-01411-801379,10,230,01411
11-10-230-01413-801380,10,230,01413
11-10-230-01414-801381,10,230,01414
11-10-230-01417-801382,10,230,01417
11-10-230-01420-246571,10,230,01420
11-10-230-01420-801383,10,230,01420
11-10-231-01421-801384,10,231,01421
11-10-231-01422-801385,10,231,01422
11-10-231-01424-801386,10,231,01424
11-10-231-01427-801387,10,231,01427
11-10-231-01428-801388,10,231,01428
11-10-231-01429-801389,10,231,01429
11-10-232-01440-801390,10,232,01440
11-10-232-01441-248330,10,232,01441
11-10-232-01441-801391,10,232,01441
11-10-233-01446-249048,10,233,01446
11-10-233-01449-249508,10,233,01449
11-10-233-01453-801392,10,233,01453
11-10-234-01459-801393,10,234,01459
11-10-234-01461-801394,10,234,01461
11-10-234-01463-801395,10,234,01463
11-10-234-01466-801396,10,234,01466
11-10-234-01468-252038,10,234,01468
11-10-234-01468-252039,10,234,01468
11-10-234-01471-801397,10,234,01471
11-10-234-01473-801398,10,234,01473
11-10-234-01474-252657,10,234,01474
11-10-234-01475-252695,10,234,01475
11-10-235-01476-801399,10,235,01476
11-10-235-01477-252831,10,235,01477
11-10-235-01479-801400,10,235,01479
11-10-235-01480-253375,10,235,01480
11-10-235-01481-801401,10,235,01481
11-10-235-01483-801402,10,235,01483
11-10-236-01488-801403,10,236,01488
11-10-236-01495-255396,10,236,01495
11-10-236-01495-801404,10,236,01495
11-10-236-01497-255563,10,236,01497
11-10-236-01503-801405,10,236,01503
11-10-236-01505-801406,10,236,01505
11-10-237-01512-257561,10,237,01512
11-10-237-01512-801407,10,237,01512
11-10-237-01513-801408,10,237,01513
11-10-237-01520-801409,10,237,01520
11-10-237-01524-801410,10,237,01524
11-10-238-01527-801411,10,238,01527
11-10-238-01530-259057,10,238,01530
11-10-238-01530-259058,10,238,01530
11-10-238-01530-801412,10,238,01530
11-10-238-01533-259424,10,238,01533
11-10-239-01536-801413,10,239,01536
11-10-239-01540-801414,10,239,01540
11-10-240-01542-801415,10,240,01542
11-11-241-01548-801416,11,241,01548
11-11-242-01549-801417,11,242,01549
11-11-242-01550-801418,11,242,01550
11-11-243-01551-801419,11,243,01551
11-11-243-01551-801420,11,243,01551
11-11-244-01553-801421,11,244,01553
11-11-244-01553-801422,11,244,01553
11-11-244-01553-801423,11,244,01553
11-11-244-01555-261376,11,244,01555
11-12-245-01559-801424,12,245,01559
11-12-246-01566-801425,12,246,01566
11-12-246-01569-801426,12,246,01569
11-12-246-01572-261802,12,246,01572
11-12-247-01584-801427,12,247,01584
11-12-248-01596-801428,12,248,01596
11-12-248-01597-801429,12,248,01597
11-12-248-01601-801430,12,248,01601
11-12-249-01615-801431,12,249,01615
11-12-250-01634-801432,12,250,01634
11-12-250-01636-801433,12,250,01636
11-12-251-01643-801434,12,251,01643
11-12-251-01655-801435,12,251,01655
11-12-252-01663-801436,12,252,01663
11-12-253-01671-801437,12,253,01671
11-12-253-01678-801438,12,253,01678
11-12-253-01680-801439,12,253,01680
11-12-254-01684-801440,12,254,01684
11-12-254-01686-801441,12,254,01686
11-12-254-01690-801442,12,254,01690
11-12-255-01695-801443,12,255,01695
11-12-256-01708-801444,12,256,01708
11-12-257-01718-801445,12,257,01718
11-12-258-01724-801446,12,258,01724
11-12-259-01729-801447,12,259,01729
11-12-259-01732-801448,12,259,01732
11-12-260-01743-801449,12,260,01743
11-13-261-01744-801450,13,261,01744
11-13-261-01748-801451,13,261,01748
11-13-262-01760-267135,13,262,01760
11-13-262-01760-801452,13,262,01760
11-13-262-01761-801453,13,262,01761
11-13-262-01766-801454,13,262,01766
11-13-263-01772-801455,13,263,01772
11-13-263-01777-267382,13,263,01777
11-13-264-01789-801456,13,264,01789
11-13-265-01796-267667,13,265,01796
11-13-265-01796-267668,13,265,01796
11-13-265-01796-801457,13,265,01796
11-13-265-01797-267722,13,265,01797
11-13-265-01797-267723,13,265,01797
11-13-265-01797-801458,13,265,01797
11-13-265-01799-801459,13,265,01799
11-13-266-01801-801460,13,266,01801
11-13-266-01809-801461,13,266,01809
11-13-267-01817-801462,13,267,01817
11-13-268-01833-801463,13,268,01833
11-13-269-01837-801464,13,269,01837
11-13-270-01843-801465,13,270,01843
11-13-270-01849-268273,13,270,01849
11-13-270-01849-801466,13,270,01849
11-13-271-01852-801467,13,271,01852
11-13-271-01857-801468,13,271,01857
11-14-272-01861-268681,14,272,01861
11-14-273-01866-269207,14,273,01866
11-14-274-01871-269800,14,274,01871
11-14-274-01871-269801,14,274,01871
11-14-274-01871-269802,14,274,01871
11-14-275-01873-801469,14,275,01873
11-14-275-01873-801470,14,275,01873
11-14-275-01874-801471,14,275,01874
11-14-275-01874-801472,14,275,01874
11-14-275-01875-801473,14,275,01875
11-14-275-01875-801474,14,275,01875
11-14-275-01875-801475,14,275,01875
11-14-276-01876-801476,14,276,01876
11-14-276-01876-801488,14,276,01876
11-14-276-01877-801477,14,276,01877
11-14-276-01877-801478,14,276,01877
11-14-276-01877-801479,14,276,01877
11-14-276-01877-801480,14,276,01877
11-14-276-01877-801481,14,276,01877
11-14-276-01878-801482,14,276,01878
11-14-276-01878-801483,14,276,01878
11-14-276-01878-801484,14,276,01878
11-14-277-01879-801485,14,277,01879
11-14-277-01879-801486,14,277,01879
11-14-277-01880-270116,14,277,01880
11-14-277-01880-270117,14,277,01880
11-14-277-01880-801469,14,277,01880
11-14-277-01881-270122,14,277,01881
11-14-277-01881-270123,14,277,01881
11-14-277-01881-270124,14,277,01881
11-14-277-01881-801487,14,278,01885
11-14-277-01881-801487,14,277,01881
11-14-277-01882-801488,14,277,01882
11-14-277-01882-801489,14,277,01882
11-14-277-01882-801490,14,277,01882
11-14-277-01882-801491,14,277,01882
11-14-277-01882-801492,14,277,01882
11-14-277-01882-801492,14,278,01886
11-14-278-01883-801493,14,278,01883
11-14-278-01884-801494,14,278,01884
11-14-278-01885-270312,14,278,01885
11-14-278-01885-270313,14,278,01885
11-14-278-01885-270314,14,278,01885
11-14-278-01885-270315,14,278,01885
11-14-278-01885-270316,14,278,01885
11-14-278-01885-270317,14,278,01885
11-14-278-01885-270318,14,278,01885
11-14-278-01885-270319,14,278,01885
11-14-278-01885-270320,14,278,01885
11-14-278-01885-270321,14,278,01885
11-14-278-01885-270322,14,278,01885
11-14-278-01885-270323,14,278,01885
11-14-278-01886-801495,14,278,01886
11-14-279-01888-270457,14,279,01888
11-14-280-01893-801496,14,280,01893
11-15-281-01896-801497,15,281,01896
11-15-281-01896-801498,15,281,01896
11-15-281-01898-801499,15,281,01898
11-15-282-01899-801500,15,282,01899
11-15-282-01900-801501,15,282,01900
11-15-282-01900-801502,15,282,01900
11-15-282-01900-801503,15,282,01900
11-15-283-01901-801505,15,283,01901
11-15-283-01901-801506,15,283,01901
11-15-283-01902-801504,15,283,01902
11-15-283-01905-801507,15,283,01905
11-15-284-01907-801508,15,284,01907
11-15-284-01907-801509,15,284,01907
11-15-284-01908-801510,15,284,01908
11-15-284-01911-801511,15,284,01911
11-15-285-01910-801512,15,285,01910
11-15-285-01910-801513,15,285,01910
11-15-285-01911-801514,15,285,01911
11-15-286-01913-801515,15,286,01913
11-15-286-01914-801516,15,286,01914
11-15-286-01915-801517,15,286,01915
11-15-287-01917-801518,15,287,01917
11-15-288-01921-801519,15,288,01921
11-16-289-01922-271863,16,289,01922
11-16-289-01922-271864,16,289,01922
11-16-289-01922-271865,16,289,01922
11-16-289-01922-271866,16,289,01922
11-16-289-01931-272002,16,289,99999
11-16-289-01931-272013,16,289,01931
11-16-289-01931-272014,16,289,01931
11-16-289-01931-272015,16,289,01931
11-16-289-01931-272016,16,289,01931
11-16-289-01932-272023,16,289,01932
11-16-289-01932-272024,16,289,01932
11-16-289-01932-272025,16,289,01932
11-16-289-01932-272026,16,289,01932
11-16-289-01932-272027,16,289,01932
11-16-289-01934-272081,16,289,01934
11-16-289-01936-272126,16,289,01936
11-16-289-99999-801520,16,289,99999
11-16-289-99999-801521,16,289,99999
11-16-289-99999-801523,16,289,99999
11-16-289-99999-801524,16,289,99999
11-16-289-99999-801525,16,289,99999
11-16-290-01941-272233,16,290,01941
11-16-290-01941-272234,16,290,01941
11-16-290-01941-272235,16,290,01941
11-16-290-01941-272236,16,290,01941
11-16-290-01946-272360,16,290,01946
11-16-290-99999-801526,16,290,99999
11-16-290-99999-801527,16,290,99999
11-16-290-99999-801528,16,290,99999
11-16-290-99999-801529,16,290,99999
11-16-290-99999-801530,16,290,99999
11-16-291-01949-272465,16,291,01949
11-16-291-01950-272488,16,291,01950
11-16-291-99999-801531,16,291,99999
11-16-291-99999-801532,16,291,99999
11-16-292-01956-272655,16,292,01956
11-16-292-01956-272656,16,292,01956
11-16-292-01959-272707,16,292,01959
11-16-292-01960-272731,16,292,01960
11-16-292-99999-801533,16,292,99999
11-16-292-99999-801534,16,292,99999
11-16-292-99999-801535,16,292,99999
11-17-293-01965-801536,17,293,01965
11-17-294-01970-801537,17,294,01970
11-17-294-01974-801538,17,294,01974
11-17-295-01977-801539,17,295,01977
11-17-296-01980-801540,17,296,01980
11-17-296-01982-801541,17,296,01982
11-17-297-01985-801542,17,297,01985
11-17-297-01987-278071,17,297,01987
11-17-298-01989-278353,17,298,01989
11-17-298-01989-278354,17,298,01989
11-17-298-01989-278355,17,298,01989
11-17-298-01989-278356,17,298,01989
11-17-298-01989-278357,17,298,01989
11-17-298-01989-278358,17,298,01989
11-17-298-01989-278359,17,298,01989
11-17-298-01989-278360,17,298,01989
11-17-298-01989-278361,17,298,01989
11-17-298-01989-278362,17,298,01989
11-17-298-01989-801543,17,298,01989
11-17-298-01989-801544,17,298,01989
11-17-298-01994-278901,17,298,01994
11-17-299-01996-801545,17,299,01996
11-18-300-02001-279898,18,300,02001
11-18-300-02001-801546,18,300,02001
11-18-300-02004-280388,18,300,02004
11-18-300-02004-801547,18,300,02004
11-18-301-02005-801550,18,301,02005
11-18-301-02007-280885,18,301,02007
11-18-301-02008-281039,18,301,02008
11-18-301-02008-801548,18,301,02008
11-18-301-02008-801549,18,301,02008
11-18-301-02009-281338,18,301,02009
11-18-301-02009-801551,18,301,02009
11-18-301-02010-801552,18,301,02010
11-18-301-02012-281759,18,301,02012
11-18-302-02013-282027,18,302,02013
11-18-302-02013-801553,18,302,02013
11-18-302-02014-282248,18,302,02014
11-18-302-02014-282249,18,302,02014
11-18-302-02014-801554,18,302,02014
11-18-302-02015-282403,18,302,02015
11-18-302-02015-282404,18,302,02015
11-18-302-02015-282405,18,302,02015
11-18-302-02016-282470,18,302,02016
11-18-302-02016-282471,18,302,02016
11-18-302-02016-282472,18,302,02016
11-18-303-02018-282691,18,303,02018
11-18-303-02018-282692,18,303,02018
11-18-303-02018-801555,18,303,02018
11-18-303-02018-801556,18,303,02018
11-18-303-02021-283005,18,303,02021
11-18-303-02022-801557,18,303,02022
11-18-303-02022-801558,18,303,02022
11-18-303-02023-801559,18,303,02023
11-18-303-02024-801560,18,303,02024
11-18-304-02026-283613,18,304,02026
11-18-304-02026-283614,18,304,02026
11-18-304-02026-283615,18,304,02026
11-18-304-02027-283737,18,304,02027
11-18-304-02028-283840,18,304,02028
11-18-304-02029-801561,18,304,02029
11-18-305-02032-284490,18,305,02032
11-18-305-02034-801562,18,305,02034
11-18-305-02035-284816,18,305,02035
11-18-305-02035-284817,18,305,02035
11-18-305-02035-284818,18,305,02035
11-18-305-02035-801563,18,305,02035
11-18-305-02036-801564,18,305,02036
11-18-305-02037-801565,18,305,02037
11-18-305-02038-285193,18,305,02038
11-18-305-02038-285194,18,305,02038
11-18-305-02038-285195,18,305,02038
11-18-305-02038-801566,18,305,02038
11-18-305-02039-285309,18,305,02039
11-18-305-02039-801567,18,305,02039
11-18-305-02040-285495,18,305,02040
11-18-305-02040-801568,18,305,02040
11-18-305-02040-801569,18,305,02040
11-18-306-02041-801570,18,306,02041
11-18-306-02042-801571,18,306,02042
11-18-306-02043-286340,18,306,02043
11-18-306-02043-286341,18,306,02043
11-18-306-02043-801572,18,306,02043
11-18-306-02045-801573,18,306,02045
11-18-306-02047-801574,18,306,02047
11-18-306-02047-801574,18,306,02046
11-18-307-02048-801575,18,307,02048
11-18-307-02049-801576,18,307,02049
11-18-307-02052-801577,18,307,02052
11-18-307-02053-801578,18,307,02053
11-18-308-02055-801579,18,308,02055
11-18-308-02056-801580,18,308,02056
11-18-308-02057-289621,18,308,02057
11-18-308-02057-289622,18,308,02057
11-18-309-02059-290058,18,309,02059
11-18-309-02060-801581,18,309,02060
11-18-309-02060-801582,18,309,02060
11-18-309-02061-290740,18,309,02061
11-18-309-02061-290741,18,309,02061
11-18-309-02061-801583,18,309,02061
11-18-309-02062-291062,18,309,02062
11-18-309-02062-291063,18,309,02062
11-18-309-02062-291064,18,309,02062
11-18-309-02062-291065,18,309,02062
11-18-309-02062-801584,18,309,02062
11-18-309-02062-801585,18,309,02062
11-18-310-02064-291355,18,310,02064
11-18-310-02064-801586,18,310,02064
11-18-310-02064-801586,18,310,02063
11-18-310-02065-801587,18,310,02065
11-18-310-02066-291703,18,310,02066
11-18-310-02066-291704,18,310,02066
11-18-310-02067-292012,18,310,02067
11-18-310-02069-292421,18,310,02069
11-18-310-02069-801588,18,310,02069
11-18-311-02071-801589,18,311,02071
11-18-311-02072-801590,18,311,02072
11-18-311-02073-801591,18,311,02073
11-18-311-02073-801592,18,311,02073
11-18-311-02074-801593,18,311,02074
11-18-311-02075-293297,18,311,02075
11-18-311-02075-801594,18,311,02075
11-18-312-02077-293676,18,312,02077
11-18-312-02077-293677,18,312,02077
11-18-312-02077-293678,18,312,02077
11-18-312-02077-293679,18,312,02077
11-18-312-02078-293752,18,312,02078
11-18-312-02078-293753,18,312,02078
11-18-312-02078-801595,18,312,02078
11-18-312-02078-801595,18,312,02077
11-18-312-02079-801596,18,312,02079
11-18-312-02080-801597,18,312,02080
11-18-312-02081-801598,18,312,02081
11-18-313-02082-294282,18,313,02082
11-18-313-02082-294283,18,313,02082
11-18-313-02082-801599,18,313,02082
11-18-313-02084-801600,18,313,02084
11-18-313-02085-801601,18,313,02085
11-18-313-02087-801602,18,313,02087
11-18-313-02087-801603,18,313,02087
11-18-314-02088-801604,18,314,02088
11-18-314-02088-801605,18,314,02088
11-18-314-02089-296732,18,314,02089
11-18-314-02089-801606,18,314,02089
11-18-314-02089-801607,18,314,02089
11-18-314-02090-801608,18,314,02090
11-18-314-02090-801609,18,314,02090
11-18-315-02092-801610,18,315,02092
11-18-315-02093-801611,18,315,02093
11-18-315-02094-801612,18,315,02094
11-18-315-02095-801613,18,315,02095
11-18-316-02096-299130,18,316,02096
11-18-316-02096-299131,18,316,02096
11-18-316-02097-299378,18,316,02097
11-18-316-02097-299379,18,316,02097
11-18-316-02097-299380,18,316,02097
11-18-316-02097-299381,18,316,02097
11-18-316-02097-299382,18,316,02097
11-18-316-02097-299383,18,316,02097
11-18-316-02097-299384,18,316,02097
11-18-316-02097-299385,18,316,02097
11-18-316-02097-299386,18,316,02097
11-18-316-02097-299388,18,316,02097
11-18-316-02097-299389,18,316,02097
11-18-316-02097-801614,18,316,02097
11-18-316-02098-299492,18,316,02098
11-18-316-02100-801615,18,316,02100
11-18-317-02101-300147,18,317,02101
11-18-317-02101-300148,18,317,02101
11-18-317-02101-801616,18,317,02101
11-18-317-02102-300230,18,317,02102
11-18-317-02102-300231,18,317,02102
11-18-317-02102-300232,18,317,02102
11-18-317-02102-801617,18,317,02102
11-18-318-02106-300978,18,318,02106
11-18-318-02107-801618,18,318,02107
11-18-318-02108-801619,18,318,02108
11-18-319-02110-301325,18,319,02110
11-18-319-02110-801620,18,319,02110
11-18-319-02111-301473,18,319,02111
11-18-319-02112-801621,18,319,02112
11-18-319-02114-301806,18,319,02114
11-18-320-02004-801622,18,320,02004
11-18-320-02114-302042,18,320,02114
11-18-320-02115-801623,18,320,02115
11-18-321-02116-302426,18,321,02116
11-18-321-02116-801624,18,321,02116
11-18-321-02119-302704,18,321,02119
11-18-321-02119-302705,18,321,02119
11-18-321-02119-302706,18,321,02119
11-18-321-02119-302707,18,321,02119
11-18-321-02125-303357,18,321,02125
11-18-321-02125-303358,18,321,02125
11-18-321-02125-303359,18,321,02125
11-18-321-02125-303360,18,321,02125
11-18-321-02125-303361,18,321,02125
11-18-321-02125-303362,18,321,02125
11-18-321-02125-303363,18,321,02125
11-18-321-02125-801625,18,321,02125
11-18-321-02126-303396,18,321,02126
11-18-321-02126-303397,18,321,02126
11-18-322-02126-303429,18,322,02126
11-18-322-02126-801626,18,322,02126
11-18-322-02127-303419,18,322,02127
11-18-322-02127-303420,18,322,02127
11-18-322-02127-303421,18,322,02127
11-18-322-02127-303422,18,322,02127
11-18-322-02127-303423,18,322,02127
11-18-322-02129-801627,18,322,02129
11-18-322-02129-801627,18,322,02128
11-18-322-02130-303578,18,322,02130
11-18-322-02130-303579,18,322,02130
11-18-322-02130-303580,18,322,02130
11-18-322-02131-303624,18,322,02131
11-18-323-02132-801628,18,323,02132
11-18-323-02133-303707,18,323,02133
11-18-323-02133-303708,18,323,02133
11-18-323-02133-303709,18,323,02133
11-18-323-02133-303710,18,323,02133
11-18-323-02133-303711,18,323,02133
11-18-323-02135-303895,18,323,02135
11-18-323-02136-303978,18,323,02136
11-18-323-02136-303979,18,323,02136
11-18-323-02136-303980,18,323,02136
11-18-323-02136-801629,18,323,02136
11-18-324-02018-304182,18,324,02018
11-18-324-02141-304411,18,324,02141
11-18-325-02148-305104,18,325,02148
11-18-325-02148-801630,18,325,02148
11-18-325-02149-801631,18,325,02149
11-18-326-02150-305512,18,326,02150
11-18-326-02151-801632,18,326,02151
11-18-326-02152-801633,18,326,02152
11-19-327-02154-306188,19,327,02154
11-19-327-02154-306189,19,327,02154
11-19-327-02154-306190,19,327,02154
11-19-327-02154-306191,19,327,02154
11-19-327-02156-306271,19,327,02156
11-19-327-02159-306392,19,327,02159
11-19-327-02159-306393,19,327,02159
11-19-327-02159-306394,19,327,02159
11-19-327-02159-306395,19,327,02159
11-19-327-02161-306489,19,327,02161
11-19-327-02162-306562,19,327,02162
11-19-327-02162-306563,19,327,02162
11-19-327-02162-306564,19,327,02162
11-19-327-02162-306565,19,327,02162
11-19-327-02162-306566,19,327,02162
11-19-327-02162-306567,19,327,02162
11-19-327-02163-306661,19,327,02163
11-19-327-02163-306662,19,327,02163
11-19-327-02163-306663,19,327,02163
11-19-327-02163-306664,19,327,02163
11-19-327-02163-306665,19,327,02163
11-19-327-02163-306666,19,327,02163
11-19-327-02165-306854,19,327,02165
11-19-327-02165-306855,19,327,02165
11-19-327-99999-801634,19,327,99999
11-19-327-99999-801635,19,327,99999
11-19-327-99999-801636,19,327,99999
11-19-327-99999-801637,19,327,99999
11-19-327-99999-801638,19,328,99999
11-19-327-99999-801638,19,327,99999
11-19-328-02166-306882,19,328,02166
11-19-328-02166-306883,19,328,02166
11-19-328-02166-306884,19,328,02166
11-19-328-02167-306988,19,328,02167
11-19-328-02167-306989,19,328,02167
11-19-328-02167-306990,19,328,02167
11-19-328-02168-307019,19,328,02168
11-19-328-02168-307020,19,328,02168
11-19-328-02168-307021,19,328,02168
11-19-328-02170-307104,19,328,02170
11-19-328-02170-307105,19,328,02170
11-19-328-02171-307147,19,328,02171
11-19-328-02171-307148,19,328,02171
11-19-328-02171-307149,19,328,02171
11-19-328-02171-307150,19,328,02171
11-19-328-02172-307204,19,328,02172
11-19-328-02172-307205,19,328,02172
11-19-328-02172-307206,19,328,02172
11-19-328-02173-307254,19,328,02173
11-19-328-02173-307255,19,328,02173
11-19-328-02173-307256,19,328,02173
11-19-328-02173-307257,19,328,02173
11-19-328-02173-307258,19,328,02173
11-19-328-02174-307337,19,328,02174
11-19-328-02174-307338,19,328,02174
11-19-328-02175-307399,19,328,02175
11-19-328-02175-307400,19,328,02175
11-19-328-02175-307401,19,328,02175
11-19-328-02175-307402,19,328,02175
11-19-328-02176-307505,19,328,02176
11-19-328-02176-307506,19,328,02176
11-19-328-02176-307507,19,328,02176
11-19-328-02177-307593,19,328,02177
11-19-328-02177-307594,19,328,02177
11-19-328-02178-307623,19,328,02178
11-19-328-99999-801639,19,328,99999
11-19-328-99999-801640,19,328,99999
11-19-328-99999-801641,19,328,99999
11-19-328-99999-801642,19,328,99999
11-19-329-02180-307872,19,329,02180
11-19-329-02183-308211,19,329,02183
11-19-329-02183-308212,19,329,02183
11-19-329-02183-308213,19,329,02183
11-19-329-02184-308325,19,329,02184
11-19-329-02184-308326,19,329,02184
11-19-329-02184-308327,19,329,02184
11-19-329-02184-308328,19,329,02184
11-19-329-02184-308329,19,329,02184
11-19-329-02185-308402,19,329,02185
11-19-329-02186-308456,19,329,02186
11-19-329-02187-308587,19,329,02187
11-19-329-99999-801643,19,329,99999
11-19-329-99999-801644,19,329,99999
11-19-329-99999-801645,19,329,99999
11-19-329-99999-801646,19,329,99999
11-19-329-99999-801647,19,329,99999
11-19-329-99999-801648,19,329,99999
11-19-330-02191-308948,19,330,02191
11-19-330-02193-309202,19,330,02193
11-19-330-02196-309798,19,330,02196
11-19-330-02196-309799,19,330,02196
11-19-330-02199-310328,19,330,02199
11-19-330-99999-801649,19,330,99999
11-19-330-99999-801650,19,330,99999
11-19-330-99999-801651,19,330,99999
11-19-330-99999-801652,19,330,99999
11-19-331-02201-310762,19,331,02201
11-19-331-02204-311370,19,331,02204
11-19-331-02204-311371,19,331,02204
11-19-331-02207-311965,19,331,02207
11-19-331-99999-801653,19,331,99999
11-19-331-99999-801654,19,331,99999
11-19-331-99999-801654,19,331,02204
11-19-332-02210-312245,19,332,02210
11-19-332-02214-312781,19,332,02214
11-19-332-02214-312782,19,332,02214
11-19-332-02216-313212,19,332,02216
11-19-332-02216-313213,19,332,02216
11-19-332-02216-313214,19,332,02216
11-19-332-02216-313215,19,332,02216
11-19-332-02217-313331,19,332,02217
11-19-332-02217-313332,19,332,02217
11-19-332-02217-313333,19,332,02217
11-19-332-02218-313466,19,332,02218
11-19-332-02218-313467,19,332,02218
11-19-332-02218-313468,19,332,02218
11-19-332-02220-313613,19,332,02220
11-19-332-02220-313614,19,332,02220
11-19-332-02220-313615,19,332,02220
11-19-332-02220-313616,19,332,02220
11-19-332-02220-313617,19,332,02220
11-19-332-02220-313618,19,332,02220
11-19-332-02220-313619,19,332,02220
11-19-332-02220-313620,19,332,02220
11-19-332-02220-313621,19,332,02220
11-19-332-02220-313622,19,332,02220
11-19-332-02220-313623,19,332,02220
11-19-332-02221-313689,19,332,02221
11-19-332-02222-313762,19,332,02222
11-19-332-02222-313763,19,332,02222
11-19-332-99999-801655,19,332,99999
11-19-332-99999-801656,19,332,99999
11-19-333-02223-313830,19,333,02223
11-19-333-02223-313831,19,333,02223
11-19-333-02223-313832,19,333,02223
11-19-333-02223-313833,19,333,02223
11-19-333-02223-313834,19,333,02223
11-19-333-02223-313835,19,333,02223
11-19-333-02223-313836,19,333,02223
11-19-333-02223-313837,19,333,02223
11-19-333-02224-313871,19,333,02224
11-19-333-02224-313872,19,333,02224
11-19-333-02224-313873,19,333,02224
11-19-333-02224-313874,19,333,02224
11-19-333-02224-313875,19,333,02224
11-19-333-02224-313876,19,333,02224
11-19-333-02224-313877,19,333,02224
11-19-333-02224-313878,19,333,02224
11-19-333-02224-313879,19,333,02224
11-19-333-02224-313880,19,333,02224
11-19-333-02224-313881,19,333,02224
11-19-333-02225-313940,19,333,02225
11-19-333-02225-313941,19,333,02225
11-19-333-02225-313942,19,333,02225
11-19-333-02225-313943,19,333,02225
11-19-333-02226-313979,19,333,02226
11-19-333-02226-313980,19,333,02226
11-19-333-02226-313981,19,333,02226
11-19-333-02226-313982,19,333,02226
11-19-333-02226-313983,19,333,02226
11-19-333-02226-313984,19,333,02226
11-19-333-02226-313985,19,333,02226
11-19-333-02226-313986,19,333,02226
11-19-333-02226-313987,19,333,02226
11-19-333-02226-313988,19,333,02226
11-19-333-02226-313989,19,333,02226
11-19-333-02226-313990,19,333,02226
11-19-333-02226-313991,19,333,02226
11-19-333-02227-314052,19,333,02227
11-19-333-02227-314053,19,333,02227
11-19-333-02227-314054,19,333,02227
11-19-333-02227-314055,19,333,02227
11-19-333-02227-314056,19,333,02227
11-19-333-02227-314057,19,333,02227
11-19-333-02228-314135,19,333,02228
11-19-333-02228-314136,19,333,02228
11-19-333-02228-314137,19,333,02228
11-19-333-02228-314138,19,333,02228
11-19-333-02228-314139,19,333,02228
11-19-333-02228-314140,19,333,02228
11-19-333-02228-314141,19,333,02228
11-19-333-02228-314142,19,333,02228
11-19-333-02228-314143,19,333,02228
11-19-333-02228-314144,19,333,02228
11-19-333-02236-314805,19,333,02236
11-19-333-02236-314806,19,333,02236
11-19-333-02241-315443,19,333,02241
11-19-333-02241-315444,19,333,02241
11-19-333-02241-315445,19,333,02241
11-19-333-02241-315446,19,333,02241
11-19-333-02241-315447,19,333,02241
11-19-333-02241-315448,19,333,02241
11-19-333-02241-315449,19,333,02241
11-19-333-02241-315450,19,333,02241
11-19-333-02241-315451,19,333,02241
11-19-333-02244-315619,19,333,02244
11-19-333-02246-315742,19,333,02246
11-19-333-99999-801657,19,333,99999
11-19-333-99999-801658,19,333,99999
11-19-333-99999-801659,19,333,99999
11-19-333-99999-801660,19,333,99999
11-19-333-99999-801661,19,333,99999
11-19-333-99999-801662,19,333,99999
11-19-333-99999-801663,19,333,99999
11-19-334-02249-316075,19,334,02249
11-19-334-02249-316076,19,334,02249
11-19-334-02249-316077,19,334,02249
11-19-334-02250-316149,19,334,02250
11-19-334-02254-316504,19,334,02254
11-19-334-02255-316618,19,334,02255
11-19-334-02258-317006,19,334,02258
11-19-334-02259-317119,19,334,02259
11-19-334-02259-317120,19,334,02259
11-19-334-02261-317446,19,334,02261
11-19-334-02262-317626,19,334,02262
11-19-334-02263-317763,19,334,02263
11-19-334-02264-317933,19,334,02264
11-19-334-02265-318067,19,334,02265
11-19-334-99999-801664,19,334,99999
11-19-334-99999-801665,19,334,99999
11-19-334-99999-801666,19,334,99999
11-19-334-99999-801667,19,334,99999
11-19-334-99999-801668,19,334,99999
11-19-334-99999-801669,19,334,99999
11-19-335-02268-318539,19,335,02268
11-19-335-02268-318540,19,335,02268
11-19-335-02269-318587,19,335,02269
11-19-335-02269-318588,19,335,02269
11-19-335-02269-318589,19,335,02269
11-19-335-02269-318590,19,335,02269
11-19-335-02269-318591,19,335,02269
11-19-335-02270-318636,19,335,02270
11-19-335-02270-318637,19,335,02270
11-19-335-02270-318638,19,335,02270
11-19-335-02270-318639,19,335,02270
11-19-335-02270-318640,19,335,02270
11-19-335-02270-318641,19,335,02270
11-19-335-02271-318655,19,335,02271
11-19-335-02271-318656,19,335,02271
11-19-335-02271-318657,19,335,02271
11-19-335-02271-318658,19,335,02271
11-19-335-02271-318659,19,335,02271
11-19-335-02271-318660,19,335,02271
11-19-335-02271-318661,19,335,02271
11-19-335-02271-318662,19,335,02271
11-19-335-02271-318663,19,335,02271
11-19-335-02271-318666,19,335,02271
11-19-335-02271-318667,19,335,02271
11-19-335-02272-318681,19,335,02272
11-19-335-02272-318682,19,335,02272
11-19-335-02272-318684,19,335,02272
11-19-335-02272-318685,19,335,02272
11-19-335-02272-318686,19,335,02272
11-19-335-02272-318688,19,335,02272
11-19-335-02272-318689,19,335,02272
11-19-335-02272-318689,19,335,02273
11-19-335-02272-318690,19,335,02272
11-19-335-02272-318691,19,335,02272
11-19-335-02272-318692,19,335,02272
11-19-335-02272-318693,19,335,02272
11-19-335-02272-318694,19,335,02272
11-19-335-02273-318642,19,335,02273
11-19-335-02273-318642,19,335,02270
11-19-335-02273-318683,19,335,02273
11-19-335-02273-318683,19,335,02272
11-19-335-02273-318687,19,335,02273
11-19-335-02273-318687,19,335,02272
11-19-335-02273-318710,19,335,02273
11-19-335-02273-318711,19,335,02273
11-19-335-02273-318712,19,335,02273
11-19-335-02273-318713,19,335,02273
11-19-335-02273-318714,19,335,02273
11-19-335-02273-318715,19,335,02273
11-19-335-02273-318716,19,335,02273
11-19-335-02273-318717,19,335,02273
11-19-335-02273-318719,19,335,02273
11-19-335-02273-318720,19,335,02273
11-19-335-02274-318772,19,335,02274
11-19-335-02274-318773,19,335,02274
11-19-335-02274-318774,19,335,02274
11-19-335-02274-318775,19,335,02274
11-19-335-02274-318776,19,335,02274
11-19-335-02274-318777,19,335,02274
11-19-335-02275-318860,19,335,02275
11-19-335-02275-318861,19,335,02275
11-19-335-02275-318862,19,335,02275
11-19-335-02275-318863,19,335,02275
11-19-335-02275-318864,19,335,02275
11-19-335-02275-318865,19,335,02275
11-19-335-02275-318866,19,335,02275
11-19-335-02281-319354,19,335,02281
11-19-335-02283-319518,19,335,02283
11-19-335-02283-319519,19,335,02283
11-19-335-02283-319520,19,335,02283
11-19-335-02283-319521,19,335,02283
11-19-335-02283-319522,19,335,02283
11-19-335-02287-319949,19,335,02287
11-19-335-02287-319950,19,335,02287
11-19-335-02287-319951,19,335,02287
11-19-335-02289-320101,19,335,02289
11-19-335-02289-320102,19,335,02289
11-19-335-02289-320103,19,335,02289
11-19-335-02289-320104,19,335,02289
11-19-335-02290-320193,19,335,02290
11-19-335-02291-320306,19,335,02291
11-19-335-02293-320495,19,335,02293
11-19-335-02293-320496,19,335,02293
11-19-335-02293-320497,19,335,02293
11-19-335-02294-320610,19,335,02294
11-19-335-02296-320846,19,335,02296
11-19-335-99999-801670,19,335,99999
11-19-335-99999-801671,19,335,99999
11-19-335-99999-801672,19,335,99999
11-19-335-99999-801673,19,335,99999
11-19-335-99999-801673,19,335,02271
11-19-335-99999-801674,19,335,99999
11-19-335-99999-801675,19,335,99999
11-19-335-99999-801676,19,335,99999
11-19-335-99999-801677,19,335,99999
11-19-335-99999-801678,19,335,99999
11-19-335-99999-801679,19,335,99999
11-19-335-99999-801680,19,335,99999
11-19-336-02299-321124,19,336,02299
11-19-336-02299-321125,19,336,02299
11-19-336-02303-321418,19,336,02303
11-19-336-02303-321419,19,336,02303
11-19-336-02304-321527,19,336,02304
11-19-336-02304-321528,19,336,02304
11-19-336-02305-321612,19,336,02305
11-19-336-02306-321657,19,336,02306
11-19-336-02307-321679,19,336,02307
11-19-336-02307-321680,19,336,02307
11-19-336-02307-321681,19,336,02307
11-19-336-02307-321682,19,336,02307
11-19-336-02307-321683,19,336,02307
11-19-336-02307-321684,19,336,02307
11-19-336-02307-321685,19,336,02307
11-19-336-02308-321776,19,336,02308
11-19-336-02308-321777,19,336,02308
11-19-336-02308-321778,19,336,02308
11-19-336-02310-321911,19,336,02310
11-19-336-02310-321912,19,336,02310
11-19-336-02310-321913,19,336,02310
11-19-336-02311-321979,19,336,02311
11-19-336-02311-321980,19,336,02311
11-19-336-02311-321981,19,336,02311
11-19-336-02311-321982,19,336,02311
11-19-336-02311-321983,19,336,02311
11-19-336-02312-322044,19,336,02312
11-19-336-02312-322045,19,336,02312
11-19-336-02312-322046,19,336,02312
11-19-336-02312-322047,19,336,02312
11-19-336-02312-322048,19,336,02312
11-19-336-02312-322049,19,336,02312
11-19-336-02312-322050,19,336,02312
11-19-336-02312-322051,19,336,02312
11-19-336-02312-322052,19,336,02312
11-19-336-02313-322163,19,336,02313
11-19-336-02313-322166,19,336,02313
11-19-336-02313-322167,19,336,02313
11-19-336-02313-322168,19,336,02313
11-19-336-02314-322317,19,336,02314
11-19-336-02314-322318,19,336,02314
11-19-336-02314-322319,19,336,02314
11-19-336-02314-322320,19,336,02314
11-19-336-02314-322321,19,336,02314
11-19-336-02314-322322,19,336,02314
11-19-336-02314-322323,19,336,02314
11-19-336-02314-322324,19,336,02314
11-19-336-02314-322325,19,336,02314
11-19-336-02314-322326,19,336,02314
11-19-336-02315-322410,19,336,02315
11-19-336-02315-322411,19,336,02315
11-19-336-02315-322412,19,336,02315
11-19-336-02315-322413,19,336,02315
11-19-336-99999-801681,19,336,99999
11-19-336-99999-801682,19,336,99999
11-19-336-99999-801683,19,336,99999
11-19-336-99999-801684,19,336,99999
11-19-336-99999-801685,19,336,99999
11-19-336-99999-801686,19,336,02313
11-19-336-99999-801686,19,336,99999
11-19-336-99999-801687,19,336,99999
11-19-336-99999-801688,19,336,99999
11-19-336-99999-801689,19,336,99999
11-19-336-99999-801690,19,336,99999
11-19-337-02318-322772,19,337,02318
11-19-337-02318-322773,19,337,02318
11-19-337-02318-322774,19,337,02318
11-19-337-02318-322775,19,337,02318
11-19-337-02318-322776,19,337,02318
11-19-337-02318-322777,19,337,02318
11-19-337-02318-322778,19,337,02318
11-19-337-02319-322844,19,337,02319
11-19-337-02320-322900,19,337,02320
11-19-337-02320-322901,19,337,02320
11-19-337-02320-322902,19,337,02320
11-19-337-02320-322903,19,337,02320
11-19-337-02320-322904,19,337,02320
11-19-337-02320-322905,19,337,02320
11-19-337-02321-322982,19,337,02321
11-19-337-02321-322983,19,337,02321
11-19-337-02321-322984,19,337,02321
11-19-337-02321-322985,19,337,02321
11-19-337-02322-323066,19,337,02322
11-19-337-02323-323105,19,337,02323
11-19-337-02323-323106,19,337,02323
11-19-337-02323-323107,19,337,02323
11-19-337-02323-323108,19,337,02323
11-19-337-02323-323110,19,337,02323
11-19-337-02323-323111,19,337,02323
11-19-337-02323-323112,19,337,02323
11-19-337-02323-323113,19,337,02323
11-19-337-02323-323114,19,337,02323
11-19-337-02323-323115,19,337,02323
11-19-337-02324-323133,19,337,02324
11-19-337-02324-323134,19,337,02324
11-19-337-02324-323135,19,337,02324
11-19-337-02324-323136,19,337,02324
11-19-337-02324-323137,19,337,02324
11-19-337-02324-323138,19,337,02324
11-19-337-02324-323139,19,337,02324
11-19-337-02324-323141,19,337,02324
11-19-337-02324-323142,19,337,02324
11-19-337-02324-323143,19,337,02324
11-19-337-02324-323144,19,337,02324
11-19-337-02324-323145,19,337,02324
11-19-337-02325-323216,19,337,02325
11-19-337-02325-323217,19,337,02325
11-19-337-02325-323218,19,337,02325
11-19-337-02325-323219,19,337,02325
11-19-337-02325-323220,19,337,02325
11-19-337-02325-323221,19,337,02325
11-19-337-02325-323222,19,337,02325
11-19-337-02325-323223,19,337,02325
11-19-337-02325-323224,19,337,02325
11-19-337-02325-323225,19,337,02325
11-19-337-02325-323226,19,337,02325
11-19-337-02325-323227,19,337,02325
11-19-337-02326-323305,19,337,02326
11-19-337-02327-323413,19,337,02327
11-19-337-02328-323510,19,337,02328
11-19-337-02329-323571,19,337,02329
11-19-337-02329-323572,19,337,02329
11-19-337-02329-323573,19,337,02329
11-19-337-02330-323641,19,337,02330
11-19-337-02330-323642,19,337,02330
11-19-337-02330-323643,19,337,02330
11-19-337-02332-323765,19,337,02332
11-19-337-02332-323766,19,337,02332
11-19-337-02332-323767,19,337,02332
11-19-337-02332-323768,19,337,02332
11-19-337-02332-323769,19,337,02332
11-19-337-02332-323770,19,337,02332
11-19-337-02332-323771,19,337,02332
11-19-337-02332-323772,19,337,02332
11-19-337-02332-323773,19,337,02332
11-19-337-02333-323846,19,337,02333
11-19-337-02333-323847,19,337,02333
11-19-337-02336-323976,19,337,02336
11-19-337-02337-324019,19,337,02337
11-19-337-02337-324020,19,337,02337
11-19-337-99999-801691,19,337,99999
11-19-337-99999-801692,19,337,02323
11-19-337-99999-801692,19,337,99999
11-19-337-99999-801693,19,337,99999
11-19-337-99999-801694,19,337,99999
11-19-337-99999-801695,19,337,99999
11-19-337-99999-801696,19,337,99999
11-19-337-99999-801697,19,337,99999
11-19-337-99999-801698,19,337,99999
11-19-337-99999-801699,19,337,99999
11-19-337-99999-801700,19,337,99999
11-19-337-99999-801701,19,337,99999
11-19-337-99999-801702,19,337,99999
11-19-337-99999-801703,19,337,99999
11-19-337-99999-801704,19,337,99999
11-19-337-99999-801704,19,337,02324
11-19-337-99999-801705,19,337,99999
11-19-337-99999-801706,19,337,99999
11-19-337-99999-801707,19,337,99999
11-19-337-99999-801708,19,337,99999
11-19-337-99999-801709,19,337,99999
11-19-337-99999-801710,19,337,99999
11-19-337-99999-801711,19,337,99999
11-19-337-99999-801712,19,337,99999
11-19-337-99999-801713,19,337,99999
11-19-337-99999-801714,19,337,99999
11-19-337-99999-801715,19,337,99999
11-19-337-99999-801716,19,337,99999
11-19-337-99999-801717,19,337,99999
11-19-337-99999-801718,19,337,99999
11-19-337-99999-801719,19,337,99999
11-19-338-02344-324899,19,338,02344
11-19-338-02344-324900,19,338,02344
11-19-338-02344-324901,19,338,02344
11-19-338-02344-324902,19,338,02344
11-19-338-02345-325035,19,338,02345
11-19-338-02345-325036,19,338,02345
11-19-338-02345-325037,19,338,02345
11-19-338-02345-325038,19,338,02345
11-19-338-02346-325091,19,338,02346
11-19-338-02346-325092,19,338,02346
11-19-338-02346-325093,19,338,02346
11-19-338-02346-325094,19,338,02346
11-19-338-02346-325095,19,338,02346
11-19-338-02346-325096,19,338,02346
11-19-338-02346-325097,19,338,02346
11-19-338-02346-325098,19,338,02346
11-19-338-02346-325099,19,338,02346
11-19-338-02346-325100,19,338,02346
11-19-338-02346-325101,19,338,02346
11-19-338-02346-325103,19,338,02346
11-19-338-02346-325104,19,338,02346
11-19-338-02346-325105,19,338,02346
11-19-338-02348-325454,19,338,02348
11-19-338-02349-325555,19,338,02349
11-19-338-02349-325556,19,338,02349
11-19-338-02349-325557,19,338,02349
11-19-338-02349-325558,19,338,02349
11-19-338-02349-325559,19,338,02349
11-19-338-02349-325560,19,338,02349
11-19-338-02350-325576,19,338,02350
11-19-338-02350-325577,19,338,02350
11-19-338-02350-325579,19,338,02350
11-19-338-02350-325580,19,338,02350
11-19-338-02350-325581,19,338,02350
11-19-338-02350-325582,19,338,02350
11-19-338-02350-325583,19,338,02350
11-19-338-02350-325584,19,338,02350
11-19-338-02351-325632,19,338,02351
11-19-338-02351-325633,19,338,02351
11-19-338-02351-325634,19,338,02351
11-19-338-02351-325635,19,338,02351
11-19-338-02351-325636,19,338,02351
11-19-338-02351-325637,19,338,02351
11-19-338-02351-325638,19,338,02351
11-19-338-02351-325639,19,338,02351
11-19-338-02351-325640,19,338,02351
11-19-338-02352-325661,19,338,02352
11-19-338-02352-325662,19,338,02352
11-19-338-02352-325663,19,338,02352
11-19-338-02352-325664,19,338,02352
11-19-338-02352-325665,19,338,02352
11-19-338-02352-325666,19,338,02352
11-19-338-02352-325667,19,338,02352
11-19-338-02352-325668,19,338,02352
11-19-338-02352-325669,19,338,02352
11-19-338-02352-325670,19,338,02352
11-19-338-02352-325671,19,338,02352
11-19-338-02352-325672,19,338,02352
11-19-338-02352-325673,19,338,02352
11-19-338-02352-325674,19,338,02352
11-19-338-02352-325675,19,338,02352
11-19-338-02353-325804,19,338,02353
11-19-338-99999-801720,19,338,99999
11-19-338-99999-801721,19,338,99999
11-19-338-99999-801721,19,338,02346
11-19-338-99999-801722,19,338,99999
11-19-338-99999-801723,19,338,99999
11-19-338-99999-801724,19,338,99999
11-19-338-99999-801725,19,338,99999
11-19-338-99999-801726,19,338,99999
11-19-338-99999-801727,19,338,99999
11-19-338-99999-801728,19,338,99999
11-19-338-99999-801729,19,338,99999
11-19-338-99999-801729,19,338,02350
11-19-338-99999-801730,19,338,99999
11-19-338-99999-801731,19,338,99999
11-19-338-99999-801732,19,338,99999
11-19-339-02359-326636,19,339,02359
11-19-339-02363-327361,19,339,02363
11-19-339-02363-327362,19,339,02363
11-19-339-02363-327363,19,339,02363
11-19-339-02367-328010,19,339,02367
11-19-339-02372-328949,19,339,02372
11-19-339-02373-329103,19,339,02373
11-19-339-02373-329104,19,339,02373
11-19-339-02376-329617,19,339,02376
11-19-339-99999-801733,19,339,99999
11-19-339-99999-801734,19,339,99999
11-19-339-99999-801735,19,339,99999
11-19-340-02378-329896,19,340,02378
11-19-340-02379-330011,19,340,02379
11-19-340-02379-330012,19,340,02379
11-19-340-02380-330145,19,340,02380
11-19-340-02380-330146,19,340,02380
11-19-340-02380-330147,19,340,02380
11-19-340-02380-330148,19,340,02380
11-19-340-02380-330149,19,340,02380
11-19-340-02381-330256,19,340,02381
11-19-340-02382-330359,19,340,02382
11-19-340-02383-330483,19,340,02383
11-19-340-02383-330484,19,340,02383
11-19-340-02383-330485,19,340,02383
11-19-340-02384-330589,19,340,02384
11-19-340-02385-330799,19,340,02385
11-19-340-02385-330800,19,340,02385
11-19-340-02385-330801,19,340,02385
11-19-340-02387-331032,19,340,02387
11-19-340-02390-331380,19,340,02390
11-19-340-02391-331510,19,340,02391
11-19-340-02391-331511,19,340,02391
11-19-340-02393-331744,19,340,02393
11-19-340-02394-331960,19,340,02394
11-19-340-02395-332204,19,340,02395
11-19-340-02397-332475,19,340,02397
11-19-340-99999-801736,19,340,99999
11-19-340-99999-801737,19,340,99999
11-19-340-99999-801738,19,340,99999
11-19-341-02399-332617,19,341,02399
11-19-341-02399-332618,19,341,02399
11-19-341-02399-332619,19,341,02399
11-19-341-02400-332693,19,341,02400
11-19-341-02400-332694,19,341,02400
11-19-341-02400-332695,19,341,02400
11-19-341-02400-332696,19,341,02400
11-19-341-02400-332697,19,341,02400
11-19-341-02400-332698,19,341,02400
11-19-341-02400-332699,19,341,02400
11-19-341-02401-332767,19,341,02401
11-19-341-02401-332768,19,341,02401
11-19-341-02401-332769,19,341,02401
11-19-341-02401-332770,19,341,02401
11-19-341-02401-332771,19,341,02401
11-19-341-02401-332772,19,341,02401
11-19-341-02401-332773,19,341,02401
11-19-341-02401-332774,19,341,02401
11-19-341-02401-332775,19,341,02401
11-19-341-02401-332776,19,341,02401
11-19-341-02402-332809,19,341,02402
11-19-341-02402-332810,19,341,02402
11-19-341-02402-332811,19,341,02402
11-19-341-02402-332812,19,341,02402
11-19-341-02402-332813,19,341,02402
11-19-341-02402-332814,19,341,02402
11-19-341-02402-332815,19,341,02402
11-19-341-02402-332816,19,341,02402
11-19-341-02402-332817,19,341,02402
11-19-341-02402-332818,19,341,02402
11-19-341-02402-332819,19,341,02402
11-19-341-02402-332820,19,341,02402
11-19-341-02402-332821,19,341,02402
11-19-341-02402-332822,19,341,02402
11-19-341-02402-332823,19,341,02402
11-19-341-02402-332824,19,341,02402
11-19-341-02402-332825,19,341,02402
11-19-341-02402-332826,19,341,02402
11-19-341-02402-332827,19,341,02402
11-19-341-02402-332828,19,341,02402
11-19-341-02402-332829,19,341,02402
11-19-341-02402-332830,19,341,02402
11-19-341-02402-332831,19,341,02402
11-19-341-02403-332834,19,341,02403
11-19-341-02403-332835,19,341,02403
11-19-341-02403-332836,19,341,02403
11-19-341-02403-332837,19,341,02403
11-19-341-02403-332838,19,341,02403
11-19-341-02403-332839,19,341,02403
11-19-341-02403-332840,19,341,02403
11-19-341-02404-332855,19,341,02404
11-19-341-02404-332856,19,341,02404
11-19-341-02404-332857,19,341,02404
11-19-341-02404-332858,19,341,02404
11-19-341-02404-332859,19,341,02404
11-19-341-02404-332860,19,341,02404
11-19-341-02404-332861,19,341,02404
11-19-341-02404-332862,19,341,02404
11-19-341-02404-332863,19,341,02404
11-19-341-02404-332864,19,341,02404
11-19-341-02404-332865,19,341,02404
11-19-341-02404-332866,19,341,02404
11-19-341-02404-332867,19,341,02404
11-19-341-02404-332868,19,341,02404
11-19-341-02404-332869,19,341,02404
11-19-341-02404-332870,19,341,02404
11-19-341-02404-332871,19,341,02404
11-19-341-02404-332872,19,341,02404
11-19-341-02404-332873,19,341,02404
11-19-341-02404-332874,19,341,02404
11-19-341-02404-332875,19,341,02404
11-19-341-02404-332876,19,341,02404
11-19-341-02404-332877,19,341,02404
11-19-341-02405-332892,19,341,02405
11-19-341-02405-332893,19,341,02405
11-19-341-02405-332894,19,341,02405
11-19-341-02405-332895,19,341,02405
11-19-341-02405-332896,19,341,02405
11-19-341-02405-332897,19,341,02405
11-19-341-02405-332898,19,341,02405
11-19-341-02405-332899,19,341,02405
11-19-341-02405-332900,19,341,02405
11-19-341-02405-332901,19,341,02405
11-19-341-02405-332902,19,341,02405
11-19-341-02405-332903,19,341,02405
11-19-341-02405-332904,19,341,02405
11-19-341-02405-332905,19,341,02405
11-19-341-02405-332906,19,341,02405
11-19-341-02405-332907,19,341,02405
11-19-341-02405-332908,19,341,02405
11-19-341-02405-332909,19,341,02405
11-19-341-02405-332910,19,341,02405
11-19-341-02405-332911,19,341,02405
11-19-341-02406-332935,19,341,02406
11-19-341-02406-332936,19,341,02406
11-19-341-02406-332937,19,341,02406
11-19-341-02406-332938,19,341,02406
11-19-341-02406-332939,19,341,02406
11-19-341-02406-332940,19,341,02406
11-19-341-02406-332941,19,341,02406
11-19-341-02406-332942,19,341,02406
11-19-341-02406-332944,19,341,02406
11-19-341-02406-332945,19,341,02406
11-19-341-02406-332946,19,341,02406
11-19-341-02406-332947,19,341,02406
11-19-341-02407-333014,19,341,02407
11-19-341-02407-333015,19,341,02407
11-19-341-02407-333016,19,341,02407
11-19-341-02407-333017,19,341,02407
11-19-341-02407-333018,19,341,02407
11-19-341-02408-333060,19,341,02408
11-19-341-02408-333061,19,341,02408
11-19-341-02408-333062,19,341,02408
11-19-341-02408-333063,19,341,02408
11-19-341-02408-333064,19,341,02408
11-19-341-02408-333065,19,341,02408
11-19-341-02408-333066,19,341,02408
11-19-341-02408-333067,19,341,02408
11-19-341-02408-333068,19,341,02408
11-19-341-02408-333069,19,341,02408
11-19-341-02409-333112,19,341,02409
11-19-341-02409-333113,19,341,02409
11-19-341-02409-333114,19,341,02409
11-19-341-02409-333115,19,341,02409
11-19-341-02409-333116,19,341,02409
11-19-341-02409-333117,19,341,02409
11-19-341-02409-333118,19,341,02409
11-19-341-02410-333182,19,341,02410
11-19-341-02410-333183,19,341,02410
11-19-341-02410-333184,19,341,02410
11-19-341-02410-333185,19,341,02410
11-19-341-02411-333259,19,341,02411
11-19-341-02411-333260,19,341,02411
11-19-341-02411-333261,19,341,02411
11-19-341-99999-801739,19,341,99999
11-19-341-99999-801740,19,341,99999
11-19-341-99999-801741,19,341,99999
11-19-341-99999-801741,19,341,02406
11-19-342-99999-801742,19,342,99999
11-19-343-02412-333296,19,343,02412
11-19-343-02412-333297,19,343,02412
11-19-343-02412-333298,19,343,02412
11-19-343-02412-333299,19,343,02412
11-19-343-02412-333300,19,343,02412
11-19-343-02412-333301,19,343,02412
11-19-343-02412-333302,19,343,02412
11-19-343-02412-333303,19,343,02412
11-19-343-02413-333317,19,343,02413
11-19-343-02413-333318,19,343,02413
11-19-343-02413-333319,19,343,02413
11-19-343-02413-333320,19,343,02413
11-19-343-02413-333321,19,343,02413
11-19-343-02413-333323,19,343,02413
11-19-343-02414-333385,19,343,02414
11-19-343-02414-333386,19,343,02414
11-19-343-02414-333387,19,343,02414
11-19-343-02414-333388,19,343,02414
11-19-343-02414-333389,19,343,02414
11-19-343-02415-333475,19,343,02415
11-19-343-02415-333476,19,343,02415
11-19-343-02415-333477,19,343,02415
11-19-343-02415-333478,19,343,02415
11-19-343-02416-333532,19,343,02416
11-19-343-02416-333533,19,343,02416
11-19-343-02416-333534,19,343,02416
11-19-343-02416-333535,19,343,02416
11-19-343-02416-333536,19,343,02416
11-19-343-02416-333537,19,343,02416
11-19-343-02416-333538,19,343,02416
11-19-343-02416-333539,19,343,02416
11-19-343-02416-333540,19,343,02416
11-19-343-02416-333541,19,343,02416
11-19-343-02416-333542,19,343,02416
11-19-343-02417-333608,19,343,02417
11-19-343-02417-333609,19,343,02417
11-19-343-02417-333610,19,343,02417
11-19-343-02417-333611,19,343,02417
11-19-343-02417-333612,19,343,02417
11-19-343-02417-333613,19,343,02417
11-19-343-02417-333614,19,343,02417
11-19-343-02418-333696,19,343,02418
11-19-343-02418-333697,19,343,02418
11-19-343-02418-333698,19,343,02418
11-19-343-02420-333812,19,343,02420
11-19-343-02420-333813,19,343,02420
11-19-343-02420-333814,19,343,02420
11-19-343-02420-333815,19,343,02420
11-19-343-02420-333816,19,343,02420
11-19-343-02420-333817,19,343,02420
11-19-343-02420-333818,19,343,02420
11-19-343-02420-333819,19,343,02420
11-19-343-02421-333881,19,343,02421
11-19-343-02422-334008,19,343,02422
11-19-343-02422-334009,19,343,02422
11-19-343-02422-334010,19,343,02422
11-19-343-02422-334011,19,343,02422
11-19-343-02422-334012,19,343,02422
11-19-343-02422-334013,19,343,02422
11-19-343-02422-334014,19,343,02422
11-19-343-02422-334015,19,343,02422
11-19-343-02422-334017,19,343,02422
11-19-343-02422-334018,19,343,02422
11-19-343-02422-334019,19,343,02422
11-19-343-02423-334098,19,343,02423
11-19-343-02423-334099,19,343,02423
11-19-343-02423-334100,19,343,02423
11-19-343-02423-334101,19,343,02423
11-19-343-02423-334102,19,343,02423
11-19-343-02423-334103,19,343,02423
11-19-343-02423-334104,19,343,02423
11-19-343-02423-334105,19,343,02423
11-19-343-02424-334187,19,343,02424
11-19-343-02424-334188,19,343,02424
11-19-343-02424-334189,19,343,02424
11-19-343-02424-334190,19,343,02424
11-19-343-02424-334191,19,343,02424
11-19-343-02424-334192,19,343,02424
11-19-343-02424-334193,19,343,02424
11-19-343-02424-334194,19,343,02424
11-19-343-02424-334195,19,343,02424
11-19-343-02425-334325,19,343,02425
11-19-343-02425-334326,19,343,02425
11-19-343-02425-334327,19,343,02425
11-19-343-02425-334328,19,343,02425
11-19-343-02426-334397,19,343,02426
11-19-343-02426-334398,19,343,02426
11-19-343-02426-334399,19,343,02426
11-19-343-02426-334400,19,343,02426
11-19-343-02427-334491,19,343,02427
11-19-343-02428-334672,19,343,02428
11-19-343-02428-334673,19,343,02428
11-19-343-02429-334783,19,343,02429
11-19-343-02429-334784,19,343,02429
11-19-343-02429-334785,19,343,02429
11-19-343-02430-334881,19,343,02430
11-19-343-02430-334882,19,343,02430
11-19-343-02430-334883,19,343,02430
11-19-343-02430-334884,19,343,02430
11-19-343-02431-334952,19,343,02431
11-19-343-02431-334953,19,343,02431
11-19-343-02431-334954,19,343,02431
11-19-343-02431-334955,19,343,02431
11-19-343-02431-334956,19,343,02431
11-19-343-02431-334957,19,343,02431
11-19-343-02432-335005,19,343,02432
11-19-343-02432-335006,19,343,02432
11-19-343-02434-335119,19,343,02434
11-19-343-99999-801743,19,343,02412
11-19-343-99999-801743,19,343,99999
11-19-343-99999-801744,19,343,02413
11-19-343-99999-801744,19,343,99999
11-19-343-99999-801745,19,343,99999
11-19-343-99999-801746,19,343,99999
11-19-343-99999-801747,19,343,99999
11-19-343-99999-801747,19,343,02422
11-19-343-99999-801748,19,343,99999
11-19-343-99999-801749,19,343,99999
11-19-344-02441-335884,19,344,02441
11-19-344-02444-337141,19,344,02444
11-19-344-02444-337142,19,344,02444
11-19-344-02445-337373,19,344,02445
11-19-344-02445-337374,19,344,02445
11-19-344-02445-337375,19,344,02445
11-19-344-02460-341706,19,344,02460
11-19-344-02460-341707,19,344,02460
11-19-344-02462-342538,19,344,02462
11-19-344-02465-343469,19,344,02465
11-19-344-02467-343888,19,344,02467
11-19-344-99999-801750,19,344,99999
11-19-344-99999-801751,19,344,99999
11-19-344-99999-801752,19,344,99999
11-19-344-99999-801753,19,344,99999
11-19-344-99999-801754,19,344,99999
11-19-344-99999-801755,19,344,99999
11-19-344-99999-801756,19,344,99999
11-19-344-99999-801757,19,344,99999
11-19-345-02471-344458,19,345,02471
11-19-345-02471-344459,19,345,02471
11-19-345-02471-344460,19,345,02471
11-19-345-02471-344461,19,345,02471
11-19-345-02472-344561,19,345,02472
11-19-345-02472-344562,19,345,02472
11-19-345-02473-344649,19,345,02473
11-19-345-02473-344650,19,345,02473
11-19-345-02475-344826,19,345,02475
11-19-345-02476-344911,19,345,02476
11-19-345-02477-345051,19,345,02477
11-19-345-02480-345536,19,345,02480
11-19-345-02480-345537,19,345,02480
11-19-345-02481-345650,19,345,02481
11-19-345-02481-345651,19,345,02481
11-19-345-02482-345732,19,345,02482
11-19-345-02484-345855,19,345,02484
11-19-345-02485-345896,19,345,02485
11-19-345-02489-346431,19,345,02489
11-19-345-02493-346996,19,345,02493
11-19-345-99999-801758,19,345,99999
11-19-345-99999-801759,19,345,99999
11-19-345-99999-801760,19,345,99999
11-19-345-99999-801761,19,345,99999
11-19-345-99999-801762,19,345,99999
11-20-346-02496-347181,20,346,02496
11-20-346-02499-801763,20,346,02499
11-20-346-02509-801764,20,346,02509
11-20-347-02518-801765,20,347,02518
11-20-347-02525-349494,20,347,02525
11-20-348-02527-349733,20,348,02527
11-20-348-02527-349734,20,348,02527
11-20-348-02527-801766,20,348,02527
11-20-348-02527-801767,20,348,02527
11-20-348-02528-349865,20,348,02528
11-20-349-02535-351169,20,349,02535
11-20-349-02539-352238,20,349,02539
11-20-349-02539-352239,20,349,02539
11-20-349-02539-352240,20,349,02539
11-20-349-02539-352241,20,349,02539
11-20-349-02539-352242,20,349,02539
11-20-349-02539-352243,20,349,02539
11-20-349-02539-352244,20,349,02539
11-20-349-02539-801768,20,349,02539
11-20-349-02542-352566,20,349,02542
11-20-349-02543-352758,20,349,02543
11-20-349-02543-352759,20,349,02543
11-20-350-02545-801769,20,350,02545
11-20-350-02550-801770,20,350,02550
11-20-351-02558-356840,20,351,02558
11-20-351-02561-357411,20,351,02561
11-20-351-02561-801771,20,351,02561
11-20-352-02564-801772,20,352,02564
11-20-352-02566-358526,20,352,02566
11-20-352-02567-358800,20,352,02567
11-20-352-02567-358801,20,352,02567
11-20-352-02569-359221,20,352,02569
11-20-352-02569-801773,20,352,02569
11-20-352-02570-359350,20,352,02570
11-20-352-02572-359741,20,352,02572
11-20-353-02576-360488,20,353,02576
11-20-353-02576-360489,20,353,02576
11-20-353-02576-360490,20,353,02576
11-20-353-02576-801774,20,353,02576
11-20-354-02581-361401,20,354,02581
11-20-354-02581-361402,20,354,02581
11-20-354-02581-361403,20,354,02581
11-20-354-02581-361404,20,354,02581
11-20-354-02582-361597,20,354,02582
11-20-354-02582-361598,20,354,02582
11-20-354-02582-361599,20,354,02582
11-20-354-02582-361600,20,354,02582
11-20-354-02582-361601,20,354,02582
11-20-354-02582-361602,20,354,02582
11-20-354-02582-361603,20,354,02582
11-20-354-02582-361604,20,354,02582
11-20-354-02582-361605,20,354,02582
11-20-354-02582-361606,20,354,02582
11-20-354-02582-361607,20,354,02582
11-20-354-02582-361608,20,354,02582
11-20-354-02582-361609,20,354,02582
11-20-354-02582-361610,20,354,02582
11-20-354-02582-361611,20,354,02582
11-20-354-02582-361612,20,354,02582
11-20-354-02582-361613,20,354,02582
11-20-354-02582-361614,20,354,02582
11-20-354-02583-361835,20,354,02583
11-20-354-02583-361836,20,354,02583
11-20-354-02583-361837,20,354,02583
11-20-354-02584-361864,20,354,02584
11-20-354-02584-361865,20,354,02584
11-20-354-02584-361866,20,354,02584
11-20-354-02584-361867,20,354,02584
11-20-354-02584-361868,20,354,02584
11-20-354-02584-801775,20,354,02584
11-20-354-02586-361933,20,354,02586
11-20-354-02586-361934,20,354,02586
11-20-354-02586-361935,20,354,02586
11-20-354-02587-362184,20,354,02587
11-20-354-02587-362185,20,354,02587
11-20-354-02587-362186,20,354,02587
11-20-354-02587-362187,20,354,02587
11-20-354-02587-362188,20,354,02587
11-20-354-02587-362189,20,354,02587
11-20-354-02587-362190,20,354,02587
11-20-354-02587-362191,20,354,02587
11-20-354-02587-362192,20,354,02587
11-20-354-02587-362193,20,354,02587
11-20-354-02587-362194,20,354,02587
11-20-354-02587-801776,20,354,02587
11-20-355-02588-362264,20,355,02588
11-20-355-02589-362286,20,355,02589
11-20-355-02589-362287,20,355,02589
11-20-355-02589-362288,20,355,02589
11-20-355-02589-362289,20,355,02589
11-20-355-02589-362290,20,355,02589
11-20-355-02589-362291,20,355,02589
11-20-355-02589-362292,20,355,02589
11-20-355-02590-362296,20,355,02590
11-20-355-02590-362297,20,355,02590
11-20-355-02590-362298,20,355,02590
11-20-355-02590-362299,20,355,02590
11-20-355-02590-801777,20,355,02590
11-20-355-02591-362417,20,355,02591
11-20-355-02591-362418,20,355,02591
11-20-355-02591-362419,20,355,02591
11-20-355-02591-362420,20,355,02591
11-20-355-02591-362421,20,355,02591
11-20-355-02592-362486,20,355,02592
11-20-355-02594-362594,20,355,02594
11-20-355-02594-362595,20,355,02594
11-20-355-02594-362596,20,355,02594
11-20-355-02595-362723,20,355,02595
11-20-355-02595-362724,20,355,02595
11-20-355-02595-801778,20,355,02595
11-20-355-02596-362853,20,355,02596
11-20-355-02596-362854,20,355,02596
11-20-356-02601-801779,20,356,02601
11-20-357-02606-363453,20,357,02606
11-20-357-02606-363454,20,357,02606
11-20-357-02606-363455,20,357,02606
11-20-357-02606-363456,20,357,02606
11-20-357-02606-363457,20,357,02606
11-20-357-02606-363458,20,357,02606
11-20-357-02606-363459,20,357,02606
11-20-357-02606-801780,20,357,02606
11-20-357-02606-801781,20,357,02606
11-20-357-02606-801782,20,357,02606
11-20-357-02607-363618,20,357,02607
11-20-357-02608-363910,20,357,02608
11-20-357-02609-363954,20,357,02609
11-20-357-02609-363955,20,357,02609
11-20-357-02613-801783,20,357,02613
11-20-358-02615-801784,20,358,02615
11-20-358-02618-365336,20,358,02618
11-20-358-02624-801785,20,358,02624
11-20-358-02633-366659,20,358,02633
11-20-358-02633-366660,20,358,02633
11-20-358-02633-366661,20,358,02633
11-20-358-02633-801786,20,358,02633
11-20-358-02634-366842,20,358,02634
11-20-358-02634-366843,20,358,02634
11-20-359-02636-367010,20,359,02636
11-20-359-02639-801787,20,359,02639
11-20-359-02643-367614,20,359,02643
11-20-359-02643-367615,20,359,02643
11-20-360-02644-367884,20,360,02644
11-20-360-02645-368007,20,360,02645
11-20-360-02645-368008,20,360,02645
11-20-360-02652-368484,20,360,02652
11-20-360-02652-368485,20,360,02652
11-20-360-02653-368578,20,360,02653
11-20-360-02653-368579,20,360,02653
11-20-360-02653-368580,20,360,02653
11-20-360-02653-801788,20,360,02653
11-20-360-02654-368662,20,360,02654
11-20-360-02655-368709,20,360,02655
11-20-360-02655-368710,20,360,02655
11-20-360-02657-368870,20,360,02657
11-20-360-02658-368911,20,360,02658
11-20-360-02659-368937,20,360,02659
11-20-360-02659-368938,20,360,02659
11-20-360-02659-368939,20,360,02659
11-20-361-02660-369009,20,361,02660
11-20-361-02660-369010,20,361,02660
11-20-361-02660-369011,20,361,02660
11-20-361-02660-369012,20,361,02660
11-20-361-02660-369013,20,361,02660
11-20-361-02660-369014,20,361,02660
11-20-361-02660-369015,20,361,02660
11-20-361-02661-369090,20,361,02661
11-20-361-02661-369091,20,361,02661
11-20-361-02661-369092,20,361,02661
11-20-361-02661-369093,20,361,02661
11-20-361-02661-369094,20,361,02661
11-20-361-02661-369095,20,361,02661
11-20-361-02661-369096,20,361,02661
11-20-361-02661-369097,20,361,02661
11-20-361-02661-369098,20,361,02661
11-20-361-02661-369099,20,361,02661
11-20-361-02661-369100,20,361,02661
11-20-361-02662-369121,20,361,02662
11-20-361-02662-369122,20,361,02662
11-20-361-02662-801789,20,361,02662
11-20-361-02664-369184,20,361,02664
11-20-361-02664-369185,20,361,02664
11-20-362-02667-801790,20,362,02667
11-20-362-02673-371565,20,362,02673
11-20-362-02673-371566,20,362,02673
11-20-362-02673-371567,20,362,02673
11-20-362-02673-801791,20,362,02673
11-20-363-02677-372617,20,363,02677
11-20-363-02678-801792,20,363,02678
11-20-363-02678-801793,20,363,02678
11-20-364-02683-373458,20,364,02683
11-20-364-02683-373459,20,364,02683
11-20-364-02683-373460,20,364,02683
11-20-364-02683-373461,20,364,02683
11-20-364-02684-373565,20,364,02684
11-20-364-02684-373566,20,364,02684
11-20-364-02684-801794,20,364,02684
11-20-364-02685-373657,20,364,02685
11-20-364-02688-373896,20,364,02688
11-20-364-02690-374058,20,364,02690
11-20-364-02690-374059,20,364,02690
11-20-364-02690-374060,20,364,02690
11-20-364-02691-374098,20,364,02691
11-20-364-02692-374144,20,364,02692
11-20-364-02698-801795,20,364,02698
11-20-365-02701-374963,20,365,02701
11-20-365-02704-801796,20,365,02704
11-20-366-02707-375635,20,366,02707
11-20-366-02712-376061,20,366,02712
11-20-366-02712-801797,20,366,02712
11-20-367-02718-801798,20,367,02718
11-20-368-02731-801799,20,368,02731
11-20-368-02735-377852,20,368,02735
11-20-368-02736-377916,20,368,02736
11-20-368-02736-377917,20,368,02736
11-20-368-02736-377918,20,368,02736
11-20-368-02736-377919,20,368,02736
11-20-368-02736-377920,20,368,02736
11-20-368-02739-801800,20,368,02739
11-20-368-02742-378290,20,368,02742
11-20-368-02743-378378,20,368,02743
11-20-368-02743-378379,20,368,02743
11-20-369-02748-378866,20,369,02748
11-20-369-02748-378867,20,369,02748
11-20-369-02752-379287,20,369,02752
11-20-369-02752-379288,20,369,02752
11-20-369-02752-801801,20,369,02752
11-20-369-02753-379462,20,369,02753
11-20-369-02753-801802,20,369,02753
11-21-370-02757-801803,21,370,02757
11-21-370-02761-380309,21,370,02761
11-21-370-02762-380419,21,370,02762
11-21-370-02763-801804,21,370,02763
11-21-370-02765-380612,21,370,02765
11-21-370-02765-380613,21,370,02765
11-21-370-02765-801805,21,370,02765
11-21-370-02767-380737,21,370,02767
11-21-371-02772-801806,21,371,02772
11-21-371-02773-381073,21,371,02773
11-21-371-02774-801807,21,371,02774
11-21-371-02775-381107,21,371,02775
11-21-371-02776-801808,21,371,02776
11-21-372-02782-801809,21,372,02782
11-21-372-02785-381702,21,372,02785
11-21-372-02787-801810,21,372,02787
11-21-372-02788-801811,21,372,02788
11-21-372-02797-801812,21,372,02797
11-21-372-02799-801813,21,372,02799
11-21-373-02800-801814,21,373,02800
11-21-374-02808-801815,21,374,02808
11-21-374-02814-384265,21,374,02814
11-21-374-02814-801816,21,374,02814
11-21-374-02814-801817,21,374,02814
11-21-374-02816-384373,21,374,02816
11-21-374-02816-801818,21,374,02816
11-21-374-02821-384612,21,374,02821
11-21-374-02821-384613,21,374,02821
11-21-374-02823-384647,21,374,02823
11-21-374-02826-384803,21,374,02826
11-21-374-02827-384964,21,374,02827
11-21-374-02830-385209,21,374,02830
11-21-374-02832-801819,21,374,02832
11-21-374-02833-801820,21,374,02833
11-21-375-02834-801821,21,375,02834
11-21-375-02835-385278,21,375,02835
11-21-375-02837-801822,21,375,02837
11-21-375-02838-385392,21,375,02838
11-21-375-02839-385509,21,375,02839
11-21-375-02840-385564,21,375,02840
11-21-375-02845-801823,21,375,02845
11-21-375-02852-386860,21,375,02852
11-21-375-02854-801824,21,375,02854
11-21-376-02861-801825,21,376,02861
11-21-376-02867-388645,21,376,02867
11-21-376-02870-801826,21,376,02870
11-21-376-02884-801827,21,376,02884
11-21-376-02888-801828,21,376,02888
11-21-377-02890-801829,21,377,02890
11-21-377-02902-801830,21,377,02902
11-21-377-02903-801831,21,377,02903
11-21-377-02907-801832,21,377,02907
11-21-377-02909-801833,21,377,02909
11-21-378-02913-801834,21,378,02913
11-21-378-02914-394886,21,378,02914
11-21-378-02914-801835,21,378,02914
11-21-378-02915-801836,21,378,02915
11-21-379-02926-801837,21,379,02926
11-21-379-02927-801838,21,379,02927
11-21-380-02934-801839,21,380,02934
11-21-380-02935-397173,21,380,02935
11-21-380-02939-397783,21,380,02939
11-21-380-02940-801840,21,380,02940
11-21-381-02946-398818,21,381,02946
11-21-381-02948-801841,21,381,02948
11-21-381-02949-399027,21,381,02949
11-21-381-02950-801842,21,381,02950
11-21-381-02951-399153,21,381,02951
11-21-381-02951-399154,21,381,02951
11-21-381-02954-399315,21,381,02954
11-21-381-02954-801843,21,381,02954
11-21-381-02955-399421,21,381,02955
11-21-381-02955-399422,21,381,02955
11-21-381-02968-801844,21,381,02968
11-21-382-02971-400546,21,382,02971
11-21-382-02971-400547,21,382,02971
11-21-382-02974-801845,21,382,02974
11-21-382-02977-801846,21,382,02977
11-21-382-02979-401372,21,382,02979
11-21-382-02980-401469,21,382,02980
11-21-382-02980-401470,21,382,02980
11-21-382-02984-402000,21,382,02984
11-21-383-02987-402315,21,383,02987
11-21-383-02988-801847,21,383,02988
11-21-383-02990-801848,21,383,02990
11-21-383-02999-403392,21,383,02999
11-21-383-02999-801849,21,383,02999
11-21-384-03000-403538,21,384,03000
11-21-384-03002-403727,21,384,03002
11-21-384-03005-403904,21,384,03005
11-21-384-03006-801850,21,384,03006
11-21-384-03007-404088,21,384,03007
11-21-384-03007-404089,21,384,03007
11-21-384-03007-404090,21,384,03007
11-21-384-03007-404091,21,384,03007
11-21-384-03008-404105,21,384,03008
11-21-384-03008-404106,21,384,03008
11-21-384-03009-404118,21,384,03009
11-21-384-03009-404119,21,384,03009
11-21-384-03009-404120,21,384,03009
11-21-384-03010-404192,21,384,03010
11-21-384-03010-404193,21,384,03010
11-21-384-03010-404194,21,384,03010
11-21-384-03011-801851,21,384,03011
11-21-384-03017-801852,21,384,03017
11-21-385-03023-405611,21,385,03023
11-21-385-03026-406078,21,385,03026
11-21-385-03026-801853,21,385,03026
11-21-385-03028-801854,21,385,03028
11-21-385-03029-406325,21,385,03029
11-21-385-03031-406632,21,385,03031
11-21-385-03033-406975,21,385,03033
11-21-385-03033-406976,21,385,03033
11-21-385-03033-406977,21,385,03033
11-21-386-03036-801855,21,386,03036
11-21-386-03037-407456,21,386,03037
11-21-386-03042-407607,21,386,03042
11-21-386-03043-407707,21,386,03043
11-21-386-03043-407708,21,386,03043
11-21-386-03043-407709,21,386,03043
11-21-386-03049-801856,21,386,03049
11-21-386-03052-408169,21,386,03052
11-21-386-03052-408170,21,386,03052
11-21-386-03053-408299,21,386,03053
11-21-386-03053-801857,21,386,03053
11-21-386-03054-801858,21,386,03054
11-21-386-03055-801859,21,386,03055
11-21-387-03056-408665,21,387,03056
11-21-387-03057-801860,21,387,03057
11-21-387-03058-801861,21,387,03058
11-21-387-03061-801862,21,387,03061
11-21-387-03065-409802,21,387,03065
11-21-387-03070-801863,21,387,03070
11-21-388-03071-410351,21,388,03071
11-21-388-03072-801864,21,388,03072
11-21-388-03074-410673,21,388,03074
11-21-388-03074-410674,21,388,03074
11-21-388-03074-801865,21,388,03074
11-21-388-03074-801866,21,388,03074
11-21-388-03076-801867,21,388,03076
11-21-388-03077-411193,21,388,03077
11-21-388-03078-411296,21,388,03078
11-21-388-03078-801868,21,388,03078
11-21-388-03079-411360,21,388,03079
11-21-388-03080-801869,21,388,03080
11-21-388-03081-801870,21,388,03081
11-21-388-03082-801871,21,388,03082
11-21-388-03083-411948,21,388,03083
11-21-388-03083-801872,21,388,03083
11-21-388-03084-412057,21,388,03084
11-21-388-03084-801873,21,388,03084
11-21-388-03085-801874,21,388,03085
11-21-388-03086-412128,21,388,03086
11-21-388-03086-801875,21,388,03086
11-21-388-03088-412160,21,388,03088
11-21-388-03089-801876,21,388,03089
11-21-388-03090-412347,21,388,03090
11-21-388-03090-801877,21,388,03090
11-21-388-03092-412551,21,388,03092
11-21-388-03093-412604,21,388,03093
11-21-388-03093-412605,21,388,03093
11-21-388-03093-412606,21,388,03093
11-21-388-03093-412607,21,388,03093
11-21-388-03094-412633,21,388,03094
11-21-388-03094-412634,21,388,03094
11-21-388-03094-801878,21,388,03094
11-21-388-03095-412725,21,388,03095
11-21-388-03095-412726,21,388,03095
11-21-388-03096-801879,21,388,03096
11-21-388-03097-801880,21,388,03097
11-21-388-03098-413350,21,388,03098
11-21-388-03099-801881,21,388,03099
11-21-389-03101-413958,21,389,03101
11-21-389-03102-414260,21,389,03102
11-21-389-03104-801882,21,389,03104
11-21-389-03105-801883,21,389,03105
11-21-389-03107-414848,21,389,03107
11-21-390-03112-801884,21,390,03112
11-21-390-03114-801885,21,390,03114
11-21-390-03119-416820,21,390,03119
11-21-390-03125-417521,21,390,03125
11-21-391-03130-801886,21,391,03130
11-21-392-03135-801887,21,392,03135
11-21-392-03138-419524,21,392,03138
11-21-392-03139-801888,21,392,03139
11-21-392-03140-801889,21,392,03140
11-21-393-03141-419976,21,393,03141
11-21-393-03142-801890,21,393,03142
11-21-393-03143-420513,21,393,03143
11-21-393-03144-801891,21,393,03144
11-21-393-03148-421195,21,393,03148
11-21-393-03149-801892,21,393,03149
11-21-393-03150-421343,21,393,03150
11-21-393-03152-801893,21,393,03152
11-21-394-03153-801894,21,394,03153
11-21-394-03156-801895,21,394,03156
11-21-395-03159-801896,21,395,03159
11-21-395-03160-422708,21,395,03160
11-21-395-03164-801897,21,395,03164
11-21-395-03166-801898,21,395,03166
11-21-395-03170-424227,21,395,03170
11-21-396-03173-425011,21,396,03173
11-21-396-03175-425462,21,396,03175
11-21-396-03176-425727,21,396,03176
11-21-396-03181-426511,21,396,03181
11-21-396-03181-801899,21,396,03181
11-21-396-03183-801900,21,396,03183
11-21-396-03184-801901,21,396,03184
11-21-397-03187-427270,21,397,03187
11-21-397-03189-801902,21,397,03189
11-21-397-03193-427776,21,397,03193
11-21-397-03196-801903,21,397,03196
11-21-397-03198-428090,21,397,03198
11-21-398-03199-801904,21,398,03199
11-21-398-03200-428283,21,398,03200
11-21-398-03208-801905,21,398,03208
11-21-398-03209-801906,21,398,03209
11-21-398-03216-801907,21,398,03216
11-21-398-03217-429994,21,398,03217
11-21-398-03217-429995,21,398,03217
11-21-399-03220-801908,21,399,03220
11-21-399-03223-430673,21,399,03223
11-21-399-03226-801909,21,399,03226
11-22-400-03232-431500,22,400,03232
11-22-400-03232-801910,22,400,03232
11-22-400-03232-801911,22,400,03232
11-22-400-03234-801912,22,400,03234
11-22-400-03234-801913,22,400,03234
11-22-400-03234-801914,22,400,03234
11-22-400-03234-801915,22,400,03234
11-22-400-03235-801916,22,400,03232
11-22-400-03235-801916,22,400,03235
11-22-401-03236-801917,22,401,03236
11-22-401-03237-801918,22,401,03237
11-22-401-03238-801919,22,401,03238
11-22-401-03239-801920,22,401,03239
11-22-401-03239-801921,22,401,03239
11-22-401-03240-801922,22,401,03240
11-22-401-03242-432613,22,401,03242
11-22-401-03242-432614,22,401,03242
11-22-401-03242-801923,22,401,03242
11-22-401-03242-801924,22,401,03242
11-22-401-03244-801925,22,401,03244
11-22-401-03246-801926,22,401,03246
11-22-401-03247-801927,22,401,03247
11-22-401-03248-801928,22,401,03248
11-22-401-03250-801929,22,401,03250
11-22-401-03252-801930,22,401,03252
11-22-402-03255-801931,22,402,03255
11-22-402-03257-801932,22,402,03257
11-22-402-03259-434068,22,402,03259
11-22-402-03262-801933,22,402,03262
11-22-402-03262-801934,22,402,03262
11-22-403-03263-801935,22,403,03263
11-22-403-03264-801936,22,403,03264
11-22-403-03265-801937,22,403,03265
11-22-403-03267-801938,22,403,03267
11-22-403-03267-801939,22,403,03267
11-22-403-03268-801940,22,403,03268
11-22-403-03269-801941,22,403,03269
11-22-403-03270-801942,22,403,03270
11-22-403-03271-801943,22,403,03271
11-22-403-03271-801944,22,403,03271
11-22-404-03272-435923,22,404,03272
11-22-404-03272-801945,22,404,03272
11-22-404-03272-801946,22,404,03272
11-22-404-03272-801947,22,404,03272
11-22-404-03274-801948,22,404,03274
11-22-404-03275-436411,22,404,03275
11-22-404-03275-801949,22,404,03272
11-22-404-03275-801949,22,404,03275
11-22-405-03277-801950,22,405,03277
11-22-405-03278-801951,22,405,03278
11-22-405-03279-801952,22,405,03279
11-22-405-03280-801953,22,405,03280
11-22-405-03280-801954,22,405,03280
11-22-405-03281-801955,22,405,03281
11-22-405-03281-801956,22,405,03281
11-22-405-03282-801957,22,405,03282
11-22-405-03282-801958,22,405,03282
11-22-405-03283-801959,22,405,03283
11-22-405-03283-801960,22,405,03283
11-22-405-03284-801961,22,405,03284
11-22-405-03284-801962,22,405,03284
11-22-405-03285-801963,22,405,03285
11-22-405-03286-801964,22,405,03286
11-22-406-03287-801965,22,406,03287
11-22-406-03289-801966,22,406,03289
11-22-406-03290-801967,22,406,03290
11-22-406-03291-801968,22,406,03291
11-22-406-03291-801969,22,406,03291
11-22-406-03292-801970,22,406,03292
11-22-406-03293-801971,22,406,03293
11-22-406-03293-801972,22,406,03293
11-22-406-03294-801973,22,406,03294
11-22-406-03294-801974,22,406,03294
11-22-406-03295-438767,22,406,03295
11-22-406-03295-438768,22,406,03295
11-22-406-03295-438769,22,406,03295
11-22-406-03295-438770,22,406,03295
11-22-406-03295-801975,22,406,03294
11-22-406-03295-801975,22,406,03295
11-22-406-03295-801976,22,406,03295
11-22-406-03295-801977,22,406,03295
11-22-406-03296-801978,22,406,03296
11-22-406-03297-801979,22,406,03297
11-22-406-03297-801980,22,406,03297
11-22-407-03298-801981,22,407,03298
11-22-407-03298-801982,22,407,03298
11-22-407-03299-801983,22,407,03299
11-22-407-03300-801984,22,407,03300
11-22-407-03301-801985,22,407,03301
11-22-407-03301-801986,22,407,03301
11-22-408-03302-801987,22,408,03302
11-22-408-03302-801988,22,408,03302
11-22-408-03303-801989,22,408,03303
11-22-408-03304-801990,22,408,03304
11-22-408-03305-801991,22,408,03305
11-22-408-03306-801992,22,408,03306
11-22-408-03307-801993,22,408,03307
11-22-408-03310-801994,22,408,03310
11-22-409-03311-801995,22,409,03311
11-22-409-03311-801996,22,409,03311
11-22-409-03312-801997,22,409,03312
11-22-409-03313-801998,22,409,03313
11-22-409-03313-801999,22,409,03313
11-22-409-03313-802000,22,409,03313
11-22-409-03314-802001,22,409,03314
11-22-409-03315-802002,22,409,03315
11-22-409-03316-802003,22,409,03316
11-22-409-03316-802004,22,409,03316
11-22-409-03316-802005,22,409,03318
11-22-409-03316-802005,22,409,03316
11-22-409-03317-802006,22,409,03316
11-22-409-03317-802006,22,409,03317
11-22-409-03317-802008,22,409,03318
11-22-409-03317-802008,22,409,03317
11-22-409-03317-802009,22,409,03317
11-22-409-03317-802010,22,409,03317
11-22-409-03318-802007,22,409,03318
11-22-409-03318-802007,22,409,03316
11-22-409-03318-802007,22,409,03317
11-22-409-03318-802011,22,409,03318
11-22-409-03319-802012,22,409,03319
11-22-409-03319-802013,22,409,03319
11-22-409-03320-802014,22,409,03320
11-22-409-03321-802015,22,409,03321
11-22-409-03322-802016,22,409,03322
11-22-409-03322-802018,22,409,03322
11-22-409-03323-802019,22,409,03323
11-22-410-03324-443594,22,410,03324
11-22-410-03324-802020,22,410,03324
11-22-410-03325-802021,22,410,03325
11-22-410-03326-443851,22,410,03326
11-22-410-03326-802022,22,410,03326
11-22-410-03326-802023,22,410,03326
11-22-410-03327-802024,22,410,03327
11-22-410-03328-802025,22,410,03328
11-22-410-03328-802026,22,410,03328
11-22-410-03329-802027,22,410,03329
11-22-410-03329-802028,22,410,03329
11-22-410-03330-444587,22,410,03330
11-22-410-03330-802029,22,410,03330
11-22-410-03331-802030,22,410,03331
11-22-410-03331-802031,22,410,03331
11-22-410-03332-444782,22,410,03332
11-22-410-03332-802032,22,410,03332
11-22-410-03332-802033,22,410,03332
11-22-410-03332-802034,22,410,03332
11-22-410-03332-802035,22,410,03332
11-22-410-03333-802036,22,410,03333
11-22-410-03333-802037,22,410,03333
11-22-410-03334-802038,22,410,03334
11-22-410-03334-802039,22,410,03334
11-22-410-03335-802040,22,410,03335
11-22-410-03336-802041,22,410,03336
11-22-411-03339-802042,22,411,03339
11-22-411-03340-802043,22,411,03340
11-22-411-03341-802044,22,411,03341
11-22-411-03341-802045,22,411,03341
11-22-411-03342-802046,22,411,03342
11-22-411-03343-802047,22,411,03343
11-22-412-03344-802048,22,412,03344
11-22-412-03344-802049,22,412,03344
11-22-412-03345-802050,22,412,03345
11-22-412-03346-802051,22,412,03346
11-22-412-03346-802052,22,412,03346
11-22-412-03347-802053,22,412,03347
11-22-413-03348-802054,22,413,03348
11-22-413-03349-802055,22,413,03349
11-22-413-03351-802056,22,413,03351
11-22-413-03352-802057,22,413,03352
11-22-413-03353-802058,22,413,03353
11-22-413-03354-802059,22,413,03354
11-22-414-03355-802060,22,414,03355
11-22-414-03356-802061,22,414,03356
11-22-414-03357-802062,22,414,03357
11-22-414-03359-802063,22,414,03359
11-22-414-03360-802064,22,414,03360
11-22-414-03363-802065,22,414,03363
11-22-415-03367-802066,22,415,03367
11-22-416-03369-802067,22,416,03369
11-22-416-03369-802068,22,416,03369
11-22-416-03370-802069,22,416,03370
11-22-416-03370-802070,22,416,03370
11-22-416-03372-802071,22,416,03372
11-22-416-03373-802072,22,416,03373
11-22-416-03373-802073,22,416,03373
11-22-416-03375-802074,22,416,03375
11-22-417-03376-802075,22,417,03376
11-22-417-03378-802076,22,417,03378
11-22-417-03379-802077,22,417,03379
11-23-418-03380-802078,23,418,03380
11-23-418-03382-802079,23,418,03382
11-23-418-03383-802080,23,418,03383
11-23-419-03385-802081,23,419,03385
11-23-419-03386-802082,23,419,03386
11-23-419-03387-452273,23,419,03387
11-23-419-03387-802083,23,419,03387
11-23-419-03387-802084,23,419,03387
11-23-419-03388-802085,23,419,03388
11-23-419-03389-802086,23,419,03389
11-23-419-03390-802087,23,419,03390
11-23-419-03390-802088,23,419,03390
11-23-420-03392-802089,23,420,03392
11-23-420-03392-802090,23,420,03392
11-23-420-03392-802091,23,420,03392
11-23-420-03393-802092,23,420,03393
11-23-420-03394-802093,23,420,03394
11-23-420-03395-453453,23,420,03395
11-23-420-03395-802094,23,420,03395
11-23-420-03395-802095,23,420,03395
11-23-420-03397-802096,23,420,03397
11-23-420-03398-802097,23,420,03398
11-23-420-03398-802098,23,420,03398
11-23-420-03398-802099,23,420,03398
11-23-421-03399-802100,23,421,03399
11-23-421-03399-802101,23,421,03399
11-23-421-03400-454188,23,421,03400
11-23-421-03400-454189,23,421,03400
11-23-421-03400-454190,23,421,03400
11-23-421-03400-454191,23,421,03400
11-23-421-03400-802102,23,421,03400
11-23-421-03400-802103,23,421,03400
11-23-421-03400-802104,23,421,03400
11-23-421-03401-802105,23,421,03401
11-23-421-03402-802106,23,421,03402
11-23-422-03403-802107,23,422,03403
11-23-422-03404-802108,23,422,03404
11-23-422-03405-802109,23,422,03405
11-23-422-03405-802110,23,422,03405
11-23-422-03406-802111,23,422,03406
11-23-423-03408-802112,23,423,03408
11-23-423-03409-802113,23,423,03409
11-23-423-03410-802114,23,423,03410
11-23-423-03411-802115,23,423,03411
11-23-423-03412-802116,23,423,03412
11-23-423-03413-802117,23,423,03413
11-23-423-03414-802118,23,423,03414
11-23-424-03415-802119,23,424,03415
11-23-424-03415-802120,23,424,03415
11-23-424-03416-802121,23,424,03416
11-23-424-03417-802122,23,424,03417
11-23-424-03417-802123,23,424,03417
11-23-424-03418-802124,23,424,03418
11-23-424-03418-802125,23,424,03418
11-23-424-03420-802126,23,424,03420
11-23-424-03421-802127,23,424,03421
11-23-424-03422-802128,23,424,03422
11-23-424-03423-802129,23,424,03423
11-23-424-03423-802130,23,424,03423
11-23-424-03423-802131,23,424,03423
11-23-425-03424-802132,23,425,03424
11-23-425-03425-802133,23,425,03425
11-23-425-03426-802134,23,425,03426
11-23-425-03427-802135,23,425,03427
11-23-425-03427-802136,23,425,03427
11-23-425-03428-802137,23,425,03428
11-23-425-03428-802138,23,425,03428
11-23-425-03429-457953,23,425,03429
11-23-425-03429-802139,23,425,03429
11-23-425-03430-802140,23,425,03430
11-23-425-03430-802141,23,425,03430
11-23-425-03431-802142,23,425,03431
11-23-425-03432-802143,23,425,03432
11-23-425-03433-802144,23,425,03433
11-23-425-03433-802145,23,425,03433
11-23-425-03434-802146,23,425,03434
11-23-426-03435-802147,23,426,03435
11-23-426-03436-802148,23,426,03436
11-23-426-03437-802149,23,426,03437
11-23-426-03437-802150,23,426,03437
11-23-426-03439-802151,23,426,03439
11-23-426-03440-802152,23,426,03440
11-23-427-03443-459749,23,427,03443
11-23-427-03443-459750,23,427,03443
11-23-427-03443-802153,23,427,03443
11-23-427-03444-802154,23,427,03444
11-23-427-03446-802155,23,427,03446
11-23-427-03447-802156,23,427,03447
11-23-427-03448-802157,23,427,03448
11-23-427-03449-460960,23,427,03449
11-23-427-03449-460963,23,427,03449
11-23-427-03449-460964,23,427,03449
11-23-427-03449-460965,23,427,03449
11-23-427-03449-460966,23,427,03449
11-23-427-03449-802158,23,427,03449
11-23-427-03449-802159,23,427,03449
11-23-427-03449-802160,23,427,03449
11-23-427-03450-802161,23,427,03450
11-23-427-03451-802162,23,427,03451
11-23-427-03453-802163,23,427,03453
11-23-428-03454-802164,23,428,03454
11-23-428-03457-462255,23,428,03457
11-23-428-03457-802165,23,428,03457
11-23-428-03458-462495,23,428,03458
11-23-428-03458-802166,23,428,03458
11-23-428-03458-802167,23,428,03458
11-23-428-03459-462691,23,428,03459
11-23-428-03460-802168,23,428,03460
11-23-428-03460-802168,23,452,03638
11-23-429-03461-463140,23,429,03461
11-23-429-03461-802169,23,429,03461
11-23-429-03461-802170,23,429,03461
11-23-429-03462-463335,23,429,03462
11-23-429-03462-802171,23,429,03462
11-23-429-03463-802172,23,429,03463
11-23-429-03463-802173,23,429,03463
11-23-429-03464-802174,23,429,03464
11-23-429-03465-802175,23,429,03465
11-23-429-03466-802176,23,429,03466
11-23-429-03467-802177,23,429,03467
11-23-429-03468-802178,23,429,03468
11-23-429-03470-802179,23,429,03470
11-23-430-03471-802180,23,430,03471
11-23-430-03471-802181,23,430,03471
11-23-430-03473-802182,23,430,03473
11-23-430-03473-802183,23,430,03473
11-23-430-03474-802184,23,430,03474
11-23-430-03475-802185,23,430,03475
11-23-430-03476-802186,23,430,03476
11-23-430-03477-802187,23,430,03477
11-23-430-03478-802188,23,430,03478
11-23-430-03479-467331,23,430,03479
11-23-430-03479-802189,23,430,03479
11-23-430-03479-802190,23,430,03479
11-23-430-03481-802191,23,430,03481
11-23-431-03482-802192,23,431,03482
11-23-431-03483-802193,23,431,03483
11-23-431-03485-468176,23,431,03485
11-23-431-03485-468177,23,431,03485
11-23-431-03485-802194,23,431,03485
11-23-431-03486-468238,23,431,03486
11-23-431-03486-802195,23,431,03486
11-23-432-03487-468368,23,432,03487
11-23-432-03487-802196,23,432,03487
11-23-432-03487-802197,23,432,03487
11-23-432-03488-802198,23,432,03488
11-23-432-03488-802199,23,432,03488
11-23-432-03489-802200,23,432,03489
11-23-432-03490-802201,23,432,03490
11-23-432-03491-802202,23,432,03491
11-23-432-03491-802203,23,432,03491
11-23-432-03491-802204,23,432,03491
11-23-433-03492-469140,23,433,03492
11-23-433-03492-802205,23,433,03492
11-23-433-03493-802206,23,433,03493
11-23-433-03493-802207,23,433,03493
11-23-433-03493-802208,23,433,03493
11-23-433-03494-802209,23,433,03494
11-23-433-03495-802210,23,433,03495
11-23-433-03496-802211,23,433,03496
11-23-433-03497-802212,23,433,03497
11-23-433-03498-802213,23,433,03498
11-23-433-03499-802214,23,433,03499
11-23-434-03500-802215,23,434,03500
11-23-434-03501-802216,23,434,03501
11-23-434-03501-802217,23,434,03501
11-23-434-03502-802218,23,434,03502
11-23-434-03503-802219,23,434,03503
11-23-434-03504-802220,23,434,03504
11-23-434-03507-471043,23,434,03507
11-23-434-03507-802221,23,434,03507
11-23-434-03507-802222,23,434,03507
11-23-435-03508-802224,23,435,03508
11-23-435-03509-802225,23,435,03509
11-23-435-03509-802226,23,435,03509
11-23-435-03510-471486,23,435,03510
11-23-435-03510-802227,23,435,03510
11-23-435-03512-802228,23,435,03512
11-23-435-03512-802229,23,435,03512
11-23-435-03513-802230,23,435,03513
11-23-435-03514-802231,23,435,03514
11-23-436-03515-802232,23,436,03515
11-23-436-03515-802233,23,436,03515
11-23-436-03516-802234,23,436,03516
11-23-436-03516-802235,23,436,03516
11-23-436-03517-802236,23,436,03517
11-23-436-03518-802237,23,436,03518
11-23-436-03518-802238,23,436,03518
11-23-436-03519-802239,23,436,03519
11-23-436-03519-802240,23,436,03519
11-23-436-03522-802241,23,436,03522
11-23-436-03522-802242,23,436,03522
11-23-436-03522-802243,23,436,03522
11-23-436-03523-473253,23,436,03523
11-23-437-03524-802244,23,437,03524
11-23-437-03525-802245,23,437,03525
11-23-437-03525-802246,23,437,03525
11-23-437-03525-802247,23,437,03525
11-23-437-03526-802248,23,437,03526
11-23-437-03527-802249,23,437,03527
11-23-437-03528-802250,23,437,03528
11-23-437-03528-802251,23,437,03528
11-23-437-03528-802252,23,437,03528
11-23-437-03529-802253,23,437,03529
11-23-437-03529-802254,23,437,03529
11-23-437-03530-802255,23,437,03530
11-23-437-03531-802256,23,437,03531
11-23-438-03532-802257,23,438,03532
11-23-438-03533-802258,23,438,03533
11-23-438-03533-802259,23,438,03533
11-23-438-03534-475181,23,438,03534
11-23-438-03534-802260,23,438,03534
11-23-438-03534-802261,23,438,03534
11-23-438-03534-802262,23,438,03534
11-23-438-03536-475533,23,438,03536
11-23-438-03536-802263,23,438,03536
11-23-438-03537-802264,23,438,03537
11-23-438-03538-802265,23,438,03538
11-23-438-03539-802266,23,434,03507
11-23-438-03539-802266,23,438,03539
11-23-438-03539-802267,23,438,03539
11-23-439-03540-802268,23,439,03540
11-23-439-03540-802269,23,439,03540
11-23-439-03540-802270,23,439,03540
11-23-439-03541-476111,23,439,03541
11-23-439-03541-802271,23,439,03541
11-23-439-03542-476238,23,439,03542
11-23-439-03542-802272,23,439,03542
11-23-439-03543-476370,23,439,03543
11-23-439-03543-476371,23,439,03543
11-23-439-03543-476372,23,439,03543
11-23-439-03543-476373,23,439,03543
11-23-439-03543-476374,23,439,03543
11-23-439-03543-802273,23,439,03543
11-23-439-03543-802273,23,439,03541
11-23-439-03543-802274,23,439,03543
11-23-439-03544-476554,23,439,03544
11-23-439-03544-802275,23,439,03544
11-23-439-03544-802276,23,439,03544
11-23-439-03544-802277,23,439,03544
11-23-440-03545-802278,23,440,03545
11-23-440-03545-802279,23,440,03545
11-23-440-03546-802280,23,440,03546
11-23-440-03546-802281,23,440,03546
11-23-440-03547-802282,23,440,03547
11-23-440-03549-802283,23,440,03549
11-23-440-03550-802284,23,440,03550
11-23-440-03551-477736,23,440,03551
11-23-441-03554-802285,23,441,03554
11-23-441-03556-478249,23,441,03556
11-23-441-03557-802286,23,441,03557
11-23-441-03558-802287,23,441,03558
11-23-441-03558-802288,23,441,03558
11-23-441-03559-802289,23,441,03559
11-23-441-03559-802290,23,441,03559
11-23-441-03561-802291,23,441,03561
11-23-442-03563-802292,23,442,03563
11-23-442-03563-802293,23,442,03563
11-23-442-03564-802294,23,442,03564
11-23-442-03564-802295,23,442,03564
11-23-442-03565-802296,23,442,03565
11-23-442-03565-802297,23,442,03565
11-23-442-03566-802298,23,442,03566
11-23-442-03566-802299,23,442,03566
11-23-442-03567-802300,23,442,03567
11-23-442-03568-802301,23,442,03568
11-23-442-03568-802302,23,442,03568
11-23-442-03569-802303,23,442,03569
11-23-442-03569-802304,23,442,03569
11-23-443-03570-802305,23,443,03570
11-23-443-03571-802306,23,443,03571
11-23-443-03572-802307,23,443,03572
11-23-443-03573-481320,23,443,03573
11-23-443-03573-802308,23,443,03573
11-23-443-03576-802309,23,443,03576
11-23-443-03579-802310,23,443,03579
11-23-444-03580-802311,23,444,03580
11-23-444-03581-802312,23,444,03581
11-23-444-03581-802313,23,444,03581
11-23-445-03582-802314,23,445,03582
11-23-445-03584-802315,23,445,03584
11-23-445-03584-802316,23,445,03584
11-23-445-03585-802317,23,445,03585
11-23-445-03586-802318,23,445,03586
11-23-445-03587-802319,23,445,03587
11-23-445-03588-802320,23,445,03588
11-23-445-03589-802321,23,445,03589
11-23-446-03590-802322,23,446,03590
11-23-446-03590-802323,23,446,03590
11-23-446-03591-802324,23,446,03591
11-23-446-03592-802325,23,446,03592
11-23-446-03593-484481,23,446,03593
11-23-446-03593-802326,23,446,03593
11-23-446-03593-802327,23,446,03593
11-23-446-03593-802328,23,446,03593
11-23-446-03594-802329,23,446,03594
11-23-446-03595-802330,23,446,03595
11-23-446-03596-802331,23,446,03596
11-23-446-03597-802332,23,446,03597
11-23-447-03598-802333,23,447,03598
11-23-447-03599-802334,23,447,03599
11-23-447-03600-802335,23,447,03600
11-23-447-03600-802336,23,447,03600
11-23-447-03601-802337,23,447,03601
11-23-447-03602-485963,23,447,03602
11-23-447-03602-802338,23,447,03602
11-23-447-03603-486095,23,447,03603
11-23-447-03604-802339,23,447,03604
11-23-447-03605-802340,23,447,03605
11-23-448-03606-802341,23,448,03606
11-23-448-03608-802342,23,448,03608
11-23-448-03610-802343,23,448,03610
11-23-449-03612-802344,23,449,03612
11-23-449-03613-487411,23,449,03613
11-23-449-03613-487412,23,449,03613
11-23-449-03613-487413,23,449,03613
11-23-449-03613-802345,23,449,03613
11-23-449-03614-802346,23,449,03614
11-23-449-03615-487509,23,449,03615
11-23-449-03616-802347,23,449,03616
11-23-449-03617-802348,23,449,03617
11-23-449-03618-487930,23,449,03618
11-23-449-03618-802349,23,449,03618
11-23-449-03618-802350,23,449,03618
11-23-450-03620-802351,23,450,03620
11-23-450-03622-802352,23,450,03622
11-23-450-03624-802353,23,450,03624
11-23-450-03624-802354,23,450,03624
11-23-451-03627-802355,23,451,03627
11-23-451-03628-802356,23,451,03628
11-23-451-03629-802357,23,451,03629
11-23-451-03629-802358,23,451,03629
11-23-451-03630-802359,23,451,03630
11-23-451-03631-490021,23,451,03631
11-23-451-03631-490022,23,451,03631
11-23-451-03631-490023,23,451,03631
11-23-451-03631-490024,23,451,03631
11-23-451-03631-490025,23,451,03631
11-23-451-03631-802360,23,451,03631
11-23-451-03631-802361,23,451,03632
11-23-451-03631-802361,23,451,03631
11-23-451-03631-802362,23,451,03631
11-23-451-03631-802363,23,451,03631
11-23-451-03632-490245,23,451,03632
11-23-451-03632-490246,23,451,03632
11-23-451-03632-490247,23,451,03632
11-23-451-03632-490248,23,451,03632
11-23-451-03632-490249,23,451,03632
11-23-451-03632-802364,23,451,03632
11-23-451-03633-490449,23,451,03633
11-23-452-03634-802365,23,452,03634
11-23-452-03635-491055,23,452,03635
11-23-452-03635-802366,23,452,03635
11-23-452-03636-491258,23,452,03636
11-23-452-03636-802367,23,452,03636
11-23-452-03637-491406,23,452,03637
11-23-452-03637-802368,23,452,03637
11-23-453-03639-802370,23,453,03639
11-23-453-03640-802371,23,453,03640
11-23-454-03641-802372,23,454,03641
11-23-454-03643-492983,23,454,03643
11-23-454-03643-492984,23,454,03643
11-23-454-03643-802373,23,454,03643
11-23-454-03643-802374,23,454,03643
11-23-454-03645-802375,23,454,03645
11-23-454-03646-493668,23,454,03646
11-23-454-03646-802376,23,454,03646
11-23-455-03648-802377,23,455,03648
11-23-455-03649-802378,23,455,03649
11-23-455-03650-802379,23,455,03650
11-23-455-03651-494680,23,455,03651
11-23-455-03651-494681,23,455,03651
11-23-455-03651-802380,23,455,03651
11-23-455-03651-802381,23,455,03651
11-23-455-03652-494772,23,455,03652
11-23-455-03652-494773,23,455,03652
11-23-455-03652-494774,23,455,03652
11-23-455-03652-494775,23,455,03652
11-23-455-03652-494776,23,455,03652
11-23-455-03652-802382,23,455,03652
11-23-455-03652-802383,23,455,03652
11-23-455-03652-802384,23,455,03652
11-23-455-03652-802385,23,455,03652
11-23-455-03654-495003,23,455,03654
11-23-455-03654-802386,23,455,03654
11-23-455-03656-495334,23,455,03656
11-23-455-03656-802387,23,455,03656
11-23-455-03656-802388,23,455,03656
11-23-455-03656-802389,23,455,03656
11-23-455-03656-802390,23,455,03656
11-23-455-03658-802391,23,455,03658
11-23-456-03659-802392,23,456,03659
11-23-456-03660-496095,23,456,03660
11-23-456-03661-496325,23,456,03661
11-23-456-03663-496624,23,456,03663
11-23-456-03664-802393,23,456,03664
11-23-456-03665-802394,23,456,03665
11-23-457-03667-802395,23,457,03667
11-23-457-03668-497374,23,457,03668
11-23-457-03669-802396,23,457,03669
11-23-457-03671-497647,23,457,03671
11-23-457-03672-497814,23,457,03672
11-23-457-03672-497815,23,457,03672
11-23-457-03672-497816,23,457,03672
11-23-457-03672-802397,23,457,03672
11-23-457-03673-497965,23,457,03673
11-23-457-03674-802398,23,457,03674
11-23-457-03674-802399,23,457,03674
11-23-457-03675-498469,23,457,03675
11-23-457-03676-802400,23,457,03676
11-23-458-03677-802401,23,458,03677
11-23-458-03679-802402,23,458,03679
11-23-458-03681-802403,23,458,03681
11-23-458-03682-802404,23,458,03682
11-23-458-03683-802405,23,458,03683
11-23-459-03684-802406,23,459,03684
11-23-459-03685-802407,23,459,03685
11-23-459-03686-802408,23,459,03686
11-23-459-03688-802409,23,459,03688
11-23-460-03689-802410,23,460,03689
11-23-460-03689-802411,23,460,03689
11-23-460-03690-802412,23,460,03690
11-23-460-03691-501529,23,461,03694
11-23-460-03691-501529,23,460,03691
11-23-460-03691-501530,23,460,03691
11-23-460-03691-802413,23,460,03691
11-23-460-03691-802414,23,460,03691
11-23-460-03691-802415,23,460,03691
11-23-461-03693-802416,23,461,03693
11-23-461-03693-802417,23,461,03693
11-23-461-03694-501949,23,461,03694
11-23-461-03694-501950,23,461,03694
11-23-461-03694-501951,23,461,03694
11-23-461-03694-501952,23,461,03694
11-23-461-03694-501953,23,461,03694
11-23-461-03694-501954,23,461,03694
11-23-461-03694-501955,23,461,03694
11-23-461-03694-802418,23,461,03694
11-23-461-03694-802419,23,461,03694
11-23-461-03695-802420,23,461,03695
11-23-461-03696-802421,23,461,03696
11-23-462-03697-802422,23,462,03697
11-23-462-03698-802423,23,462,03698
11-23-462-03699-802424,23,462,03699
11-23-462-03701-802425,23,462,03701
11-23-463-03703-503654,23,463,03703
11-23-463-03705-802426,23,463,03705
11-23-464-03706-802427,23,464,03706
11-23-464-03707-802428,23,464,03707
11-23-464-03708-504556,23,464,03708
11-23-464-03709-802429,23,464,03709
11-23-464-03710-802430,23,464,03710
11-23-465-03711-802431,23,465,03711
11-23-465-03712-802432,23,465,03712
11-23-465-03713-505451,23,465,03713
11-23-465-03713-802433,23,465,03713
11-23-466-03714-802434,23,466,03714
11-23-466-03716-802435,23,466,03716
11-23-466-03717-802436,23,466,03717
11-23-466-03717-802437,23,466,03717
11-23-466-03718-802438,23,466,03718
11-23-467-03719-802439,23,467,03719
11-23-467-03719-802440,23,467,03719
11-23-467-03721-802441,23,467,03721
11-24-468-03723-802442,24,468,03723
11-24-468-03724-802443,24,468,03724
11-24-468-03725-802444,24,468,03725
11-24-468-03726-506921,24,468,03726
11-24-468-03726-506922,24,468,03726
11-24-468-03726-506923,24,468,03726
11-24-468-03726-802445,24,468,03726
11-24-468-03729-802446,24,468,03729
11-24-468-03730-507349,24,468,03730
11-24-468-03731-507356,24,468,03731
11-24-468-03731-507357,24,468,03731
11-24-468-03731-507358,24,468,03731
11-24-468-03731-802447,24,468,03731
11-24-469-03733-802448,24,469,03733
11-24-469-03734-802449,24,469,03734
11-24-469-03737-508001,24,469,03737
11-24-469-03738-508111,24,469,03738
11-24-469-03739-508228,24,469,03739
11-24-469-03739-508229,24,469,03739
11-24-469-03739-802450,24,469,03739
11-24-469-03740-508379,24,469,03740
11-24-469-03740-802451,24,469,03740
11-24-469-03741-508450,24,469,03741
11-24-469-03742-802452,24,469,03742
11-24-469-03743-802453,24,469,03743
11-24-470-03745-802454,24,470,03745
11-24-470-03746-508785,24,470,03746
11-24-470-03746-802455,24,470,03746
11-24-470-03747-802456,24,470,03747
11-24-470-03748-802457,24,470,03748
11-24-470-03750-802458,24,470,03750
11-24-471-03752-802459,24,471,03752
11-24-471-03753-802460,24,471,03753
11-24-471-03754-802461,24,471,03754
11-24-471-03755-802462,24,471,03755
11-24-471-03756-802463,24,471,03756
11-24-471-03757-509558,24,471,03757
11-24-471-03757-509559,24,471,03757
11-24-471-03757-802464,24,471,03757
11-24-471-03758-509611,24,471,03758
11-24-471-03759-802465,24,471,03759
11-24-472-03760-802466,24,472,03760
11-24-472-03761-509953,24,472,03761
11-24-472-03762-802467,24,472,03762
11-24-472-03763-802468,24,472,03763
11-24-472-03764-510317,24,472,03764
11-24-472-03765-510446,24,472,03765
11-24-472-03766-510581,24,472,03766
11-24-472-03766-510582,24,472,03766
11-24-472-03766-802469,24,472,03766
11-24-472-03767-802470,24,472,03767
11-24-472-03768-802471,24,472,03768
11-24-472-03769-802472,24,472,03769
11-24-472-03771-510996,24,472,03771
11-24-472-03772-511118,24,472,03772
11-24-472-03772-802473,24,472,03772
11-24-473-03773-511183,24,473,03773
11-24-473-03773-511184,24,473,03773
11-24-473-03773-802474,24,473,03773
11-24-473-03773-802475,24,473,03773
11-24-473-03773-802476,24,473,03773
11-24-473-03774-802477,24,473,03774
11-24-473-03775-511285,24,473,03775
11-24-473-03775-511286,24,473,03775
11-24-473-03775-511287,24,473,03775
11-24-473-03775-511288,24,473,03775
11-24-473-03775-511289,24,473,03775
11-24-473-03775-802478,24,473,03775
11-24-473-03775-802479,24,473,03775
11-24-473-03776-802480,24,473,03776
11-24-474-03779-802481,24,474,03779
11-24-474-03780-802482,24,474,03780
11-24-474-03781-802483,24,474,03781
11-24-474-03781-802484,24,474,03781
11-24-474-03781-802484,24,474,03782
11-24-474-03782-511685,24,474,03782
11-24-474-03782-511686,24,474,03782
11-24-474-03782-511687,24,474,03782
11-24-474-03782-802485,24,474,03782
11-24-474-03783-802486,24,474,03783
11-24-474-03784-802487,24,474,03784
11-24-474-03785-511845,24,474,03785
11-24-474-03786-802488,24,474,03786
11-24-474-03787-802489,24,474,03787
11-24-475-03788-802490,24,475,03788
11-24-475-03789-802491,24,475,03789
11-24-475-03790-512159,24,475,03790
11-24-475-03790-802492,24,475,03790
11-24-475-03792-802493,24,475,03792
11-24-475-03792-802494,24,475,03792
11-24-475-03794-802495,24,475,03794
11-24-475-03794-802496,24,475,03794
11-24-475-03797-802497,24,475,03797
11-24-476-03798-802498,24,476,03798
11-24-476-03799-512713,24,476,03799
11-24-476-03799-512715,24,476,03799
11-24-476-03799-802499,24,476,03799
11-24-476-03801-512863,24,476,03801
11-24-476-03801-802500,24,476,03801
11-24-476-03802-512921,24,476,03802
11-24-476-03803-513004,24,476,03803
11-24-476-03803-513006,24,476,03803
11-24-476-03803-802501,24,476,03803
11-24-476-03804-513044,24,476,03804
11-24-476-03805-513090,24,476,03805
11-24-476-03805-513091,24,476,03805
11-24-476-03806-802503,24,476,03806
11-24-476-03807-802504,24,476,03807
11-24-476-03809-802505,24,476,03809
11-24-476-03809-802506,24,476,03809
11-24-476-03810-802507,24,476,03810
11-24-476-03811-513446,24,476,03811
11-24-476-03811-802508,24,476,03811
11-24-477-03812-513486,24,477,03812
11-24-477-03812-802509,24,477,03812
11-24-477-03812-802510,24,477,03812
11-24-477-03813-513571,24,477,03813
11-24-477-03813-802511,24,477,03813
11-24-477-03813-802512,24,477,03813
11-24-477-03814-513672,24,477,03814
11-24-477-03814-802513,24,477,03814
11-24-477-03814-802514,24,477,03814
11-24-477-03814-802515,24,477,03814
11-24-477-03814-802516,24,477,03814
11-24-477-03816-802517,24,477,03816
11-24-477-03817-802518,24,477,03817
11-24-477-03819-802519,24,477,03819
11-24-477-03820-802520,24,477,03820
11-24-477-03821-802521,24,477,03821
11-24-478-03822-802522,24,478,03822
11-24-478-03822-802523,24,478,03822
11-24-478-03823-802524,24,478,03823
11-24-478-03824-802525,24,478,03824
11-24-479-03825-802526,24,479,03825
11-24-479-03825-802527,24,479,03825
11-24-479-03826-802528,24,479,03826
11-24-479-03827-514522,24,479,03827
11-24-479-03827-802529,24,479,03827
11-24-479-03829-802530,24,479,03829
11-24-479-03831-802531,24,479,03831
11-24-479-03832-802532,24,479,03832
11-24-479-03833-802533,24,479,03833
11-24-479-03834-802534,24,479,03834
11-24-479-03835-515053,24,479,03835
11-24-479-03835-802535,24,479,03835
11-24-479-03836-802536,24,479,03836
11-24-479-03837-802537,24,479,03837
11-24-479-03838-802538,24,479,03838
11-24-480-03840-802539,24,480,03840
11-24-480-03841-802540,24,480,03841
11-24-480-03841-802541,24,480,03841
11-24-480-03842-515569,24,480,03842
11-24-480-03843-802542,24,480,03843
11-24-480-03844-802543,24,480,03844
11-24-480-03845-802544,24,480,03845
11-24-480-03846-802545,24,480,03846
11-24-480-03848-802546,24,480,03848
11-24-480-03849-802547,24,480,03849
11-24-481-03850-802548,24,481,03850
11-24-481-03851-802549,24,481,03851
11-24-481-03852-516183,24,481,03852
11-24-481-03852-802550,24,481,03852
11-24-481-03853-516225,24,481,03853
11-24-481-03853-516226,24,481,03853
11-24-481-03854-516283,24,481,03854
11-24-481-03854-516284,24,481,03854
11-24-481-03854-516285,24,481,03854
11-24-481-03854-516286,24,481,03854
11-24-481-03854-802551,24,481,03854
11-24-481-03855-516334,24,481,03855
11-24-481-03856-516414,24,481,03856
11-24-481-03856-802552,24,481,03856
11-24-481-03857-802553,24,481,03857
11-24-481-03858-802554,24,481,03858
11-24-481-03859-802555,24,481,03859
11-24-481-03859-802556,24,481,03859
11-24-481-03860-516804,24,481,03860
11-24-481-03860-802557,24,481,03860
11-24-482-03862-802558,24,482,03862
11-24-482-03863-802559,24,482,03863
11-24-482-03864-516946,24,482,03864
11-24-482-03864-802560,24,482,03864
11-24-482-03864-802561,24,482,03864
11-24-482-03864-802562,24,482,03864
11-24-482-03864-802563,24,482,03864
11-24-482-03864-802564,24,482,03864
11-24-482-03864-802565,24,482,03864
11-24-482-03865-802566,24,482,03865
11-24-482-03866-802567,24,482,03866
11-24-482-03867-802568,24,482,03867
11-24-482-03867-802569,24,482,03867
11-24-482-03868-802570,24,482,03868
11-24-483-03869-802571,24,483,03869
11-24-483-03870-517318,24,483,03870
11-24-483-03871-802572,24,483,03871
11-24-483-03872-802573,24,483,03872
11-24-483-03873-802574,24,483,03873
11-24-483-03874-802575,24,483,03874
11-24-483-03876-802576,24,483,03876
11-24-483-03876-802577,24,483,03876
11-24-483-03876-802578,24,483,03876
11-24-483-03877-802579,24,483,03877
11-24-483-03878-802580,24,483,03878
11-24-483-03878-802581,24,483,03878
11-24-484-03881-802582,24,484,03881
11-24-484-03882-802583,24,484,03882
11-24-484-03883-802584,24,484,03883
11-24-484-03885-518647,24,484,03885
11-24-484-03885-518648,24,484,03885
11-24-484-03885-802585,24,484,03885
11-24-484-03886-802586,24,484,03886
11-24-484-03886-802587,24,484,03886
11-24-484-03888-802588,24,484,03888
11-24-485-03891-519237,24,485,03891
11-24-485-03891-802589,24,485,03891
11-24-485-03892-519389,24,485,03892
11-24-485-03893-519476,24,485,03893
11-24-485-03893-802590,24,485,03893
11-24-485-03895-802591,24,485,03895
11-24-486-03897-802592,24,486,03897
11-24-486-03898-519906,24,486,03898
11-24-486-03898-519907,24,486,03898
11-24-486-03898-519908,24,486,03898
11-24-486-03898-519909,24,486,03898
11-24-486-03898-519910,24,486,03898
11-24-486-03898-519912,24,486,03898
11-24-486-03898-802593,24,486,03898
11-24-486-03898-802594,24,486,03898
11-24-486-03898-802595,24,486,03898
11-24-486-03898-802596,24,486,03898
11-24-486-03898-802597,24,486,03898
11-24-486-03899-520022,24,486,03899
11-24-486-03899-520023,24,486,03899
11-24-486-03899-802598,24,486,03899
11-24-486-03900-520236,24,486,03900
11-24-486-03901-802599,24,486,03901
11-24-486-03902-520513,24,486,03902
11-24-486-03903-520732,24,486,03903
11-24-486-03904-520918,24,486,03904
11-24-486-03904-520919,24,486,03904
11-24-486-03905-802600,24,486,03905
11-24-486-03906-802601,24,486,03906
11-24-486-03907-802602,24,486,03907
11-24-487-03910-521555,24,487,03910
11-24-487-03910-802603,24,487,03910
11-24-487-03911-521769,24,487,03911
11-24-487-03912-521866,24,487,03912
11-24-487-03912-521867,24,487,03912
11-24-488-03913-802604,24,488,03913
11-24-488-03914-802605,24,488,03914
11-24-488-03916-522158,24,488,03916
11-24-488-03916-522159,24,488,03916
11-24-488-03916-522160,24,488,03916
11-24-488-03916-522161,24,488,03916
11-24-488-03916-522162,24,488,03916
11-24-488-03916-522163,24,488,03916
11-24-488-03916-802606,24,488,03916
11-24-488-03916-802607,24,488,03916
11-24-488-03918-522386,24,488,03918
11-24-488-03918-522387,24,488,03918
11-24-488-03918-522388,24,488,03918
11-24-488-03918-522389,24,488,03918
11-24-488-03918-522390,24,488,03918
11-24-488-03918-802608,24,488,03918
11-24-488-03918-802609,24,488,03918
11-24-488-03918-802610,24,488,03918
11-24-488-03919-522437,24,488,03919
11-24-488-03920-802611,24,488,03920
11-24-488-03920-802612,24,488,03920
11-24-489-03921-522842,24,489,03921
11-24-489-03921-522843,24,489,03921
11-24-489-03921-802613,24,489,03921
11-24-490-03922-522911,24,490,03922
11-24-490-03922-802614,24,490,03922
11-24-490-03923-522985,24,490,03923
11-24-490-03923-802615,24,490,03923
11-24-490-03924-523041,24,490,03924
11-24-490-03924-523043,24,490,03924
11-24-490-03924-802616,24,490,03924
11-24-490-03924-802617,24,490,03924
11-24-490-03925-523131,24,490,03925
11-24-490-03926-523226,24,490,03926
11-24-491-03927-523315,24,491,03927
11-24-491-03927-523316,24,491,03927
11-24-491-03927-523317,24,491,03927
11-24-491-03927-523318,24,491,03927
11-24-491-03927-802618,24,491,03927
11-24-491-03927-802619,24,491,03927
11-24-491-03928-802620,24,491,03928
11-24-491-03929-523501,24,491,03929
11-24-491-03929-523502,24,491,03929
11-24-491-03929-523503,24,491,03929
11-24-491-03929-523504,24,491,03929
11-24-491-03929-523505,24,491,03929
11-24-491-03929-523506,24,491,03929
11-24-491-03929-523507,24,491,03929
11-24-491-03929-802621,24,491,03929
11-24-491-03929-802622,24,491,03929
11-24-491-03929-802623,24,491,03929
11-24-491-03931-523679,24,491,03931
11-24-491-03931-523680,24,491,03931
11-24-491-03931-523681,24,491,03931
11-24-491-03931-523682,24,491,03931
11-24-491-03931-523683,24,491,03931
11-24-491-03931-523684,24,491,03931
11-24-491-03931-802624,24,491,03931
11-24-491-03931-802625,24,491,03931
11-24-491-03931-802626,24,491,03931
11-24-492-03932-523788,24,492,03932
11-24-492-03932-523789,24,492,03932
11-24-492-03933-523880,24,492,03933
11-24-492-03933-802627,24,492,03933
11-24-492-03935-802628,24,492,03935
11-24-492-03936-524162,24,492,03936
11-24-492-03937-802629,24,492,03938
11-24-492-03937-802629,24,492,03937
11-24-492-03938-524203,24,492,03938
11-24-492-03938-524204,24,492,03938
11-24-492-03938-524205,24,492,03938
11-24-492-03938-524206,24,492,03938
11-24-492-03938-524207,24,492,03938
11-24-492-03938-524208,24,492,03938
11-24-492-03938-802630,24,492,03938
11-24-492-03938-802632,24,492,03938
11-24-492-03938-802633,24,492,03938
11-24-492-03939-524260,24,492,03939
11-24-492-03939-524261,24,492,03939
11-24-492-03939-524262,24,492,03939
11-24-492-03940-524347,24,492,03940
11-24-492-03940-802634,24,492,03940
11-24-493-03944-524716,24,493,03944
11-24-493-03944-524717,24,493,03944
11-24-493-03944-802635,24,493,03944
11-24-493-03945-802636,24,493,03945
11-25-494-03947-802637,25,494,03947
11-25-495-03948-524926,25,495,03948
11-25-495-03948-524927,25,495,03948
11-25-495-03948-524928,25,495,03948
11-25-495-03948-524929,25,495,03948
11-25-495-03948-524930,25,495,03948
11-25-495-03948-524931,25,495,03948
11-25-495-03948-802638,25,495,03948
11-26-496-03949-524997,26,496,03949
11-26-496-03949-524998,26,496,03949
11-26-496-03949-524999,26,496,03949
11-26-496-03949-525000,26,496,03949
11-26-496-03949-525001,26,496,03949
11-26-496-03949-802639,26,496,03949
11-27-497-03950-525192,27,497,03950
11-27-497-03950-525193,27,497,03950
11-27-497-03950-525194,27,497,03950
11-27-497-03951-525357,27,497,03951
11-27-497-03952-802640,27,497,03952
11-27-497-03953-802641,27,497,03953
11-27-497-03954-802642,27,497,03954
11-27-497-03955-525949,27,497,03955
11-27-497-03955-802643,27,497,03955
11-27-498-03956-802644,27,498,03956
11-27-498-03957-802645,27,498,03957
11-27-498-03958-526463,27,498,03958
11-27-498-03958-526464,27,498,03958
11-27-498-03959-526630,27,498,03959
11-27-498-03959-526631,27,498,03959
11-27-498-03959-526632,27,498,03959
11-27-498-03959-802646,27,498,03959
11-27-499-03960-802647,27,499,03960
11-27-499-03961-802648,27,499,03961
11-27-499-03961-802649,27,499,03961
11-27-499-03962-802650,27,499,03962
11-27-499-03962-802651,27,499,03962
11-27-499-03965-527148,27,499,03965
11-27-499-03965-527149,27,499,03965
11-27-499-03965-527150,27,499,03965
11-27-499-03965-802652,27,499,03965
11-27-499-03966-802653,27,499,03966
11-27-499-03967-802654,27,499,03967
11-27-499-03968-802655,27,499,03968
11-27-499-03969-802656,27,499,03969
11-27-499-03970-802657,27,499,03970
11-27-499-03971-802658,27,499,03971
11-27-499-03972-527863,27,499,03972
11-27-499-03972-802659,27,499,03972
11-27-499-03973-527991,27,499,03973
11-27-499-03973-802660,27,499,03973
11-27-499-03974-802661,27,499,03974
11-27-500-03975-802662,27,500,03975
11-27-500-03977-802663,27,500,03977
11-27-500-03978-802664,27,500,03978
11-27-500-03979-802665,27,500,03979
11-27-500-03981-802666,27,500,03981
11-27-500-03982-802667,27,500,03982
11-27-500-03983-802668,27,500,03983
11-27-500-03984-529327,27,500,03984
11-27-500-03984-802669,27,500,03984
11-27-500-03985-802670,27,500,03985
11-27-500-03986-802671,27,500,03986
11-27-500-03987-802672,27,500,03987
11-27-501-03988-802673,27,501,03988
11-27-501-03989-802674,27,501,03989
11-27-501-03990-802675,27,501,03990
11-27-501-03991-530164,27,501,03991
11-27-501-03991-530165,27,501,03991
11-27-501-03991-530166,27,501,03991
11-27-501-03991-530167,27,501,03991
11-27-501-03991-530168,27,501,03991
11-27-501-03991-530169,27,501,03991
11-27-501-03991-802676,27,501,03991
11-27-501-03992-802677,27,501,03992
11-27-501-03993-802678,27,501,03993
11-27-502-03996-802679,27,502,03996
11-27-502-03997-802680,27,502,03997
11-27-502-03999-802681,27,502,03999
11-27-502-04000-802682,27,502,04000
11-27-503-04001-531532,27,503,04001
11-27-503-04002-802683,27,503,04002
11-27-503-04003-802684,27,503,04003
11-27-503-04004-802685,27,503,04004
11-27-503-04005-802686,27,503,04005
11-27-503-04006-802687,27,503,04006
11-27-503-04007-802688,27,503,04007
11-27-503-04007-802689,27,503,04007
11-27-503-04009-802690,27,503,04009
11-27-503-04011-802691,27,503,04011
11-27-503-04013-802692,27,503,04013
11-27-503-04014-802693,27,503,04014
11-27-504-04017-802694,27,504,04017
11-27-504-04018-802695,27,504,04018
11-27-504-04019-534191,27,504,04019
11-27-504-04019-534192,27,504,04019
11-27-504-04019-534193,27,504,04019
11-27-504-04019-534194,27,504,04019
11-27-504-04019-534195,27,504,04019
11-27-504-04019-534196,27,504,04019
11-27-504-04019-534197,27,504,04019
11-27-504-04019-802696,27,504,04019
11-27-504-04020-802697,27,504,04020
11-27-504-04020-802698,27,504,04020
11-27-504-04021-802699,27,504,04021
11-27-505-04023-802700,27,505,04023
11-27-505-04023-802701,27,505,04023
11-27-505-04024-802702,27,505,04024
11-27-505-04025-535202,27,505,04025
11-27-505-04025-802703,27,505,04025
11-27-505-04025-802704,27,505,04025
11-27-505-04026-535332,27,505,04026
11-27-505-04026-535333,27,505,04026
11-27-505-04026-535334,27,505,04026
11-27-505-04026-535335,27,505,04026
11-27-505-04026-535336,27,505,04026
11-27-505-04026-802705,27,505,04026
11-27-505-04026-802706,27,505,04026
11-27-505-04027-535451,27,505,04027
11-27-505-04027-535452,27,505,04027
11-27-505-04027-535453,27,505,04028
11-27-505-04027-535453,27,505,04027
11-27-505-04028-802707,27,505,04028
11-27-505-04029-535734,27,505,04029
11-27-505-04030-535809,27,505,04030
11-27-505-04030-535810,27,505,04030
11-27-505-04030-535811,27,505,04030
11-27-505-04030-802708,27,505,04030
11-27-505-04030-802709,27,505,04030
11-27-505-04031-535965,27,505,04031
11-27-505-04031-535966,27,505,04031
11-27-505-04031-535967,27,505,04031
11-27-505-04031-535968,27,505,04031
11-27-505-04031-535969,27,505,04031
11-27-505-04031-535970,27,505,04031
11-27-505-04031-535971,27,505,04031
11-27-505-04031-535972,27,505,04031
11-27-505-04032-802710,27,505,04032
11-27-505-04033-536123,27,505,04033
11-27-505-04033-536124,27,505,04033
11-27-505-04033-536125,27,505,04033
11-27-505-04033-536126,27,505,04033
11-27-505-04033-536127,27,505,04033
11-27-505-04033-536128,27,505,04033
11-27-505-04033-536129,27,505,04033
11-27-505-04034-802711,27,505,04034
11-27-506-04037-536793,27,506,04037
11-27-506-04037-802712,27,506,04037
11-27-506-04038-536901,27,506,04038
11-27-506-04039-537068,27,506,04039
11-27-506-04039-537069,27,506,04039
11-27-506-04039-537070,27,506,04039
11-27-506-04039-537071,27,506,04039
11-27-506-04039-537072,27,506,04039
11-27-506-04039-802713,27,506,04039
11-27-506-04040-537168,27,506,04040
11-27-506-04041-537272,27,506,04041
11-27-506-04042-802714,27,506,04042
11-27-507-04044-802715,27,507,04044
11-27-507-04046-537887,27,507,04046
11-27-507-04046-537888,27,507,04046
11-27-507-04046-537889,27,507,04046
11-27-507-04046-537890,27,507,04046
11-27-507-04046-802716,27,507,04046
11-27-507-04047-537972,27,507,04047
11-27-507-04047-537973,27,507,04047
11-27-507-04048-538065,27,507,04048
11-27-507-04051-538467,27,507,04051
11-27-508-04052-802717,27,508,04052
11-27-508-04054-538734,27,508,04054
11-27-508-04057-802718,27,508,04057
11-27-508-04058-539421,27,508,04058
11-27-508-04062-539998,27,508,04062
11-27-508-04063-540146,27,508,04063
11-27-509-04064-802719,27,509,04064
11-27-509-04067-802720,27,509,04067
11-27-509-04070-541242,27,509,04070
11-27-509-04070-802721,27,509,04070
11-27-509-04071-541334,27,509,04071
11-27-509-04071-541335,27,509,04071
11-27-509-04071-541336,27,509,04071
11-27-509-04071-541337,27,509,04071
11-27-509-04071-541338,27,509,04071
11-27-509-04071-541339,27,509,04071
11-27-509-04071-541340,27,509,04071
11-27-509-04071-802722,27,509,04071
11-27-509-04072-802723,27,509,04072
11-27-509-04074-541549,27,509,04074
11-27-509-04074-541550,27,509,04074
11-27-509-04074-802724,27,509,04074
11-27-509-04075-541661,27,509,04075
11-27-509-04075-541662,27,509,04075
11-27-509-04075-541663,27,509,04075
11-27-509-04077-541855,27,509,04077
11-27-509-04077-541856,27,509,04077
11-27-509-04077-802725,27,509,04077
11-27-509-04078-541954,27,509,04078
11-27-510-04079-802726,27,510,04079
11-27-510-04082-542500,27,510,04082
11-27-510-04082-542502,27,510,04082
11-27-510-04082-542503,27,510,04082
11-27-510-04082-542504,27,510,04082
11-27-510-04082-542505,27,510,04082
11-27-510-04082-802727,27,510,04082
11-27-510-04083-542651,27,510,04083
11-27-510-04083-802728,27,510,04083
11-27-510-04084-802729,27,510,04084
11-27-510-04085-542919,27,510,04085
11-27-510-04085-802730,27,510,04085
11-27-510-04086-802731,27,510,04086
11-27-510-04089-802732,27,510,04089
11-27-510-04090-802733,27,510,04090
11-27-510-04094-544100,27,510,04094
11-27-510-04094-802734,27,510,04094
11-27-511-04096-544383,27,511,04096
11-27-511-04096-802735,27,511,04096
11-27-511-04098-802736,27,511,04098
11-27-511-04100-544752,27,511,04100
11-27-511-04100-544753,27,511,04100
11-27-511-04100-544754,27,511,04100
11-27-511-04100-802737,27,511,04100
11-27-511-04101-802738,27,511,04101
11-27-511-04102-802739,27,511,04102
11-27-511-04103-802740,27,511,04103
11-27-511-04104-802741,27,511,04104
11-27-511-04105-802742,27,511,04105
11-27-511-04105-802743,27,511,04105
11-27-511-04107-802744,27,511,04107
11-27-511-04108-802745,27,511,04108
11-27-511-04109-802746,27,511,04109
11-27-511-04110-802747,27,511,04110
11-27-512-04112-802748,27,512,04112
11-27-512-04114-802749,27,512,04114
11-27-512-04115-802750,27,512,04115
11-27-513-04116-802751,27,513,04116
11-27-513-04117-802752,27,513,04117
11-27-513-04118-802753,27,513,04118
11-27-513-04119-802754,27,513,04119
11-27-513-04120-802755,27,513,04120
11-27-513-04121-802756,27,513,04121
11-27-513-04122-802757,27,513,04122
11-27-513-04124-802758,27,513,04124
11-27-514-04125-802759,27,514,04125
11-27-514-04127-802760,27,514,04127
11-27-514-04129-802761,27,514,04129
11-27-514-04131-802762,27,514,04131
11-27-515-04133-802763,27,515,04133
11-27-515-04135-802764,27,515,04135
11-27-515-04137-548933,27,515,04137
11-27-515-04137-548934,27,515,04137
11-27-515-04137-548935,27,515,04137
11-27-515-04137-802765,27,515,04137
11-27-515-04137-802766,27,515,04137
11-27-515-04138-802767,27,515,04138
11-27-515-04139-802768,27,515,04139
11-27-515-04140-549399,27,515,04140
11-27-515-04140-549400,27,515,04140
11-27-515-04140-549401,27,515,04140
11-27-515-04140-549402,27,515,04140
11-27-515-04140-802769,27,515,04140
11-27-515-04141-549592,27,515,04141
11-27-515-04141-802770,27,515,04141
11-27-516-04142-549783,27,516,04142
11-27-516-04145-802771,27,516,04145
11-27-516-04146-550299,27,516,04146
11-27-516-04146-550300,27,516,04146
11-27-516-04146-550301,27,516,04146
11-27-516-04146-550302,27,516,04146
11-27-516-04146-802772,27,516,04146
11-27-516-04147-802773,27,516,04147
11-27-516-04147-802774,27,516,04147
11-27-516-04148-550516,27,516,04148
11-27-516-04151-802775,27,516,04151
11-27-516-04152-551018,27,516,04152
11-27-516-04152-551019,27,516,04152
11-27-516-04152-551020,27,516,04152
11-27-516-04152-551021,27,516,04152
11-27-516-04152-802776,27,516,04152
11-27-516-04152-802777,27,516,04152
11-27-516-04152-802778,27,516,04152
11-27-516-04153-551139,27,516,04153
11-27-516-04153-802779,27,516,04153
11-27-516-04154-802780,27,516,04154
11-27-516-04155-551404,27,516,04155
11-27-516-04155-551405,27,516,04155
11-27-516-04155-551406,27,516,04155
11-27-516-04156-802781,27,516,04156
11-27-517-04158-551750,27,517,04158
11-27-517-04158-802782,27,517,04158
11-27-517-04159-551844,27,517,04159
11-27-517-04160-802783,27,517,04160
11-27-517-04162-552181,27,517,04162
11-27-517-04162-552182,27,517,04162
11-27-517-04163-552386,27,517,04163
11-27-517-04163-552387,27,517,04163
11-27-517-04163-552388,27,517,04163
11-27-517-04163-552389,27,517,04163
11-27-517-04163-552390,27,517,04163
11-27-517-04163-552391,27,517,04163
11-27-517-04163-552392,27,517,04163
11-27-517-04163-552393,27,517,04163
11-27-517-04163-552394,27,517,04163
11-27-517-04163-552395,27,517,04163
11-27-517-04163-552396,27,517,04163
11-27-517-04163-802784,27,517,04163
11-27-517-04164-552447,27,517,04164
11-27-517-04164-802785,27,517,04164
11-27-517-04165-802786,27,517,04165
11-27-517-04165-802787,27,517,04165
11-27-517-04165-802788,27,517,04165
11-27-517-04166-552675,27,517,04166
11-27-517-04166-552676,27,517,04166
11-27-517-04166-552677,27,517,04166
11-27-517-04166-552678,27,517,04166
11-27-517-04166-552679,27,517,04166
11-27-517-04166-552680,27,517,04166
11-27-517-04166-552681,27,517,04166
11-27-517-04166-552682,27,517,04166
11-27-517-04166-552683,27,517,04166
11-27-517-04166-552684,27,517,04166
11-27-517-04166-552685,27,517,04166
11-27-517-04166-552686,27,517,04166
11-27-517-04166-552687,27,517,04166
11-27-517-04166-802789,27,517,04166
11-27-517-04167-552913,27,517,04167
11-27-517-04167-552914,27,517,04167
11-27-517-04167-552915,27,517,04167
11-27-517-04167-552916,27,517,04167
11-27-517-04167-552917,27,517,04167
11-27-517-04167-552918,27,517,04167
11-27-517-04168-553005,27,517,04168
11-27-517-04168-553006,27,517,04168
11-27-517-04168-802790,27,517,04168
11-27-517-04169-802791,27,517,04169
11-27-517-04170-553083,27,517,04170
11-27-517-04170-802792,27,517,04170
11-27-517-04170-802793,27,517,04170
11-27-517-04171-553290,27,517,04171
11-27-518-99999-802794,27,519,99999
11-27-518-99999-802794,27,518,99999
11-27-520-04172-553350,27,520,04172
11-27-520-04172-553351,27,520,04172
11-27-520-04172-553352,27,520,04172
11-27-520-04172-553353,27,520,04172
11-27-520-04172-802795,27,520,04172
11-27-520-04173-553512,27,520,04173
11-27-520-04173-553513,27,520,04173
11-27-520-04173-553514,27,520,04173
11-27-520-04173-553515,27,520,04173
11-27-520-04173-553516,27,520,04173
11-27-520-04173-553517,27,520,04173
11-27-520-04173-553518,27,520,04173
11-27-520-04173-802796,27,520,04173
11-27-520-04174-553695,27,520,04174
11-27-520-04174-802797,27,520,04174
11-27-520-04174-802798,27,520,04174
11-27-520-04175-553817,27,520,04175
11-27-520-04175-553818,27,520,04175
11-27-520-04175-553819,27,520,04175
11-27-520-04175-802799,27,520,04175
11-27-520-04176-553989,27,520,04176
11-27-520-04176-553990,27,520,04176
11-27-520-04176-802800,27,520,04176
11-27-520-04177-554203,27,520,04177
11-27-520-04177-554204,27,520,04177
11-27-520-04177-554205,27,520,04177
11-27-520-04177-802801,27,520,04177
11-27-520-04178-802802,27,520,04178
11-27-520-04179-554446,27,520,04179
11-27-520-04179-554447,27,520,04179
11-27-520-04179-554448,27,520,04179
11-27-520-04179-802803,27,520,04179
11-27-520-04180-554547,27,520,04180
11-27-520-04181-554733,27,520,04181
11-27-520-04181-554734,27,520,04181
11-27-520-04183-554876,27,520,04183
11-27-520-04183-802804,27,520,04183
11-27-520-04184-554960,27,520,04184
11-27-520-04185-555142,27,520,04185
11-27-520-04185-555143,27,520,04185
11-27-520-04185-802805,27,520,04185
11-27-520-04186-555230,27,520,04186
11-27-521-04187-802806,27,521,04187
11-27-521-04188-555557,27,521,04188
11-27-521-04189-555673,27,521,04189
11-27-521-04189-555674,27,521,04189
11-27-521-04189-802807,27,521,04189
11-27-521-04190-555861,27,521,04190
11-27-521-04190-555862,27,521,04190
11-27-521-04190-555863,27,521,04190
11-27-521-04190-555864,27,521,04190
11-27-521-04190-555865,27,521,04190
11-27-521-04190-802808,27,521,04190
11-27-521-04191-556053,27,521,04191
11-27-521-04191-556054,27,521,04191
11-27-521-04191-556055,27,521,04191
11-27-521-04191-802809,27,521,04191
11-27-521-04191-802810,27,521,04191
11-27-521-04192-556201,27,521,04192
11-27-521-04192-556202,27,521,04192
11-27-521-04193-556326,27,521,04193
11-27-521-04193-556327,27,521,04193
11-27-521-04193-556328,27,521,04193
11-27-521-04193-802811,27,521,04193
11-27-521-04193-802812,27,521,04193
11-27-521-04194-802813,27,521,04194
11-27-521-04194-802814,27,521,04194
11-27-521-04194-802815,27,521,04194
11-27-521-04195-556432,27,521,04195
11-27-521-04195-802816,27,521,04195
11-27-521-04196-556541,27,521,04196
11-27-521-04196-802817,27,521,04196
11-27-521-04196-802818,27,521,04196
11-27-521-04198-802819,27,521,04198
11-27-521-04199-556983,27,521,04199
11-27-521-04199-802820,27,521,04199
11-27-521-04200-802821,27,521,04200
11-27-522-04201-557317,27,522,04201
11-27-522-04202-557488,27,522,04202
11-27-522-04202-802822,27,522,04202
11-27-522-04203-802823,27,522,04203
11-27-522-04204-802824,27,522,04204
11-27-522-04204-802825,27,522,04204
11-27-522-04205-802826,27,522,04205
11-27-522-04208-802827,27,522,04208
11-27-522-04209-558166,27,522,04209
11-27-522-04209-558167,27,522,04209
11-27-522-04209-558168,27,522,04209
11-27-522-04209-558169,27,522,04209
11-27-522-04209-802828,27,522,04209
11-27-522-04209-802829,27,522,04209
11-27-522-04210-802830,27,522,04210
11-27-522-04210-802831,27,522,04210
11-27-522-04212-802832,27,522,04212
11-27-522-04213-558631,27,522,04213
11-27-522-04214-558718,27,522,04214
11-27-523-04215-558895,27,523,04215
11-27-523-04218-802833,27,523,04218
11-27-523-04219-802834,27,523,04219
11-27-523-04221-559688,27,523,04221
11-27-523-04221-802835,27,523,04221
11-27-523-04222-802836,27,523,04222
11-27-523-04223-802837,27,523,04223
11-27-523-04224-802838,27,523,04224
11-27-523-04225-802839,27,523,04225
11-27-524-04226-560210,27,524,04226
11-27-524-04226-802840,27,524,04226
11-27-524-04228-802841,27,524,04228
11-27-524-04232-802842,27,524,04232
11-27-524-04233-802843,27,524,04233
11-27-524-04235-561037,27,524,04235
11-27-524-04235-802844,27,524,04235
11-27-525-04236-802845,27,525,04236
11-27-525-04237-802846,27,525,04237
11-27-525-04239-802847,27,525,04239
11-27-525-04240-802848,27,525,04240
11-27-525-04241-802849,27,525,04241
11-27-525-04241-802850,27,525,04241
11-27-525-04243-802851,27,525,04243
11-27-525-04243-802852,27,525,04243
11-27-526-04244-802853,27,526,04244
11-27-526-04245-802854,27,526,04245
11-27-526-04246-802855,27,526,04246
11-27-526-04247-802856,27,526,04247
11-27-526-04249-802857,27,526,04249
11-27-526-04250-562511,27,526,04250
11-27-526-04250-562512,27,526,04250
11-27-526-04250-562513,27,526,04250
11-27-526-04251-802858,27,526,04251
11-27-526-04252-802859,27,526,04252
11-27-526-04254-802860,27,526,04254
11-27-526-04254-802861,27,526,04254
11-27-526-04254-802862,27,526,04254
11-27-527-04255-802863,27,527,04255
11-27-527-04255-802864,27,527,04255
11-27-527-04256-563165,27,527,04256
11-27-527-04256-802865,27,527,04256
11-27-527-04257-563232,27,527,04257
11-27-527-04258-563358,27,527,04258
11-27-527-04258-802866,27,527,04258
11-27-527-04259-802867,27,527,04259
11-27-527-04261-563744,27,527,04261
11-27-527-04261-802868,27,527,04261
11-27-527-04262-563956,27,527,04262
11-27-527-04262-563957,27,527,04262
11-27-527-04262-563958,27,527,04262
11-27-527-04262-563959,27,527,04262
11-27-527-04262-802869,27,527,04262
11-27-527-04263-564121,27,527,04263
11-27-527-04264-564465,27,527,04264
11-27-527-04265-564683,27,527,04265
11-27-527-04265-564684,27,527,04265
11-27-527-04265-564685,27,527,04265
11-27-527-04265-802870,27,527,04265
11-27-527-04265-802871,27,527,04265
11-27-528-04267-564968,27,528,04267
11-27-528-04267-564969,27,528,04267
11-27-528-04267-564970,27,528,04267
11-27-528-04267-802872,27,528,04267
11-27-528-04268-802873,27,528,04268
11-27-528-04269-565351,27,528,04269
11-27-528-04269-802874,27,528,04269
11-27-528-04270-565473,27,528,04270
11-27-528-04271-565670,27,528,04271
11-27-528-04271-565671,27,528,04271
11-27-528-04271-565672,27,528,04271
11-27-528-04271-565673,27,528,04271
11-27-528-04271-802875,27,528,04271
11-27-528-04272-565872,27,528,04272
11-27-528-04273-565995,27,528,04273
11-27-528-04274-802876,27,528,04274
11-27-529-04277-566496,27,529,04277
11-27-529-04277-802877,27,529,04277
11-27-529-04278-802878,27,529,04278
11-27-529-04279-802879,27,529,04279
11-27-529-04280-566839,27,529,04280
11-27-529-04281-566922,27,529,04281
11-27-529-04281-566923,27,529,04281
11-27-529-04281-802880,27,529,04281
11-27-530-04283-802881,27,530,04283
11-27-530-04284-567260,27,530,04284
11-27-530-04284-802882,27,530,04284
11-27-530-04285-567319,27,530,04285
11-27-530-04285-567320,27,530,04285
11-27-530-04285-567321,27,530,04285
11-27-530-04285-802883,27,530,04285
11-27-530-04285-802884,27,530,04285
11-27-530-04286-802885,27,530,04286
11-27-530-04286-802886,27,530,04286
11-27-530-04287-567497,27,530,04287
11-27-530-04287-567498,27,530,04287
11-27-530-04287-567499,27,530,04287
11-27-530-04287-567500,27,530,04287
11-27-530-04287-567501,27,530,04287
11-27-530-04287-567502,27,530,04287
11-27-530-04287-567503,27,530,04287
11-27-530-04287-567504,27,530,04287
11-27-530-04287-802887,27,530,04287
11-27-530-04290-802888,27,530,04290
11-27-530-04290-802889,27,530,04290
11-27-530-04292-567964,27,530,04292
11-27-530-04293-802890,27,530,04293
11-27-531-04296-802891,27,531,04296
11-27-531-04296-802892,27,531,04296
11-27-531-04299-802893,27,531,04299
11-27-531-04301-802894,27,531,04301
11-27-531-04302-568758,27,531,04302
11-27-531-04302-568759,27,531,04302
11-27-531-04302-802895,27,531,04302
11-28-532-04306-569017,28,532,04306
11-28-532-04306-802896,28,532,04306
11-28-532-04318-802897,28,532,04318
11-28-532-04319-569539,28,532,04319
11-28-532-04320-569557,28,532,04320
11-28-532-04321-569596,28,532,04321
11-28-532-04322-569638,28,532,04322
11-28-532-04339-802898,28,532,04339
11-28-532-04344-802899,28,532,04344
11-28-532-04347-570458,28,532,04347
11-28-532-04349-570509,28,532,04349
11-28-532-04349-570510,28,532,04349
11-28-532-04350-802900,28,532,04349
11-28-532-04350-802900,28,532,04350
11-28-532-04352-570569,28,532,04352
11-28-532-04352-802901,28,532,04352
11-28-532-04353-570590,28,532,04353
11-28-532-04354-570612,28,532,04354
11-28-532-04354-570613,28,532,04354
11-28-532-04354-570614,28,532,04354
11-28-532-04354-570615,28,532,04354
11-28-532-04354-802902,28,532,04354
11-28-532-04356-570685,28,532,04356
11-28-533-04360-802903,28,533,04360
11-28-533-04361-570807,28,533,04361
11-28-533-04368-802904,28,533,04368
11-28-533-04370-802905,28,551,05210
11-28-533-04370-802905,28,533,04370
11-28-533-04377-571239,28,533,04377
11-28-533-04383-571384,28,533,04383
11-28-533-04386-571473,28,533,04386
11-28-533-04390-802906,28,533,04390
11-28-534-04399-571754,28,534,04399
11-28-534-04399-802907,28,534,04399
11-28-534-04399-802907,28,534,04400
11-28-534-04400-571779,28,534,04400
11-28-534-04400-571780,28,534,04400
11-28-534-04408-571999,28,534,04408
11-28-534-04414-802908,28,534,04414
11-28-534-04416-802909,28,534,04416
11-28-534-04417-802910,28,534,04417
11-28-534-04428-572326,28,534,04428
11-28-534-04428-802911,28,534,04438
11-28-534-04428-802911,28,534,04428
11-28-534-04430-572368,28,534,04430
11-28-534-04435-802912,28,534,04435
11-28-534-04440-572560,28,534,04440
11-28-535-04452-572812,28,535,04452
11-28-535-04454-572862,28,535,04454
11-28-535-04456-802913,28,535,04456
11-28-535-04459-572998,28,535,04459
11-28-535-04459-802914,28,535,04459
11-28-535-04466-573158,28,535,04466
11-28-535-04474-573373,28,535,04474
11-28-535-04474-802915,28,535,04474
11-28-535-04479-573524,28,535,04479
11-28-535-04483-573642,28,535,04483
11-28-535-04490-802916,28,535,04490
11-28-535-04492-573894,28,535,04492
11-28-535-04492-573895,28,535,04492
11-28-535-04492-802917,28,535,04492
11-28-535-04493-573922,28,535,04493
11-28-535-04493-573923,28,535,04493
11-28-535-04493-573924,28,535,04493
11-28-535-04494-573945,28,535,04494
11-28-535-04494-573946,28,535,04494
11-28-535-04494-573947,28,535,04494
11-28-535-04494-573948,28,535,04494
11-28-535-04494-573949,28,535,04494
11-28-535-04494-802918,28,535,04494
11-28-535-04495-573956,28,535,04495
11-28-535-04495-802918,28,535,04495
11-28-536-04499-802919,28,536,04499
11-28-536-04501-573968,28,536,04501
11-28-536-04508-802918,28,536,04506
11-28-536-04508-802918,28,536,04501
11-28-536-04508-802918,28,536,04497
11-28-536-04508-802918,28,536,04502
11-28-536-04508-802918,28,536,04508
11-28-536-04508-802918,28,536,04504
11-28-536-04508-802918,28,536,04500
11-28-536-04508-802918,28,536,04505
11-28-536-04508-802918,28,536,04498
11-28-536-04508-802918,28,536,04509
11-28-536-04508-802918,28,536,04511
11-28-536-04508-802918,28,536,04507
11-28-536-04508-802918,28,536,04496
11-28-536-04508-802918,28,536,04503
11-28-536-04508-802918,28,536,04510
11-28-537-04517-802918,28,537,04543
11-28-537-04517-802918,28,537,04524
11-28-537-04517-802918,28,537,04516
11-28-537-04517-802918,28,537,04522
11-28-537-04517-802918,28,537,04527
11-28-537-04517-802918,28,537,04521
11-28-537-04517-802918,28,537,04520
11-28-537-04517-802918,28,537,04526
11-28-537-04517-802918,28,537,04517
11-28-537-04517-802918,28,537,04518
11-28-537-04517-802918,28,537,04523
11-28-537-04517-802918,28,537,04525
11-28-537-04518-574070,28,537,04518
11-28-537-04518-574071,28,537,04518
11-28-537-04518-574072,28,537,04518
11-28-537-04519-574108,28,537,04519
11-28-537-04520-574137,28,537,04520
11-28-537-04522-574150,28,537,04522
11-28-537-04523-574170,28,537,04523
11-28-537-04523-574171,28,537,04523
11-28-537-04523-574172,28,537,04523
11-28-537-04523-574173,28,537,04523
11-28-537-04525-574202,28,537,04525
11-28-537-04525-574203,28,537,04525
11-28-537-04526-574213,28,537,04526
11-28-537-04526-574214,28,537,04526
11-28-537-04526-574215,28,537,04526
11-28-537-04527-574242,28,537,04527
11-28-537-04527-574243,28,537,04527
11-28-537-04527-574244,28,537,04527
11-28-537-04530-802920,28,537,04530
11-28-537-04534-802921,28,537,04534
11-28-537-04535-574503,28,537,04535
11-28-537-04543-574760,28,537,04543
11-28-537-04546-574853,28,537,04546
11-28-538-04559-575211,28,538,04559
11-28-538-04560-575227,28,538,04560
11-28-538-04567-575384,28,538,04567
11-28-538-04567-575385,28,538,04567
11-28-538-04568-575402,28,538,04568
11-28-538-04568-575403,28,538,04568
11-28-538-04568-802922,28,538,04568
11-28-538-04570-802923,28,538,04570
11-28-538-04576-575593,28,538,04576
11-28-538-04578-575632,28,538,04578
11-28-538-04579-575653,28,538,04579
11-28-538-04579-575654,28,538,04579
11-28-538-04583-575744,28,538,04583
11-28-538-04587-575835,28,538,04587
11-28-538-04592-575990,28,538,04592
11-28-538-04593-576024,28,538,04593
11-28-538-04595-802924,28,538,04595
11-28-538-04603-802925,28,538,04603
11-28-539-04615-576515,28,539,04615
11-28-539-04616-576531,28,539,04616
11-28-539-04628-802926,28,539,04628
11-28-539-04629-576801,28,539,04629
11-28-539-04630-576824,28,539,04630
11-28-539-04631-576841,28,539,04631
11-28-539-04632-576862,28,539,04632
11-28-539-04633-576878,28,539,04633
11-28-539-04636-576931,28,539,04636
11-28-539-04638-802927,28,539,04638
11-28-539-04646-802928,28,539,04646
11-28-539-04653-577258,28,539,04653
11-28-539-04653-577259,28,539,04653
11-28-539-04655-577305,28,539,04655
11-28-539-04659-577407,28,539,04659
11-28-539-04664-802929,28,539,04664
11-28-539-04668-577573,28,539,04668
11-28-540-04676-577709,28,540,04676
11-28-540-04676-577710,28,540,04676
11-28-540-04678-577744,28,540,04678
11-28-540-04682-577841,28,540,04682
11-28-540-04686-577948,28,540,04686
11-28-540-04695-578157,28,540,04695
11-28-540-04695-802930,28,540,04706
11-28-540-04695-802930,28,540,04678
11-28-540-04695-802930,28,540,04707
11-28-540-04695-802930,28,540,04695
11-28-540-04695-802930,28,540,04677
11-28-540-04699-802931,28,540,04699
11-28-540-04707-578354,28,540,04707
11-28-540-04708-578369,28,540,04708
11-28-540-04715-578549,28,540,04715
11-28-540-04718-578603,28,540,04718
11-28-540-04722-578679,28,540,04722
11-28-541-04727-802932,28,541,04727
11-28-541-04730-579086,28,541,04730
11-28-541-04736-579352,28,541,04736
11-28-541-04737-802933,28,541,04737
11-28-541-04738-579388,28,541,04738
11-28-541-04738-579389,28,541,04738
11-28-541-04738-802934,28,541,04738
11-28-541-04740-802935,28,541,04740
11-28-541-04751-802936,28,541,04751
11-28-541-04757-579684,28,541,04757
11-28-541-04757-579685,28,541,04757
11-28-541-04757-802937,28,541,04756
11-28-541-04757-802937,28,541,04757
11-28-541-04766-579872,28,541,04766
11-28-542-04775-802938,28,542,04775
11-28-542-04778-802939,28,542,04778
11-28-542-04780-580521,28,542,04780
11-28-542-04783-580732,28,542,04783
11-28-542-04784-580777,28,542,04784
11-28-542-04789-581009,28,542,04789
11-28-542-04796-802940,28,542,04796
11-28-542-04798-802941,28,542,04798
11-28-542-04799-581460,28,542,04799
11-28-542-04802-581553,28,542,04802
11-28-542-04802-802942,28,542,04802
11-28-542-04802-802942,28,542,04806
11-28-542-04803-581592,28,542,04803
11-28-543-04812-802943,28,543,04812
11-28-543-04816-802944,28,543,04816
11-28-543-04817-802945,28,543,04817
11-28-543-04825-582763,28,543,04825
11-28-543-04826-582798,28,543,04826
11-28-543-04827-582830,28,543,04827
11-28-543-04834-583085,28,543,04834
11-28-543-04834-583086,28,543,04834
11-28-543-04836-583130,28,543,04836
11-28-543-04836-583131,28,543,04836
11-28-543-04836-802946,28,543,04836
11-28-543-04837-583163,28,543,04837
11-28-543-04837-583164,28,543,04837
11-28-543-04839-583229,28,543,04839
11-28-544-04844-584103,28,544,04844
11-28-544-04847-584800,28,544,04847
11-28-544-04849-585377,28,544,04849
11-28-544-04850-585551,28,544,04850
11-28-544-04854-585801,28,544,04854
11-28-544-04854-585802,28,544,04854
11-28-544-04861-802947,28,544,04861
11-28-544-04862-802947,28,544,04862
11-28-544-04865-586150,28,544,04865
11-28-544-04865-802948,28,544,04865
11-28-544-04867-802947,28,544,04867
11-28-544-04867-802947,28,544,04866
11-28-544-04868-802947,28,544,04868
11-28-544-04869-802947,28,544,04869
11-28-544-04870-802947,28,544,04870
11-28-544-04871-586202,28,544,04871
11-28-544-04871-802949,28,544,04871
11-28-544-04872-586233,28,544,04872
11-28-544-04879-586424,28,544,04879
11-28-544-04880-586455,28,544,04880
11-28-544-04881-586474,28,544,04881
11-28-545-04890-802950,28,545,04890
11-28-545-04892-587055,28,545,04892
11-28-545-04895-587205,28,545,04895
11-28-545-04903-802951,28,545,04903
11-28-545-04906-802952,28,545,04907
11-28-545-04906-802952,28,545,04906
11-28-545-04907-587398,28,545,04907
11-28-545-04907-587400,28,545,04907
11-28-545-04910-802953,28,545,04910
11-28-545-04911-802954,28,545,04911
11-28-545-04913-587502,28,545,04913
11-28-545-04913-587503,28,545,04913
11-28-545-04914-802955,28,545,04914
11-28-545-04914-802955,28,545,04920
11-28-545-04914-802955,28,545,04913
11-28-545-04924-802957,28,545,04924
11-28-545-04941-587890,28,545,04941
11-28-545-04941-802958,28,545,04941
11-28-546-04955-588238,28,546,04955
11-28-546-04958-802959,28,546,04958
11-28-546-04960-802960,28,546,04960
11-28-546-04961-802961,28,546,04961
11-28-546-04966-588436,28,546,04966
11-28-546-04966-802962,28,546,04966
11-28-546-04972-802963,28,546,04972
11-28-546-04984-802964,28,546,04984
11-28-546-04984-802964,28,546,04966
11-28-546-04987-802965,28,546,04987
11-28-546-04988-802966,28,546,04988
11-28-547-04991-802967,28,547,04991
11-28-547-04997-588980,28,547,04997
11-28-547-05003-802968,28,547,05003
11-28-547-05009-589205,28,547,05009
11-28-547-05009-589206,28,547,05009
11-28-547-05009-589207,28,547,05009
11-28-547-05010-802969,28,547,05024
11-28-547-05010-802969,28,547,05011
11-28-547-05010-802969,28,547,05010
11-28-547-05021-802970,28,547,05021
11-28-547-05023-589503,28,547,05023
11-28-547-05024-589508,28,547,05024
11-28-547-05024-589509,28,547,05024
11-28-547-05024-589510,28,547,05024
11-28-547-05030-802971,28,547,05030
11-28-547-05034-802972,28,547,05034
11-28-548-05040-802973,28,548,05040
11-28-548-05047-802974,28,548,05047
11-28-548-05054-589981,28,548,05054
11-28-548-05054-802975,28,548,05054
11-28-548-05055-802976,28,548,05055
11-28-548-05058-802977,28,548,05058
11-28-548-05062-802978,28,548,05062
11-28-548-05067-802979,28,548,05067
11-28-548-05070-802980,28,548,05070
11-28-548-05074-802981,28,548,05074
11-28-548-05078-802982,28,548,05078
11-28-548-05084-802983,28,548,05084
11-28-548-05093-802984,28,548,05093
11-28-548-05096-802985,28,548,05096
11-28-549-05115-802986,28,549,05115
11-28-549-05117-590896,28,549,05117
11-28-549-05120-590988,28,549,05120
11-28-549-05123-802987,28,549,05123
11-28-549-05123-802987,28,549,05124
11-28-549-05124-591023,28,549,05124
11-28-549-05133-591202,28,549,05133
11-28-549-05136-591289,28,549,05136
11-28-549-05139-802988,28,549,05139
11-28-549-05139-802988,28,549,05138
11-28-549-05146-591504,28,549,05146
11-28-549-05148-802989,28,549,05148
11-28-549-05149-591552,28,549,05149
11-28-549-05149-591553,28,549,05149
11-28-550-05158-802990,28,550,05158
11-28-550-05177-592105,28,550,05177
11-28-550-05177-802991,28,550,05177
11-28-550-05184-802992,28,550,05184
11-28-550-05184-802992,28,550,05190
11-28-550-05187-802993,28,550,05187
11-28-550-05194-592649,28,550,05194
11-28-550-05194-592650,28,550,05194
11-28-550-05197-592765,28,550,05197
11-28-550-05197-592766,28,550,05197
11-28-550-05198-592791,28,550,05198
11-28-551-05200-592856,28,551,05200
11-28-551-05200-592857,28,551,05200
11-28-551-05211-802994,28,551,05211
11-28-551-05214-593134,28,551,05214
11-28-551-05214-593135,28,551,05214
11-28-551-05214-593136,28,551,05214
11-28-551-05214-802995,28,551,05214
11-28-551-05215-593157,28,551,05215
11-28-551-05215-802996,28,551,05215
11-28-551-05216-593180,28,551,05216
11-28-551-05219-802997,28,551,05219
11-28-551-05223-593289,28,551,05223
11-28-551-05226-593342,28,551,05226
11-28-551-05230-802998,28,551,05230
11-28-551-05231-802998,28,551,05231
11-28-551-05239-593543,28,551,05239
11-28-551-05239-802999,28,551,05239
11-28-551-05243-593597,28,551,05243
11-28-551-05246-803000,28,551,05246
11-28-551-05248-593708,28,551,05248
11-28-552-05254-803001,28,552,05254
11-28-552-05259-593921,28,552,05259
11-28-552-05259-803002,28,552,05259
11-28-552-05259-803002,28,552,05258
11-28-552-05264-593976,28,552,05264
11-28-552-05271-803003,28,552,05271
11-28-552-05279-594245,28,552,05279
11-28-552-05284-803004,28,552,05284
11-28-552-05288-594393,28,552,05288
11-28-552-05288-594394,28,552,05288
11-28-552-05289-803005,28,552,05289
11-28-552-05295-594493,28,552,05295
11-28-552-05301-594601,28,552,05301
11-28-553-05305-803006,28,553,05305
11-28-553-05309-803007,28,553,05309
11-28-553-05310-594760,28,553,05310
11-28-553-05313-803008,28,553,05313
11-28-553-05317-594902,28,553,05317
11-28-553-05321-594956,28,553,05321
11-28-553-05330-595096,28,553,05330
11-28-553-05330-595096,28,554,05400
11-28-553-05330-595097,28,553,05330
11-28-553-05330-595099,28,553,05330
11-28-553-05330-803009,28,553,05330
11-28-553-05330-803009,28,553,05331
11-28-553-05336-803010,28,553,05336
11-28-553-05343-803011,28,553,05343
11-28-553-05357-595452,28,553,05357
11-28-553-05363-595553,28,553,05363
11-28-553-05364-803012,28,553,05364
11-28-554-05375-595738,28,554,05375
11-28-554-05375-595739,28,554,05375
11-28-554-05375-595741,28,554,05375
11-28-554-05376-595773,28,554,05376
11-28-554-05378-803013,28,554,05378
11-28-554-05383-596010,28,554,05383
11-28-554-05383-596011,28,554,05383
11-28-554-05383-596012,28,554,05383
11-28-554-05383-596013,28,554,05383
11-28-554-05383-803014,28,554,05375
11-28-554-05383-803014,28,554,05383
11-28-554-05386-596063,28,554,05386
11-28-554-05392-803015,28,554,05392
11-28-554-05406-803016,28,554,05406
11-28-554-05407-803017,28,554,05407
11-28-554-05415-803018,28,554,05415
11-28-554-05421-596725,28,554,05421
11-28-554-05421-596726,28,554,05421
11-28-554-05421-803019,28,554,05421
11-28-554-05422-803020,28,554,05417
11-28-554-05422-803020,28,554,05422
11-28-554-05427-596973,28,554,05427
11-29-555-05433-803021,29,555,05433
11-29-555-05433-803022,29,555,05433
11-29-555-05433-803023,29,555,05433
11-29-555-05434-803024,29,555,05434
11-29-555-05435-803025,29,555,05435
11-29-555-05435-803026,29,555,05435
11-29-555-05436-803027,29,555,05436
11-29-555-05436-803028,29,555,05436
11-29-555-05436-803029,29,555,05436
11-29-555-05436-803030,29,555,05436
11-29-555-05437-803031,29,555,05437
11-29-555-05437-803032,29,555,05437
11-29-555-05438-597793,29,555,05438
11-29-555-05438-597794,29,555,05438
11-29-555-05438-597795,29,555,05438
11-29-555-05438-597796,29,555,05438
11-29-555-05438-597797,29,555,05438
11-29-555-05438-597798,29,555,05438
11-29-555-05438-597802,29,555,05438
11-29-555-05438-803033,29,555,05438
11-29-555-05438-803034,29,555,05438
11-29-555-05439-598021,29,555,05439
11-29-555-05439-598022,29,555,05439
11-29-555-05439-803035,29,555,05439
11-29-555-05440-803036,29,555,05440
11-29-555-05441-803037,29,555,05441
11-29-555-05442-803038,29,555,05442
11-29-556-05443-803040,29,556,05443
11-29-556-05443-803041,29,556,05443
11-29-556-05443-803042,29,556,05443
11-29-556-05444-803043,29,556,05444
11-29-556-05445-803044,29,556,05445
11-29-556-05446-803045,29,556,05446
11-29-556-05446-803046,29,556,05446
11-29-556-05446-803047,29,556,05446
11-29-556-05447-803048,29,556,05447
11-29-556-05448-599026,29,556,05448
11-29-556-05448-599027,29,556,05448
11-29-556-05448-599028,29,556,05448
11-29-556-05448-803049,29,556,05448
11-29-556-05448-803050,29,556,05448
11-29-556-99999-803039,29,556,99999
11-29-557-05449-803051,29,557,05449
11-29-557-05450-803052,29,557,05450
11-29-557-05451-803053,29,557,05451
11-29-557-05452-803054,29,557,05452
11-29-557-05453-803055,29,557,05453
11-29-557-05453-803056,29,557,05453
11-29-558-05454-803057,29,558,05454
11-29-558-05455-803058,29,558,05455
11-29-558-05456-600120,29,558,05456
11-29-558-05456-803059,29,558,05456
11-29-558-05457-803060,29,558,05457
11-29-558-05458-803061,29,558,05458
11-29-558-05458-803062,29,558,05458
11-29-559-05459-600535,29,559,05459
11-29-559-05459-803063,29,559,05459
11-29-559-05459-803064,29,559,05459
11-29-559-05459-803065,29,559,05459
11-29-559-05460-803066,29,559,05460
11-29-559-05461-600884,29,559,05461
11-29-559-05461-803067,29,559,05461
11-29-559-05462-803068,29,559,05462
11-29-559-05463-803069,29,559,05463
11-29-560-05464-803070,29,560,05464
11-29-560-05465-803071,29,560,05465
11-29-560-05466-803072,29,560,05466
11-29-560-05467-601860,29,560,05467
11-29-560-05467-803073,29,560,05467
11-29-561-05468-803074,29,561,05468
11-29-561-05469-803075,29,561,05469
11-29-561-05469-803076,29,561,05469
11-29-561-05469-803077,29,561,05469
11-29-561-05470-803078,29,561,05470
11-29-561-05470-803079,29,561,05470
11-29-561-05471-803080,29,561,05471
11-29-561-05471-803081,29,561,05471
11-29-561-05472-803082,29,561,05472
11-29-562-05473-803084,29,562,05473
11-29-562-05474-803085,29,562,05474
11-29-562-05474-803086,29,562,05474
11-29-562-05476-803087,29,562,05476
11-29-562-05477-803088,29,562,05477
11-29-562-99999-803083,29,562,99999
11-29-563-05478-602628,29,563,05478
11-29-563-05478-803090,29,563,05478
11-29-563-05480-602879,29,563,05480
11-29-563-05480-803091,29,563,05480
11-29-563-05481-803092,29,563,05481
11-29-563-05482-603095,29,563,05482
11-29-563-05482-803093,29,563,05482
11-29-563-05483-803094,29,563,05483
11-29-563-05484-603404,29,563,05484
11-29-563-05484-803095,29,563,05484
11-29-563-05485-803096,29,563,05485
11-29-563-05486-803097,29,563,05486
11-29-563-05487-803098,29,563,05487
11-29-563-05488-603877,29,563,05488
11-29-563-05488-603878,29,563,05488
11-29-563-05488-803099,29,563,05488
11-29-563-99999-803089,29,563,99999
11-29-564-05489-803100,29,564,05489
11-29-564-05489-803101,29,564,05489
11-29-564-05490-803102,29,564,05490
11-29-564-05491-803103,29,564,05491
11-29-564-05492-803104,29,564,05492
11-29-564-05493-803105,29,564,05493
11-29-564-05494-803106,29,564,05494
11-29-564-05495-604582,29,564,05495
11-29-564-05495-604583,29,564,05495
11-29-564-05495-803107,29,564,05495
11-29-565-05496-803108,29,565,05496
11-29-565-05498-803109,29,565,05498
11-29-565-05498-803110,29,565,05498
11-29-565-05498-803111,29,565,05498
11-29-565-05499-803112,29,565,05499
11-29-565-05499-803113,29,565,05499
11-29-565-05500-803114,29,565,05500
11-29-565-05501-605045,29,565,05501
11-29-565-05501-605046,29,565,05501
11-29-565-05501-605047,29,565,05501
11-29-565-05501-803115,29,565,05501
11-29-565-05502-803116,29,565,05502
11-29-565-05502-803117,29,565,05502
11-29-566-05503-803118,29,566,05503
11-29-566-05504-803119,29,566,05504
11-29-566-05505-605618,29,566,05505
11-29-566-05505-803120,29,566,05505
11-29-566-05506-605820,29,566,05506
11-29-566-05506-803121,29,566,05506
11-29-566-05507-803122,29,566,05507
11-29-566-05508-803123,29,566,05508
11-29-567-05509-803124,29,567,05509
11-29-567-05510-803125,29,567,05510
11-29-567-05511-803126,29,567,05511
11-29-567-05512-803127,29,567,05512
11-29-567-05513-803128,29,567,05513
11-29-567-05514-803129,29,567,05514
11-29-568-05515-803130,29,568,05515
11-29-568-05515-803131,29,568,05515
11-29-568-05516-803132,29,568,05516
11-29-568-05517-803133,29,568,05517
11-29-568-05517-803134,29,568,05517
11-29-568-05518-803135,29,568,05518
11-29-568-05519-803136,29,568,05519
11-29-568-05520-803137,29,568,05520
11-29-568-05521-803138,29,568,05521
11-29-569-05522-608758,29,569,05522
11-29-569-05522-803139,29,569,05522
11-29-569-05523-608845,29,569,05523
11-29-569-05523-608846,29,569,05523
11-29-569-05523-608847,29,569,05523
11-29-569-05523-608848,29,569,05523
11-29-569-05523-608849,29,569,05523
11-29-569-05523-608850,29,569,05523
11-29-569-05523-608851,29,569,05523
11-29-569-05523-608852,29,569,05523
11-29-569-05523-608853,29,569,05523
11-29-569-05523-608854,29,569,05523
11-29-569-05523-608855,29,569,05523
11-29-569-05523-608856,29,575,05561
11-29-569-05523-608856,29,569,05523
11-29-569-05523-608857,29,569,05523
11-29-569-05523-608858,29,569,05523
11-29-569-05523-803140,29,569,05523
11-29-569-05523-803141,29,569,05523
11-29-569-05524-608914,29,569,05524
11-29-569-05524-803142,29,569,05524
11-29-570-05525-803143,29,570,05525
11-29-570-05526-803144,29,570,05526
11-29-570-05527-803145,29,570,05527
11-29-570-05528-803146,29,570,05528
11-29-570-05529-803147,29,570,05529
11-29-570-05529-803148,29,570,05529
11-29-570-05530-803149,29,570,05530
11-29-570-05531-803150,29,570,05531
11-29-570-05531-803151,29,570,05531
11-29-571-05532-610265,29,571,05532
11-29-571-05532-803152,29,571,05532
11-29-571-05533-803153,29,571,05533
11-29-571-05534-803154,29,571,05534
11-29-571-05535-803155,29,571,05535
11-29-571-05536-803156,29,571,05536
11-29-571-05537-803157,29,571,05537
11-29-571-05538-803158,29,571,05538
11-29-571-05539-803159,29,571,05539
11-29-571-05540-612434,29,571,05540
11-29-571-05540-803160,29,571,05540
11-29-571-05541-803161,29,571,05541
11-29-572-05542-612948,29,572,05542
11-29-572-05542-612949,29,572,05542
11-29-572-05542-612952,29,572,05542
11-29-572-05545-613354,29,572,05545
11-29-572-05545-613355,29,572,05545
11-29-572-05545-613356,29,572,05545
11-29-572-05545-613357,29,572,05545
11-29-572-05545-613358,29,572,05545
11-29-572-05545-613359,29,572,05545
11-29-572-05545-613360,29,572,05545
11-29-572-05545-803163,29,572,05545
11-29-572-99999-803162,29,572,05542
11-29-572-99999-803162,29,572,05543
11-29-572-99999-803162,29,572,99999
11-29-572-99999-803162,29,572,05544
11-29-573-05546-803164,29,573,05546
11-29-573-05547-803165,29,573,05547
11-29-573-05548-803166,29,573,05548
11-29-573-05549-614310,29,573,05549
11-29-573-05549-803167,29,573,05549
11-29-573-05550-803168,29,573,05550
11-29-573-05551-614653,29,573,05551
11-29-573-05551-803169,29,573,05551
11-29-573-05552-803170,29,573,05552
11-29-574-05553-803171,29,574,05553
11-29-574-05554-803172,29,574,05554
11-29-574-05555-803173,29,574,05555
11-29-574-05556-616227,29,574,05556
11-29-574-05556-616228,29,574,05556
11-29-574-05556-803174,29,574,05556
11-29-574-05557-803175,29,574,05557
11-29-574-05558-803176,29,574,05558
11-29-574-05559-803177,29,574,05559
11-29-574-05560-617422,29,574,05560
11-29-574-05560-803178,29,574,05560
11-29-575-05561-617499,29,575,05561
11-29-575-05561-617500,29,575,05561
11-29-575-05561-617501,29,575,05561
11-29-575-05561-617502,29,575,05561
11-29-575-05561-617503,29,575,05561
11-29-575-05561-617504,29,575,05561
11-29-575-05561-617505,29,575,05561
11-29-575-05561-617506,29,575,05561
11-29-575-05561-617508,29,575,05561
11-29-575-05561-617509,29,575,05561
11-29-575-05561-617511,29,575,05561
11-29-575-05561-617512,29,575,05561
11-29-575-05561-617513,29,575,05561
11-29-575-05561-617514,29,575,05561
11-29-575-05561-617515,29,575,05561
11-29-575-05561-617516,29,575,05561
11-29-575-05561-617517,29,575,05561
11-29-575-05561-617518,29,575,05561
11-29-575-05561-617519,29,575,05561
11-29-575-05561-617520,29,575,05561
11-29-575-05561-803179,29,575,05561
11-29-575-05561-803180,29,575,05561
11-29-575-05561-803181,29,575,05561
11-29-575-05561-803182,29,575,05561
11-29-575-05562-617597,29,575,05562
11-29-575-05562-617598,29,575,05562
11-29-575-05562-617599,29,575,05562
11-29-575-05562-617600,29,575,05562
11-29-575-05562-617601,29,575,05562
11-29-575-05562-617602,29,575,05562
11-29-575-05562-617603,29,575,05562
11-29-575-05562-617604,29,575,05562
11-29-575-05562-617605,29,575,05562
11-29-575-05562-803183,29,575,05562
11-29-575-05563-617685,29,575,05563
11-29-575-05563-803184,29,575,05563
11-29-575-05564-617752,29,575,05564
11-29-575-05564-803185,29,575,05564
11-29-575-05565-803186,29,575,05565
11-29-576-05566-803187,29,576,05566
11-29-576-05567-803188,29,576,05567
11-29-576-05567-803189,29,576,05567
11-29-576-05568-618089,29,576,05568
11-29-576-05568-803190,29,576,05568
11-29-577-05569-803191,29,577,05569
11-29-577-05570-803192,29,577,05570
11-29-577-05571-803193,29,577,05571
11-29-577-05572-618825,29,577,05572
11-29-577-05572-618826,29,577,05572
11-29-577-05572-618828,29,577,05572
11-29-577-05572-618830,29,577,05572
11-29-577-05572-618831,29,577,05572
11-29-577-05572-618832,29,577,05572
11-29-577-05572-803194,29,577,05572
11-29-577-05573-803195,29,577,05573
11-29-577-05573-803196,29,577,05573
11-29-577-05574-803197,29,577,05574
11-29-577-05575-619441,29,577,05575
11-29-577-05575-619442,29,577,05575
11-29-577-05575-803198,29,577,05575
11-29-577-05575-803199,29,577,05575
11-29-578-05576-803200,29,578,05576
11-29-578-05577-803201,29,578,05577
11-29-578-05578-803202,29,578,05578
11-29-578-05579-803203,29,578,05579
11-29-578-05579-803204,29,578,05579
11-29-579-05580-803205,29,579,05580
11-29-579-05581-803206,29,579,05581
11-29-579-05582-803207,29,579,05582
11-29-579-05583-803208,29,579,05583
11-29-579-05584-620588,29,579,05584
11-29-579-05584-803209,29,579,05584
11-29-579-05585-803210,29,579,05585
11-29-579-05585-803211,29,579,05585
11-29-579-05585-803212,29,579,05585
11-29-579-05585-803213,29,579,05585
11-29-579-05586-803214,29,579,05586
11-29-580-05587-803215,29,580,05587
11-29-580-05588-621224,29,580,05588
11-29-580-05588-803216,29,580,05588
11-29-580-05588-803217,29,580,05588
11-29-580-05589-621388,29,580,05589
11-29-580-05589-803218,29,580,05589
11-29-580-05589-803219,29,580,05589
11-29-581-05590-803220,29,581,05590
11-29-581-05591-803221,29,581,05591
11-29-581-05592-803222,29,581,05592
11-29-581-05593-622843,29,581,05593
11-29-581-05593-803223,29,581,05593
11-29-581-05593-803224,29,581,05593
11-29-581-05594-803225,29,581,05594
11-29-582-05595-623430,29,582,05595
11-29-582-05595-803226,29,582,05595
11-29-582-05596-803227,29,582,05596
11-29-582-05597-803228,29,582,05597
11-29-582-05598-624015,29,582,05598
11-29-582-05598-803229,29,582,05598
11-29-582-05599-803230,29,582,05599
11-29-582-05600-803231,29,582,05600
11-29-583-05601-624949,29,583,05601
11-29-583-05601-803232,29,583,05601
11-29-583-05602-625246,29,583,05602
11-29-583-05602-803233,29,583,05602
11-29-583-05603-803234,29,583,05603
11-29-583-05603-803235,29,583,05603
11-29-583-05604-803236,29,583,05604
11-29-584-05605-626046,29,584,05605
11-29-584-05605-803237,29,584,05605
11-29-584-05606-626186,29,584,05606
11-29-584-05606-803238,29,584,05606
11-29-584-05607-803239,29,584,05607
11-29-584-05608-803240,29,584,05608
11-30-585-05609-626658,30,585,05609
11-30-585-05609-626659,30,585,05609
11-30-585-05609-626660,30,585,05609
11-30-585-05609-626661,30,585,05609
11-30-585-05609-803241,30,585,05609
11-30-585-05610-626690,30,585,05610
11-30-585-05610-626691,30,585,05610
11-30-585-05610-626692,30,585,05610
11-30-585-05610-626693,30,585,05610
11-30-585-05610-626694,30,585,05610
11-30-585-05610-626695,30,585,05610
11-30-585-05610-626696,30,585,05610
11-30-585-05610-626697,30,585,05610
11-30-585-05610-626698,30,585,05610
11-30-585-05610-626699,30,585,05610
11-30-585-05610-626700,30,585,05610
11-30-585-05610-626701,30,585,05610
11-30-585-05610-626702,30,585,05610
11-30-585-05610-626703,30,585,05610
11-30-585-05610-626704,30,585,05610
11-30-585-05610-803242,30,585,05610
11-30-585-05611-626727,30,585,05611
11-30-585-05611-626728,30,585,05611
11-30-585-05611-626729,30,585,05611
11-30-585-05611-626730,30,585,05611
11-30-585-05611-626732,30,585,05611
11-30-585-05611-626733,30,585,05611
11-30-585-05611-626734,30,585,05611
11-30-585-05611-626735,30,585,05611
11-30-585-05611-803243,30,585,05611
11-30-585-05612-626763,30,585,05612
11-30-585-05612-626764,30,585,05612
11-30-585-05612-803244,30,585,05612
11-30-585-05612-803245,30,585,05612
11-30-585-05613-626842,30,585,05613
11-30-585-05613-803246,30,585,05613
11-30-585-05614-626865,30,585,05614
11-30-585-05614-626866,30,585,05614
11-30-585-05614-626867,30,585,05614
11-30-585-05614-626868,30,585,05614
11-30-585-05614-626869,30,585,05614
11-30-585-05614-626870,30,585,05614
11-30-585-05614-626871,30,585,05614
11-30-585-05614-626872,30,585,05614
11-30-585-05614-626873,30,585,05614
11-30-585-05614-803247,30,585,05614
11-30-586-05615-626885,30,586,05615
11-30-586-05615-626886,30,586,05615
11-30-586-05615-626887,30,586,05615
11-30-586-05615-803248,30,586,05615
11-30-586-05616-626923,30,586,05616
11-30-586-05616-626924,30,586,05616
11-30-586-05616-626925,30,586,05616
11-30-586-05616-626926,30,586,05616
11-30-586-05616-626927,30,586,05616
11-30-586-05616-626928,30,586,05616
11-30-586-05616-626929,30,586,05616
11-30-586-05616-626930,30,586,05616
11-30-586-05616-626931,30,586,05616
11-30-586-05616-626932,30,586,05616
11-30-586-05616-626933,30,586,05616
11-30-586-05616-803249,30,586,05616
11-30-586-05616-803250,30,586,05616
11-30-586-05617-626969,30,586,05617
11-30-586-05617-803251,30,586,05617
11-30-586-05617-803252,30,586,05617
11-30-586-05618-627021,30,586,05618
11-30-586-05618-803253,30,586,05618
11-30-586-05619-803254,30,586,05619
11-31-587-05620-627030,31,587,05620
11-31-587-05624-627034,31,587,05624
11-31-587-05625-627038,31,587,05625
11-31-587-05627-627046,31,587,05627
11-31-587-05628-627054,31,587,05628
11-31-587-05629-627056,31,587,05629
11-32-588-05630-627121,32,588,05630
11-32-588-05630-627122,32,588,05630
11-32-588-05630-627123,32,588,05630
11-32-588-05630-627124,32,588,05630
11-32-588-05630-627125,32,588,05630
11-32-588-05630-627126,32,588,05630
11-32-588-05630-627127,32,588,05630
11-32-588-05630-627128,32,588,05630
11-32-588-05630-627129,32,588,05630
11-32-588-05630-627130,32,588,05630
11-32-588-05630-627131,32,588,05630
11-32-588-05630-627132,32,588,05630
11-32-588-05630-627133,32,588,05630
11-32-588-05630-627134,32,588,05630
11-32-588-05630-627135,32,588,05630
11-32-588-05630-803255,32,588,05630
11-32-588-05631-627165,32,588,05631
11-32-588-05631-627166,32,588,05631
11-32-588-05631-627167,32,588,05631
11-32-588-05631-627168,32,588,05631
11-32-588-05631-627169,32,588,05631
11-32-588-05631-627171,32,588,05631
11-32-588-05631-627172,32,588,05631
11-32-588-05631-627173,32,588,05631
11-32-588-05631-627174,32,588,05631
11-32-588-05631-803256,32,588,05631
11-32-589-05632-627209,32,589,05632
11-32-589-05632-627210,32,589,05632
11-32-589-05632-627211,32,589,05632
11-32-589-05632-627212,32,589,05632
11-32-589-05632-627213,32,589,05632
11-32-589-05632-627214,32,589,05632
11-32-589-05632-627215,32,589,05632
11-32-589-05632-627216,32,589,05632
11-32-589-05632-627217,32,589,05632
11-32-589-05632-803257,32,589,05632
11-32-589-05632-803258,32,589,05632
11-32-589-05633-627220,32,589,05633
11-32-589-05633-627221,32,589,05633
11-32-589-05633-627222,32,589,05633
11-32-589-05633-627223,32,589,05633
11-32-589-05633-627224,32,589,05633
11-32-589-05633-627225,32,589,05633
11-32-589-05633-627226,32,589,05633
11-32-589-05633-627227,32,589,05633
11-32-589-05633-627228,32,589,05633
11-32-589-05633-627229,32,589,05633
11-32-589-05633-627230,32,589,05633
11-32-589-05633-627231,32,589,05633
11-32-589-05633-627232,32,589,05633
11-32-589-05633-627233,32,589,05633
11-32-589-05633-627234,32,589,05633
11-32-589-05633-627235,32,589,05633
11-32-589-05633-627236,32,589,05633
11-32-589-05633-627237,32,589,05633
11-32-589-05633-627238,32,589,05633
11-32-589-05633-627239,32,589,05633
11-32-589-05633-627240,32,589,05633
11-32-589-05633-627241,32,589,05633
11-32-589-05633-627242,32,589,05633
11-32-589-05633-627243,32,589,05633
11-32-589-05633-627244,32,589,05633
11-32-589-05633-627245,32,589,05633
11-32-589-05633-627246,32,589,05633
11-32-589-05633-627247,32,589,05633
11-32-589-05633-627248,32,589,05633
11-32-589-05633-627249,32,589,05633
11-32-589-05633-803259,32,589,05633
11-32-589-05633-803260,32,589,05633
11-32-589-05634-627272,32,589,05634
11-32-589-05634-627273,32,589,05634
11-32-589-05634-627274,32,589,05634
11-32-589-05634-627275,32,589,05634
11-32-589-05634-627276,32,589,05634
11-32-589-05634-627277,32,589,05634
11-32-589-05634-627278,32,589,05634
11-32-589-05634-627279,32,589,05634
11-32-589-05634-627280,32,589,05634
11-32-589-05634-627281,32,589,05634
11-32-589-05634-627282,32,589,05634
11-32-589-05634-627283,32,589,05634
11-32-589-05634-627284,32,589,05634
11-32-589-05634-627285,32,589,05634
11-32-589-05634-627286,32,589,05634
11-32-589-05634-627287,32,589,05634
11-32-589-05634-627288,32,589,05634
11-32-589-05634-627289,32,589,05634
11-32-589-05634-627290,32,589,05634
11-32-589-05634-627291,32,589,05634
11-32-589-05634-627292,32,589,05634
11-32-589-05634-803261,32,589,05634
11-32-589-05634-803262,32,589,05634
11-32-589-05634-803263,32,589,05634
11-32-590-05637-803264,32,590,05637
11-32-591-05638-627353,32,591,05638
11-32-591-05638-627354,32,591,05638
11-32-591-05638-627355,32,591,05638
11-32-591-05638-627356,32,591,05638
11-32-591-05638-627357,32,591,05638
11-32-591-05638-627358,32,591,05638
11-32-591-05638-627359,32,591,05638
11-32-591-05638-627360,32,591,05638
11-32-591-05638-627361,32,591,05638
11-32-591-05638-627362,32,591,05638
11-32-591-05638-627363,32,591,05638
11-32-591-05638-627364,32,591,05638
11-32-591-05638-627365,32,591,05638
11-32-591-05638-627366,32,591,05638
11-32-591-05638-803265,32,591,05638
11-32-591-05639-627386,32,591,05639
11-32-591-05639-627387,32,591,05639
11-32-591-05639-627388,32,591,05639
11-32-591-05639-627389,32,591,05639
11-32-591-05639-627390,32,591,05639
11-32-591-05639-627391,32,591,05639
11-32-591-05639-627392,32,591,05639
11-32-591-05639-627393,32,591,05639
11-32-591-05639-627394,32,591,05639
11-32-591-05639-627395,32,591,05639
11-32-591-05639-627396,32,591,05639
11-32-591-05639-627397,32,591,05639
11-32-591-05639-627398,32,591,05639
11-32-591-05639-627399,32,591,05639
11-32-591-05639-627400,32,591,05639
11-32-591-05639-803266,32,591,05639
11-32-591-05640-627421,32,591,05640
11-32-591-05640-627422,32,591,05640
11-32-591-05640-627423,32,591,05640
11-32-591-05640-627425,32,591,05640
11-32-591-05640-627427,32,591,05640
11-32-591-05640-627428,32,591,05640
11-32-591-05640-627429,32,591,05640
11-32-591-05640-627430,32,591,05640
11-32-591-05640-627431,32,591,05640
11-32-591-05640-627432,32,591,05640
11-32-591-05640-627433,32,591,05640
11-32-591-05640-627434,32,591,05640
11-32-591-05640-627435,32,591,05640
11-32-591-05640-627436,32,591,05640
11-32-591-05640-627438,32,591,05640
11-32-591-05640-627439,32,591,05640
11-32-591-05640-803267,32,591,05640
11-32-592-05641-627465,32,592,05641
11-32-592-05641-627466,32,592,05641
11-32-592-05641-627467,32,592,05641
11-32-592-05641-627468,32,592,05641
11-32-592-05641-803268,32,592,05641
11-32-592-05641-803269,32,592,05641
11-32-592-05642-627488,32,592,05642
11-32-592-05643-627509,32,592,05643
11-32-592-05643-627510,32,592,05643
11-32-592-05643-803270,32,592,05643
11-32-592-05644-627527,32,592,05644
11-32-592-05644-627528,32,592,05644
11-32-592-05644-627529,32,592,05644
11-32-592-05644-627530,32,592,05644
11-32-592-05644-627531,32,592,05644
11-32-592-05644-627532,32,592,05644
11-32-592-05644-627533,32,592,05644
11-32-592-05644-627534,32,592,05644
11-32-592-05644-627535,32,592,05644
11-32-592-05644-627536,32,592,05644
11-32-592-05644-627537,32,592,05644
11-32-592-05644-627538,32,592,05644
11-32-592-05644-803271,32,592,05644
11-32-592-05645-627541,32,592,05645
11-32-592-05645-627542,32,592,05645
11-32-592-05645-627543,32,592,05645
11-32-592-05645-627544,32,592,05645
11-32-592-05645-627545,32,592,05645
11-32-592-05645-627546,32,592,05645
11-32-592-05645-627547,32,592,05645
11-32-592-05645-627548,32,592,05645
11-32-592-05645-627549,32,592,05645
11-32-592-05645-627550,32,592,05645
11-32-592-05645-627551,32,592,05645
11-32-592-05645-627552,32,592,05645
11-32-592-05645-627553,32,592,05645
11-32-592-05645-627554,32,592,05645
11-32-592-05645-627555,32,592,05645
11-32-592-05645-627556,32,592,05645
11-32-592-05646-627562,32,592,05646
11-32-592-05646-627563,32,592,05646
11-32-592-05646-627564,32,592,05646
11-32-592-05646-627565,32,592,05646
11-32-592-05646-803272,32,592,05646
11-32-593-05647-627596,32,593,05647
11-32-593-05647-627597,32,593,05647
11-32-593-05647-627598,32,593,05647
11-32-593-05647-627599,32,593,05647
11-32-593-05647-627600,32,593,05647
11-32-593-05647-627601,32,593,05647
11-32-593-05647-627602,32,593,05647
11-32-593-05647-803273,32,593,05647
11-32-593-05647-803274,32,593,05647
11-32-593-05648-627627,32,593,05648
11-32-593-05649-627649,32,593,05649
11-32-593-05649-627650,32,593,05649
11-32-593-05649-627651,32,593,05649
11-32-593-05649-627653,32,593,05649
11-32-593-05649-803275,32,593,05649
11-32-593-05650-627683,32,593,05650
11-32-593-05650-803276,32,593,05650
11-32-593-05651-627713,32,593,05651
11-32-594-05652-627756,32,594,05652
11-32-594-05652-627757,32,594,05652
11-32-594-05652-627758,32,594,05652
11-32-594-05652-627759,32,594,05652
11-32-594-05652-627760,32,594,05652
11-32-594-05652-627761,32,594,05652
11-32-594-05652-627762,32,594,05652
11-32-594-05652-627763,32,594,05652
11-32-594-05652-627764,32,594,05652
11-32-594-05652-627765,32,594,05652
11-32-594-05652-627766,32,594,05652
11-32-594-05652-627767,32,594,05652
11-32-594-05652-627768,32,594,05652
11-32-594-05652-627769,32,594,05652
11-32-594-05652-627770,32,594,05652
11-32-594-05652-627771,32,594,05652
11-32-594-05652-627772,32,594,05652
11-32-594-05652-627773,32,594,05652
11-32-594-05652-627774,32,594,05652
11-32-594-05652-627775,32,594,05652
11-32-594-05652-627776,32,594,05652
11-32-594-05652-627777,32,594,05652
11-32-594-05652-627778,32,594,05652
11-32-594-05652-627779,32,594,05652
11-32-594-05652-627780,32,594,05652
11-32-594-05652-627781,32,594,05652
11-32-594-05652-627782,32,594,05652
11-32-594-05652-627783,32,594,05652
11-32-594-05652-627784,32,594,05652
11-32-594-05652-803277,32,594,05652
11-32-594-05653-627792,32,594,05653
11-32-594-05653-627793,32,594,05653
11-32-594-05653-627794,32,594,05653
11-32-594-05653-627795,32,594,05653
11-32-594-05653-627796,32,594,05653
11-32-594-05653-627797,32,594,05653
11-32-594-05653-627799,32,594,05653
11-32-594-05653-627800,32,594,05653
11-32-594-05653-627801,32,594,05653
11-32-594-05653-627802,32,594,05653
11-32-594-05653-627803,32,594,05653
11-32-594-05653-627804,32,594,05653
11-32-594-05653-627805,32,594,05653
11-32-594-05653-627806,32,594,05653
11-32-594-05653-627807,32,594,05653
11-32-594-05653-627808,32,594,05653
11-32-594-05653-627809,32,594,05653
11-32-594-05653-627810,32,594,05653
11-32-594-05653-627811,32,594,05653
11-32-594-05653-803278,32,594,05653
11-32-594-05653-803279,32,594,05653
11-32-594-05654-627825,32,594,05654
11-32-594-05654-627826,32,594,05654
11-32-594-05654-627827,32,594,05654
11-32-594-05654-627828,32,594,05654
11-32-594-05654-627829,32,594,05654
11-32-594-05654-627830,32,594,05654
11-32-594-05654-627831,32,594,05654
11-32-594-05654-627832,32,594,05654
11-32-594-05654-627833,32,594,05654
11-32-594-05654-627834,32,594,05654
11-32-594-05654-627835,32,594,05654
11-32-594-05654-627836,32,594,05654
11-32-594-05654-627837,32,594,05654
11-32-594-05654-627838,32,594,05654
11-32-594-05654-627839,32,594,05654
11-32-594-05654-627840,32,594,05654
11-32-594-05654-627841,32,594,05654
11-32-594-05654-627842,32,594,05654
11-32-594-05654-627843,32,594,05654
11-32-594-05654-627844,32,594,05654
11-32-594-05654-627845,32,594,05654
11-32-594-05654-627846,32,594,05654
11-32-594-05654-627847,32,594,05654
11-32-594-05654-627848,32,594,05654
11-32-594-05654-627849,32,594,05654
11-32-594-05654-627850,32,594,05654
11-32-594-05654-627851,32,594,05654
11-32-594-05654-627852,32,594,05654
11-32-594-05654-627853,32,594,05654
11-32-594-05654-627854,32,594,05654
11-32-594-05654-627855,32,594,05654
11-32-594-05654-627856,32,594,05654
11-32-594-05654-627857,32,594,05654
11-32-594-05654-627858,32,594,05654
11-32-594-05654-627859,32,594,05654
11-32-594-05654-627860,32,594,05654
11-32-594-05654-627861,32,594,05654
11-32-594-05654-627862,32,594,05654
11-32-594-05654-627863,32,594,05654
11-32-594-05654-627864,32,594,05654
11-32-594-05654-627865,32,594,05654
11-32-594-05654-627866,32,594,05654
11-32-594-05654-627867,32,594,05654
11-32-594-05654-627868,32,594,05654
11-32-594-05654-627869,32,594,05654
11-32-594-05654-803280,32,594,05654
11-32-594-05655-627873,32,594,05655
11-32-594-05655-627874,32,594,05655
11-32-594-05655-627875,32,594,05655
11-32-594-05655-627876,32,594,05655
11-32-594-05655-627877,32,594,05655
11-32-594-05655-627878,32,594,05655
11-32-594-05655-627879,32,594,05655
11-32-594-05655-627880,32,594,05655
11-32-594-05655-627881,32,594,05655
11-32-594-05655-627882,32,594,05655
11-32-594-05655-627883,32,594,05655
11-32-594-05655-627884,32,594,05655
11-32-594-05655-803281,32,594,05655
11-32-594-05656-627919,32,594,05656
11-32-594-05656-627920,32,594,05656
11-32-594-05656-627921,32,594,05656
11-32-594-05656-627922,32,594,05656
11-32-594-05656-627923,32,594,05656
11-32-594-05656-627924,32,594,05656
11-32-594-05656-627926,32,594,05656
11-32-594-05656-627927,32,594,05656
11-32-594-05656-627930,32,594,05656
11-32-594-05656-627931,32,594,05656
11-32-594-05656-627932,32,594,05656
11-32-594-05656-627933,32,594,05656
11-32-594-05656-627934,32,594,05656
11-32-594-05656-627935,32,594,05656
11-32-594-05656-627936,32,594,05656
11-32-594-05656-627937,32,594,05656
11-32-594-05656-627938,32,594,05656
11-32-594-05656-627939,32,594,05656
11-32-594-05656-627940,32,594,05656
11-32-594-05656-803282,32,594,05656
11-32-594-05656-803283,32,594,05656
11-32-595-05657-627956,32,595,05657
11-32-595-05657-627958,32,595,05657
11-32-595-05657-627959,32,595,05657
11-32-595-05657-627960,32,595,05657
11-32-595-05657-627962,32,595,05657
11-32-595-05657-627963,32,595,05657
11-32-595-05657-803284,32,595,05657
11-32-595-05658-627971,32,595,05658
11-32-595-05658-627972,32,595,05658
11-32-595-05658-627973,32,595,05658
11-32-595-05658-627974,32,595,05658
11-32-595-05658-627975,32,595,05658
11-32-595-05658-627976,32,595,05658
11-32-595-05658-627977,32,595,05658
11-32-595-05658-627978,32,595,05658
11-32-595-05658-627979,32,595,05658
11-32-595-05658-627980,32,595,05658
11-32-595-05658-803285,32,595,05658
11-32-595-05658-803286,32,595,05658
11-32-595-05659-627983,32,595,05659
11-32-595-05659-627984,32,595,05659
11-32-595-05659-627985,32,595,05659
11-32-595-05659-627986,32,595,05659
11-32-595-05659-627987,32,595,05659
11-32-595-05659-627988,32,595,05659
11-32-595-05659-627990,32,595,05659
11-32-595-05659-627991,32,595,05659
11-32-595-05659-627992,32,595,05659
11-32-595-05659-803287,32,595,05659
11-32-595-05660-627998,32,595,05660
11-32-595-05660-627999,32,595,05660
11-32-595-05660-628000,32,595,05660
11-32-595-05660-628001,32,595,05660
11-32-595-05661-628008,32,595,05661
11-32-595-05661-628009,32,595,05661
11-32-595-05661-628010,32,595,05661
11-32-595-05661-628011,32,595,05661
11-32-595-05661-628012,32,595,05661
11-32-595-05661-628013,32,595,05661
11-32-595-05661-628014,32,595,05661
11-32-595-05661-628015,32,595,05661
11-32-595-05661-628016,32,595,05661
11-32-595-05661-628017,32,595,05661
11-32-595-05661-628018,32,595,05661
11-32-595-05661-628019,32,595,05661
11-32-595-05661-803288,32,595,05659
11-32-595-05661-803288,32,595,05660
11-32-595-05661-803288,32,595,05661
11-32-595-05661-803289,32,595,05661
11-32-595-05661-803290,32,595,05661
11-32-595-05662-803291,32,595,05662
11-32-595-05663-803292,32,595,05663
11-32-596-05666-803293,32,596,05666
11-32-597-05668-628138,32,597,05668
11-32-597-05668-803294,32,597,05668
11-32-597-05669-803295,32,597,05669
11-32-597-05670-628171,32,597,05670
11-32-597-05670-628172,32,597,05670
11-32-597-05670-628173,32,597,05670
11-32-597-05670-628174,32,597,05670
11-32-597-05670-628176,32,597,05670
11-32-597-05670-628178,32,597,05670
11-32-597-05670-628179,32,597,05670
11-32-597-05670-803296,32,597,05670
11-32-597-05671-628191,32,597,05671
11-32-597-05671-628192,32,597,05671
11-32-597-05671-628193,32,597,05671
11-32-597-05671-803297,32,597,05671
11-32-598-05673-628214,32,598,05673
11-32-598-05673-628215,32,598,05673
11-32-598-05673-628216,32,598,05673
11-32-598-05673-628217,32,598,05673
11-32-598-05673-628218,32,598,05673
11-32-598-05673-628219,32,598,05673
11-32-598-05673-628221,32,598,05673
11-32-598-05673-628224,32,598,05673
11-32-598-05673-628225,32,598,05673
11-32-598-05673-803298,32,598,05673
11-32-598-05674-628232,32,598,05674
11-32-598-05674-628233,32,598,05674
11-32-598-05674-628234,32,598,05674
11-32-598-05674-803299,32,598,05674
11-32-598-05676-628256,32,598,05676
11-32-598-05676-628257,32,598,05676
11-32-598-05676-628258,32,598,05676
11-32-598-05676-628259,32,598,05676
11-32-598-05676-628260,32,598,05676
11-32-598-05676-628263,32,598,05676
11-32-598-05676-628264,32,598,05676
11-32-598-05676-803300,32,598,05676
11-32-598-05677-628271,32,598,05677
11-32-598-05677-628276,32,598,05677
11-32-598-05677-628277,32,598,05677
11-32-598-05678-628280,32,598,05678
11-32-598-05678-628288,32,598,05678
11-32-598-05678-628290,32,598,05678
11-32-598-05678-628291,32,598,05678
11-32-599-05679-803303,32,599,05679
11-32-599-05682-628342,32,599,05682
11-32-599-05682-803304,32,599,05682
11-32-599-05683-803305,32,599,05683
11-32-600-05684-628363,32,600,05684
11-32-600-05684-628364,32,600,05684
11-32-600-05684-628365,32,600,05684
11-32-600-05684-628366,32,600,05684
11-32-600-05684-628367,32,600,05684
11-32-600-05684-628368,32,600,05684
11-32-600-05684-628369,32,600,05684
11-32-600-05684-628370,32,600,05684
11-32-600-05684-628371,32,600,05684
11-32-600-05684-628372,32,600,05684
11-32-600-05686-803307,32,600,05686
11-32-600-05687-628430,32,600,05687
11-32-600-05688-628439,32,600,05688
11-32-600-05688-628440,32,600,05688
11-32-600-05688-628441,32,600,05688
11-32-600-05688-628442,32,600,05688
11-32-600-05688-628443,32,600,05688
11-32-600-05688-628444,32,600,05688
11-32-600-05688-628445,32,600,05688
11-32-600-05688-628446,32,600,05688
11-32-600-05688-628447,32,600,05688
11-32-600-05688-628448,32,600,05688
11-32-600-05688-628449,32,600,05688
11-32-600-05688-628450,32,600,05688
11-32-600-05688-628451,32,600,05688
11-32-600-05688-803306,32,600,05684
11-32-600-05688-803306,32,600,05688
11-32-600-05688-803308,32,600,05688
11-32-601-05689-628475,32,601,05689
11-32-601-05689-628478,32,601,05689
11-32-601-05689-803309,32,601,05689
11-32-601-05689-803310,32,601,05689
11-32-601-05690-628504,32,601,05690
11-32-601-05690-803311,32,601,05690
11-32-601-05691-628510,32,601,05691
11-32-601-05691-628511,32,601,05691
11-32-601-05691-628512,32,601,05691
11-32-601-05691-628513,32,601,05691
11-32-601-05691-628517,32,601,05691
11-32-601-05691-628518,32,601,05691
11-32-601-05691-803312,32,601,05691
11-32-601-05691-803312,32,601,05692
11-32-601-05692-628539,32,601,05692
11-32-601-05692-628540,32,601,05692
11-32-601-05692-628541,32,601,05692
11-32-601-05692-628542,32,601,05692
11-32-601-05692-628543,32,601,05692
11-32-601-05692-628545,32,601,05692
11-32-601-05692-628546,32,601,05692
11-32-601-05692-628547,32,601,05692
11-32-601-05692-803313,32,601,05692
11-33-602-05693-628569,33,602,05693
11-33-602-05693-628629,33,602,05693
11-33-602-05693-803314,33,602,05693
11-33-602-05694-628769,33,602,05694
11-33-602-05694-628770,33,602,05694
11-33-602-05694-628771,33,602,05694
11-33-602-05694-628772,33,602,05694
11-33-602-05694-628773,33,602,05694
11-33-602-05694-803315,33,602,05694
11-33-602-05694-803316,33,602,05694
11-33-602-05694-803317,33,602,05694
11-33-602-05695-803318,33,602,05695
11-33-602-05696-803319,33,602,05696
11-33-602-05697-628977,33,602,05697
11-33-602-05697-628978,33,602,05697
11-33-602-05697-628979,33,602,05697
11-33-602-05697-628980,33,602,05697
11-33-602-05697-803320,33,602,05697
11-33-602-05697-803321,33,602,05697
11-33-602-05698-629119,33,602,05698
11-33-602-05698-629120,33,602,05698
11-33-602-05698-629121,33,602,05698
11-33-602-05698-629122,33,602,05698
11-33-602-05698-629123,33,602,05698
11-33-602-05698-803322,33,602,05698
11-33-602-05699-629152,33,602,05699
11-33-602-05699-629153,33,602,05699
11-33-602-05699-629154,33,602,05699
11-33-602-05699-629155,33,602,05699
11-33-602-05699-629156,33,602,05699
11-33-602-05699-629157,33,602,05699
11-33-602-05699-803323,33,602,05699
11-33-602-05699-803324,33,602,05699
11-33-602-05699-803325,33,602,05700
11-33-602-05699-803325,33,602,05699
11-33-602-05699-803326,33,602,05699
11-33-602-05699-803327,33,602,05699
11-33-602-05700-629171,33,602,05700
11-33-602-05700-629172,33,602,05700
11-33-602-05700-629173,33,602,05700
11-33-602-05700-629174,33,602,05700
11-33-602-05700-629175,33,602,05700
11-33-602-05700-629176,33,602,05700
11-33-602-05700-803328,33,602,05700
11-33-602-05700-803329,33,602,05700
11-33-602-05700-803330,33,602,05700
11-33-602-05700-803331,33,602,05700
11-33-602-05701-629195,33,602,05701
11-33-602-05701-629196,33,602,05701
11-33-602-05701-629197,33,602,05701
11-33-602-05701-629198,33,602,05701
11-33-602-05701-629199,33,602,05701
11-33-602-05701-803332,33,602,05701
11-33-602-05701-803333,33,602,05701
11-33-602-05701-803334,33,602,05701
11-33-602-05701-803335,33,602,05701
11-33-602-05701-803336,33,602,05701
11-33-602-05701-803337,33,602,05701
11-33-602-05701-803338,33,602,05701
11-33-603-99999-803339,33,603,99999
11-33-604-05702-629203,33,604,05702
11-33-604-05702-629345,33,604,05702
11-33-604-05702-629347,33,604,05702
11-33-604-05702-629348,33,604,05702
11-33-604-05702-629349,33,604,05702
11-33-604-05702-629350,33,604,05702
11-33-604-05702-629351,33,604,05702
11-33-604-05702-629352,33,604,05702
11-33-604-05702-629353,33,604,05702
11-33-604-05702-629354,33,604,05702
11-33-604-05702-629355,33,604,05702
11-33-604-05702-629356,33,604,05702
11-33-604-05702-803340,33,604,05702
11-33-604-05702-803341,33,604,05702
11-33-604-05702-803342,33,604,05702
11-33-604-05702-803352,33,604,05704
11-33-604-05702-803352,33,604,05702
11-33-604-05703-803343,33,604,05703
11-33-604-05703-803344,33,604,05703
11-33-604-05703-803345,33,604,05703
11-33-604-05703-803346,33,604,05703
11-33-604-05703-803347,33,604,05703
11-33-604-05703-803348,33,604,05703
11-33-604-05704-629371,33,604,05704
11-33-604-05704-629372,33,604,05704
11-33-604-05704-629373,33,604,05704
11-33-604-05704-803349,33,604,05704
11-33-604-05704-803350,33,604,05704
11-33-604-05704-803351,33,604,05704
11-33-604-05704-803353,33,604,05704
11-33-604-05704-803354,33,604,05704
11-33-604-05704-803355,33,604,05704
11-33-604-05704-803356,33,604,05705
11-33-604-05704-803356,33,604,05704
11-33-604-05705-629381,33,604,05705
11-33-604-05705-629382,33,604,05705
11-33-604-05705-629383,33,604,05705
11-33-604-05705-629384,33,604,05705
11-33-604-05705-629385,33,604,05705
11-33-604-05705-629386,33,604,05705
11-33-604-05705-629387,33,604,05705
11-33-604-05705-629388,33,604,05705
11-33-604-05705-629389,33,604,05705
11-33-604-05705-629390,33,604,05705
11-33-604-05705-803357,33,604,05705
11-33-604-05705-803358,33,604,05705
11-33-604-05705-803359,33,604,05705
11-33-604-05705-803360,33,604,05705
11-33-604-05706-629566,33,604,05706
11-33-604-05706-629567,33,604,05706
11-33-604-05706-629568,33,604,05706
11-33-604-05706-629569,33,604,05706
11-33-604-05706-629570,33,604,05706
11-33-604-05706-629571,33,604,05706
11-33-604-05706-629572,33,604,05706
11-33-604-05706-629573,33,604,05706
11-33-604-05706-803361,33,604,05706
11-33-604-05706-803362,33,604,05706
11-33-604-05706-803363,33,604,05706
11-33-604-05706-803364,33,604,05706
11-33-604-05707-629740,33,604,05707
11-33-604-05707-629741,33,604,05707
11-33-604-05707-629742,33,604,05707
11-33-604-05707-629743,33,604,05707
11-33-604-05707-629744,33,604,05707
11-33-604-05707-629745,33,604,05707
11-33-604-05707-803365,33,604,05707
11-33-604-05707-803366,33,604,05707
11-33-604-05707-803367,33,604,05707
11-33-604-05708-803368,33,604,05708
11-33-604-05709-629963,33,604,05709
11-33-604-05709-803369,33,604,05709
11-33-604-05709-803370,33,604,05709
11-33-604-05710-803371,33,604,05710
11-33-604-05710-803372,33,604,05710
11-33-604-05710-803373,33,604,05710
11-33-604-05711-803374,33,604,05711
11-33-605-05712-630365,33,605,05712
11-33-605-05712-630366,33,605,05712
11-33-605-05712-630367,33,605,05712
11-33-605-05712-630368,33,605,05712
11-33-605-05712-803375,33,605,05712
11-33-605-05712-803376,33,605,05712
11-33-605-05713-630469,33,605,05713
11-33-605-05713-630470,33,605,05713
11-33-605-05713-630471,33,605,05713
11-33-605-05713-630472,33,605,05713
11-33-605-05713-803377,33,605,05713
11-33-605-05713-803378,33,605,05713
11-33-605-05713-803379,33,605,05713
11-33-605-05713-803380,33,605,05713
11-33-605-05713-803381,33,605,05713
11-33-605-05714-630546,33,605,05714
11-33-605-05714-630547,33,605,05714
11-33-605-05714-630548,33,605,05714
11-33-605-05714-630549,33,605,05714
11-33-605-05714-803382,33,605,05714
11-33-605-05714-803383,33,605,05714
11-33-605-05714-803384,33,605,05714
11-33-605-05714-803385,33,605,05714
11-33-605-05714-803386,33,605,05714
11-33-605-05715-630689,33,605,05715
11-33-605-05715-630690,33,605,05715
11-33-605-05715-630691,33,605,05715
11-33-605-05715-803387,33,605,05715
11-33-605-05715-803388,33,605,05715
11-33-605-05715-803389,33,605,05715
11-33-605-05715-803390,33,605,05715
11-33-605-05715-803391,33,605,05715
11-33-605-05716-630790,33,605,05716
11-33-605-05716-803392,33,605,05716
11-33-605-05716-803393,33,605,05716
11-33-605-05716-803394,33,605,05716
11-33-605-05716-803395,33,605,05716
11-33-605-05717-630906,33,605,05717
11-33-605-05717-630907,33,605,05717
11-33-605-05717-630908,33,605,05717
11-33-605-05717-630909,33,605,05717
11-33-605-05717-630910,33,605,05717
11-33-605-05717-630911,33,605,05717
11-33-605-05717-630912,33,605,05717
11-33-605-05717-630913,33,605,05717
11-33-605-05717-630914,33,605,05717
11-33-605-05717-803396,33,605,05717
11-33-605-05717-803397,33,605,05717
11-33-605-05717-803398,33,605,05717
11-33-605-05717-803399,33,605,05717
11-33-605-05717-803400,33,605,05717
11-33-605-05717-803401,33,605,05717
11-33-605-05717-803402,33,605,05717
11-33-605-05717-803403,33,605,05717
11-33-605-05718-630968,33,605,05718
11-33-605-05718-630969,33,605,05718
11-33-605-05718-630970,33,605,05718
11-33-605-05718-803404,33,605,05718
11-33-605-05718-803405,33,605,05718
11-33-605-05719-631065,33,605,05719
11-33-605-05719-631066,33,605,05719
11-33-605-05719-803406,33,605,05719
11-33-605-05719-803407,33,605,05719
11-33-605-05720-631158,33,605,05720
11-33-605-05720-631159,33,605,05720
11-33-605-05720-631160,33,605,05720
11-33-605-05720-631161,33,605,05720
11-33-605-05720-631162,33,605,05720
11-33-605-05720-631163,33,605,05720
11-33-605-05720-803408,33,605,05720
11-33-605-05720-803409,33,605,05720
11-33-605-05720-803410,33,605,05720
11-33-606-05721-631212,33,606,05721
11-33-606-05721-631213,33,606,05721
11-33-606-05721-631214,33,606,05721
11-33-606-05721-631215,33,606,05721
11-33-606-05721-631216,33,606,05721
11-33-606-05721-803411,33,606,05721
11-33-606-05721-803412,33,606,05721
11-33-606-05722-631434,33,606,05722
11-33-606-05722-631435,33,606,05722
11-33-606-05722-803413,33,606,05722
11-33-606-05723-803414,33,606,05723
11-33-606-05723-803415,33,606,05723
11-33-606-05723-803416,33,606,05723
11-33-606-05724-803417,33,606,05724
11-33-606-05724-803418,33,606,05724
11-33-606-05724-803419,33,606,05724
11-33-606-05725-803420,33,606,05725
11-33-606-05725-803421,33,606,05725
11-33-606-05727-632266,33,606,05727
11-33-606-05727-803422,33,606,05727
11-33-606-05727-803423,33,606,05727
11-33-606-05727-803424,33,606,05727
11-33-607-05728-803425,33,607,05728
11-33-607-05728-803426,33,607,05728
11-33-607-05729-803427,33,607,05729
11-33-607-05729-803428,33,607,05729
11-33-607-05730-803429,33,607,05730
11-33-607-05731-633050,33,607,05731
11-33-607-05731-803430,33,607,05731
11-33-607-05731-803431,33,607,05731
11-33-607-05731-803432,33,607,05731
11-33-607-05732-803433,33,607,05732
11-33-607-05732-803434,33,607,05732
11-33-607-05732-803435,33,607,05732
11-33-607-05732-803436,33,607,05732
11-33-607-05734-803438,33,607,05734
11-33-607-05734-803439,33,607,05734
11-33-607-05734-803440,33,607,05734
11-33-607-05734-803441,33,607,05734
11-33-607-05735-803442,33,607,05735
11-33-608-05736-633798,33,608,05736
11-33-608-05736-633799,33,608,05736
11-33-608-05736-803443,33,608,05736
11-33-608-05736-803444,33,608,05736
11-33-608-05736-803445,33,608,05736
11-33-608-05736-803446,33,608,05736
11-33-608-05736-803447,33,608,05736
11-33-608-05736-803448,33,608,05736
11-33-608-05736-803449,33,608,05736
11-33-608-05736-803450,33,608,05736
11-33-608-05737-633890,33,608,05737
11-33-608-05737-633891,33,608,05737
11-33-608-05737-633892,33,608,05737
11-33-608-05737-633893,33,608,05737
11-33-608-05737-803451,33,608,05737
11-33-608-05737-803452,33,608,05737
11-33-608-05737-803453,33,608,05737
11-33-608-05737-803454,33,608,05737
11-33-608-05738-803455,33,608,05738
11-33-608-05738-803456,33,608,05738
11-33-608-05738-803457,33,608,05738
11-33-608-05739-633955,33,608,05739
11-33-608-05739-633956,33,608,05739
11-33-608-05739-633957,33,608,05739
11-33-608-05739-803458,33,608,05739
11-33-608-05739-803459,33,608,05739
11-33-608-05739-803460,33,608,05739
11-33-608-05739-803461,33,608,05739
11-33-608-05740-634053,33,608,05740
11-33-608-05740-634054,33,608,05740
11-33-608-05740-634055,33,608,05740
11-33-608-05740-634056,33,608,05740
11-33-608-05740-634057,33,608,05740
11-33-608-05740-634058,33,608,05740
11-33-608-05740-634059,33,608,05740
11-33-608-05740-634060,33,608,05740
11-33-608-05740-634061,33,608,05740
11-33-608-05740-634062,33,608,05740
11-33-608-05740-634063,33,608,05740
11-33-608-05740-634064,33,608,05740
11-33-608-05740-634065,33,608,05740
11-33-608-05740-634066,33,608,05740
11-33-608-05740-634067,33,608,05740
11-33-608-05740-634068,33,608,05740
11-33-608-05740-634069,33,608,05740
11-33-608-05740-634070,33,608,05740
11-33-608-05740-634071,33,608,05740
11-33-608-05740-803462,33,608,05740
11-33-608-05740-803463,33,608,05740
11-33-608-05740-803464,33,608,05740
11-33-608-05740-803465,33,608,05740
11-33-608-05740-803466,33,608,05740
11-33-608-05740-803467,33,608,05740
11-33-608-05741-634158,33,608,05741
11-33-608-05742-634225,33,608,05742
11-33-608-05742-803468,33,608,05742
11-33-608-05742-803469,33,608,05742
11-33-608-05742-803470,33,608,05742
11-33-608-05743-803471,33,608,05743
11-33-608-05743-803472,33,608,05743
11-33-608-05743-803473,33,608,05743
11-33-608-05743-803473,33,609,05746
11-33-608-05743-803474,33,608,05743
11-33-608-05743-803475,33,608,05743
11-33-608-05744-803476,33,608,05744
11-33-608-05744-803477,33,608,05744
11-33-608-05744-803478,33,608,05744
11-33-608-05744-803479,33,608,05744
11-33-608-05744-803480,33,608,05744
11-33-609-05745-634470,33,609,05745
11-33-609-05745-634471,33,609,05745
11-33-609-05745-634472,33,609,05745
11-33-609-05745-634473,33,609,05745
11-33-609-05745-634474,33,609,05745
11-33-609-05745-803481,33,609,05745
11-33-609-05745-803482,33,609,05745
11-33-609-05745-803483,33,609,05745
11-33-609-05745-803484,33,609,05745
11-33-609-05745-803485,33,609,05745
11-33-609-05745-803486,33,609,05745
11-33-609-05746-803487,33,609,05746
11-33-609-05746-803489,33,609,05746
11-33-609-05746-803490,33,609,05746
11-33-609-05746-803491,33,609,05746
11-33-609-05746-803492,33,609,05746
11-33-609-05746-803493,33,609,05746
11-33-609-05746-803494,33,609,05746
11-33-609-05747-634702,33,609,05747
11-33-609-05747-634703,33,609,05747
11-33-609-05747-634704,33,609,05747
11-33-609-05747-634705,33,609,05747
11-33-609-05747-634706,33,609,05747
11-33-609-05747-803495,33,609,05747
11-33-609-05747-803496,33,609,05747
11-33-609-05747-803497,33,609,05747
11-33-609-05747-803498,33,609,05747
11-33-609-05747-803499,33,609,05747
11-33-609-05748-803500,33,609,05748
11-33-609-05748-803501,33,609,05748
11-33-609-05748-803502,33,609,05748
11-33-609-05748-803503,33,609,05748
11-33-609-05748-803504,33,609,05748
11-33-610-05749-803505,33,610,05749
11-33-610-05749-803506,33,610,05749
11-33-610-05749-803507,33,610,05749
11-33-610-05749-803508,33,610,05749
11-33-610-05749-803509,33,610,05749
11-33-610-05750-634896,33,610,05750
11-33-610-05750-803510,33,610,05750
11-33-610-05750-803511,33,610,05750
11-33-610-05750-803512,33,610,05750
11-33-610-05750-803513,33,610,05750
11-33-610-05750-803514,33,610,05750
11-33-610-05750-803515,33,610,05750
11-33-610-05750-803516,33,610,05750
11-33-610-05750-803517,33,610,05750
11-33-610-05750-803518,33,610,05750
11-33-610-05751-803519,33,610,05751
11-33-610-05751-803520,33,610,05751
11-33-610-05751-803521,33,610,05751
11-33-610-05751-803522,33,610,05751
11-33-610-05751-803523,33,610,05751
11-33-610-05751-803524,33,610,05751
11-33-610-05751-803525,33,610,05751
11-33-610-05751-803526,33,610,05751
11-33-610-05751-803527,33,610,05751
11-33-610-05751-803528,33,610,05751
11-33-610-05752-635019,33,610,05752
11-33-610-05752-635020,33,610,05752
11-33-610-05752-635021,33,610,05752
11-33-610-05752-803529,33,610,05752
11-33-610-05752-803530,33,610,05752
11-33-610-05752-803531,33,610,05752
11-33-610-05752-803532,33,610,05752
11-33-610-05752-803533,33,610,05752
11-33-610-05752-803534,33,610,05752
11-33-610-05752-803535,33,610,05752
11-33-610-05753-635078,33,610,05753
11-33-610-05753-635079,33,610,05753
11-33-610-05753-803536,33,610,05753
11-33-610-05753-803537,33,610,05753
11-33-610-05753-803538,33,610,05753
11-33-610-05753-803539,33,610,05753
11-33-610-05753-803540,33,610,05753
11-33-610-05753-803541,33,610,05753
11-33-610-05753-803542,33,610,05753
11-33-610-05753-803543,33,610,05753
11-33-610-05753-803544,33,610,05753
11-33-610-05753-803545,33,610,05753
11-33-610-05753-803546,33,610,05753
11-33-610-05753-803547,33,610,05753
11-33-610-05753-803548,33,610,05753
11-33-610-05753-803549,33,610,05753
11-33-610-05753-803550,33,610,05753
11-33-610-05753-803551,33,610,05753
11-33-610-05753-803552,33,610,05753
11-33-610-05753-803553,33,610,05753
11-33-610-05753-803554,33,610,05753
11-33-610-05753-803555,33,610,05753
11-33-610-05753-803556,33,610,05753
11-33-610-05753-803557,33,610,05753
11-33-611-05754-803558,33,611,05754
11-33-611-05755-803559,33,611,05755
11-33-611-05755-803560,33,611,05755
11-33-611-05755-803561,33,611,05755
11-33-611-05756-803562,33,611,05756
11-33-611-05756-803563,33,611,05756
11-33-611-05756-803564,33,611,05756
11-33-611-05757-803565,33,611,05757
11-33-611-05757-803566,33,611,05757
11-33-611-05758-635115,33,611,05758
11-33-611-05758-635116,33,611,05758
11-33-611-05758-803567,33,611,05758
11-33-611-05758-803568,33,611,05758
11-33-611-05758-803569,33,611,05758
11-33-611-05758-803570,33,611,05758
11-33-611-05758-803571,33,611,05758
11-33-611-05759-803572,33,611,05759
11-33-611-05759-803573,33,611,05759
11-33-612-05760-635174,33,612,05760
11-33-612-05760-635175,33,612,05760
11-33-612-05760-803574,33,612,05760
11-33-612-05760-803575,33,612,05760
11-33-612-05760-803576,33,612,05760
11-33-612-05760-803577,33,612,05760
11-33-612-05760-803578,33,612,05760
11-33-612-05761-803579,33,612,05761
11-33-612-05762-803580,33,612,05762
11-33-612-05762-803581,33,612,05762
11-33-612-05762-803582,33,612,05762
11-33-612-05762-803583,33,612,05762
11-33-612-05762-803584,33,612,05762
11-33-612-05763-803585,33,612,05763
11-33-612-05764-635409,33,612,05764
11-33-612-05764-635410,33,612,05764
11-33-612-05764-635411,33,612,05764
11-33-612-05764-635412,33,612,05764
11-33-612-05764-635413,33,612,05764
11-33-612-05764-803586,33,612,05764
11-33-612-05764-803587,33,612,05764
11-33-612-05764-803588,33,612,05764
11-33-612-05764-803589,33,612,05764
11-33-612-05764-803590,33,612,05764
11-33-612-05765-803591,33,612,05765
11-33-612-05765-803592,33,612,05765
11-33-612-05765-803593,33,612,05765
11-33-612-05766-803594,33,612,05766
11-33-612-05766-803595,33,612,05766
11-33-612-05767-803596,33,612,05767
11-33-612-05767-803597,33,612,05767
11-33-612-05767-803598,33,612,05767
11-33-612-05767-803599,33,612,05767
11-33-612-05767-803600,33,612,05767
11-33-613-05768-803601,33,613,05768
11-33-613-05768-803602,33,613,05768
11-33-613-05769-635581,33,613,05769
11-33-613-05769-635582,33,613,05769
11-33-613-05769-635583,33,613,05769
11-33-613-05769-635584,33,613,05769
11-33-613-05769-803603,33,613,05769
11-33-613-05769-803604,33,613,05769
11-33-613-05769-803605,33,613,05769
11-33-613-05769-803606,33,613,05769
11-33-613-05769-803607,33,613,05769
11-33-613-05769-803608,33,613,05769
11-33-613-05769-803609,33,613,05769
11-33-613-05769-803610,33,613,05769
11-33-613-05770-803611,33,613,05770
11-33-613-05770-803612,33,613,05770
11-33-613-05771-803613,33,613,05771
11-33-613-05771-803614,33,613,05771
11-33-613-05771-803615,33,613,05771
11-33-614-05773-803616,33,614,05773
11-33-614-05773-803617,33,614,05773
11-33-614-05774-803618,33,614,05774
11-33-614-05774-803619,33,614,05774
11-33-614-05774-803620,33,614,05774
11-33-614-05775-803621,33,614,05775
11-33-614-05775-803622,33,614,05775
11-33-614-05775-803623,33,614,05775
11-33-614-05776-635874,33,614,05776
11-33-614-05776-803624,33,614,05776
11-33-614-05776-803625,33,614,05776
11-33-614-05777-635962,33,614,05777
11-33-614-05777-803626,33,614,05777
11-33-614-05777-803627,33,614,05777
11-33-614-05777-803628,33,614,05777
11-33-614-05777-803629,33,614,05777
11-33-614-05778-636012,33,614,05778
11-33-614-05778-636013,33,614,05778
11-33-614-05778-803630,33,614,05778
11-33-614-05779-803631,33,614,05779
11-33-614-05780-636033,33,614,05780
11-33-614-05780-636034,33,614,05780
11-33-614-05780-636035,33,614,05780
11-33-614-05780-636036,33,614,05780
11-33-614-05780-636037,33,614,05780
11-33-614-05780-636038,33,614,05780
11-33-614-05780-803632,33,614,05780
11-33-614-05780-803633,33,614,05780
11-33-614-05780-803634,33,614,05780
11-33-614-05781-803635,33,614,05781
11-33-614-05781-803636,33,614,05781
11-33-615-05782-803637,33,615,05782
11-33-615-05782-803638,33,615,05782
11-33-615-05782-803638,33,623,05836
11-33-615-05783-803639,33,615,05783
11-33-615-05783-803640,33,615,05783
11-33-615-05784-803641,33,615,05784
11-33-616-05786-803642,33,616,05786
11-33-616-05786-803643,33,616,05786
11-33-616-05786-803644,33,616,05786
11-33-616-05787-803645,33,616,05787
11-33-617-05788-636612,33,617,05788
11-33-617-05788-803646,33,617,05788
11-33-617-05788-803647,33,617,05788
11-33-617-05788-803648,33,617,05788
11-33-617-05788-803649,33,617,05788
11-33-617-05789-636682,33,617,05789
11-33-617-05789-636683,33,617,05789
11-33-617-05789-636684,33,617,05789
11-33-617-05789-803650,33,617,05789
11-33-617-05790-636738,33,617,05790
11-33-617-05790-803651,33,617,05790
11-33-617-05790-803652,33,617,05790
11-33-617-05791-636913,33,617,05791
11-33-617-05791-636914,33,617,05791
11-33-617-05791-636915,33,617,05791
11-33-617-05791-803653,33,617,05791
11-33-617-05791-803654,33,617,05791
11-33-617-05791-803655,33,617,05791
11-33-617-05791-803656,33,617,05791
11-33-617-05791-803657,33,617,05791
11-33-617-05791-803658,33,617,05791
11-33-617-05792-803659,33,617,05792
11-33-617-05792-803660,33,617,05792
11-33-617-05792-803661,33,617,05792
11-33-617-05793-637226,33,617,05793
11-33-617-05793-803662,33,617,05793
11-33-617-05793-803663,33,617,05793
11-33-617-05793-803664,33,617,05793
11-33-617-05794-803665,33,617,05794
11-33-617-05794-803666,33,617,05794
11-33-618-05795-803667,33,618,05795
11-33-618-05795-803668,33,618,05795
11-33-618-05796-803669,33,618,05796
11-33-618-05796-803670,33,618,05796
11-33-618-05797-803671,33,618,05797
11-33-618-05798-803672,33,618,05798
11-33-618-05799-637707,33,618,05799
11-33-618-05799-637708,33,618,05799
11-33-618-05799-803673,33,618,05799
11-33-618-05799-803674,33,618,05799
11-33-618-05800-803675,33,618,05800
11-33-618-05800-803676,33,618,05800
11-33-618-05802-803677,33,618,05802
11-33-618-05802-803678,33,618,05802
11-33-619-05803-803679,33,619,05803
11-33-619-05804-803680,33,619,05804
11-33-619-05804-803681,33,619,05804
11-33-619-05805-803682,33,619,05805
11-33-619-05805-803683,33,619,05805
11-33-619-05806-803684,33,619,05806
11-33-619-05807-803685,33,619,05807
11-33-619-05807-803686,33,619,05807
11-33-619-05808-803687,33,619,05808
11-33-619-05809-803688,33,619,05809
11-33-619-05809-803689,33,619,05809
11-33-620-05810-803690,33,620,05810
11-33-620-05810-803691,33,620,05810
11-33-620-05810-803692,33,620,05810
11-33-620-05810-803693,33,620,05810
11-33-620-05810-803694,33,620,05810
11-33-620-05811-638573,33,620,05811
11-33-620-05811-638574,33,620,05811
11-33-620-05811-638575,33,620,05811
11-33-620-05811-638576,33,620,05811
11-33-620-05811-803695,33,620,05811
11-33-620-05811-803696,33,620,05811
11-33-620-05811-803697,33,620,05811
11-33-620-05811-803698,33,620,05811
11-33-620-05811-803699,33,620,05811
11-33-620-05812-638683,33,620,05812
11-33-620-05812-803700,33,620,05812
11-33-620-05812-803701,33,620,05812
11-33-620-05812-803702,33,620,05812
11-33-620-05812-803703,33,620,05812
11-33-620-05813-803704,33,620,05813
11-33-620-05813-803705,33,620,05813
11-33-620-05813-803706,33,620,05813
11-33-620-05814-638845,33,620,05814
11-33-620-05814-638846,33,620,05814
11-33-620-05814-638847,33,620,05814
11-33-620-05814-638848,33,620,05814
11-33-620-05814-803707,33,620,05814
11-33-620-05814-803708,33,620,05814
11-33-620-05815-803709,33,620,05815
11-33-620-05816-803710,33,620,05816
11-33-620-05816-803711,33,620,05816
11-33-620-05816-803712,33,620,05816
11-33-620-05817-803713,33,620,05817
11-33-620-05817-803714,33,620,05817
11-33-621-05818-639295,33,621,05818
11-33-621-05818-803715,33,621,05818
11-33-621-05818-803716,33,621,05818
11-33-621-05819-803717,33,621,05819
11-33-621-05821-639446,33,621,05821
11-33-621-05821-639447,33,621,05821
11-33-621-05821-803718,33,621,05821
11-33-621-05822-803719,33,621,05822
11-33-621-05823-803720,33,621,05823
11-33-621-05824-639647,33,621,05824
11-33-621-05824-803721,33,621,05824
11-33-621-05824-803722,33,621,05824
11-33-621-05825-803723,33,621,05825
11-33-621-05826-803724,33,621,05826
11-33-621-05827-639867,33,621,05827
11-33-621-05827-639868,33,621,05827
11-33-622-05829-803725,33,622,05829
11-33-622-05829-803726,33,622,05829
11-33-622-05829-803727,33,622,05829
11-33-622-05830-640126,33,607,05733
11-33-622-05830-640126,33,622,05830
11-33-622-05830-803728,33,622,05830
11-33-622-05830-803729,33,622,05830
11-33-622-05830-803730,33,622,05830
11-33-622-05830-803731,33,622,05830
11-33-622-05830-803732,33,622,05830
11-33-622-05830-803733,33,622,05830
11-33-622-05831-803734,33,622,05831
11-33-622-05832-803735,33,622,05832
11-33-622-05832-803736,33,622,05832
11-33-622-05833-803737,33,622,05833
11-33-622-05833-803738,33,622,05833
11-33-622-05834-803739,33,622,05834
11-33-623-05835-803740,33,623,05835
11-33-623-05835-803741,33,623,05835
11-33-623-05836-640707,33,623,05836
11-33-623-05836-640708,33,623,05836
11-33-623-05836-640709,33,623,05836
11-33-623-05836-640710,33,623,05836
11-33-623-05836-640711,33,623,05836
11-33-623-05836-640712,33,623,05836
11-33-623-05836-640713,33,623,05836
11-33-623-05836-640714,33,623,05836
11-33-623-05836-640715,33,623,05836
11-33-623-05836-803742,33,623,05836
11-33-623-05836-803743,33,623,05836
11-33-623-05836-803744,33,623,05836
11-33-623-05837-803745,33,623,05837
11-33-623-05837-803746,33,623,05837
11-33-623-05837-803747,33,623,05837
11-33-623-05837-803748,33,623,05837
11-33-623-05838-803749,33,623,05838
11-33-623-05839-803750,33,623,05839
11-33-623-05839-803751,33,623,05839
11-33-623-05839-803752,33,623,05839
11-33-623-05840-803753,33,623,05840
11-33-623-05841-641061,33,623,05841
11-33-623-05841-641062,33,623,05841
11-33-623-05841-641063,33,623,05841
11-33-623-05841-641064,33,623,05841
11-33-623-05841-641065,33,623,05841
11-33-623-05841-641066,33,623,05841
11-33-623-05841-641067,33,623,05841
11-33-623-05841-641068,33,623,05841
11-33-623-05841-641069,33,623,05841
11-33-623-05841-641070,33,623,05841
11-33-623-05841-803754,33,623,05841
11-33-623-05841-803755,33,623,05841
11-33-623-05841-803756,33,623,05841
11-33-623-05841-803757,33,623,05841
11-33-623-05841-803758,33,623,05841
11-33-624-05842-803759,33,624,05842
11-33-624-05842-803760,33,624,05842
11-33-624-05842-803761,33,624,05842
11-33-624-05842-803762,33,624,05842
11-33-624-05843-803763,33,624,05843
11-33-624-05843-803764,33,624,05843
11-33-624-05843-803765,33,624,05843
11-33-624-05843-803766,33,624,05843
11-33-624-05843-803767,33,624,05843
11-33-624-05843-803768,33,624,05843
11-33-624-05844-803769,33,624,05844
11-33-624-05844-803770,33,624,05844
11-33-624-05844-803771,33,624,05844
11-33-624-05845-803772,33,624,05845
11-33-624-05845-803773,33,624,05845
11-33-624-05845-803774,33,624,05845
11-33-624-05845-803775,33,624,05845
11-33-624-05845-803776,33,624,05845
11-33-624-05845-803777,33,624,05845
11-33-624-05845-803778,33,624,05845
11-33-624-05845-803779,33,624,05845
11-33-624-05845-803780,33,624,05845
11-33-624-05845-803781,33,624,05845
11-33-624-05845-803782,33,624,05845
11-33-624-05845-803783,33,624,05845
11-33-624-05845-803784,33,624,05845
11-33-624-05845-803785,33,624,05845
11-33-624-05846-803786,33,624,05846
11-33-625-05847-641208,33,625,05847
11-33-625-05847-641209,33,625,05847
11-33-625-05847-641210,33,625,05847
11-33-625-05847-803787,33,625,05847
11-33-625-05847-803788,33,625,05847
11-33-625-05847-803789,33,625,05847
11-33-625-05848-641267,33,625,05848
11-33-625-05848-803790,33,625,05848
11-33-625-05848-803791,33,625,05848
11-33-625-05848-803792,33,625,05848
11-33-625-05848-803793,33,626,05855
11-33-625-05848-803793,33,625,05848
11-33-625-05848-803794,33,625,05848
11-33-625-05848-803795,33,625,05848
11-33-625-05849-641310,33,625,05849
11-33-625-05849-641311,33,625,05849
11-33-625-05849-641312,33,625,05849
11-33-625-05849-641313,33,625,05849
11-33-625-05849-641314,33,625,05849
11-33-625-05849-641315,33,625,05849
11-33-625-05849-641316,33,625,05849
11-33-625-05849-641317,33,625,05849
11-33-625-05849-803796,33,625,05849
11-33-625-05849-803797,33,625,05849
11-33-625-05850-641365,33,625,05850
11-33-625-05850-641366,33,625,05850
11-33-625-05850-641367,33,625,05850
11-33-625-05850-641368,33,625,05850
11-33-625-05850-641369,33,625,05850
11-33-625-05850-641370,33,625,05850
11-33-625-05850-641371,33,625,05850
11-33-625-05850-803798,33,625,05850
11-33-625-05851-803799,33,625,05851
11-33-625-05851-803800,33,625,05851
11-33-625-05853-641698,33,625,05853
11-33-625-05853-641699,33,625,05853
11-33-625-05853-641700,33,625,05853
11-33-625-05853-641701,33,625,05853
11-33-625-05853-803801,33,625,05853
11-33-625-05854-641763,33,625,05854
11-33-625-05854-641764,33,625,05854
11-33-625-05854-641765,33,625,05854
11-33-625-05854-641766,33,625,05854
11-33-625-05854-641767,33,625,05854
11-33-625-05854-803802,33,625,05854
11-33-626-05855-803803,33,626,05855
11-33-626-05855-803804,33,626,05855
11-33-626-05856-641956,33,626,05856
11-33-626-05856-803805,33,626,05856
11-33-626-05857-803806,33,626,05857
11-33-626-05858-803807,33,626,05858
11-33-626-05858-803808,33,626,05858
11-33-626-05859-803809,33,626,05859
11-33-626-05860-642162,33,626,05860
11-33-626-05860-642163,33,626,05860
11-33-626-05860-642164,33,626,05860
11-33-626-05860-642165,33,626,05860
11-33-626-05860-803810,33,626,05860
11-33-626-05860-803811,33,626,05860
11-33-626-05860-803812,33,626,05860
11-33-626-05861-803813,33,626,05861
11-33-627-05862-642240,33,627,05862
11-33-627-05862-642241,33,627,05862
11-33-627-05862-642242,33,627,05862
11-33-627-05862-642243,33,627,05862
11-33-627-05862-642244,33,627,05862
11-33-627-05862-803814,33,627,05862
11-33-627-05862-803815,33,627,05862
11-33-627-05862-803816,33,627,05862
11-33-627-05862-803817,33,627,05862
11-33-627-05863-803818,33,627,05863
11-33-627-05864-803819,33,627,05864
11-33-627-05864-803820,33,627,05864
11-33-627-05865-642449,33,627,05865
11-33-627-05866-642475,33,627,05866
11-33-627-05866-642476,33,627,05866
11-33-627-05866-642477,33,627,05866
11-33-627-05866-642478,33,627,05866
11-33-627-05866-642479,33,627,05866
11-33-627-05866-642480,33,627,05866
11-33-627-05866-803821,33,627,05866
11-33-627-05867-803822,33,627,05867
11-33-627-05867-803823,33,627,05867
11-33-627-05867-803824,33,627,05867
11-33-627-05867-803825,33,627,05867
11-33-627-05868-642593,33,627,05868
11-33-627-05868-803826,33,627,05868
11-33-627-05868-803827,33,627,05868
11-33-627-05868-803828,33,627,05868
11-33-627-05868-803829,33,627,05868
11-33-627-05868-803830,33,627,05868
11-33-627-05868-803831,33,627,05868
11-33-627-05868-803832,33,627,05868
11-33-627-05868-803833,33,627,05868
11-33-627-05868-803834,33,627,05868
11-33-627-05869-803835,33,627,05869
11-33-628-05870-803836,33,628,05870
11-33-628-05870-803837,33,628,05870
11-33-628-05870-803838,33,628,05870
11-33-628-05870-803839,33,628,05870
11-33-628-05871-803840,33,628,05871
11-33-628-05871-803841,33,628,05871
11-33-628-05872-803842,33,628,05872
11-33-628-05873-803843,33,628,05873
11-33-628-05873-803844,33,628,05873
11-33-628-05873-803845,33,628,05873
11-33-628-05873-803846,33,628,05873
11-33-628-05873-803847,33,628,05873
11-33-628-05873-803848,33,628,05873
11-33-628-05873-803849,33,628,05873
11-33-628-05873-803850,33,628,05873
11-33-628-05874-642790,33,628,05874
11-33-628-05874-803851,33,628,05874
11-33-628-05874-803852,33,628,05874
11-33-628-05874-803853,33,628,05874
11-33-628-05874-803854,33,628,05874
11-33-628-05874-803855,33,628,05874
11-33-628-05875-642822,33,628,05875
11-33-628-05875-803856,33,628,05875
11-33-628-05875-803857,33,628,05875
11-33-628-05876-803858,33,628,05876
11-33-628-05876-803859,33,628,05876
11-33-628-05876-803860,33,628,05876
11-33-628-05878-642991,33,628,05878
11-33-628-05878-642992,33,628,05878
11-33-628-05878-642993,33,628,05878
11-33-628-05878-803861,33,628,05878
11-33-628-05878-803862,33,628,05878
11-33-628-05878-803863,33,628,05878
11-33-628-05878-803864,33,628,05878
11-33-628-05878-803865,33,628,05878
11-33-628-05878-803866,33,628,05878
11-33-628-05878-803867,33,628,05878
11-33-628-05878-803868,33,628,05878
11-33-628-05878-803869,33,628,05878
11-33-628-05878-803870,33,628,05878
11-33-628-05878-803871,33,628,05878
11-33-628-05879-803872,33,628,05879
11-33-628-05879-803873,33,628,05879
11-33-628-05879-803874,33,628,05879
11-33-628-05879-803875,33,628,05879
11-33-628-05879-803876,33,628,05879
11-33-628-05880-643081,33,628,05880
11-33-628-05880-643089,33,628,05880
11-33-628-05880-643091,33,628,05880
11-33-628-05880-643092,33,628,05880
11-33-628-05880-803877,33,628,05880
11-33-628-05880-803878,33,628,05880
11-33-628-05880-803879,33,628,05880
11-33-629-05881-643093,33,629,05881
11-33-629-05881-643102,33,629,05881
11-33-629-05881-643103,33,629,05881
11-33-629-05881-643104,33,629,05881
11-33-629-05881-643105,33,629,05881
11-33-629-05881-643106,33,629,05881
11-33-629-05881-643107,33,629,05881
11-33-629-05881-643108,33,629,05881
11-33-629-05881-643109,33,629,05881
11-33-629-05881-643110,33,629,05881
11-33-629-05881-643111,33,629,05881
11-33-629-05881-643112,33,629,05881
11-33-629-05881-643113,33,629,05881
11-33-629-05881-643114,33,629,05881
11-33-629-05881-643115,33,629,05881
11-33-629-05881-643116,33,629,05881
11-33-629-05881-643117,33,629,05881
11-33-629-05881-643118,33,629,05881
11-33-629-05881-643119,33,629,05881
11-33-629-05881-643120,33,629,05881
11-33-629-05881-643121,33,629,05881
11-33-629-05881-803880,33,629,05881
11-33-629-05881-803881,33,629,05881
11-33-629-05881-803882,33,629,05881
11-33-629-05881-803883,33,629,05881
11-33-629-05881-803884,33,629,05881
11-33-629-05881-803885,33,629,05881
11-33-629-05881-803886,33,629,05881
11-33-629-05881-803887,33,629,05881
11-33-629-05881-803888,33,629,05881
11-33-629-05881-803889,33,629,05881
11-33-629-05881-803890,33,629,05881
11-33-629-05881-803891,33,629,05881
11-33-629-05881-803892,33,629,05881
11-33-629-05881-803893,33,629,05881
11-33-629-05881-803894,33,629,05881
11-33-629-05881-803895,33,629,05881
11-33-629-05882-643134,33,629,05882
11-33-629-05882-643139,33,629,05882
11-33-629-05882-643140,33,629,05882
11-33-629-05882-643141,33,629,05882
11-33-629-05882-643142,33,629,05882
11-33-629-05882-643143,33,629,05882
11-33-629-05882-643144,33,629,05882
11-33-629-05882-803896,33,629,05882
11-33-629-05882-803897,33,629,05882
11-33-629-05882-803898,33,629,05882
11-33-629-05882-803899,33,629,05882
11-33-629-05882-803900,33,629,05882
11-33-629-05882-803901,33,629,05882
11-33-629-05882-803902,33,629,05882
11-33-629-05882-803903,33,629,05882
11-33-629-05882-803904,33,629,05882
11-33-629-05882-803905,33,629,05882
11-33-629-05882-803906,33,629,05882
11-33-629-05882-803907,33,629,05882
11-33-629-05882-803908,33,629,05882
11-33-629-05882-803909,33,629,05882
11-33-629-05882-803910,33,629,05882
11-33-629-05882-803911,33,629,05882
11-33-629-05882-803912,33,629,05882
11-33-629-05882-803913,33,629,05882
11-33-629-05882-803914,33,629,05882
11-33-629-05882-803915,33,629,05882
11-33-629-05882-803916,33,629,05882
11-33-629-05882-803917,33,629,05882
11-33-629-05882-803918,33,629,05882
11-33-629-05882-803919,33,629,05882
11-33-629-05882-803920,33,629,05882
11-33-629-05883-643154,33,629,05883
11-33-629-05883-643164,33,629,05883
11-33-629-05883-803921,33,629,05883
11-33-629-05883-803922,33,629,05883
11-33-629-05883-803923,33,629,05883
11-33-629-05883-803924,33,629,05883
11-33-629-05884-643166,33,629,05884
11-33-629-05884-643178,33,629,05884
11-33-629-05884-643187,33,629,05884
11-33-629-05884-643188,33,629,05884
11-33-629-05884-643189,33,629,05884
11-33-629-05884-643191,33,629,05884
11-33-629-05884-803925,33,629,05884
11-33-629-05884-803926,33,629,05884
11-33-629-05884-803927,33,629,05884
11-33-629-05884-803928,33,629,05884
11-33-629-05884-803929,33,629,05884
11-33-629-05884-803930,33,629,05884
11-33-629-05884-803931,33,629,05884
11-33-629-05884-803932,33,629,05884
11-33-629-05884-803933,33,629,05884
11-33-629-05884-803934,33,629,05884
11-33-629-05884-803935,33,629,05884
11-33-629-05884-803936,33,629,05884
11-33-629-05884-803937,33,629,05884
11-33-629-05884-803938,33,629,05884
11-33-629-05884-803939,33,629,05884
11-33-630-05885-803940,33,630,05885
11-33-630-05885-803941,33,630,05885
11-33-630-05885-803942,33,630,05885
11-33-630-05886-803943,33,630,05886
11-33-630-05886-803944,33,630,05886
11-33-630-05887-803945,33,630,05887
11-33-630-05887-803946,33,630,05887
11-33-630-05887-803947,33,630,05887
11-33-630-05888-643626,33,630,05888
11-33-630-05888-643627,33,630,05888
11-33-630-05888-803948,33,630,05888
11-33-630-05889-803949,33,630,05889
11-33-630-05889-803950,33,630,05889
11-33-631-05890-643848,33,631,05890
11-33-631-05890-643849,33,631,05890
11-33-631-05890-643850,33,631,05890
11-33-631-05890-803951,33,631,05890
11-33-631-05890-803952,33,631,05890
11-33-631-05891-643997,33,631,05891
11-33-631-05891-643998,33,631,05891
11-33-631-05891-803953,33,631,05891
11-33-631-05891-803954,33,631,05891
11-33-631-05891-803955,33,631,05891
11-33-631-05892-803956,33,631,05892
11-33-631-05892-803957,33,631,05892
11-33-631-05893-803958,33,631,05893
11-33-631-05894-803959,33,631,05894
11-33-632-05895-803960,33,632,05895
11-33-632-05895-803961,33,632,05895
11-33-632-05895-803962,33,632,05895
11-33-632-05896-644400,33,632,05896
11-33-632-05896-644401,33,632,05896
11-33-632-05896-644402,33,632,05896
11-33-632-05896-644403,33,632,05896
11-33-632-05896-644404,33,632,05896
11-33-632-05896-644405,33,632,05896
11-33-632-05896-644406,33,632,05896
11-33-632-05896-803963,33,632,05896
11-33-632-05896-803964,33,632,05896
11-33-632-05896-803965,33,632,05896
11-33-632-05896-803966,33,632,05896
11-33-632-05896-803967,33,632,05896
11-33-632-05896-803968,33,632,05896
11-33-632-05897-644442,33,632,05897
11-33-632-05897-644443,33,632,05897
11-33-632-05897-644444,33,632,05897
11-33-632-05897-644445,33,632,05897
11-33-632-05897-644446,33,632,05897
11-33-632-05897-803969,33,632,05897
11-33-632-05897-803970,33,632,05897
11-33-632-05897-803971,33,632,05897
11-33-632-05897-803972,33,632,05897
11-33-632-05897-803973,33,632,05897
11-33-632-05897-803974,33,632,05897
11-33-632-05897-803975,33,632,05897
11-33-632-05897-803976,33,632,05897
11-33-632-05897-803977,33,632,05897
11-33-632-05897-803978,33,632,05897
11-33-632-05897-803979,33,632,05897
11-33-632-05897-803980,33,632,05897
11-33-632-05897-803981,33,632,05897
11-33-632-05897-803982,33,632,05897
11-33-632-05898-644473,33,632,05898
11-33-632-05898-644474,33,632,05898
11-33-632-05898-803983,33,632,05898
11-33-632-05898-803984,33,632,05898
11-33-632-05898-803985,33,632,05898
11-33-632-05898-803986,33,632,05898
11-33-632-05898-803987,33,632,05898
11-33-632-05898-803988,33,632,05898
11-33-632-05898-803989,33,632,05898
11-33-632-05898-803990,33,632,05898
11-33-632-05898-803991,33,632,05898
11-33-632-05898-803992,33,632,05898
11-33-632-05898-803993,33,632,05898
11-33-632-05898-803994,33,632,05898
11-33-632-05898-803996,33,632,05898
11-33-632-05898-803997,33,632,05898
11-33-632-05898-803998,33,632,05898
11-33-632-05898-803999,33,632,05898
11-33-632-05899-644591,33,632,05899
11-33-632-05899-644592,33,632,05899
11-33-632-05899-644593,33,632,05899
11-33-632-05899-644594,33,632,05899
11-33-632-05899-804000,33,632,05899
11-33-632-05899-804001,33,632,05899
11-33-632-05899-804002,33,632,05899
11-33-632-05899-804003,33,632,05899
11-33-632-05899-804004,33,632,05899
11-33-632-05899-804005,33,632,05899
11-33-632-05899-804006,33,632,05899
11-33-632-05899-804007,33,632,05899
11-33-632-05899-804008,33,632,05899
11-33-632-05899-804009,33,632,05899
11-33-632-05900-804010,33,632,05900
11-33-633-05901-804011,33,633,05901
11-33-633-05901-804012,33,633,05901
11-33-633-05901-804013,33,633,05901
11-33-633-05902-804014,33,633,05902
11-33-633-05902-804015,33,633,05902
11-33-633-05902-804016,33,633,05902
11-33-633-05902-804017,33,633,05902
11-33-633-05902-804018,33,633,05902
11-33-633-05902-804019,33,633,05902
11-33-633-05903-644772,33,633,05903
11-33-633-05903-644773,33,633,05903
11-33-633-05903-644774,33,633,05903
11-33-633-05903-644775,33,633,05903
11-33-633-05903-644776,33,633,05903
11-33-633-05903-644777,33,633,05903
11-33-633-05903-644778,33,633,05903
11-33-633-05903-644779,33,633,05903
11-33-633-05903-804020,33,633,05903
11-33-633-05903-804021,33,633,05903
11-33-633-05903-804022,33,633,05903
11-33-633-05903-804023,33,633,05903
11-33-633-05904-644790,33,633,05904
11-33-633-05904-644791,33,633,05904
11-33-633-05904-644792,33,633,05904
11-33-633-05904-644792,33,632,05898
11-33-633-05904-644793,33,633,05904
11-33-633-05904-644794,33,633,05904
11-33-633-05904-644795,33,633,05904
11-33-633-05904-644796,33,633,05904
11-33-633-05904-644797,33,633,05904
11-33-633-05904-644798,33,633,05904
11-33-633-05904-644799,33,633,05904
11-33-633-05904-644800,33,633,05904
11-33-633-05904-804024,33,633,05904
11-33-633-05904-804025,33,633,05904
11-33-633-05904-804026,33,633,05904
11-33-633-05905-644826,33,633,05905
11-33-633-05905-644827,33,633,05905
11-33-633-05905-644828,33,633,05905
11-33-633-05905-804027,33,633,05905
11-33-633-05905-804028,33,633,05905
11-33-633-05906-644879,33,633,05906
11-33-633-05906-644880,33,633,05906
11-33-633-05906-644881,33,633,05906
11-33-633-05906-804029,33,633,05906
11-33-633-05906-804030,33,633,05906
11-33-633-05907-804031,33,633,05907
11-33-633-05907-804032,33,633,05907
11-33-633-05907-804033,33,633,05907
11-33-633-05907-804034,33,633,05907
11-34-634-05908-804035,34,634,05908
11-34-635-05909-644921,34,635,05909
11-34-635-05909-644922,34,635,05909
11-34-635-05909-804036,34,635,05909
11-34-635-05910-804037,34,635,05910
11-34-635-05911-644959,34,635,05911
11-34-635-05911-804038,34,635,05911
11-34-636-05913-804039,34,636,05913
11-34-637-05914-644995,34,637,05914
11-34-637-05914-804040,34,637,05914
11-35-639-05921-645439,35,639,05921
11-35-640-05922-645516,35,640,05922
11-35-640-05923-645550,35,640,05923
11-35-640-05923-645551,35,640,05923
11-35-640-05923-804041,35,640,05923
