index,shrid2,ua_id,ua_pc11_pca_tot_p,ua_pc11_land_area
0,11-01-002-00007-000645,800013,1239014.0,290.3569241166115
1,11-01-002-00007-000647,800013,1239014.0,290.3569241166115
2,11-01-002-00007-000648,800013,1239014.0,290.3569241166115
3,11-01-002-00007-000667,800013,1239014.0,290.3569241166115
4,11-01-002-00007-000671,800013,1239014.0,290.3569241166115
5,11-01-002-00007-000672,800013,1239014.0,290.3569241166115
6,11-01-002-00007-000675,800013,1239014.0,290.3569241166115
7,11-01-002-00007-000676,800013,1239014.0,290.3569241166115
8,11-01-002-00007-000695,800013,1239014.0,290.3569241166115
9,11-01-002-00007-000697,800013,1239014.0,290.3569241166115
10,11-01-002-00007-800019,800013,1239014.0,290.3569241166115
11,11-01-002-00008-000723,800013,1239014.0,290.3569241166115
12,11-01-002-00008-000724,800013,1239014.0,290.3569241166115
13,11-01-002-00008-000725,800013,1239014.0,290.3569241166115
18,11-01-007-00030-001841,800084,63721.0,35.36999976634979
19,11-01-007-00030-001842,800084,63721.0,35.36999976634979
20,11-01-007-00030-001846,800084,63721.0,35.36999976634979
21,11-01-007-00030-001847,800084,63721.0,35.36999976634979
23,11-01-007-00030-001887,800084,63721.0,35.36999976634979
25,11-01-007-00030-800084,800084,63721.0,35.36999976634979
28,11-01-008-00032-800003,800003,71292.0,18.899999618530273
29,11-01-008-00035-800006,800006,71434.0,23.979999542236328
30,11-01-010-00043-800013,800013,1239014.0,290.3569241166115
36,11-01-014-00055-800033,800033,150592.0,44.33801031112671
38,11-01-019-00072-004873,800055,86997.0,31.097000867128372
39,11-01-019-00072-004874,800055,86997.0,31.097000867128372
40,11-01-019-00072-004903,800055,86997.0,31.097000867128372
41,11-01-019-00072-004904,800055,86997.0,31.097000867128372
42,11-01-019-00072-004905,800055,86997.0,31.097000867128372
43,11-01-019-00072-004906,800055,86997.0,31.097000867128372
44,11-01-019-00072-004917,800055,86997.0,31.097000867128372
45,11-01-019-00072-800055,800055,86997.0,31.097000867128372
46,11-01-021-00079-005766,800071,690627.0,271.3380011320114
47,11-01-021-00079-005769,800071,690627.0,271.3380011320114
48,11-01-021-00079-005770,800071,690627.0,271.3380011320114
49,11-01-021-00079-005772,800071,690627.0,271.3380011320114
50,11-01-021-00079-005934,800071,690627.0,271.3380011320114
51,11-01-021-00079-005936,800071,690627.0,271.3380011320114
52,11-01-021-00079-005937,800071,690627.0,271.3380011320114
53,11-01-021-00079-005938,800071,690627.0,271.3380011320114
54,11-01-021-00079-005951,800071,690627.0,271.3380011320114
55,11-01-021-00079-005952,800071,690627.0,271.3380011320114
56,11-01-021-00079-005953,800071,690627.0,271.3380011320114
57,11-01-021-00079-005955,800071,690627.0,271.3380011320114
58,11-01-021-00079-005965,800071,690627.0,271.3380011320114
59,11-01-021-00079-800071,800071,690627.0,271.3380011320114
60,11-01-021-00079-800072,800071,690627.0,271.3380011320114
64,11-01-021-00081-006184,800071,690627.0,271.3380011320114
65,11-01-022-00082-006322,800071,690627.0,271.3380011320114
66,11-01-022-00082-006324,800071,690627.0,271.3380011320114
67,11-01-022-00082-006325,800071,690627.0,271.3380011320114
79,11-01-022-00082-006672,800071,690627.0,271.3380011320114
80,11-01-022-00082-800077,800071,690627.0,271.3380011320114
82,11-02-024-00094-008683,800144,217204.0,63.80380022525787
89,11-02-029-00150-018823,800258,55477.0,24.87000098824501
90,11-02-029-00150-018831,800258,55477.0,24.87000098824501
108,11-02-031-00162-021065,800124,61216.0,69.7764001712203
109,11-02-031-00162-021066,800124,61216.0,69.7764001712203
110,11-02-031-00162-021067,800124,61216.0,69.7764001712203
111,11-02-031-00162-021068,800124,61216.0,69.7764001712203
112,11-02-031-00162-021071,800124,61216.0,69.7764001712203
113,11-02-031-00162-021072,800124,61216.0,69.7764001712203
114,11-02-031-00162-021076,800124,61216.0,69.7764001712203
115,11-02-031-00162-021079,800124,61216.0,69.7764001712203
116,11-02-031-00162-021081,800124,61216.0,69.7764001712203
117,11-02-031-00162-021083,800124,61216.0,69.7764001712203
118,11-02-031-00162-021087,800124,61216.0,69.7764001712203
119,11-02-031-00162-021089,800124,61216.0,69.7764001712203
120,11-02-031-00162-021092,800124,61216.0,69.7764001712203
121,11-02-031-00162-021093,800124,61216.0,69.7764001712203
122,11-02-031-00162-021101,800124,61216.0,69.7764001712203
123,11-02-031-00162-021102,800124,61216.0,69.7764001712203
124,11-02-031-00162-021104,800124,61216.0,69.7764001712203
125,11-02-031-00162-021105,800124,61216.0,69.7764001712203
126,11-02-031-00162-021106,800124,61216.0,69.7764001712203
127,11-02-031-00162-021107,800124,61216.0,69.7764001712203
128,11-02-031-00162-021108,800124,61216.0,69.7764001712203
129,11-02-031-00162-021109,800124,61216.0,69.7764001712203
130,11-02-031-00162-021110,800124,61216.0,69.7764001712203
131,11-02-031-00162-021111,800124,61216.0,69.7764001712203
132,11-02-031-00162-021113,800124,61216.0,69.7764001712203
133,11-02-031-00162-021114,800124,61216.0,69.7764001712203
134,11-02-031-00162-021116,800124,61216.0,69.7764001712203
135,11-02-031-00162-021117,800124,61216.0,69.7764001712203
136,11-02-031-00162-021118,800124,61216.0,69.7764001712203
137,11-02-031-00162-021135,800124,61216.0,69.7764001712203
138,11-02-031-00162-021136,800124,61216.0,69.7764001712203
139,11-02-031-00162-021137,800124,61216.0,69.7764001712203
140,11-02-031-00162-021210,800124,61216.0,69.7764001712203
141,11-02-031-00162-021211,800124,61216.0,69.7764001712203
142,11-02-031-00162-021212,800124,61216.0,69.7764001712203
143,11-02-031-00162-021213,800124,61216.0,69.7764001712203
144,11-02-031-00162-021214,800124,61216.0,69.7764001712203
145,11-02-031-00162-021217,800124,61216.0,69.7764001712203
148,11-02-031-00162-800124,800124,61216.0,69.7764001712203
173,11-03-035-00201-027420,800144,217204.0,63.80380022525787
174,11-03-035-00201-027437,800144,217204.0,63.80380022525787
175,11-03-035-00201-027443,800144,217204.0,63.80380022525787
176,11-03-035-00201-027447,800144,217204.0,63.80380022525787
177,11-03-035-00201-027462,800144,217204.0,63.80380022525787
178,11-03-035-00201-027463,800144,217204.0,63.80380022525787
180,11-03-035-00201-027486,800144,217204.0,63.80380022525787
181,11-03-035-00201-027490,800144,217204.0,63.80380022525787
182,11-03-035-00201-027775,800144,217204.0,63.80380022525787
183,11-03-035-00201-027776,800144,217204.0,63.80380022525787
184,11-03-035-00201-800144,800144,217204.0,63.80380022525787
185,11-03-035-00202-800146,800146,77928.0,10.850000381469727
186,11-03-035-00203-800149,800149,158621.0,36.599998474121094
194,11-03-036-00206-800155,800155,98916.0,23.670000076293945
196,11-03-036-00208-029622,800158,129659.0,32.19810011982918
197,11-03-036-00208-029643,800166,989326.0,210.71431496739388
198,11-03-036-00208-029654,800158,129659.0,32.19810011982918
199,11-03-036-00208-029655,800158,129659.0,32.19810011982918
200,11-03-036-00208-029683,800158,129659.0,32.19810011982918
201,11-03-036-00208-029684,800158,129659.0,32.19810011982918
202,11-03-036-00208-800158,800158,129659.0,32.19810011982918
205,11-03-037-00212-030259,800166,989326.0,210.71431496739388
206,11-03-037-00212-030341,800166,989326.0,210.71431496739388
207,11-03-037-00212-030342,800166,989326.0,210.71431496739388
208,11-03-037-00212-030343,800166,989326.0,210.71431496739388
209,11-03-037-00212-030345,800166,989326.0,210.71431496739388
210,11-03-037-00212-030346,800166,989326.0,210.71431496739388
211,11-03-037-00212-030348,800166,989326.0,210.71431496739388
212,11-03-037-00212-030349,800166,989326.0,210.71431496739388
213,11-03-037-00212-030357,800166,989326.0,210.71431496739388
214,11-03-037-00212-030358,800166,989326.0,210.71431496739388
215,11-03-037-00212-030359,800166,989326.0,210.71431496739388
216,11-03-037-00212-030360,800166,989326.0,210.71431496739388
217,11-03-037-00212-030361,800166,989326.0,210.71431496739388
218,11-03-037-00212-030370,800166,989326.0,210.71431496739388
219,11-03-037-00212-030372,800166,989326.0,210.71431496739388
220,11-03-037-00212-030373,800166,989326.0,210.71431496739388
221,11-03-037-00212-030387,800166,989326.0,210.71431496739388
222,11-03-037-00212-030388,800166,989326.0,210.71431496739388
223,11-03-037-00212-030390,800166,989326.0,210.71431496739388
224,11-03-037-00212-800165,800166,989326.0,210.71431496739388
225,11-03-037-00212-800166,800166,989326.0,210.71431496739388
226,11-03-037-00213-030422,800166,989326.0,210.71431496739388
227,11-03-037-00213-030424,800166,989326.0,210.71431496739388
228,11-03-037-00213-030450,800166,989326.0,210.71431496739388
229,11-03-037-00213-030451,800166,989326.0,210.71431496739388
230,11-03-037-00213-030457,800166,989326.0,210.71431496739388
231,11-03-037-00213-030458,800166,989326.0,210.71431496739388
232,11-03-037-00213-030468,800166,989326.0,210.71431496739388
233,11-03-037-00213-030472,800166,989326.0,210.71431496739388
234,11-03-037-00213-030473,800166,989326.0,210.71431496739388
235,11-03-037-00213-030474,800166,989326.0,210.71431496739388
236,11-03-037-00213-030475,800166,989326.0,210.71431496739388
237,11-03-037-00213-030476,800166,989326.0,210.71431496739388
241,11-03-038-00216-800176,800176,168653.0,35.0
243,11-03-039-00218-032160,800158,129659.0,32.19810011982918
249,11-03-040-00221-032635,800187,105500.0,64.59000009298325
250,11-03-040-00221-032636,800187,105500.0,64.59000009298325
252,11-03-040-00221-032707,800185,58336.0,29.37999963760376
253,11-03-040-00221-800185,800185,58336.0,29.37999963760376
255,11-03-040-00222-032880,800187,105500.0,64.59000009298325
256,11-03-040-00222-032882,800187,105500.0,64.59000009298325
257,11-03-040-00222-032886,800187,105500.0,64.59000009298325
258,11-03-040-00222-032889,800187,105500.0,64.59000009298325
259,11-03-040-00222-032890,800187,105500.0,64.59000009298325
260,11-03-040-00222-032891,800187,105500.0,64.59000009298325
261,11-03-040-00222-032893,800187,105500.0,64.59000009298325
262,11-03-040-00222-032894,800187,105500.0,64.59000009298325
263,11-03-040-00222-032895,800187,105500.0,64.59000009298325
264,11-03-040-00222-032896,800187,105500.0,64.59000009298325
266,11-03-040-00222-800187,800187,105500.0,64.59000009298325
268,11-03-041-00225-800191,800191,128137.0,24.75
271,11-03-041-00227-800196,800196,1618879.0,159.3699951171875
272,11-03-041-00230-800199,800199,65240.0,14.0
273,11-03-042-00233-800202,800202,163397.0,16.100000381469727
274,11-03-043-00235-034594,800207,164312.0,32.319999396800995
275,11-03-043-00235-034595,800207,164312.0,32.319999396800995
276,11-03-043-00235-800207,800207,164312.0,32.319999396800995
277,11-03-043-00235-800208,800207,164312.0,32.319999396800995
279,11-03-043-00237-800213,800213,76492.0,11.529999732971191
280,11-03-043-00238-800214,800214,145302.0,23.06999969482422
281,11-03-044-00239-035279,800215,82232.0,18.199999809265137
282,11-03-044-00239-800215,800215,82232.0,18.199999809265137
283,11-03-044-00241-800217,800217,116747.0,32.79999923706055
284,11-03-045-00242-800219,800219,87695.0,18.139999389648438
285,11-03-045-00242-800220,800220,91979.0,17.25
286,11-03-046-00244-800223,800223,51023.0,8.880000114440918
287,11-03-046-00245-035792,800226,290999.0,88.89999961853027
288,11-03-046-00245-035793,800226,290999.0,88.89999961853027
289,11-03-046-00245-800226,800226,290999.0,88.89999961853027
290,11-03-046-00246-035850,800229,51709.0,84.76540160179138
291,11-03-046-00246-035851,800229,51709.0,84.76540160179138
292,11-03-046-00246-035852,800229,51709.0,84.76540160179138
293,11-03-046-00246-035853,800229,51709.0,84.76540160179138
294,11-03-046-00246-800229,800229,51709.0,84.76540160179138
295,11-03-047-00249-800236,800236,82956.0,21.670000076293945
296,11-03-048-00250-800237,800237,54072.0,5.5
299,11-03-048-00252-800240,800240,67972.0,20.0
300,11-03-048-00253-036529,800242,472175.0,98.6100001335144
301,11-03-048-00253-036530,800242,472175.0,98.6100001335144
302,11-03-048-00253-036531,800242,472175.0,98.6100001335144
303,11-03-048-00253-036536,800242,472175.0,98.6100001335144
304,11-03-048-00253-036537,800242,472175.0,98.6100001335144
305,11-03-048-00253-036539,800242,472175.0,98.6100001335144
306,11-03-048-00253-036541,800242,472175.0,98.6100001335144
307,11-03-048-00253-036559,800242,472175.0,98.6100001335144
308,11-03-048-00253-036561,800242,472175.0,98.6100001335144
309,11-03-048-00253-036562,800242,472175.0,98.6100001335144
310,11-03-048-00253-036563,800242,472175.0,98.6100001335144
311,11-03-048-00253-036830,800242,472175.0,98.6100001335144
312,11-03-048-00253-800242,800242,472175.0,98.6100001335144
313,11-03-048-00254-036956,800245,119943.0,40.65000021457672
314,11-03-048-00254-036963,800245,119943.0,40.65000021457672
315,11-03-048-00254-036964,800245,119943.0,40.65000021457672
316,11-03-048-00254-036965,800245,119943.0,40.65000021457672
317,11-03-048-00254-036966,800245,119943.0,40.65000021457672
323,11-03-048-00254-037077,800365,461914.0,120.2399999499321
324,11-03-048-00254-037081,800245,119943.0,40.65000021457672
325,11-03-048-00254-800245,800245,119943.0,40.65000021457672
326,11-03-049-00255-037380,800252,1276320.0,245.89781153202057
327,11-03-049-00255-800248,800252,1276320.0,245.89781153202057
328,11-03-049-00256-037546,800252,1276320.0,245.89781153202057
329,11-03-049-00256-037547,800252,1276320.0,245.89781153202057
330,11-03-049-00256-800250,800252,1276320.0,245.89781153202057
331,11-03-049-00256-800251,800252,1276320.0,245.89781153202057
332,11-03-049-00257-037572,800252,1276320.0,245.89781153202057
333,11-03-049-00257-037574,800252,1276320.0,245.89781153202057
334,11-03-049-00257-037575,800252,1276320.0,245.89781153202057
335,11-03-049-00257-037600,800252,1276320.0,245.89781153202057
336,11-03-049-00257-037602,800252,1276320.0,245.89781153202057
337,11-03-049-00257-037603,800252,1276320.0,245.89781153202057
338,11-03-049-00257-037605,800252,1276320.0,245.89781153202057
339,11-03-049-00257-037616,800252,1276320.0,245.89781153202057
340,11-03-049-00257-037624,800252,1276320.0,245.89781153202057
341,11-03-049-00257-037625,800252,1276320.0,245.89781153202057
342,11-03-049-00257-037626,800252,1276320.0,245.89781153202057
343,11-03-049-00257-037628,800252,1276320.0,245.89781153202057
344,11-03-049-00257-037632,800252,1276320.0,245.89781153202057
346,11-03-049-00257-037671,800252,1276320.0,245.89781153202057
347,11-03-049-00257-037672,800252,1276320.0,245.89781153202057
348,11-03-049-00257-800252,800252,1276320.0,245.89781153202057
349,11-03-050-00259-037915,800254,75104.0,21.5
350,11-03-050-00259-037916,800254,75104.0,21.5
351,11-03-050-00259-800254,800254,75104.0,21.5
360,11-03-051-00263-038560,800258,55477.0,24.87000098824501
361,11-03-051-00263-800258,800258,55477.0,24.87000098824501
363,11-03-051-00264-038685,800259,57380.0,15.769999980926514
364,11-03-051-00264-038695,800259,57380.0,15.769999980926514
365,11-03-051-00264-800259,800259,57380.0,15.769999980926514
367,11-03-052-00266-038970,800286,1934903.0,543.5639987289906
368,11-03-052-00266-038971,800286,1934903.0,543.5639987289906
369,11-03-052-00266-038972,800286,1934903.0,543.5639987289906
370,11-03-052-00266-038974,800286,1934903.0,543.5639987289906
371,11-03-052-00266-038975,800286,1934903.0,543.5639987289906
372,11-03-052-00266-038976,800286,1934903.0,543.5639987289906
373,11-03-052-00266-038977,800286,1934903.0,543.5639987289906
374,11-03-052-00266-038984,800286,1934903.0,543.5639987289906
375,11-03-052-00266-038985,800286,1934903.0,543.5639987289906
376,11-03-052-00266-038986,800286,1934903.0,543.5639987289906
377,11-03-052-00266-038987,800286,1934903.0,543.5639987289906
378,11-03-052-00266-038988,800286,1934903.0,543.5639987289906
379,11-03-052-00266-038989,800286,1934903.0,543.5639987289906
380,11-03-052-00266-038990,800286,1934903.0,543.5639987289906
381,11-03-052-00266-038991,800286,1934903.0,543.5639987289906
382,11-03-052-00266-038993,800286,1934903.0,543.5639987289906
383,11-03-052-00266-039051,800286,1934903.0,543.5639987289906
385,11-03-052-00266-039055,800286,1934903.0,543.5639987289906
386,11-03-052-00266-039056,800286,1934903.0,543.5639987289906
387,11-03-052-00266-039057,800286,1934903.0,543.5639987289906
389,11-03-052-00266-039086,800286,1934903.0,543.5639987289906
390,11-03-052-00266-039088,800286,1934903.0,543.5639987289906
391,11-03-052-00266-039096,800286,1934903.0,543.5639987289906
392,11-03-052-00266-039098,800286,1934903.0,543.5639987289906
393,11-03-052-00266-039141,800286,1934903.0,543.5639987289906
395,11-03-052-00266-800263,800286,1934903.0,543.5639987289906
396,11-03-052-00266-800264,800286,1934903.0,543.5639987289906
397,11-03-052-00267-039144,800286,1934903.0,543.5639987289906
398,11-03-052-00267-039146,800286,1934903.0,543.5639987289906
399,11-03-052-00267-039147,800286,1934903.0,543.5639987289906
400,11-03-052-00267-039149,800286,1934903.0,543.5639987289906
401,11-03-052-00267-039150,800286,1934903.0,543.5639987289906
402,11-03-052-00267-039151,800286,1934903.0,543.5639987289906
403,11-03-052-00267-039152,800286,1934903.0,543.5639987289906
404,11-03-052-00267-039153,800286,1934903.0,543.5639987289906
405,11-03-052-00267-039154,800286,1934903.0,543.5639987289906
406,11-03-052-00267-039155,800286,1934903.0,543.5639987289906
407,11-03-052-00267-039156,800286,1934903.0,543.5639987289906
408,11-03-052-00267-039158,800286,1934903.0,543.5639987289906
409,11-03-052-00267-039162,800286,1934903.0,543.5639987289906
410,11-03-052-00267-039163,800286,1934903.0,543.5639987289906
411,11-03-052-00267-039164,800286,1934903.0,543.5639987289906
412,11-03-052-00267-039165,800286,1934903.0,543.5639987289906
413,11-03-052-00267-039166,800286,1934903.0,543.5639987289906
414,11-03-052-00267-039167,800286,1934903.0,543.5639987289906
415,11-03-052-00267-039168,800286,1934903.0,543.5639987289906
416,11-03-052-00267-039169,800286,1934903.0,543.5639987289906
417,11-03-052-00267-039170,800286,1934903.0,543.5639987289906
418,11-03-052-00267-039171,800286,1934903.0,543.5639987289906
419,11-03-052-00267-039172,800286,1934903.0,543.5639987289906
420,11-03-052-00267-039174,800286,1934903.0,543.5639987289906
421,11-03-052-00267-039175,800286,1934903.0,543.5639987289906
422,11-03-052-00267-039176,800286,1934903.0,543.5639987289906
423,11-03-052-00267-039178,800286,1934903.0,543.5639987289906
424,11-03-052-00267-039179,800286,1934903.0,543.5639987289906
425,11-03-052-00267-039180,800286,1934903.0,543.5639987289906
426,11-03-052-00267-039181,800286,1934903.0,543.5639987289906
427,11-03-052-00267-039182,800286,1934903.0,543.5639987289906
428,11-03-052-00267-039183,800286,1934903.0,543.5639987289906
429,11-03-052-00267-039184,800286,1934903.0,543.5639987289906
430,11-03-052-00267-039185,800286,1934903.0,543.5639987289906
431,11-03-052-00267-039186,800286,1934903.0,543.5639987289906
432,11-03-052-00267-039187,800286,1934903.0,543.5639987289906
433,11-03-052-00267-039188,800286,1934903.0,543.5639987289906
434,11-03-052-00267-039189,800286,1934903.0,543.5639987289906
435,11-03-052-00267-039191,800286,1934903.0,543.5639987289906
436,11-03-052-00267-039192,800286,1934903.0,543.5639987289906
437,11-03-052-00267-039193,800286,1934903.0,543.5639987289906
438,11-03-052-00267-039194,800286,1934903.0,543.5639987289906
439,11-03-052-00267-039195,800286,1934903.0,543.5639987289906
440,11-03-052-00267-039199,800286,1934903.0,543.5639987289906
441,11-03-052-00267-039200,800286,1934903.0,543.5639987289906
442,11-03-052-00267-039204,800286,1934903.0,543.5639987289906
443,11-03-052-00267-039227,800286,1934903.0,543.5639987289906
444,11-03-052-00267-039228,800286,1934903.0,543.5639987289906
445,11-03-052-00267-800266,800286,1934903.0,543.5639987289906
446,11-03-052-00268-039285,800286,1934903.0,543.5639987289906
447,11-03-052-00268-039315,800286,1934903.0,543.5639987289906
448,11-03-052-00268-039316,800286,1934903.0,543.5639987289906
449,11-03-052-00268-039320,800286,1934903.0,543.5639987289906
450,11-03-052-00268-039321,800286,1934903.0,543.5639987289906
451,11-03-052-00268-039331,800286,1934903.0,543.5639987289906
452,11-03-052-00268-039332,800286,1934903.0,543.5639987289906
453,11-03-052-00268-039336,800286,1934903.0,543.5639987289906
454,11-03-052-00268-039338,800286,1934903.0,543.5639987289906
455,11-03-052-00268-039339,800286,1934903.0,543.5639987289906
456,11-03-052-00268-039340,800286,1934903.0,543.5639987289906
457,11-03-052-00268-039345,800286,1934903.0,543.5639987289906
458,11-03-052-00268-039347,800286,1934903.0,543.5639987289906
459,11-03-052-00268-039348,800286,1934903.0,543.5639987289906
460,11-03-052-00268-039366,800286,1934903.0,543.5639987289906
461,11-03-052-00268-039368,800286,1934903.0,543.5639987289906
462,11-03-052-00268-039369,800286,1934903.0,543.5639987289906
463,11-03-052-00268-039370,800286,1934903.0,543.5639987289906
464,11-03-052-00268-039371,800286,1934903.0,543.5639987289906
465,11-03-052-00268-039372,800286,1934903.0,543.5639987289906
466,11-03-052-00268-039373,800286,1934903.0,543.5639987289906
467,11-03-052-00268-039374,800286,1934903.0,543.5639987289906
468,11-03-052-00268-039375,800286,1934903.0,543.5639987289906
469,11-03-052-00268-039376,800286,1934903.0,543.5639987289906
470,11-03-052-00268-039379,800286,1934903.0,543.5639987289906
471,11-03-052-00268-039380,800286,1934903.0,543.5639987289906
472,11-03-052-00268-039382,800286,1934903.0,543.5639987289906
473,11-03-052-00268-039383,800286,1934903.0,543.5639987289906
474,11-03-052-00268-039384,800286,1934903.0,543.5639987289906
475,11-03-052-00268-039385,800286,1934903.0,543.5639987289906
476,11-03-052-00268-039386,800286,1934903.0,543.5639987289906
477,11-03-052-00268-039387,800286,1934903.0,543.5639987289906
478,11-03-052-00268-800267,800286,1934903.0,543.5639987289906
479,11-03-052-00268-800268,800286,1934903.0,543.5639987289906
481,11-03-053-00269-800270,800270,135424.0,31.15999984741211
482,11-03-053-00270-039656,800271,56285.0,34.801599979400635
483,11-03-053-00270-800271,800271,56285.0,34.801599979400635
484,11-03-053-00271-039765,800273,90579.0,23.3400000333786
485,11-03-053-00271-039766,800273,90579.0,23.3400000333786
486,11-03-053-00271-800273,800273,90579.0,23.3400000333786
487,11-03-053-00272-800276,800276,69069.0,22.170000076293945
488,11-03-054-00275-800281,800281,116449.0,26.0
489,11-04-055-00277-800286,800286,1934903.0,543.5639987289906
511,11-05-059-00299-044487,800313,137242.0,30.87670011818409
513,11-05-059-00299-044604,800313,137242.0,30.87670011818409
514,11-05-059-00299-800303,800313,137242.0,30.87670011818409
515,11-05-060-00303-045081,800309,870047.0,219.69675171375275
516,11-05-060-00303-045098,800309,870047.0,219.69675171375275
518,11-05-060-00304-045119,800309,870047.0,219.69675171375275
519,11-05-060-00304-045120,800309,870047.0,219.69675171375275
520,11-05-060-00304-045121,800309,870047.0,219.69675171375275
521,11-05-060-00304-045122,800309,870047.0,219.69675171375275
522,11-05-060-00304-045123,800309,870047.0,219.69675171375275
523,11-05-060-00304-045128,800309,870047.0,219.69675171375275
524,11-05-060-00304-045129,800309,870047.0,219.69675171375275
525,11-05-060-00304-045130,800309,870047.0,219.69675171375275
526,11-05-060-00304-045131,800309,870047.0,219.69675171375275
527,11-05-060-00304-045132,800309,870047.0,219.69675171375275
528,11-05-060-00304-045133,800309,870047.0,219.69675171375275
529,11-05-060-00304-045138,800309,870047.0,219.69675171375275
530,11-05-060-00304-045140,800309,870047.0,219.69675171375275
531,11-05-060-00304-045141,800309,870047.0,219.69675171375275
532,11-05-060-00304-045143,800309,870047.0,219.69675171375275
533,11-05-060-00304-045144,800309,870047.0,219.69675171375275
534,11-05-060-00304-045148,800309,870047.0,219.69675171375275
535,11-05-060-00304-045152,800309,870047.0,219.69675171375275
536,11-05-060-00304-045155,800309,870047.0,219.69675171375275
537,11-05-060-00304-045176,800309,870047.0,219.69675171375275
538,11-05-060-00304-045177,800309,870047.0,219.69675171375275
539,11-05-060-00304-045178,800309,870047.0,219.69675171375275
540,11-05-060-00304-045180,800309,870047.0,219.69675171375275
541,11-05-060-00304-045181,800309,870047.0,219.69675171375275
542,11-05-060-00304-045182,800309,870047.0,219.69675171375275
543,11-05-060-00304-045183,800309,870047.0,219.69675171375275
544,11-05-060-00304-045184,800309,870047.0,219.69675171375275
545,11-05-060-00304-045185,800309,870047.0,219.69675171375275
546,11-05-060-00304-045187,800309,870047.0,219.69675171375275
547,11-05-060-00304-045188,800309,870047.0,219.69675171375275
548,11-05-060-00304-045189,800309,870047.0,219.69675171375275
549,11-05-060-00304-045203,800309,870047.0,219.69675171375275
550,11-05-060-00304-045206,800309,870047.0,219.69675171375275
551,11-05-060-00304-045207,800309,870047.0,219.69675171375275
552,11-05-060-00304-045208,800309,870047.0,219.69675171375275
553,11-05-060-00304-045209,800309,870047.0,219.69675171375275
554,11-05-060-00304-045210,800309,870047.0,219.69675171375275
555,11-05-060-00304-045211,800309,870047.0,219.69675171375275
556,11-05-060-00304-045212,800309,870047.0,219.69675171375275
557,11-05-060-00304-045222,800309,870047.0,219.69675171375275
558,11-05-060-00304-045223,800309,870047.0,219.69675171375275
559,11-05-060-00304-045224,800309,870047.0,219.69675171375275
560,11-05-060-00304-045225,800309,870047.0,219.69675171375275
561,11-05-060-00304-045227,800309,870047.0,219.69675171375275
562,11-05-060-00304-045229,800309,870047.0,219.69675171375275
563,11-05-060-00304-045230,800309,870047.0,219.69675171375275
564,11-05-060-00304-045231,800309,870047.0,219.69675171375275
565,11-05-060-00304-045232,800309,870047.0,219.69675171375275
566,11-05-060-00304-045233,800309,870047.0,219.69675171375275
567,11-05-060-00304-045236,800309,870047.0,219.69675171375275
568,11-05-060-00304-045237,800309,870047.0,219.69675171375275
569,11-05-060-00304-045238,800309,870047.0,219.69675171375275
570,11-05-060-00304-045239,800309,870047.0,219.69675171375275
571,11-05-060-00304-045240,800309,870047.0,219.69675171375275
572,11-05-060-00304-045241,800309,870047.0,219.69675171375275
573,11-05-060-00304-045242,800309,870047.0,219.69675171375275
574,11-05-060-00304-045243,800309,870047.0,219.69675171375275
577,11-05-060-00304-045267,800309,870047.0,219.69675171375275
578,11-05-060-00304-045268,800309,870047.0,219.69675171375275
579,11-05-060-00304-045269,800309,870047.0,219.69675171375275
580,11-05-060-00304-045270,800309,870047.0,219.69675171375275
581,11-05-060-00304-800309,800309,870047.0,219.69675171375275
582,11-05-060-00304-800310,800309,870047.0,219.69675171375275
583,11-05-060-00304-800311,800309,870047.0,219.69675171375275
590,11-05-060-00305-045342,800313,137242.0,30.87670011818409
591,11-05-060-00305-045343,800313,137242.0,30.87670011818409
592,11-05-060-00305-045349,800313,137242.0,30.87670011818409
593,11-05-060-00305-045350,800313,137242.0,30.87670011818409
594,11-05-060-00305-045351,800313,137242.0,30.87670011818409
595,11-05-060-00305-045361,800313,137242.0,30.87670011818409
596,11-05-060-00305-800313,800313,137242.0,30.87670011818409
597,11-05-060-00305-800314,800313,137242.0,30.87670011818409
625,11-05-062-00320-050222,800322,60898.0,14.60720008611679
626,11-05-062-00320-050256,800322,60898.0,14.60720008611679
627,11-05-062-00320-050260,800322,60898.0,14.60720008611679
628,11-05-062-00320-050261,800322,60898.0,14.60720008611679
629,11-05-062-00320-050270,800322,60898.0,14.60720008611679
630,11-05-062-00320-050271,800322,60898.0,14.60720008611679
631,11-05-062-00320-050272,800322,60898.0,14.60720008611679
633,11-05-062-00320-800322,800322,60898.0,14.60720008611679
649,11-05-066-00342-055125,800335,278679.0,74.57459131628275
650,11-05-066-00342-055126,800335,278679.0,74.57459131628275
651,11-05-066-00342-055130,800335,278679.0,74.57459131628275
652,11-05-066-00342-055131,800335,278679.0,74.57459131628275
653,11-05-066-00342-055132,800335,278679.0,74.57459131628275
654,11-05-066-00342-055133,800335,278679.0,74.57459131628275
655,11-05-066-00342-055134,800335,278679.0,74.57459131628275
656,11-05-066-00342-055135,800335,278679.0,74.57459131628275
657,11-05-066-00342-055136,800335,278679.0,74.57459131628275
658,11-05-066-00342-055143,800335,278679.0,74.57459131628275
659,11-05-066-00342-055144,800335,278679.0,74.57459131628275
660,11-05-066-00342-055145,800335,278679.0,74.57459131628275
661,11-05-066-00342-055146,800335,278679.0,74.57459131628275
662,11-05-066-00342-055147,800335,278679.0,74.57459131628275
663,11-05-066-00342-055148,800335,278679.0,74.57459131628275
664,11-05-066-00342-055149,800335,278679.0,74.57459131628275
665,11-05-066-00342-055150,800335,278679.0,74.57459131628275
666,11-05-066-00342-055152,800335,278679.0,74.57459131628275
667,11-05-066-00342-055154,800335,278679.0,74.57459131628275
668,11-05-066-00342-055156,800335,278679.0,74.57459131628275
669,11-05-066-00342-055157,800335,278679.0,74.57459131628275
670,11-05-066-00342-055158,800335,278679.0,74.57459131628275
671,11-05-066-00342-055159,800335,278679.0,74.57459131628275
672,11-05-066-00342-055160,800335,278679.0,74.57459131628275
673,11-05-066-00342-055161,800335,278679.0,74.57459131628275
674,11-05-066-00342-055162,800335,278679.0,74.57459131628275
675,11-05-066-00342-055163,800335,278679.0,74.57459131628275
676,11-05-066-00342-055164,800335,278679.0,74.57459131628275
677,11-05-066-00342-055165,800335,278679.0,74.57459131628275
678,11-05-066-00342-055166,800335,278679.0,74.57459131628275
679,11-05-066-00342-055167,800335,278679.0,74.57459131628275
680,11-05-066-00342-055168,800335,278679.0,74.57459131628275
681,11-05-066-00342-055171,800335,278679.0,74.57459131628275
682,11-05-066-00342-055172,800335,278679.0,74.57459131628275
683,11-05-066-00342-055173,800335,278679.0,74.57459131628275
684,11-05-066-00342-055174,800335,278679.0,74.57459131628275
685,11-05-066-00342-055175,800335,278679.0,74.57459131628275
686,11-05-066-00342-055176,800335,278679.0,74.57459131628275
687,11-05-066-00342-055177,800335,278679.0,74.57459131628275
688,11-05-066-00342-055294,800335,278679.0,74.57459131628275
689,11-05-066-00342-055295,800335,278679.0,74.57459131628275
690,11-05-066-00342-800335,800335,278679.0,74.57459131628275
691,11-05-066-00343-055381,800336,56082.0,3.744300067424774
692,11-05-066-00343-055382,800336,56082.0,3.744300067424774
693,11-05-066-00343-800336,800336,56082.0,3.744300067424774
695,11-05-067-00346-055628,800339,190506.0,52.177100360393524
696,11-05-067-00346-055629,800339,190506.0,52.177100360393524
697,11-05-067-00346-055646,800339,190506.0,52.177100360393524
698,11-05-067-00346-055647,800339,190506.0,52.177100360393524
699,11-05-067-00346-055648,800339,190506.0,52.177100360393524
700,11-05-067-00346-055649,800339,190506.0,52.177100360393524
701,11-05-067-00346-055650,800339,190506.0,52.177100360393524
702,11-05-067-00346-055651,800339,190506.0,52.177100360393524
703,11-05-067-00346-055652,800339,190506.0,52.177100360393524
704,11-05-067-00346-055654,800339,190506.0,52.177100360393524
705,11-05-067-00346-055670,800339,190506.0,52.177100360393524
706,11-05-067-00346-055671,800339,190506.0,52.177100360393524
707,11-05-067-00346-055686,800339,190506.0,52.177100360393524
708,11-05-067-00346-055687,800339,190506.0,52.177100360393524
709,11-05-067-00346-055688,800339,190506.0,52.177100360393524
710,11-05-067-00346-055690,800339,190506.0,52.177100360393524
711,11-05-067-00346-055691,800339,190506.0,52.177100360393524
712,11-05-067-00346-055692,800339,190506.0,52.177100360393524
713,11-05-067-00346-800339,800339,190506.0,52.177100360393524
714,11-05-067-00346-800340,800339,190506.0,52.177100360393524
715,11-05-067-00347-055754,800342,53921.0,7.805800080299377
716,11-05-067-00347-055757,800342,53921.0,7.805800080299377
717,11-05-067-00347-055796,800339,190506.0,52.177100360393524
718,11-05-067-00347-055797,800339,190506.0,52.177100360393524
719,11-05-067-00347-800342,800342,53921.0,7.805800080299377
723,11-05-067-00349-055928,800346,210005.0,129.94720077514648
724,11-05-067-00349-055930,800346,210005.0,129.94720077514648
725,11-05-067-00349-055931,800346,210005.0,129.94720077514648
726,11-05-067-00349-055932,800346,210005.0,129.94720077514648
727,11-05-067-00349-055933,800346,210005.0,129.94720077514648
728,11-05-067-00349-055934,800346,210005.0,129.94720077514648
729,11-05-067-00349-055935,800346,210005.0,129.94720077514648
730,11-05-067-00349-055937,800346,210005.0,129.94720077514648
731,11-05-067-00349-055938,800346,210005.0,129.94720077514648
732,11-05-067-00349-055939,800346,210005.0,129.94720077514648
733,11-05-067-00349-055940,800346,210005.0,129.94720077514648
734,11-05-067-00349-055941,800346,210005.0,129.94720077514648
735,11-05-067-00349-055952,800346,210005.0,129.94720077514648
736,11-05-067-00349-055953,800346,210005.0,129.94720077514648
737,11-05-067-00349-055954,800346,210005.0,129.94720077514648
738,11-05-067-00349-055956,800346,210005.0,129.94720077514648
739,11-05-067-00349-055959,800347,70648.0,20.4413001537323
740,11-05-067-00349-055986,800347,70648.0,20.4413001537323
741,11-05-067-00349-055987,800347,70648.0,20.4413001537323
742,11-05-067-00349-055988,800347,70648.0,20.4413001537323
743,11-05-067-00349-056016,800347,70648.0,20.4413001537323
744,11-05-067-00349-800346,800346,210005.0,129.94720077514648
745,11-05-067-00349-800347,800347,70648.0,20.4413001537323
758,11-05-068-00353-056353,800353,417396.0,102.62999963760376
759,11-05-068-00353-056354,800353,417396.0,102.62999963760376
760,11-05-068-00353-056355,800353,417396.0,102.62999963760376
763,11-05-068-00353-056403,800353,417396.0,102.62999963760376
764,11-05-068-00353-056404,800353,417396.0,102.62999963760376
765,11-05-068-00353-056405,800353,417396.0,102.62999963760376
766,11-05-068-00353-056406,800353,417396.0,102.62999963760376
767,11-05-068-00353-056411,800353,417396.0,102.62999963760376
768,11-05-068-00353-056430,800353,417396.0,102.62999963760376
769,11-05-068-00353-056450,800359,400377.0,135.64679872989655
771,11-05-068-00353-056493,800353,417396.0,102.62999963760376
772,11-05-068-00353-056497,800353,417396.0,102.62999963760376
773,11-05-068-00353-056498,800353,417396.0,102.62999963760376
774,11-05-068-00353-056502,800353,417396.0,102.62999963760376
776,11-05-068-00353-056522,800353,417396.0,102.62999963760376
777,11-05-068-00353-056523,800353,417396.0,102.62999963760376
778,11-05-068-00353-056537,800353,417396.0,102.62999963760376
779,11-05-068-00353-056538,800353,417396.0,102.62999963760376
780,11-05-068-00353-056590,800353,417396.0,102.62999963760376
781,11-05-068-00353-056591,800353,417396.0,102.62999963760376
782,11-05-068-00353-056596,800353,417396.0,102.62999963760376
783,11-05-068-00353-056597,800353,417396.0,102.62999963760376
784,11-05-068-00353-056598,800353,417396.0,102.62999963760376
785,11-05-068-00353-056601,800353,417396.0,102.62999963760376
786,11-05-068-00353-056604,800353,417396.0,102.62999963760376
787,11-05-068-00353-056605,800353,417396.0,102.62999963760376
788,11-05-068-00353-056627,800353,417396.0,102.62999963760376
789,11-05-068-00353-056628,800353,417396.0,102.62999963760376
790,11-05-068-00353-056631,800353,417396.0,102.62999963760376
791,11-05-068-00353-056632,800353,417396.0,102.62999963760376
792,11-05-068-00353-056633,800353,417396.0,102.62999963760376
793,11-05-068-00353-056634,800353,417396.0,102.62999963760376
794,11-05-068-00353-056636,800353,417396.0,102.62999963760376
795,11-05-068-00353-056637,800353,417396.0,102.62999963760376
796,11-05-068-00353-056638,800353,417396.0,102.62999963760376
797,11-05-068-00353-056639,800353,417396.0,102.62999963760376
798,11-05-068-00353-800353,800353,417396.0,102.62999963760376
799,11-05-068-00353-800354,800353,417396.0,102.62999963760376
800,11-05-068-00353-800356,800353,417396.0,102.62999963760376
801,11-05-068-00353-800357,800353,417396.0,102.62999963760376
802,11-05-068-00354-056664,800359,400377.0,135.64679872989655
803,11-05-068-00354-056666,800359,400377.0,135.64679872989655
804,11-05-068-00354-056675,800359,400377.0,135.64679872989655
805,11-05-068-00354-056676,800359,400377.0,135.64679872989655
806,11-05-068-00354-056677,800359,400377.0,135.64679872989655
807,11-05-068-00354-056681,800359,400377.0,135.64679872989655
808,11-05-068-00354-056703,800359,400377.0,135.64679872989655
809,11-05-068-00354-056709,800359,400377.0,135.64679872989655
810,11-05-068-00354-056712,800359,400377.0,135.64679872989655
811,11-05-068-00354-056777,800359,400377.0,135.64679872989655
812,11-05-068-00354-056778,800359,400377.0,135.64679872989655
813,11-05-068-00354-056779,800359,400377.0,135.64679872989655
814,11-05-068-00354-800358,800359,400377.0,135.64679872989655
815,11-05-068-00354-800359,800359,400377.0,135.64679872989655
818,11-06-069-00356-056946,800124,61216.0,69.7764001712203
821,11-06-069-00356-056996,800286,1934903.0,543.5639987289906
822,11-06-069-00356-057027,800286,1934903.0,543.5639987289906
823,11-06-069-00356-057043,800286,1934903.0,543.5639987289906
825,11-06-069-00357-057047,800286,1934903.0,543.5639987289906
826,11-06-069-00357-057052,800286,1934903.0,543.5639987289906
827,11-06-069-00357-057053,800286,1934903.0,543.5639987289906
828,11-06-069-00357-057055,800286,1934903.0,543.5639987289906
830,11-06-069-00357-057167,800286,1934903.0,543.5639987289906
831,11-06-069-00357-057168,800286,1934903.0,543.5639987289906
832,11-06-069-00357-057169,800286,1934903.0,543.5639987289906
833,11-06-069-00357-800363,800286,1934903.0,543.5639987289906
837,11-06-070-00359-057345,800365,461914.0,120.2399999499321
838,11-06-070-00359-057348,800365,461914.0,120.2399999499321
839,11-06-070-00359-057349,800365,461914.0,120.2399999499321
840,11-06-070-00359-057350,800365,461914.0,120.2399999499321
841,11-06-070-00359-057356,800365,461914.0,120.2399999499321
842,11-06-070-00359-057359,800365,461914.0,120.2399999499321
843,11-06-070-00359-057360,800365,461914.0,120.2399999499321
844,11-06-070-00359-057361,800365,461914.0,120.2399999499321
845,11-06-070-00359-057373,800365,461914.0,120.2399999499321
846,11-06-070-00359-057376,800365,461914.0,120.2399999499321
847,11-06-070-00359-057380,800365,461914.0,120.2399999499321
848,11-06-070-00359-057391,800365,461914.0,120.2399999499321
850,11-06-070-00359-057508,800365,461914.0,120.2399999499321
851,11-06-070-00359-057509,800365,461914.0,120.2399999499321
852,11-06-070-00359-057510,800365,461914.0,120.2399999499321
853,11-06-070-00359-057511,800365,461914.0,120.2399999499321
854,11-06-070-00359-057512,800365,461914.0,120.2399999499321
855,11-06-070-00359-057513,800365,461914.0,120.2399999499321
856,11-06-070-00359-800365,800365,461914.0,120.2399999499321
857,11-06-070-00359-800366,800365,461914.0,120.2399999499321
858,11-06-070-00359-800367,800365,461914.0,120.2399999499321
861,11-06-071-00361-057859,800369,437980.0,70.42999917268753
862,11-06-071-00361-057860,800369,437980.0,70.42999917268753
863,11-06-071-00361-057866,800369,437980.0,70.42999917268753
864,11-06-071-00361-057867,800369,437980.0,70.42999917268753
865,11-06-071-00361-057875,800369,437980.0,70.42999917268753
866,11-06-071-00361-057876,800369,437980.0,70.42999917268753
867,11-06-071-00361-057886,800369,437980.0,70.42999917268753
868,11-06-071-00361-057891,800369,437980.0,70.42999917268753
869,11-06-071-00361-057906,800369,437980.0,70.42999917268753
870,11-06-071-00361-057908,800369,437980.0,70.42999917268753
871,11-06-071-00361-057911,800369,437980.0,70.42999917268753
872,11-06-071-00361-057915,800369,437980.0,70.42999917268753
873,11-06-071-00361-057917,800369,437980.0,70.42999917268753
874,11-06-071-00361-057960,800369,437980.0,70.42999917268753
875,11-06-071-00361-057961,800369,437980.0,70.42999917268753
876,11-06-071-00361-057962,800369,437980.0,70.42999917268753
877,11-06-071-00361-057963,800369,437980.0,70.42999917268753
878,11-06-071-00361-800368,800369,437980.0,70.42999917268753
879,11-06-071-00361-800369,800369,437980.0,70.42999917268753
883,11-06-072-00366-058519,800372,172623.0,44.219998717308044
884,11-06-072-00366-058522,800372,172623.0,44.219998717308044
885,11-06-072-00366-058525,800372,172623.0,44.219998717308044
886,11-06-072-00366-058526,800372,172623.0,44.219998717308044
887,11-06-072-00366-058536,800372,172623.0,44.219998717308044
888,11-06-072-00366-058537,800372,172623.0,44.219998717308044
889,11-06-072-00366-800372,800372,172623.0,44.219998717308044
893,11-06-073-00368-800375,800375,144915.0,43.7400016784668
895,11-06-074-00370-059034,800381,354025.0,99.58999845385551
900,11-06-074-00372-059234,800381,354025.0,99.58999845385551
901,11-06-074-00372-059236,800381,354025.0,99.58999845385551
902,11-06-074-00372-059240,800381,354025.0,99.58999845385551
903,11-06-074-00372-059243,800381,354025.0,99.58999845385551
904,11-06-074-00372-059245,800381,354025.0,99.58999845385551
905,11-06-074-00372-059246,800381,354025.0,99.58999845385551
906,11-06-074-00372-059247,800381,354025.0,99.58999845385551
907,11-06-074-00372-059249,800381,354025.0,99.58999845385551
908,11-06-074-00372-059250,800381,354025.0,99.58999845385551
909,11-06-074-00372-800381,800381,354025.0,99.58999845385551
919,11-06-075-00375-059457,800385,542648.0,122.00999963283539
920,11-06-075-00375-059458,800385,542648.0,122.00999963283539
921,11-06-075-00375-059459,800385,542648.0,122.00999963283539
922,11-06-075-00375-059466,800385,542648.0,122.00999963283539
923,11-06-075-00375-059469,800385,542648.0,122.00999963283539
924,11-06-075-00375-059475,800385,542648.0,122.00999963283539
925,11-06-075-00375-059476,800385,542648.0,122.00999963283539
926,11-06-075-00375-059480,800385,542648.0,122.00999963283539
927,11-06-075-00375-059481,800385,542648.0,122.00999963283539
928,11-06-075-00375-059482,800385,542648.0,122.00999963283539
929,11-06-075-00375-059486,800385,542648.0,122.00999963283539
930,11-06-075-00375-059498,800385,542648.0,122.00999963283539
932,11-06-075-00375-059500,800385,542648.0,122.00999963283539
933,11-06-075-00375-059501,800385,542648.0,122.00999963283539
934,11-06-075-00375-059502,800385,542648.0,122.00999963283539
935,11-06-075-00375-059503,800385,542648.0,122.00999963283539
936,11-06-075-00375-059505,800385,542648.0,122.00999963283539
937,11-06-075-00375-800385,800385,542648.0,122.00999963283539
938,11-06-075-00377-059538,800441,24599011.0,3665.1965833231807
939,11-06-075-00377-059542,800441,24599011.0,3665.1965833231807
940,11-06-075-00377-059543,800441,24599011.0,3665.1965833231807
941,11-06-075-00377-059563,800385,542648.0,122.00999963283539
942,11-06-075-00377-059568,800385,542648.0,122.00999963283539
943,11-06-075-00377-059569,800385,542648.0,122.00999963283539
945,11-06-076-00378-800387,800387,65708.0,11.510000228881836
946,11-06-076-00379-059721,800441,24599011.0,3665.1965833231807
947,11-06-076-00379-059722,800441,24599011.0,3665.1965833231807
948,11-06-076-00379-059723,800441,24599011.0,3665.1965833231807
949,11-06-076-00379-059724,800441,24599011.0,3665.1965833231807
950,11-06-076-00379-059725,800441,24599011.0,3665.1965833231807
951,11-06-076-00379-059726,800441,24599011.0,3665.1965833231807
952,11-06-076-00379-059734,800441,24599011.0,3665.1965833231807
953,11-06-076-00379-059756,800441,24599011.0,3665.1965833231807
954,11-06-076-00379-059757,800441,24599011.0,3665.1965833231807
955,11-06-076-00379-059759,800441,24599011.0,3665.1965833231807
956,11-06-076-00380-059765,800441,24599011.0,3665.1965833231807
957,11-06-076-00380-059766,800441,24599011.0,3665.1965833231807
958,11-06-076-00380-059800,800441,24599011.0,3665.1965833231807
959,11-06-076-00380-059801,800441,24599011.0,3665.1965833231807
960,11-06-076-00380-059818,800441,24599011.0,3665.1965833231807
961,11-06-076-00380-059819,800441,24599011.0,3665.1965833231807
962,11-06-076-00380-059820,800441,24599011.0,3665.1965833231807
963,11-06-076-00380-059821,800441,24599011.0,3665.1965833231807
964,11-06-076-00380-059822,800441,24599011.0,3665.1965833231807
965,11-06-076-00380-059823,800441,24599011.0,3665.1965833231807
966,11-06-076-00380-059824,800441,24599011.0,3665.1965833231807
967,11-06-076-00380-059851,800441,24599011.0,3665.1965833231807
968,11-06-076-00380-059852,800441,24599011.0,3665.1965833231807
969,11-06-076-00380-059853,800441,24599011.0,3665.1965833231807
970,11-06-076-00380-059854,800441,24599011.0,3665.1965833231807
971,11-06-076-00380-059855,800441,24599011.0,3665.1965833231807
972,11-06-076-00380-059856,800441,24599011.0,3665.1965833231807
973,11-06-076-00380-059857,800441,24599011.0,3665.1965833231807
974,11-06-076-00380-059858,800441,24599011.0,3665.1965833231807
975,11-06-076-00380-059859,800441,24599011.0,3665.1965833231807
976,11-06-076-00380-059869,800441,24599011.0,3665.1965833231807
977,11-06-076-00380-059870,800441,24599011.0,3665.1965833231807
978,11-06-076-00380-059871,800441,24599011.0,3665.1965833231807
979,11-06-076-00380-059872,800441,24599011.0,3665.1965833231807
980,11-06-076-00380-059873,800441,24599011.0,3665.1965833231807
981,11-06-076-00380-059874,800441,24599011.0,3665.1965833231807
982,11-06-076-00380-059875,800441,24599011.0,3665.1965833231807
983,11-06-076-00380-059882,800441,24599011.0,3665.1965833231807
984,11-06-076-00380-059883,800441,24599011.0,3665.1965833231807
985,11-06-076-00380-059884,800441,24599011.0,3665.1965833231807
986,11-06-076-00380-059896,800441,24599011.0,3665.1965833231807
987,11-06-076-00380-059897,800441,24599011.0,3665.1965833231807
988,11-06-076-00380-059898,800441,24599011.0,3665.1965833231807
989,11-06-076-00380-059905,800441,24599011.0,3665.1965833231807
990,11-06-076-00380-059907,800441,24599011.0,3665.1965833231807
991,11-06-076-00380-059908,800441,24599011.0,3665.1965833231807
992,11-06-076-00380-800389,800441,24599011.0,3665.1965833231807
993,11-06-076-00381-059943,800441,24599011.0,3665.1965833231807
994,11-06-076-00381-059948,800441,24599011.0,3665.1965833231807
995,11-06-077-00382-800391,800391,62090.0,6.0
996,11-06-077-00383-060098,800393,175901.0,51.60000038146973
997,11-06-077-00383-060101,800393,175901.0,51.60000038146973
998,11-06-077-00383-800393,800393,175901.0,51.60000038146973
1000,11-06-078-00387-800397,800397,63871.0,13.760000228881836
1001,11-06-078-00388-060465,800398,71950.0,13.209999561309814
1002,11-06-078-00388-800398,800398,71950.0,13.209999561309814
1003,11-06-079-00389-060573,800229,51709.0,84.76540160179138
1004,11-06-079-00389-060574,800229,51709.0,84.76540160179138
1005,11-06-079-00389-060575,800229,51709.0,84.76540160179138
1006,11-06-079-00389-060576,800229,51709.0,84.76540160179138
1007,11-06-079-00389-800399,800399,52873.0,12.699999809265137
1008,11-06-079-00390-060654,800401,193252.0,50.33000063896179
1009,11-06-079-00390-060655,800401,193252.0,50.33000063896179
1010,11-06-079-00390-060656,800401,193252.0,50.33000063896179
1011,11-06-079-00390-060659,800401,193252.0,50.33000063896179
1012,11-06-079-00390-060660,800401,193252.0,50.33000063896179
1013,11-06-079-00390-800401,800401,193252.0,50.33000063896179
1014,11-06-080-00394-060952,800405,374124.0,134.22000122070312
1015,11-06-080-00394-060954,800405,374124.0,134.22000122070312
1016,11-06-080-00394-061015,800405,374124.0,134.22000122070312
1017,11-06-080-00394-061016,800405,374124.0,134.22000122070312
1018,11-06-080-00394-061017,800405,374124.0,134.22000122070312
1019,11-06-080-00394-061018,800405,374124.0,134.22000122070312
1020,11-06-080-00394-800405,800405,374124.0,134.22000122070312
1021,11-06-080-00396-800407,800407,86770.0,10.5
1022,11-06-081-00398-061157,800409,203427.0,35.5799994468689
1023,11-06-081-00398-800409,800409,203427.0,35.5799994468689
1024,11-06-081-00402-800412,800412,56337.0,5.420000076293945
1025,11-06-082-00405-061628,800414,389286.0,100.38000059127808
1026,11-06-082-00405-061629,800414,389286.0,100.38000059127808
1027,11-06-082-00405-061665,800414,389286.0,100.38000059127808
1028,11-06-082-00405-061666,800414,389286.0,100.38000059127808
1029,11-06-082-00405-800414,800414,389286.0,100.38000059127808
1030,11-06-083-00408-061763,800441,24599011.0,3665.1965833231807
1031,11-06-083-00408-061775,800441,24599011.0,3665.1965833231807
1032,11-06-083-00408-061804,800441,24599011.0,3665.1965833231807
1033,11-06-083-00408-061805,800441,24599011.0,3665.1965833231807
1034,11-06-083-00408-061806,800441,24599011.0,3665.1965833231807
1035,11-06-083-00408-800418,800441,24599011.0,3665.1965833231807
1045,11-06-084-00412-062185,800423,87967.0,21.890000015497208
1046,11-06-084-00412-062186,800423,87967.0,21.890000015497208
1047,11-06-084-00412-062187,800423,87967.0,21.890000015497208
1048,11-06-084-00412-062229,800423,87967.0,21.890000015497208
1049,11-06-084-00412-800423,800423,87967.0,21.890000015497208
1050,11-06-085-00414-062557,800425,195530.0,79.35999923944473
1051,11-06-085-00414-062558,800425,195530.0,79.35999923944473
1052,11-06-085-00414-062564,800425,195530.0,79.35999923944473
1053,11-06-085-00414-062565,800425,195530.0,79.35999923944473
1054,11-06-085-00414-062566,800425,195530.0,79.35999923944473
1055,11-06-085-00414-062587,800487,195347.0,120.65000134706497
1056,11-06-085-00414-062588,800487,195347.0,120.65000134706497
1057,11-06-085-00414-062589,800487,195347.0,120.65000134706497
1058,11-06-085-00414-062590,800487,195347.0,120.65000134706497
1059,11-06-085-00414-062591,800487,195347.0,120.65000134706497
1060,11-06-085-00414-062599,800487,195347.0,120.65000134706497
1061,11-06-085-00414-062600,800487,195347.0,120.65000134706497
1062,11-06-085-00414-062602,800487,195347.0,120.65000134706497
1063,11-06-085-00414-062604,800487,195347.0,120.65000134706497
1064,11-06-085-00414-062605,800487,195347.0,120.65000134706497
1065,11-06-085-00414-062606,800487,195347.0,120.65000134706497
1066,11-06-085-00414-062607,800487,195347.0,120.65000134706497
1067,11-06-085-00414-062621,800425,195530.0,79.35999923944473
1068,11-06-085-00414-062624,800425,195530.0,79.35999923944473
1069,11-06-085-00414-062631,800425,195530.0,79.35999923944473
1070,11-06-085-00414-062632,800425,195530.0,79.35999923944473
1071,11-06-085-00414-062634,800425,195530.0,79.35999923944473
1072,11-06-085-00414-062635,800425,195530.0,79.35999923944473
1074,11-06-085-00414-062643,800487,195347.0,120.65000134706497
1075,11-06-085-00414-062658,800487,195347.0,120.65000134706497
1076,11-06-085-00414-062659,800487,195347.0,120.65000134706497
1077,11-06-085-00414-062660,800487,195347.0,120.65000134706497
1078,11-06-085-00414-062661,800425,195530.0,79.35999923944473
1079,11-06-085-00414-800424,800487,195347.0,120.65000134706497
1080,11-06-085-00414-800425,800425,195530.0,79.35999923944473
1081,11-06-085-00415-062668,800425,195530.0,79.35999923944473
1082,11-06-085-00415-062669,800425,195530.0,79.35999923944473
1083,11-06-085-00415-062670,800425,195530.0,79.35999923944473
1084,11-06-085-00415-062671,800425,195530.0,79.35999923944473
1085,11-06-085-00415-062672,800425,195530.0,79.35999923944473
1086,11-06-085-00415-062687,800425,195530.0,79.35999923944473
1087,11-06-085-00415-062688,800425,195530.0,79.35999923944473
1088,11-06-085-00415-062695,800425,195530.0,79.35999923944473
1091,11-06-085-00415-800426,800425,195530.0,79.35999923944473
1093,11-06-086-00416-062787,800487,195347.0,120.65000134706497
1094,11-06-086-00416-062801,800441,24599011.0,3665.1965833231807
1095,11-06-086-00417-062804,800441,24599011.0,3665.1965833231807
1096,11-06-086-00417-062805,800441,24599011.0,3665.1965833231807
1097,11-06-086-00417-062806,800441,24599011.0,3665.1965833231807
1098,11-06-086-00417-062807,800441,24599011.0,3665.1965833231807
1099,11-06-086-00417-062810,800441,24599011.0,3665.1965833231807
1100,11-06-086-00417-062811,800441,24599011.0,3665.1965833231807
1101,11-06-086-00417-062812,800441,24599011.0,3665.1965833231807
1102,11-06-086-00417-062813,800441,24599011.0,3665.1965833231807
1103,11-06-086-00417-062815,800441,24599011.0,3665.1965833231807
1104,11-06-086-00417-062817,800441,24599011.0,3665.1965833231807
1105,11-06-086-00417-062818,800441,24599011.0,3665.1965833231807
1106,11-06-086-00417-062819,800441,24599011.0,3665.1965833231807
1107,11-06-086-00417-062820,800441,24599011.0,3665.1965833231807
1108,11-06-086-00417-062821,800441,24599011.0,3665.1965833231807
1109,11-06-086-00417-062824,800441,24599011.0,3665.1965833231807
1110,11-06-086-00417-062825,800441,24599011.0,3665.1965833231807
1111,11-06-086-00417-062826,800441,24599011.0,3665.1965833231807
1112,11-06-086-00417-062827,800441,24599011.0,3665.1965833231807
1113,11-06-086-00417-062828,800441,24599011.0,3665.1965833231807
1114,11-06-086-00417-062831,800441,24599011.0,3665.1965833231807
1115,11-06-086-00417-062832,800441,24599011.0,3665.1965833231807
1116,11-06-086-00417-062833,800441,24599011.0,3665.1965833231807
1117,11-06-086-00417-062834,800441,24599011.0,3665.1965833231807
1118,11-06-086-00417-062835,800441,24599011.0,3665.1965833231807
1119,11-06-086-00417-062836,800441,24599011.0,3665.1965833231807
1120,11-06-086-00417-062837,800441,24599011.0,3665.1965833231807
1121,11-06-086-00417-062838,800441,24599011.0,3665.1965833231807
1122,11-06-086-00417-800429,800441,24599011.0,3665.1965833231807
1123,11-06-086-00418-062839,800441,24599011.0,3665.1965833231807
1124,11-06-086-00418-062840,800441,24599011.0,3665.1965833231807
1125,11-06-086-00418-062844,800441,24599011.0,3665.1965833231807
1127,11-06-086-00418-062864,800441,24599011.0,3665.1965833231807
1128,11-06-086-00418-062865,800441,24599011.0,3665.1965833231807
1129,11-06-086-00418-062866,800441,24599011.0,3665.1965833231807
1130,11-06-086-00418-062867,800441,24599011.0,3665.1965833231807
1131,11-06-086-00418-062868,800441,24599011.0,3665.1965833231807
1132,11-06-086-00418-062869,800441,24599011.0,3665.1965833231807
1134,11-06-086-00419-062898,800441,24599011.0,3665.1965833231807
1135,11-06-086-00419-062901,800441,24599011.0,3665.1965833231807
1136,11-06-086-00419-062902,800441,24599011.0,3665.1965833231807
1137,11-06-086-00419-062903,800441,24599011.0,3665.1965833231807
1138,11-06-086-00419-062904,800441,24599011.0,3665.1965833231807
1139,11-06-086-00419-062905,800441,24599011.0,3665.1965833231807
1140,11-06-086-00419-062906,800441,24599011.0,3665.1965833231807
1141,11-06-086-00419-062907,800441,24599011.0,3665.1965833231807
1142,11-06-086-00419-062908,800441,24599011.0,3665.1965833231807
1143,11-06-086-00419-062909,800441,24599011.0,3665.1965833231807
1144,11-06-086-00419-062910,800441,24599011.0,3665.1965833231807
1145,11-06-086-00419-062911,800441,24599011.0,3665.1965833231807
1146,11-06-086-00419-062912,800441,24599011.0,3665.1965833231807
1147,11-06-086-00419-062913,800441,24599011.0,3665.1965833231807
1148,11-06-086-00419-062917,800441,24599011.0,3665.1965833231807
1149,11-06-086-00419-062919,800441,24599011.0,3665.1965833231807
1150,11-06-086-00419-062920,800441,24599011.0,3665.1965833231807
1151,11-06-086-00419-062921,800441,24599011.0,3665.1965833231807
1152,11-06-086-00419-062924,800441,24599011.0,3665.1965833231807
1153,11-06-086-00420-062925,800441,24599011.0,3665.1965833231807
1154,11-06-086-00420-062926,800441,24599011.0,3665.1965833231807
1155,11-06-086-00420-062928,800441,24599011.0,3665.1965833231807
1156,11-06-086-00420-062929,800441,24599011.0,3665.1965833231807
1157,11-06-086-00420-062934,800441,24599011.0,3665.1965833231807
1159,11-06-086-00420-062978,800431,55448.0,46.1999996304512
1160,11-06-086-00420-062980,800431,55448.0,46.1999996304512
1161,11-06-086-00420-062983,800431,55448.0,46.1999996304512
1162,11-06-086-00420-062984,800431,55448.0,46.1999996304512
1163,11-06-086-00420-062985,800431,55448.0,46.1999996304512
1164,11-06-086-00420-062986,800431,55448.0,46.1999996304512
1165,11-06-086-00420-062989,800441,24599011.0,3665.1965833231807
1166,11-06-086-00420-800431,800431,55448.0,46.1999996304512
1169,11-06-087-00421-063071,800487,195347.0,120.65000134706497
1171,11-06-087-00422-063072,800431,55448.0,46.1999996304512
1172,11-06-087-00422-063076,800431,55448.0,46.1999996304512
1176,11-06-087-00422-063094,800431,55448.0,46.1999996304512
1180,11-06-088-00425-063433,800441,24599011.0,3665.1965833231807
1181,11-06-088-00425-063451,800441,24599011.0,3665.1965833231807
1182,11-06-088-00425-063452,800441,24599011.0,3665.1965833231807
1183,11-06-088-00425-063453,800441,24599011.0,3665.1965833231807
1184,11-06-088-00425-063454,800441,24599011.0,3665.1965833231807
1185,11-06-088-00425-063455,800441,24599011.0,3665.1965833231807
1186,11-06-088-00425-063456,800441,24599011.0,3665.1965833231807
1187,11-06-088-00425-063457,800441,24599011.0,3665.1965833231807
1188,11-06-088-00425-063458,800441,24599011.0,3665.1965833231807
1189,11-06-088-00425-063489,800441,24599011.0,3665.1965833231807
1190,11-06-088-00425-063493,800441,24599011.0,3665.1965833231807
1191,11-06-088-00425-063494,800441,24599011.0,3665.1965833231807
1192,11-06-088-00425-063495,800441,24599011.0,3665.1965833231807
1193,11-06-088-00425-063496,800441,24599011.0,3665.1965833231807
1194,11-06-088-00425-063497,800441,24599011.0,3665.1965833231807
1195,11-06-088-00425-063498,800441,24599011.0,3665.1965833231807
1196,11-06-088-00425-800436,800441,24599011.0,3665.1965833231807
1197,11-06-088-00426-063499,800441,24599011.0,3665.1965833231807
1198,11-06-088-00426-063500,800441,24599011.0,3665.1965833231807
1199,11-06-088-00426-063511,800441,24599011.0,3665.1965833231807
1200,11-06-088-00426-063512,800441,24599011.0,3665.1965833231807
1201,11-06-088-00426-063513,800441,24599011.0,3665.1965833231807
1202,11-06-088-00426-063514,800441,24599011.0,3665.1965833231807
1203,11-06-088-00426-063515,800441,24599011.0,3665.1965833231807
1204,11-06-088-00426-063516,800441,24599011.0,3665.1965833231807
1205,11-06-088-00426-063517,800441,24599011.0,3665.1965833231807
1206,11-06-088-00426-063520,800441,24599011.0,3665.1965833231807
1207,11-06-088-00426-063521,800441,24599011.0,3665.1965833231807
1208,11-06-088-00426-063522,800441,24599011.0,3665.1965833231807
1209,11-06-088-00426-063523,800441,24599011.0,3665.1965833231807
1210,11-06-088-00426-063524,800441,24599011.0,3665.1965833231807
1211,11-06-088-00426-063525,800441,24599011.0,3665.1965833231807
1212,11-06-088-00426-063583,800441,24599011.0,3665.1965833231807
1213,11-06-089-00427-063614,800441,24599011.0,3665.1965833231807
1214,11-06-089-00427-063615,800441,24599011.0,3665.1965833231807
1215,11-06-089-00427-063616,800441,24599011.0,3665.1965833231807
1216,11-06-089-00427-063617,800441,24599011.0,3665.1965833231807
1217,11-06-089-00427-063618,800441,24599011.0,3665.1965833231807
1218,11-06-089-00427-063619,800441,24599011.0,3665.1965833231807
1219,11-06-089-00427-063620,800441,24599011.0,3665.1965833231807
1220,11-06-089-00427-063633,800441,24599011.0,3665.1965833231807
1221,11-06-089-00427-063634,800441,24599011.0,3665.1965833231807
1222,11-06-089-00427-063635,800441,24599011.0,3665.1965833231807
1223,11-06-089-00427-063643,800441,24599011.0,3665.1965833231807
1224,11-06-089-00427-063644,800441,24599011.0,3665.1965833231807
1225,11-06-089-00427-063645,800441,24599011.0,3665.1965833231807
1226,11-06-089-00427-063646,800441,24599011.0,3665.1965833231807
1227,11-06-089-00427-063685,800441,24599011.0,3665.1965833231807
1228,11-06-089-00427-063686,800441,24599011.0,3665.1965833231807
1229,11-06-089-00427-063728,800441,24599011.0,3665.1965833231807
1230,11-06-089-00427-063730,800441,24599011.0,3665.1965833231807
1231,11-06-089-00427-800437,800441,24599011.0,3665.1965833231807
1232,11-06-089-00429-800440,800440,50143.0,5.389999866485596
1233,11-07-090-00431-800441,800441,24599011.0,3665.1965833231807
1234,11-08-099-00458-064469,800446,261885.0,70.99440133571625
1235,11-08-099-00458-064478,800446,261885.0,70.99440133571625
1236,11-08-099-00458-064479,800446,261885.0,70.99440133571625
1237,11-08-099-00458-064482,800446,261885.0,70.99440133571625
1238,11-08-099-00458-064483,800446,261885.0,70.99440133571625
1239,11-08-099-00458-064484,800446,261885.0,70.99440133571625
1240,11-08-099-00458-064514,800446,261885.0,70.99440133571625
1242,11-08-099-00458-064639,800446,261885.0,70.99440133571625
1243,11-08-099-00458-800446,800446,261885.0,70.99440133571625
1247,11-08-099-00465-800453,800453,70536.0,11.0
1249,11-08-100-00468-067666,800455,160246.0,37.199700117111206
1250,11-08-100-00468-067688,800455,160246.0,37.199700117111206
1251,11-08-100-00468-067689,800455,160246.0,37.199700117111206
1252,11-08-100-00468-067690,800455,160246.0,37.199700117111206
1253,11-08-100-00468-067692,800455,160246.0,37.199700117111206
1254,11-08-100-00468-067693,800455,160246.0,37.199700117111206
1255,11-08-100-00468-800455,800455,160246.0,37.199700117111206
1261,11-08-101-00473-800460,800460,644406.0,155.02999877929688
1262,11-08-101-00477-800462,800462,62699.0,11.15999984741211
1263,11-08-101-00480-800463,800463,53294.0,5.710000038146973
1264,11-08-102-00482-800465,800465,59193.0,17.850000381469727
1265,11-08-102-00483-800466,800466,95911.0,36.0
1266,11-08-102-00484-800468,800468,124293.0,80.9955005645752
1267,11-08-102-00485-800469,800469,71124.0,40.15999984741211
1268,11-08-102-00486-800473,800473,167098.0,45.0
1269,11-08-103-00487-800476,800476,118473.0,50.0
1271,11-08-103-00491-071613,800484,68524.0,19.899999976158142
1273,11-08-103-00491-800484,800484,68524.0,19.899999976158142
1285,11-08-104-00496-072215,800487,195347.0,120.65000134706497
1286,11-08-104-00496-072219,800487,195347.0,120.65000134706497
1287,11-08-104-00496-072220,800487,195347.0,120.65000134706497
1288,11-08-104-00496-072221,800487,195347.0,120.65000134706497
1291,11-08-104-00496-072234,800487,195347.0,120.65000134706497
1292,11-08-104-00496-072235,800487,195347.0,120.65000134706497
1293,11-08-104-00496-072236,800487,195347.0,120.65000134706497
1294,11-08-104-00496-072237,800487,195347.0,120.65000134706497
1305,11-08-104-00496-800487,800487,195347.0,120.65000134706497
1307,11-08-104-00498-072574,800490,328449.0,70.51790139079094
1308,11-08-104-00498-072575,800490,328449.0,70.51790139079094
1309,11-08-104-00499-072772,800490,328449.0,70.51790139079094
1310,11-08-104-00499-072780,800490,328449.0,70.51790139079094
1311,11-08-104-00499-072807,800490,328449.0,70.51790139079094
1312,11-08-104-00499-072808,800490,328449.0,70.51790139079094
1313,11-08-104-00499-800490,800490,328449.0,70.51790139079094
1315,11-08-105-00511-074697,800498,268669.0,91.03410011529922
1316,11-08-105-00511-074699,800498,268669.0,91.03410011529922
1317,11-08-105-00511-800498,800498,268669.0,91.03410011529922
1318,11-08-106-00516-800502,800502,62721.0,22.270000457763672
1319,11-08-106-00518-076008,800503,134882.0,34.62999868392944
1320,11-08-106-00518-800503,800503,134882.0,34.62999868392944
1321,11-08-107-00522-800506,800506,105452.0,48.0
1322,11-08-107-00523-800507,800507,82960.0,35.0
1323,11-08-108-00526-077128,800508,132360.0,60.47650122642517
1324,11-08-108-00526-077131,800508,132360.0,60.47650122642517
1325,11-08-108-00526-077133,800508,132360.0,60.47650122642517
1326,11-08-108-00526-077198,800508,132360.0,60.47650122642517
1327,11-08-108-00526-800508,800508,132360.0,60.47650122642517
1328,11-08-108-00531-800509,800509,121106.0,59.0
1336,11-08-109-00536-078500,800511,88444.0,41.41690015792847
1337,11-08-109-00536-078501,800511,88444.0,41.41690015792847
1338,11-08-109-00536-800511,800511,88444.0,41.41690015792847
1347,11-08-110-00538-079099,800513,55614.0,44.66000008583069
1348,11-08-110-00538-079100,800513,55614.0,44.66000008583069
1351,11-08-110-00538-800513,800513,55614.0,44.66000008583069
1353,11-08-110-00541-800516,800516,64417.0,22.530000686645508
1355,11-08-110-00545-080031,800522,3203851.0,778.8805391043425
1356,11-08-110-00545-080032,800522,3203851.0,778.8805391043425
1357,11-08-110-00545-080060,800522,3203851.0,778.8805391043425
1358,11-08-110-00545-080062,800522,3203851.0,778.8805391043425
1359,11-08-110-00545-080063,800522,3203851.0,778.8805391043425
1360,11-08-110-00545-080064,800522,3203851.0,778.8805391043425
1361,11-08-110-00545-080065,800522,3203851.0,778.8805391043425
1362,11-08-110-00545-080066,800522,3203851.0,778.8805391043425
1363,11-08-110-00545-080072,800522,3203851.0,778.8805391043425
1364,11-08-110-00545-080073,800522,3203851.0,778.8805391043425
1365,11-08-110-00545-080074,800522,3203851.0,778.8805391043425
1366,11-08-110-00545-080076,800522,3203851.0,778.8805391043425
1367,11-08-110-00545-080077,800522,3203851.0,778.8805391043425
1368,11-08-110-00545-080078,800522,3203851.0,778.8805391043425
1369,11-08-110-00545-080079,800522,3203851.0,778.8805391043425
1370,11-08-110-00545-080081,800522,3203851.0,778.8805391043425
1371,11-08-110-00545-080083,800522,3203851.0,778.8805391043425
1372,11-08-110-00545-080084,800522,3203851.0,778.8805391043425
1373,11-08-110-00545-080085,800522,3203851.0,778.8805391043425
1374,11-08-110-00545-080086,800522,3203851.0,778.8805391043425
1375,11-08-110-00545-080087,800522,3203851.0,778.8805391043425
1376,11-08-110-00545-080091,800522,3203851.0,778.8805391043425
1377,11-08-110-00545-080116,800522,3203851.0,778.8805391043425
1378,11-08-110-00545-080120,800522,3203851.0,778.8805391043425
1379,11-08-110-00545-080135,800522,3203851.0,778.8805391043425
1380,11-08-110-00545-080136,800522,3203851.0,778.8805391043425
1381,11-08-110-00545-080137,800522,3203851.0,778.8805391043425
1382,11-08-110-00545-080140,800522,3203851.0,778.8805391043425
1383,11-08-110-00545-080150,800522,3203851.0,778.8805391043425
1384,11-08-110-00545-080151,800522,3203851.0,778.8805391043425
1385,11-08-110-00545-080153,800522,3203851.0,778.8805391043425
1386,11-08-110-00545-080154,800522,3203851.0,778.8805391043425
1387,11-08-110-00545-080155,800522,3203851.0,778.8805391043425
1388,11-08-110-00545-080156,800522,3203851.0,778.8805391043425
1389,11-08-110-00545-080157,800522,3203851.0,778.8805391043425
1390,11-08-110-00545-080158,800522,3203851.0,778.8805391043425
1391,11-08-110-00545-080159,800522,3203851.0,778.8805391043425
1392,11-08-110-00545-080160,800522,3203851.0,778.8805391043425
1393,11-08-110-00545-080165,800522,3203851.0,778.8805391043425
1394,11-08-110-00545-080166,800522,3203851.0,778.8805391043425
1395,11-08-110-00545-080168,800522,3203851.0,778.8805391043425
1396,11-08-110-00545-080169,800522,3203851.0,778.8805391043425
1397,11-08-110-00545-080170,800522,3203851.0,778.8805391043425
1398,11-08-110-00545-080171,800522,3203851.0,778.8805391043425
1399,11-08-110-00545-080174,800522,3203851.0,778.8805391043425
1400,11-08-110-00545-800521,800522,3203851.0,778.8805391043425
1401,11-08-110-00546-080193,800522,3203851.0,778.8805391043425
1402,11-08-110-00546-080194,800522,3203851.0,778.8805391043425
1403,11-08-110-00546-080195,800522,3203851.0,778.8805391043425
1404,11-08-110-00546-080198,800522,3203851.0,778.8805391043425
1405,11-08-110-00546-080199,800522,3203851.0,778.8805391043425
1406,11-08-110-00546-080200,800522,3203851.0,778.8805391043425
1407,11-08-110-00546-080240,800522,3203851.0,778.8805391043425
1408,11-08-110-00546-080241,800522,3203851.0,778.8805391043425
1409,11-08-110-00546-080246,800522,3203851.0,778.8805391043425
1410,11-08-110-00546-080247,800522,3203851.0,778.8805391043425
1411,11-08-110-00546-800522,800522,3203851.0,778.8805391043425
1412,11-08-110-00547-080438,800522,3203851.0,778.8805391043425
1413,11-08-110-00547-080439,800522,3203851.0,778.8805391043425
1414,11-08-110-00548-080560,800522,3203851.0,778.8805391043425
1415,11-08-111-00551-800525,800525,92595.0,9.0600004196167
1416,11-08-111-00552-800526,800526,53392.0,16.260000228881836
1417,11-08-111-00553-081556,800527,255342.0,77.49100112915039
1418,11-08-111-00553-081558,800527,255342.0,77.49100112915039
1419,11-08-111-00553-800527,800527,255342.0,77.49100112915039
1421,11-08-112-00557-800533,800473,167098.0,45.0
1422,11-08-112-00558-800534,800534,53749.0,14.5
1423,11-08-112-00560-082867,800535,112256.0,61.92000126838684
1424,11-08-112-00560-800535,800535,112256.0,61.92000126838684
1425,11-08-112-00565-800540,800540,117968.0,68.55800008773804
1426,11-08-112-00566-800541,800541,61969.0,12.5
1428,11-08-113-00570-084964,800544,1141500.0,179.2829999923706
1429,11-08-113-00570-084965,800544,1141500.0,179.2829999923706
1430,11-08-113-00570-084978,800544,1141500.0,179.2829999923706
1431,11-08-113-00570-085021,800544,1141500.0,179.2829999923706
1432,11-08-113-00570-085022,800544,1141500.0,179.2829999923706
1433,11-08-113-00570-800544,800544,1141500.0,179.2829999923706
1434,11-08-113-00572-085531,800544,1141500.0,179.2829999923706
1435,11-08-113-00572-085536,800544,1141500.0,179.2829999923706
1437,11-08-114-00574-800547,800547,65471.0,62.380001068115234
1442,11-08-115-00579-800549,800549,74496.0,29.010000228881836
1445,11-08-115-00582-800550,800550,96225.0,16.0
1446,11-08-116-00587-800551,800551,54081.0,16.989999771118164
1447,11-08-117-00595-090150,800558,68717.0,36.02999973297119
1448,11-08-117-00595-090195,800558,68717.0,36.02999973297119
1449,11-08-117-00595-090219,800558,68717.0,36.02999973297119
1450,11-08-117-00595-800558,800558,68717.0,36.02999973297119
1452,11-08-118-00601-800561,800561,230075.0,159.0
1454,11-08-119-00606-091444,800568,160443.0,71.86030220985413
1455,11-08-119-00606-091445,800568,160443.0,71.86030220985413
1456,11-08-119-00606-091456,800568,160443.0,71.86030220985413
1457,11-08-119-00606-091485,800568,160443.0,71.86030220985413
1458,11-08-119-00606-800568,800568,160443.0,71.86030220985413
1459,11-08-119-00607-800570,800570,542321.0,219.36000061035156
1460,11-08-119-00609-091737,800571,154419.0,21.99860054254532
1461,11-08-119-00609-800571,800571,154419.0,21.99860054254532
1467,11-08-119-00611-800573,800573,50804.0,22.93000030517578
1469,11-08-120-00618-800578,800578,165294.0,60.5
1470,11-08-121-00626-800587,800587,105507.0,29.92000102996826
1473,11-08-122-00634-095532,800592,361209.0,124.31179785728455
1474,11-08-122-00634-095534,800592,361209.0,124.31179785728455
1478,11-08-122-00634-800592,800592,361209.0,124.31179785728455
1479,11-08-123-00643-097008,800597,90683.0,107.48860037326813
1480,11-08-123-00643-097038,800597,90683.0,107.48860037326813
1481,11-08-123-00643-097041,800597,90683.0,107.48860037326813
1482,11-08-123-00643-097042,800597,90683.0,107.48860037326813
1483,11-08-123-00643-097045,800597,90683.0,107.48860037326813
1484,11-08-123-00643-097046,800597,90683.0,107.48860037326813
1485,11-08-123-00643-097047,800597,90683.0,107.48860037326813
1486,11-08-123-00643-097048,800597,90683.0,107.48860037326813
1487,11-08-123-00643-097053,800597,90683.0,107.48860037326813
1488,11-08-123-00643-097054,800597,90683.0,107.48860037326813
1489,11-08-123-00643-097058,800597,90683.0,107.48860037326813
1490,11-08-123-00643-097133,800597,90683.0,107.48860037326813
1491,11-08-123-00643-800597,800597,90683.0,107.48860037326813
1495,11-08-125-00652-098971,800601,101542.0,16.640000216662884
1496,11-08-125-00652-098996,800601,101542.0,16.640000216662884
1497,11-08-125-00652-800601,800601,101542.0,16.640000216662884
1499,11-08-126-00656-100163,800605,127438.0,78.73519778251648
1500,11-08-126-00656-100164,800605,127438.0,78.73519778251648
1501,11-08-126-00656-100165,800605,127438.0,78.73519778251648
1502,11-08-126-00656-100166,800605,127438.0,78.73519778251648
1503,11-08-126-00659-100688,800605,127438.0,78.73519778251648
1504,11-08-126-00659-100768,800605,127438.0,78.73519778251648
1505,11-08-126-00659-100769,800605,127438.0,78.73519778251648
1509,11-08-126-00659-800605,800605,127438.0,78.73519778251648
1517,11-08-126-00663-101396,800607,63430.0,18.039999961853027
1521,11-08-126-00663-800607,800607,63430.0,18.039999961853027
1525,11-08-127-00667-800609,800609,1001694.0,527.030029296875
1533,11-08-128-00672-800615,800615,118420.0,74.89520072937012
1538,11-08-129-00679-104015,800617,68747.0,22.90749979019165
1541,11-08-129-00679-800617,800617,68747.0,22.90749979019165
1543,11-08-130-00689-106412,800623,530890.0,143.74199710786343
1544,11-08-130-00689-106428,800623,530890.0,143.74199710786343
1545,11-08-130-00689-106429,800623,530890.0,143.74199710786343
1546,11-08-130-00689-106430,800623,530890.0,143.74199710786343
1547,11-08-130-00689-106431,800623,530890.0,143.74199710786343
1548,11-08-130-00689-106434,800623,530890.0,143.74199710786343
1549,11-08-130-00689-106435,800623,530890.0,143.74199710786343
1550,11-08-130-00689-106436,800623,530890.0,143.74199710786343
1554,11-08-130-00689-106478,800623,530890.0,143.74199710786343
1555,11-08-130-00689-106479,800623,530890.0,143.74199710786343
1556,11-08-130-00689-106483,800623,530890.0,143.74199710786343
1557,11-08-130-00689-106484,800623,530890.0,143.74199710786343
1558,11-08-130-00689-106490,800623,530890.0,143.74199710786343
1559,11-08-130-00689-106494,800623,530890.0,143.74199710786343
1560,11-08-130-00689-106504,800623,530890.0,143.74199710786343
1561,11-08-130-00689-106505,800623,530890.0,143.74199710786343
1562,11-08-130-00689-106672,800623,530890.0,143.74199710786343
1563,11-08-130-00689-106673,800623,530890.0,143.74199710786343
1564,11-08-130-00689-106674,800623,530890.0,143.74199710786343
1565,11-08-130-00689-800623,800623,530890.0,143.74199710786343
1571,11-09-132-00702-109370,800630,719404.0,57.22410148382187
1572,11-09-132-00702-109371,800630,719404.0,57.22410148382187
1573,11-09-132-00702-109372,800630,719404.0,57.22410148382187
1575,11-09-132-00702-109395,800630,719404.0,57.22410148382187
1576,11-09-132-00702-109396,800630,719404.0,57.22410148382187
1577,11-09-132-00702-109398,800630,719404.0,57.22410148382187
1579,11-09-132-00702-800630,800630,719404.0,57.22410148382187
1581,11-09-132-00703-800635,800635,59279.0,6.0
1582,11-09-132-00704-110243,800637,100784.0,10.845499992370605
1583,11-09-132-00704-110244,800637,100784.0,10.845499992370605
1584,11-09-132-00704-800637,800637,100784.0,10.845499992370605
1586,11-09-133-00706-800642,800642,89000.0,7.110000133514404
1588,11-09-133-00707-110725,800645,107312.0,38.679999351501465
1589,11-09-133-00707-800645,800645,107312.0,38.679999351501465
1590,11-09-133-00708-110941,800652,530609.0,51.498199701309204
1591,11-09-133-00708-110946,800652,530609.0,51.498199701309204
1592,11-09-133-00708-110953,800652,530609.0,51.498199701309204
1593,11-09-133-00708-110954,800652,530609.0,51.498199701309204
1594,11-09-133-00708-110962,800652,530609.0,51.498199701309204
1595,11-09-133-00708-110963,800652,530609.0,51.498199701309204
1596,11-09-133-00708-111037,800652,530609.0,51.498199701309204
1597,11-09-133-00708-111039,800652,530609.0,51.498199701309204
1598,11-09-133-00708-111040,800652,530609.0,51.498199701309204
1599,11-09-133-00708-800652,800652,530609.0,51.498199701309204
1600,11-09-133-00709-800654,800654,53722.0,7.610000133514404
1602,11-09-133-00710-111301,800656,97427.0,6.2799999713897705
1603,11-09-133-00710-111302,800656,97427.0,6.2799999713897705
1604,11-09-133-00710-800656,800656,97427.0,6.2799999713897705
1605,11-09-134-00712-111684,800661,98076.0,8.981499910354614
1606,11-09-134-00712-111709,800661,98076.0,8.981499910354614
1607,11-09-134-00712-111749,800661,98076.0,8.981499910354614
1608,11-09-134-00712-111750,800661,98076.0,8.981499910354614
1609,11-09-134-00712-111851,800663,61979.0,7.304199814796448
1610,11-09-134-00712-800661,800661,98076.0,8.981499910354614
1611,11-09-134-00712-800663,800663,61979.0,7.304199814796448
1612,11-09-134-00713-112246,800665,141152.0,16.483299791812897
1613,11-09-134-00713-112268,800665,141152.0,16.483299791812897
1614,11-09-134-00713-112269,800665,141152.0,16.483299791812897
1615,11-09-134-00713-112356,800665,141152.0,16.483299791812897
1616,11-09-134-00713-112357,800665,141152.0,16.483299791812897
1617,11-09-134-00713-112358,800665,141152.0,16.483299791812897
1618,11-09-134-00713-112359,800665,141152.0,16.483299791812897
1619,11-09-134-00713-112563,800665,141152.0,16.483299791812897
1620,11-09-134-00713-112564,800665,141152.0,16.483299791812897
1621,11-09-134-00713-800665,800665,141152.0,16.483299791812897
1626,11-09-134-00714-112985,800668,95312.0,11.304700255393982
1627,11-09-134-00714-800668,800668,95312.0,11.304700255393982
1629,11-09-134-00715-113556,800672,60469.0,10.916799902915955
1630,11-09-134-00715-113629,800672,60469.0,10.916799902915955
1631,11-09-134-00715-113763,800674,56145.0,2.9031000286340714
1632,11-09-134-00715-113992,800672,60469.0,10.916799902915955
1633,11-09-134-00715-800671,800671,62226.0,6.0
1634,11-09-134-00715-800672,800672,60469.0,10.916799902915955
1635,11-09-134-00715-800674,800674,56145.0,2.9031000286340714
1636,11-09-134-00716-800677,800677,83441.0,23.399999618530273
1637,11-09-135-00719-115120,800682,961821.0,103.51769971847534
1638,11-09-135-00719-115159,800682,961821.0,103.51769971847534
1639,11-09-135-00719-115161,800682,961821.0,103.51769971847534
1640,11-09-135-00719-115172,800682,961821.0,103.51769971847534
1641,11-09-135-00719-115173,800682,961821.0,103.51769971847534
1642,11-09-135-00719-115175,800682,961821.0,103.51769971847534
1643,11-09-135-00719-115177,800682,961821.0,103.51769971847534
1644,11-09-135-00719-115185,800682,961821.0,103.51769971847534
1645,11-09-135-00719-115186,800682,961821.0,103.51769971847534
1646,11-09-135-00719-115188,800682,961821.0,103.51769971847534
1647,11-09-135-00719-115192,800682,961821.0,103.51769971847534
1649,11-09-135-00719-115312,800682,961821.0,103.51769971847534
1650,11-09-135-00719-800682,800682,961821.0,103.51769971847534
1652,11-09-135-00721-115832,800686,226142.0,16.94499957561493
1653,11-09-135-00721-800686,800686,226142.0,16.94499957561493
1654,11-09-135-00722-116203,800689,116844.0,10.175500273704529
1655,11-09-135-00722-800689,800689,116844.0,10.175500273704529
1659,11-09-136-00725-116680,800346,210005.0,129.94720077514648
1660,11-09-136-00725-116681,800346,210005.0,129.94720077514648
1662,11-09-136-00726-116908,800695,346241.0,28.628600597381592
1663,11-09-136-00726-116909,800695,346241.0,28.628600597381592
1664,11-09-136-00726-117036,800695,346241.0,28.628600597381592
1665,11-09-136-00726-800695,800695,346241.0,28.628600597381592
1667,11-09-137-00729-117710,800700,65790.0,24.608999729156494
1668,11-09-137-00729-800700,800700,65790.0,24.608999729156494
1678,11-09-137-00730-118149,800682,961821.0,103.51769971847534
1679,11-09-137-00730-118150,800682,961821.0,103.51769971847534
1680,11-09-137-00730-118151,800682,961821.0,103.51769971847534
1683,11-09-137-00730-800702,800702,198471.0,8.949999809265137
1685,11-09-137-00731-118220,800700,65790.0,24.608999729156494
1686,11-09-137-00731-118222,800700,65790.0,24.608999729156494
1687,11-09-137-00731-118223,800700,65790.0,24.608999729156494
1688,11-09-137-00731-118224,800700,65790.0,24.608999729156494
1689,11-09-137-00731-118226,800700,65790.0,24.608999729156494
1690,11-09-137-00731-118227,800700,65790.0,24.608999729156494
1692,11-09-137-00731-800704,800704,61243.0,5.71999979019165
1693,11-09-138-00732-118661,800716,1455098.0,221.21852087974548
1694,11-09-138-00732-118676,800716,1455098.0,221.21852087974548
1695,11-09-138-00732-800707,800707,58252.0,5.0
1696,11-09-138-00732-800708,800716,1455098.0,221.21852087974548
1697,11-09-138-00733-800713,800713,81443.0,7.5
1699,11-09-138-00734-119083,800716,1455098.0,221.21852087974548
1700,11-09-138-00734-119129,800716,1455098.0,221.21852087974548
1701,11-09-138-00734-119158,800716,1455098.0,221.21852087974548
1702,11-09-138-00734-119170,800716,1455098.0,221.21852087974548
1703,11-09-138-00734-119235,800716,1455098.0,221.21852087974548
1704,11-09-138-00734-119237,800441,24599011.0,3665.1965833231807
1705,11-09-138-00734-800716,800716,1455098.0,221.21852087974548
1706,11-09-138-00734-800717,800716,1455098.0,221.21852087974548
1709,11-09-139-00735-119301,800723,103788.0,11.075799703598022
1710,11-09-139-00735-800723,800723,103788.0,11.075799703598022
1711,11-09-139-00736-800724,800724,50310.0,2.825000047683716
1713,11-09-140-00738-119574,800441,24599011.0,3665.1965833231807
1714,11-09-140-00738-119605,800441,24599011.0,3665.1965833231807
1715,11-09-140-00738-119607,800441,24599011.0,3665.1965833231807
1716,11-09-140-00738-119608,800441,24599011.0,3665.1965833231807
1717,11-09-140-00738-119609,800441,24599011.0,3665.1965833231807
1718,11-09-140-00738-119612,800441,24599011.0,3665.1965833231807
1719,11-09-140-00738-119614,800441,24599011.0,3665.1965833231807
1720,11-09-140-00738-119622,800441,24599011.0,3665.1965833231807
1721,11-09-140-00738-119636,800441,24599011.0,3665.1965833231807
1722,11-09-140-00738-119637,800441,24599011.0,3665.1965833231807
1723,11-09-140-00738-119671,800441,24599011.0,3665.1965833231807
1724,11-09-140-00738-119672,800441,24599011.0,3665.1965833231807
1725,11-09-140-00738-119674,800441,24599011.0,3665.1965833231807
1726,11-09-140-00738-119677,800441,24599011.0,3665.1965833231807
1727,11-09-140-00738-119678,800441,24599011.0,3665.1965833231807
1728,11-09-140-00738-119679,800441,24599011.0,3665.1965833231807
1729,11-09-140-00738-800730,800441,24599011.0,3665.1965833231807
1730,11-09-140-00738-800732,800441,24599011.0,3665.1965833231807
1732,11-09-140-00739-119687,800441,24599011.0,3665.1965833231807
1733,11-09-140-00739-119690,800441,24599011.0,3665.1965833231807
1734,11-09-140-00739-119692,800441,24599011.0,3665.1965833231807
1735,11-09-140-00739-119693,800441,24599011.0,3665.1965833231807
1736,11-09-140-00739-119695,800441,24599011.0,3665.1965833231807
1737,11-09-140-00739-119696,800441,24599011.0,3665.1965833231807
1738,11-09-140-00739-119715,800441,24599011.0,3665.1965833231807
1739,11-09-140-00739-119718,800441,24599011.0,3665.1965833231807
1740,11-09-140-00739-119719,800441,24599011.0,3665.1965833231807
1741,11-09-140-00739-119720,800441,24599011.0,3665.1965833231807
1742,11-09-140-00739-119730,800441,24599011.0,3665.1965833231807
1743,11-09-140-00739-119740,800441,24599011.0,3665.1965833231807
1744,11-09-140-00739-119741,800441,24599011.0,3665.1965833231807
1745,11-09-140-00739-119742,800441,24599011.0,3665.1965833231807
1746,11-09-140-00739-119745,800441,24599011.0,3665.1965833231807
1747,11-09-140-00739-119753,800441,24599011.0,3665.1965833231807
1748,11-09-140-00739-119754,800441,24599011.0,3665.1965833231807
1749,11-09-140-00739-119756,800441,24599011.0,3665.1965833231807
1750,11-09-140-00739-119757,800441,24599011.0,3665.1965833231807
1751,11-09-140-00739-119758,800441,24599011.0,3665.1965833231807
1752,11-09-140-00739-119759,800441,24599011.0,3665.1965833231807
1753,11-09-140-00739-119760,800441,24599011.0,3665.1965833231807
1754,11-09-140-00739-119761,800441,24599011.0,3665.1965833231807
1755,11-09-140-00739-800733,800441,24599011.0,3665.1965833231807
1756,11-09-140-00739-800734,800441,24599011.0,3665.1965833231807
1757,11-09-140-00739-800735,800441,24599011.0,3665.1965833231807
1758,11-09-140-00740-119771,800441,24599011.0,3665.1965833231807
1759,11-09-140-00740-119772,800441,24599011.0,3665.1965833231807
1760,11-09-140-00740-119773,800441,24599011.0,3665.1965833231807
1761,11-09-140-00740-119775,800441,24599011.0,3665.1965833231807
1762,11-09-140-00740-119776,800441,24599011.0,3665.1965833231807
1763,11-09-140-00740-119777,800441,24599011.0,3665.1965833231807
1764,11-09-140-00740-119778,800441,24599011.0,3665.1965833231807
1765,11-09-140-00740-119780,800441,24599011.0,3665.1965833231807
1766,11-09-140-00740-119793,800441,24599011.0,3665.1965833231807
1767,11-09-140-00740-119800,800441,24599011.0,3665.1965833231807
1768,11-09-140-00740-119801,800441,24599011.0,3665.1965833231807
1769,11-09-140-00740-119804,800441,24599011.0,3665.1965833231807
1770,11-09-140-00740-119807,800441,24599011.0,3665.1965833231807
1771,11-09-140-00740-119840,800737,311866.0,58.621599435806274
1772,11-09-140-00740-119845,800737,311866.0,58.621599435806274
1773,11-09-140-00740-119846,800737,311866.0,58.621599435806274
1774,11-09-140-00740-119847,800737,311866.0,58.621599435806274
1775,11-09-140-00740-119848,800737,311866.0,58.621599435806274
1776,11-09-140-00740-119849,800737,311866.0,58.621599435806274
1777,11-09-140-00740-119851,800737,311866.0,58.621599435806274
1778,11-09-140-00740-119852,800737,311866.0,58.621599435806274
1779,11-09-140-00740-119854,800737,311866.0,58.621599435806274
1780,11-09-140-00740-119857,800737,311866.0,58.621599435806274
1781,11-09-140-00740-119861,800737,311866.0,58.621599435806274
1782,11-09-140-00740-119862,800737,311866.0,58.621599435806274
1783,11-09-140-00740-119882,800737,311866.0,58.621599435806274
1784,11-09-140-00740-119892,800737,311866.0,58.621599435806274
1785,11-09-140-00740-119903,800737,311866.0,58.621599435806274
1786,11-09-140-00740-119923,800750,63951.0,12.37300020456314
1787,11-09-140-00740-119928,800750,63951.0,12.37300020456314
1788,11-09-140-00740-119929,800750,63951.0,12.37300020456314
1789,11-09-140-00740-800736,800441,24599011.0,3665.1965833231807
1790,11-09-140-00740-800737,800737,311866.0,58.621599435806274
1795,11-09-141-00742-120114,800441,24599011.0,3665.1965833231807
1796,11-09-141-00742-120115,800441,24599011.0,3665.1965833231807
1797,11-09-141-00742-120116,800441,24599011.0,3665.1965833231807
1798,11-09-141-00742-120117,800441,24599011.0,3665.1965833231807
1799,11-09-141-00742-120118,800441,24599011.0,3665.1965833231807
1800,11-09-141-00742-120119,800441,24599011.0,3665.1965833231807
1801,11-09-141-00742-120120,800441,24599011.0,3665.1965833231807
1802,11-09-141-00742-120121,800441,24599011.0,3665.1965833231807
1803,11-09-141-00742-120122,800441,24599011.0,3665.1965833231807
1804,11-09-141-00742-120123,800441,24599011.0,3665.1965833231807
1805,11-09-141-00742-120124,800441,24599011.0,3665.1965833231807
1806,11-09-141-00742-120125,800441,24599011.0,3665.1965833231807
1807,11-09-141-00742-120126,800441,24599011.0,3665.1965833231807
1808,11-09-141-00742-120127,800441,24599011.0,3665.1965833231807
1809,11-09-141-00742-120128,800441,24599011.0,3665.1965833231807
1810,11-09-141-00742-120129,800441,24599011.0,3665.1965833231807
1811,11-09-141-00742-120130,800441,24599011.0,3665.1965833231807
1812,11-09-141-00742-120131,800441,24599011.0,3665.1965833231807
1813,11-09-141-00742-120132,800441,24599011.0,3665.1965833231807
1814,11-09-141-00742-120133,800441,24599011.0,3665.1965833231807
1815,11-09-141-00742-120138,800441,24599011.0,3665.1965833231807
1816,11-09-141-00742-120139,800441,24599011.0,3665.1965833231807
1817,11-09-141-00742-120140,800441,24599011.0,3665.1965833231807
1818,11-09-141-00742-120141,800441,24599011.0,3665.1965833231807
1819,11-09-141-00742-120142,800441,24599011.0,3665.1965833231807
1820,11-09-141-00742-120143,800441,24599011.0,3665.1965833231807
1821,11-09-141-00742-120144,800441,24599011.0,3665.1965833231807
1822,11-09-141-00742-120145,800441,24599011.0,3665.1965833231807
1823,11-09-141-00742-120146,800441,24599011.0,3665.1965833231807
1824,11-09-141-00742-120147,800441,24599011.0,3665.1965833231807
1825,11-09-141-00742-120148,800441,24599011.0,3665.1965833231807
1826,11-09-141-00742-120149,800441,24599011.0,3665.1965833231807
1827,11-09-141-00742-120150,800441,24599011.0,3665.1965833231807
1828,11-09-141-00742-120151,800441,24599011.0,3665.1965833231807
1829,11-09-141-00742-120152,800441,24599011.0,3665.1965833231807
1830,11-09-141-00742-120153,800441,24599011.0,3665.1965833231807
1831,11-09-141-00742-120154,800441,24599011.0,3665.1965833231807
1832,11-09-141-00742-120155,800441,24599011.0,3665.1965833231807
1833,11-09-141-00742-120156,800441,24599011.0,3665.1965833231807
1834,11-09-141-00742-120159,800441,24599011.0,3665.1965833231807
1835,11-09-141-00742-120161,800441,24599011.0,3665.1965833231807
1836,11-09-141-00742-120162,800441,24599011.0,3665.1965833231807
1837,11-09-141-00742-120167,800441,24599011.0,3665.1965833231807
1838,11-09-141-00742-120168,800441,24599011.0,3665.1965833231807
1839,11-09-141-00742-120170,800441,24599011.0,3665.1965833231807
1840,11-09-141-00742-120171,800441,24599011.0,3665.1965833231807
1841,11-09-141-00742-120172,800441,24599011.0,3665.1965833231807
1842,11-09-141-00742-120173,800441,24599011.0,3665.1965833231807
1843,11-09-141-00742-120174,800441,24599011.0,3665.1965833231807
1844,11-09-141-00742-120175,800441,24599011.0,3665.1965833231807
1845,11-09-141-00742-120179,800441,24599011.0,3665.1965833231807
1846,11-09-141-00742-120180,800441,24599011.0,3665.1965833231807
1847,11-09-141-00742-120181,800441,24599011.0,3665.1965833231807
1848,11-09-141-00742-120182,800441,24599011.0,3665.1965833231807
1849,11-09-141-00742-120183,800441,24599011.0,3665.1965833231807
1850,11-09-141-00742-120184,800441,24599011.0,3665.1965833231807
1851,11-09-141-00742-120185,800441,24599011.0,3665.1965833231807
1852,11-09-141-00742-120186,800441,24599011.0,3665.1965833231807
1853,11-09-141-00742-120187,800441,24599011.0,3665.1965833231807
1854,11-09-141-00742-120200,800441,24599011.0,3665.1965833231807
1855,11-09-141-00742-120208,800441,24599011.0,3665.1965833231807
1856,11-09-141-00742-120209,800441,24599011.0,3665.1965833231807
1857,11-09-141-00742-120211,800441,24599011.0,3665.1965833231807
1858,11-09-141-00742-120214,800441,24599011.0,3665.1965833231807
1859,11-09-141-00742-120217,800441,24599011.0,3665.1965833231807
1860,11-09-141-00742-120219,800441,24599011.0,3665.1965833231807
1861,11-09-141-00742-120220,800441,24599011.0,3665.1965833231807
1862,11-09-141-00742-120221,800441,24599011.0,3665.1965833231807
1863,11-09-141-00742-120222,800441,24599011.0,3665.1965833231807
1864,11-09-141-00742-120223,800441,24599011.0,3665.1965833231807
1865,11-09-141-00742-120224,800441,24599011.0,3665.1965833231807
1866,11-09-141-00742-120225,800441,24599011.0,3665.1965833231807
1867,11-09-141-00742-120226,800441,24599011.0,3665.1965833231807
1868,11-09-141-00742-120227,800441,24599011.0,3665.1965833231807
1869,11-09-141-00742-120228,800441,24599011.0,3665.1965833231807
1870,11-09-141-00742-800740,800441,24599011.0,3665.1965833231807
1871,11-09-141-00743-120231,800441,24599011.0,3665.1965833231807
1872,11-09-141-00743-120234,800441,24599011.0,3665.1965833231807
1873,11-09-141-00743-120241,800441,24599011.0,3665.1965833231807
1874,11-09-141-00743-120242,800441,24599011.0,3665.1965833231807
1875,11-09-141-00743-120246,800441,24599011.0,3665.1965833231807
1876,11-09-141-00743-120247,800441,24599011.0,3665.1965833231807
1877,11-09-141-00743-120249,800441,24599011.0,3665.1965833231807
1878,11-09-141-00743-120250,800441,24599011.0,3665.1965833231807
1879,11-09-141-00743-120251,800441,24599011.0,3665.1965833231807
1880,11-09-141-00743-120253,800441,24599011.0,3665.1965833231807
1881,11-09-141-00743-120255,800441,24599011.0,3665.1965833231807
1882,11-09-141-00743-120256,800441,24599011.0,3665.1965833231807
1883,11-09-141-00743-120257,800441,24599011.0,3665.1965833231807
1884,11-09-141-00743-120258,800441,24599011.0,3665.1965833231807
1885,11-09-141-00743-120259,800441,24599011.0,3665.1965833231807
1886,11-09-141-00743-120260,800441,24599011.0,3665.1965833231807
1887,11-09-141-00743-120261,800441,24599011.0,3665.1965833231807
1888,11-09-141-00743-120262,800441,24599011.0,3665.1965833231807
1889,11-09-141-00743-120263,800441,24599011.0,3665.1965833231807
1890,11-09-141-00743-120264,800441,24599011.0,3665.1965833231807
1891,11-09-141-00743-120265,800441,24599011.0,3665.1965833231807
1892,11-09-141-00743-120266,800441,24599011.0,3665.1965833231807
1893,11-09-141-00743-120270,800441,24599011.0,3665.1965833231807
1894,11-09-141-00743-120272,800441,24599011.0,3665.1965833231807
1895,11-09-141-00743-120302,800441,24599011.0,3665.1965833231807
1896,11-09-141-00743-120303,800441,24599011.0,3665.1965833231807
1897,11-09-141-00743-120318,800441,24599011.0,3665.1965833231807
1898,11-09-141-00743-120319,800441,24599011.0,3665.1965833231807
1900,11-09-141-00743-120347,800441,24599011.0,3665.1965833231807
1901,11-09-141-00743-800742,800441,24599011.0,3665.1965833231807
1907,11-09-142-00745-120482,800441,24599011.0,3665.1965833231807
1908,11-09-142-00745-120483,800441,24599011.0,3665.1965833231807
1909,11-09-142-00745-120484,800441,24599011.0,3665.1965833231807
1910,11-09-142-00745-120485,800441,24599011.0,3665.1965833231807
1911,11-09-142-00745-120486,800441,24599011.0,3665.1965833231807
1912,11-09-142-00745-120487,800441,24599011.0,3665.1965833231807
1913,11-09-142-00745-120488,800441,24599011.0,3665.1965833231807
1914,11-09-142-00745-120489,800441,24599011.0,3665.1965833231807
1915,11-09-142-00745-800746,800441,24599011.0,3665.1965833231807
1916,11-09-142-00746-120597,800750,63951.0,12.37300020456314
1917,11-09-142-00746-120598,800750,63951.0,12.37300020456314
1918,11-09-142-00746-120749,800749,252808.0,59.27259957790375
1919,11-09-142-00746-120750,800749,252808.0,59.27259957790375
1920,11-09-142-00746-120755,800749,252808.0,59.27259957790375
1921,11-09-142-00746-120761,800749,252808.0,59.27259957790375
1922,11-09-142-00746-120762,800749,252808.0,59.27259957790375
1923,11-09-142-00746-120766,800749,252808.0,59.27259957790375
1924,11-09-142-00746-120779,800749,252808.0,59.27259957790375
1925,11-09-142-00746-120808,800749,252808.0,59.27259957790375
1926,11-09-142-00746-800749,800749,252808.0,59.27259957790375
1927,11-09-142-00746-800750,800750,63951.0,12.37300020456314
1928,11-09-142-00748-800756,800756,59858.0,14.460000038146973
1929,11-09-142-00751-121549,800762,154566.0,33.28320091962814
1930,11-09-142-00751-121550,800762,154566.0,33.28320091962814
1931,11-09-142-00751-121603,800762,154566.0,33.28320091962814
1932,11-09-142-00751-121604,800762,154566.0,33.28320091962814
1935,11-09-142-00751-121691,800762,154566.0,33.28320091962814
1936,11-09-142-00751-800762,800762,154566.0,33.28320091962814
1938,11-09-143-00754-800765,800765,50412.0,16.25
1939,11-09-143-00755-122356,800768,1042518.0,91.97120079398155
1940,11-09-143-00755-122357,800768,1042518.0,91.97120079398155
1941,11-09-143-00755-122358,800768,1042518.0,91.97120079398155
1942,11-09-143-00755-122374,800768,1042518.0,91.97120079398155
1943,11-09-143-00755-122375,800768,1042518.0,91.97120079398155
1944,11-09-143-00755-122376,800768,1042518.0,91.97120079398155
1945,11-09-143-00755-122377,800768,1042518.0,91.97120079398155
1946,11-09-143-00755-122383,800768,1042518.0,91.97120079398155
1947,11-09-143-00755-122384,800768,1042518.0,91.97120079398155
1948,11-09-143-00755-122385,800768,1042518.0,91.97120079398155
1949,11-09-143-00755-122429,800768,1042518.0,91.97120079398155
1950,11-09-143-00755-122442,800768,1042518.0,91.97120079398155
1951,11-09-143-00755-122444,800768,1042518.0,91.97120079398155
1952,11-09-143-00755-122445,800768,1042518.0,91.97120079398155
1953,11-09-143-00755-122446,800768,1042518.0,91.97120079398155
1954,11-09-143-00755-122447,800768,1042518.0,91.97120079398155
1955,11-09-143-00755-122448,800768,1042518.0,91.97120079398155
1956,11-09-143-00755-122460,800768,1042518.0,91.97120079398155
1957,11-09-143-00755-122461,800768,1042518.0,91.97120079398155
1960,11-09-143-00755-122515,800768,1042518.0,91.97120079398155
1961,11-09-143-00755-122516,800768,1042518.0,91.97120079398155
1962,11-09-143-00755-122572,800768,1042518.0,91.97120079398155
1963,11-09-143-00755-122573,800768,1042518.0,91.97120079398155
1964,11-09-143-00755-122576,800768,1042518.0,91.97120079398155
1966,11-09-143-00755-122710,800768,1042518.0,91.97120079398155
1967,11-09-143-00755-122711,800768,1042518.0,91.97120079398155
1968,11-09-143-00755-122713,800768,1042518.0,91.97120079398155
1969,11-09-143-00755-122717,800768,1042518.0,91.97120079398155
1970,11-09-143-00755-122718,800768,1042518.0,91.97120079398155
1971,11-09-143-00755-800768,800768,1042518.0,91.97120079398155
1973,11-09-144-00759-123307,800780,155486.0,11.268700361251831
1974,11-09-144-00759-123441,800780,155486.0,11.268700361251831
1975,11-09-144-00759-800780,800780,155486.0,11.268700361251831
1976,11-09-145-00761-123592,800784,66897.0,17.64870023727417
1977,11-09-145-00761-123597,800784,66897.0,17.64870023727417
1978,11-09-145-00761-800784,800784,66897.0,17.64870023727417
1979,11-09-145-00762-124001,800799,638338.0,176.80116656422615
1981,11-09-145-00763-124075,800799,638338.0,176.80116656422615
1982,11-09-145-00763-124079,800799,638338.0,176.80116656422615
1983,11-09-145-00763-124126,800799,638338.0,176.80116656422615
1984,11-09-145-00763-124214,800799,638338.0,176.80116656422615
1985,11-09-145-00763-800791,800799,638338.0,176.80116656422615
1986,11-09-145-00764-124292,800799,638338.0,176.80116656422615
1987,11-09-145-00764-124294,800799,638338.0,176.80116656422615
1988,11-09-145-00764-124295,800799,638338.0,176.80116656422615
1989,11-09-145-00764-124297,800799,638338.0,176.80116656422615
1990,11-09-145-00764-124298,800799,638338.0,176.80116656422615
1991,11-09-145-00764-124299,800799,638338.0,176.80116656422615
1992,11-09-145-00764-124301,800799,638338.0,176.80116656422615
1993,11-09-145-00764-124303,800799,638338.0,176.80116656422615
1994,11-09-145-00764-124304,800799,638338.0,176.80116656422615
1995,11-09-145-00764-124319,800799,638338.0,176.80116656422615
1996,11-09-145-00764-124320,800799,638338.0,176.80116656422615
1997,11-09-145-00764-124336,800799,638338.0,176.80116656422615
1998,11-09-145-00764-124341,800799,638338.0,176.80116656422615
1999,11-09-145-00764-124342,800799,638338.0,176.80116656422615
2000,11-09-145-00764-124345,800799,638338.0,176.80116656422615
2001,11-09-145-00764-124347,800799,638338.0,176.80116656422615
2002,11-09-145-00764-124348,800799,638338.0,176.80116656422615
2003,11-09-145-00764-124354,800799,638338.0,176.80116656422615
2004,11-09-145-00764-124359,800799,638338.0,176.80116656422615
2005,11-09-145-00764-124360,800799,638338.0,176.80116656422615
2006,11-09-145-00764-124361,800799,638338.0,176.80116656422615
2007,11-09-145-00764-124362,800799,638338.0,176.80116656422615
2008,11-09-145-00764-124363,800799,638338.0,176.80116656422615
2009,11-09-145-00764-124370,800799,638338.0,176.80116656422615
2010,11-09-145-00764-124377,800799,638338.0,176.80116656422615
2011,11-09-145-00764-124382,800799,638338.0,176.80116656422615
2012,11-09-145-00764-124383,800799,638338.0,176.80116656422615
2013,11-09-145-00764-124455,800799,638338.0,176.80116656422615
2014,11-09-145-00764-124456,800799,638338.0,176.80116656422615
2015,11-09-145-00764-124457,800799,638338.0,176.80116656422615
2016,11-09-145-00764-124458,800799,638338.0,176.80116656422615
2017,11-09-145-00764-124459,800799,638338.0,176.80116656422615
2018,11-09-145-00764-124460,800799,638338.0,176.80116656422615
2019,11-09-145-00764-124461,800799,638338.0,176.80116656422615
2020,11-09-145-00764-800795,800799,638338.0,176.80116656422615
2022,11-09-145-00764-800799,800799,638338.0,176.80116656422615
2023,11-09-145-00764-800800,800799,638338.0,176.80116656422615
2024,11-09-146-00765-124504,800804,1888316.0,269.2960995435715
2025,11-09-146-00765-124505,800804,1888316.0,269.2960995435715
2026,11-09-146-00765-124569,800815,99608.0,30.111799836158752
2027,11-09-146-00765-800801,800815,99608.0,30.111799836158752
2028,11-09-146-00766-124573,800804,1888316.0,269.2960995435715
2029,11-09-146-00766-124574,800804,1888316.0,269.2960995435715
2030,11-09-146-00766-124575,800804,1888316.0,269.2960995435715
2031,11-09-146-00766-124586,800804,1888316.0,269.2960995435715
2032,11-09-146-00766-124587,800804,1888316.0,269.2960995435715
2033,11-09-146-00766-124601,800804,1888316.0,269.2960995435715
2034,11-09-146-00766-124629,800804,1888316.0,269.2960995435715
2035,11-09-146-00766-124633,800804,1888316.0,269.2960995435715
2036,11-09-146-00766-124634,800804,1888316.0,269.2960995435715
2037,11-09-146-00766-124635,800804,1888316.0,269.2960995435715
2038,11-09-146-00766-124636,800804,1888316.0,269.2960995435715
2039,11-09-146-00766-124637,800804,1888316.0,269.2960995435715
2040,11-09-146-00766-124640,800804,1888316.0,269.2960995435715
2041,11-09-146-00766-124648,800804,1888316.0,269.2960995435715
2042,11-09-146-00766-124649,800804,1888316.0,269.2960995435715
2043,11-09-146-00766-124653,800804,1888316.0,269.2960995435715
2044,11-09-146-00766-124657,800804,1888316.0,269.2960995435715
2045,11-09-146-00766-124658,800804,1888316.0,269.2960995435715
2046,11-09-146-00766-124659,800804,1888316.0,269.2960995435715
2047,11-09-146-00766-124660,800804,1888316.0,269.2960995435715
2048,11-09-146-00766-124662,800804,1888316.0,269.2960995435715
2049,11-09-146-00766-124665,800804,1888316.0,269.2960995435715
2050,11-09-146-00766-124669,800804,1888316.0,269.2960995435715
2051,11-09-146-00766-124670,800804,1888316.0,269.2960995435715
2052,11-09-146-00766-124671,800804,1888316.0,269.2960995435715
2053,11-09-146-00766-124672,800804,1888316.0,269.2960995435715
2054,11-09-146-00766-124689,800804,1888316.0,269.2960995435715
2055,11-09-146-00766-124690,800804,1888316.0,269.2960995435715
2056,11-09-146-00766-124691,800804,1888316.0,269.2960995435715
2057,11-09-146-00766-124692,800804,1888316.0,269.2960995435715
2058,11-09-146-00766-124693,800804,1888316.0,269.2960995435715
2059,11-09-146-00766-124694,800804,1888316.0,269.2960995435715
2060,11-09-146-00766-124695,800804,1888316.0,269.2960995435715
2061,11-09-146-00766-124696,800804,1888316.0,269.2960995435715
2062,11-09-146-00766-124697,800804,1888316.0,269.2960995435715
2063,11-09-146-00766-124698,800804,1888316.0,269.2960995435715
2064,11-09-146-00766-124699,800804,1888316.0,269.2960995435715
2065,11-09-146-00766-800802,800804,1888316.0,269.2960995435715
2066,11-09-146-00766-800803,800804,1888316.0,269.2960995435715
2067,11-09-146-00766-800804,800804,1888316.0,269.2960995435715
2068,11-09-146-00766-800805,800804,1888316.0,269.2960995435715
2072,11-09-147-00771-125451,800815,99608.0,30.111799836158752
2073,11-09-147-00771-125453,800815,99608.0,30.111799836158752
2074,11-09-147-00771-125502,800815,99608.0,30.111799836158752
2075,11-09-147-00771-125503,800815,99608.0,30.111799836158752
2076,11-09-147-00771-800815,800815,99608.0,30.111799836158752
2077,11-09-147-00772-125541,800816,627994.0,30.46370017528534
2078,11-09-147-00772-125576,800816,627994.0,30.46370017528534
2079,11-09-147-00772-125579,800816,627994.0,30.46370017528534
2080,11-09-147-00772-125593,800816,627994.0,30.46370017528534
2081,11-09-147-00772-800816,800816,627994.0,30.46370017528534
2082,11-09-147-00774-125947,800819,112318.0,12.179499506950378
2083,11-09-147-00774-125952,800819,112318.0,12.179499506950378
2091,11-09-147-00774-800819,800819,112318.0,12.179499506950378
2092,11-09-148-00775-126436,800824,158143.0,19.504800021648407
2093,11-09-148-00775-126438,800824,158143.0,19.504800021648407
2094,11-09-148-00775-126446,800824,158143.0,19.504800021648407
2095,11-09-148-00775-800824,800824,158143.0,19.504800021648407
2102,11-09-149-00781-800841,800841,66204.0,7.449999809265137
2103,11-09-149-00782-800843,800843,62039.0,6.5
2104,11-09-149-00782-800844,800844,159285.0,6.099999904632568
2105,11-09-150-00784-800853,800853,68413.0,5.980000019073486
2108,11-09-150-00786-129911,800863,61629.0,23.600299954414368
2109,11-09-150-00786-129917,800863,61629.0,23.600299954414368
2110,11-09-150-00786-129918,800863,61629.0,23.600299954414368
2115,11-09-150-00786-800863,800863,61629.0,23.600299954414368
2117,11-09-150-00787-130235,800866,1057726.0,160.49680107831955
2118,11-09-150-00787-130288,800866,1057726.0,160.49680107831955
2119,11-09-150-00787-130343,800866,1057726.0,160.49680107831955
2120,11-09-150-00787-130344,800866,1057726.0,160.49680107831955
2121,11-09-150-00787-130345,800866,1057726.0,160.49680107831955
2122,11-09-150-00787-130346,800866,1057726.0,160.49680107831955
2123,11-09-150-00787-130351,800866,1057726.0,160.49680107831955
2124,11-09-150-00787-130416,800866,1057726.0,160.49680107831955
2125,11-09-150-00787-130417,800866,1057726.0,160.49680107831955
2126,11-09-150-00787-130418,800866,1057726.0,160.49680107831955
2127,11-09-150-00787-130419,800866,1057726.0,160.49680107831955
2128,11-09-150-00787-130421,800866,1057726.0,160.49680107831955
2129,11-09-150-00787-130422,800866,1057726.0,160.49680107831955
2130,11-09-150-00787-130426,800866,1057726.0,160.49680107831955
2131,11-09-150-00787-130427,800866,1057726.0,160.49680107831955
2132,11-09-150-00787-130437,800866,1057726.0,160.49680107831955
2134,11-09-150-00787-130473,800866,1057726.0,160.49680107831955
2136,11-09-150-00787-130477,800866,1057726.0,160.49680107831955
2137,11-09-150-00787-800866,800866,1057726.0,160.49680107831955
2138,11-09-150-00787-800867,800866,1057726.0,160.49680107831955
2139,11-09-150-00787-800868,800866,1057726.0,160.49680107831955
2141,11-09-150-00789-800873,800873,78249.0,9.430000305175781
2142,11-09-151-00790-131472,800877,161759.0,18.929400205612183
2143,11-09-151-00790-131632,800877,161759.0,18.929400205612183
2144,11-09-151-00790-131660,800877,161759.0,18.929400205612183
2145,11-09-151-00790-131661,800877,161759.0,18.929400205612183
2146,11-09-151-00790-800877,800877,161759.0,18.929400205612183
2148,11-09-151-00791-800879,800879,73551.0,3.0
2150,11-09-152-00794-800887,800887,61444.0,3.4800000190734863
2155,11-09-152-00795-134371,800889,395443.0,54.88510060310364
2156,11-09-152-00795-134395,800889,395443.0,54.88510060310364
2157,11-09-152-00795-134398,800889,395443.0,54.88510060310364
2158,11-09-152-00795-134413,800889,395443.0,54.88510060310364
2159,11-09-152-00795-134414,800889,395443.0,54.88510060310364
2160,11-09-152-00795-134416,800889,395443.0,54.88510060310364
2161,11-09-152-00795-134428,800889,395443.0,54.88510060310364
2162,11-09-152-00795-134429,800889,395443.0,54.88510060310364
2163,11-09-152-00795-134432,800889,395443.0,54.88510060310364
2164,11-09-152-00795-134433,800889,395443.0,54.88510060310364
2165,11-09-152-00795-800888,800889,395443.0,54.88510060310364
2166,11-09-152-00795-800889,800889,395443.0,54.88510060310364
2167,11-09-152-00795-800890,800889,395443.0,54.88510060310364
2168,11-09-153-00799-135403,800897,66355.0,12.26199984550476
2169,11-09-153-00799-800897,800897,66355.0,12.26199984550476
2173,11-09-153-00801-136291,800900,185130.0,23.605199873447418
2174,11-09-153-00801-136292,800900,185130.0,23.605199873447418
2175,11-09-153-00801-136293,800900,185130.0,23.605199873447418
2176,11-09-153-00801-136294,800900,185130.0,23.605199873447418
2177,11-09-153-00801-136305,800900,185130.0,23.605199873447418
2178,11-09-153-00801-136398,800900,185130.0,23.605199873447418
2179,11-09-153-00801-136543,800900,185130.0,23.605199873447418
2180,11-09-153-00801-800900,800900,185130.0,23.605199873447418
2182,11-09-154-00804-137655,800907,203013.0,44.654300063848495
2183,11-09-154-00804-137656,800907,203013.0,44.654300063848495
2184,11-09-154-00804-137657,800907,203013.0,44.654300063848495
2185,11-09-154-00804-137658,800907,203013.0,44.654300063848495
2186,11-09-154-00804-137679,800907,203013.0,44.654300063848495
2187,11-09-154-00804-137681,800907,203013.0,44.654300063848495
2188,11-09-154-00804-137766,800907,203013.0,44.654300063848495
2189,11-09-154-00804-800907,800907,203013.0,44.654300063848495
2190,11-09-154-00805-137880,800909,62384.0,13.449999541044235
2192,11-09-154-00805-800909,800909,62384.0,13.449999541044235
2193,11-09-154-00806-800911,800911,55780.0,7.769999980926514
2194,11-09-154-00807-800912,800912,50777.0,12.779999732971191
2197,11-09-155-00809-800915,800915,80226.0,9.699999809265137
2198,11-09-155-00811-140035,800919,204560.0,23.631200194358826
2199,11-09-155-00811-140036,800919,204560.0,23.631200194358826
2200,11-09-155-00811-140039,800919,204560.0,23.631200194358826
2202,11-09-155-00811-140222,800919,204560.0,23.631200194358826
2203,11-09-155-00811-800919,800919,204560.0,23.631200194358826
2204,11-09-155-00813-141027,800927,61351.0,26.797200798988342
2205,11-09-155-00813-141050,800927,61351.0,26.797200798988342
2206,11-09-155-00813-800927,800927,61351.0,26.797200798988342
2210,11-09-156-00816-142169,801005,3097237.0,381.41149085760117
2211,11-09-156-00816-142170,801005,3097237.0,381.41149085760117
2212,11-09-156-00816-142173,801005,3097237.0,381.41149085760117
2213,11-09-156-00816-142188,800940,189938.0,43.01530039310455
2214,11-09-156-00816-142207,800940,189938.0,43.01530039310455
2215,11-09-156-00816-142263,800940,189938.0,43.01530039310455
2216,11-09-156-00816-142264,800940,189938.0,43.01530039310455
2217,11-09-156-00816-142268,800940,189938.0,43.01530039310455
2218,11-09-156-00816-142269,800940,189938.0,43.01530039310455
2220,11-09-156-00816-142312,801005,3097237.0,381.41149085760117
2221,11-09-156-00816-142396,801005,3097237.0,381.41149085760117
2222,11-09-156-00816-800940,800940,189938.0,43.01530039310455
2223,11-09-156-00816-800941,801005,3097237.0,381.41149085760117
2225,11-09-157-00820-143313,800951,3330559.0,634.0676562935114
2226,11-09-157-00820-143314,800951,3330559.0,634.0676562935114
2227,11-09-157-00820-143315,800951,3330559.0,634.0676562935114
2228,11-09-157-00820-143316,800951,3330559.0,634.0676562935114
2229,11-09-157-00820-143321,800951,3330559.0,634.0676562935114
2230,11-09-157-00820-143324,800951,3330559.0,634.0676562935114
2231,11-09-157-00820-143326,800951,3330559.0,634.0676562935114
2232,11-09-157-00820-143346,800951,3330559.0,634.0676562935114
2233,11-09-157-00820-143347,800951,3330559.0,634.0676562935114
2234,11-09-157-00820-143348,800951,3330559.0,634.0676562935114
2235,11-09-157-00820-143349,800951,3330559.0,634.0676562935114
2236,11-09-157-00820-143350,800951,3330559.0,634.0676562935114
2237,11-09-157-00820-143351,800951,3330559.0,634.0676562935114
2238,11-09-157-00821-143372,800951,3330559.0,634.0676562935114
2239,11-09-157-00821-143381,800951,3330559.0,634.0676562935114
2240,11-09-157-00821-143382,800951,3330559.0,634.0676562935114
2243,11-09-157-00821-143433,800951,3330559.0,634.0676562935114
2244,11-09-157-00821-143434,800951,3330559.0,634.0676562935114
2245,11-09-157-00821-143435,800951,3330559.0,634.0676562935114
2246,11-09-157-00821-143437,800951,3330559.0,634.0676562935114
2247,11-09-157-00821-143438,800951,3330559.0,634.0676562935114
2248,11-09-157-00821-143439,800951,3330559.0,634.0676562935114
2249,11-09-157-00821-143440,800951,3330559.0,634.0676562935114
2250,11-09-157-00821-143441,800951,3330559.0,634.0676562935114
2251,11-09-157-00821-143442,800951,3330559.0,634.0676562935114
2252,11-09-157-00821-143443,800951,3330559.0,634.0676562935114
2253,11-09-157-00821-143444,800951,3330559.0,634.0676562935114
2254,11-09-157-00821-143445,800951,3330559.0,634.0676562935114
2255,11-09-157-00821-143446,800951,3330559.0,634.0676562935114
2256,11-09-157-00821-143447,800951,3330559.0,634.0676562935114
2257,11-09-157-00821-143448,800951,3330559.0,634.0676562935114
2258,11-09-157-00821-143449,800951,3330559.0,634.0676562935114
2259,11-09-157-00821-143450,800951,3330559.0,634.0676562935114
2260,11-09-157-00821-143451,800951,3330559.0,634.0676562935114
2261,11-09-157-00821-143452,800951,3330559.0,634.0676562935114
2262,11-09-157-00821-143453,800951,3330559.0,634.0676562935114
2263,11-09-157-00821-143455,800951,3330559.0,634.0676562935114
2264,11-09-157-00821-143456,800951,3330559.0,634.0676562935114
2265,11-09-157-00821-143457,800951,3330559.0,634.0676562935114
2266,11-09-157-00821-143460,800951,3330559.0,634.0676562935114
2267,11-09-157-00821-143461,800951,3330559.0,634.0676562935114
2268,11-09-157-00821-143462,800951,3330559.0,634.0676562935114
2269,11-09-157-00821-143463,800951,3330559.0,634.0676562935114
2270,11-09-157-00821-143464,800951,3330559.0,634.0676562935114
2271,11-09-157-00821-143465,800951,3330559.0,634.0676562935114
2272,11-09-157-00821-143466,800951,3330559.0,634.0676562935114
2273,11-09-157-00821-143467,800951,3330559.0,634.0676562935114
2274,11-09-157-00821-143470,800951,3330559.0,634.0676562935114
2275,11-09-157-00821-143473,800951,3330559.0,634.0676562935114
2276,11-09-157-00821-143474,800951,3330559.0,634.0676562935114
2280,11-09-157-00821-143516,800951,3330559.0,634.0676562935114
2281,11-09-157-00821-143518,800951,3330559.0,634.0676562935114
2282,11-09-157-00821-143519,800951,3330559.0,634.0676562935114
2283,11-09-157-00821-143544,800951,3330559.0,634.0676562935114
2284,11-09-157-00821-143545,800951,3330559.0,634.0676562935114
2285,11-09-157-00821-143546,800951,3330559.0,634.0676562935114
2286,11-09-157-00821-143547,800951,3330559.0,634.0676562935114
2287,11-09-157-00821-143548,800951,3330559.0,634.0676562935114
2288,11-09-157-00821-143549,800951,3330559.0,634.0676562935114
2289,11-09-157-00821-143550,800951,3330559.0,634.0676562935114
2290,11-09-157-00821-143551,800951,3330559.0,634.0676562935114
2291,11-09-157-00821-143552,800951,3330559.0,634.0676562935114
2292,11-09-157-00821-143553,800951,3330559.0,634.0676562935114
2293,11-09-157-00821-143554,800951,3330559.0,634.0676562935114
2294,11-09-157-00821-143555,800951,3330559.0,634.0676562935114
2295,11-09-157-00821-143556,800951,3330559.0,634.0676562935114
2296,11-09-157-00821-143557,800951,3330559.0,634.0676562935114
2297,11-09-157-00821-143558,800951,3330559.0,634.0676562935114
2298,11-09-157-00821-143559,800951,3330559.0,634.0676562935114
2300,11-09-157-00821-800951,800951,3330559.0,634.0676562935114
2301,11-09-157-00821-800952,800951,3330559.0,634.0676562935114
2302,11-09-157-00822-143560,800951,3330559.0,634.0676562935114
2303,11-09-157-00822-143561,800951,3330559.0,634.0676562935114
2304,11-09-157-00822-143562,800951,3330559.0,634.0676562935114
2305,11-09-157-00822-143563,800951,3330559.0,634.0676562935114
2306,11-09-157-00822-143564,800951,3330559.0,634.0676562935114
2307,11-09-157-00822-143592,800951,3330559.0,634.0676562935114
2308,11-09-157-00822-143593,800951,3330559.0,634.0676562935114
2309,11-09-157-00822-143594,800951,3330559.0,634.0676562935114
2310,11-09-157-00822-143596,800951,3330559.0,634.0676562935114
2311,11-09-157-00822-143599,800951,3330559.0,634.0676562935114
2313,11-09-157-00822-800953,800951,3330559.0,634.0676562935114
2314,11-09-158-00825-144268,800959,192539.0,52.73244033753872
2315,11-09-158-00825-144312,800959,192539.0,52.73244033753872
2316,11-09-158-00825-144320,800959,192539.0,52.73244033753872
2317,11-09-158-00825-800959,800959,192539.0,52.73244033753872
2337,11-09-159-00832-146211,800968,311426.0,29.448700606822968
2338,11-09-159-00832-146227,800968,311426.0,29.448700606822968
2339,11-09-159-00832-146228,800968,311426.0,29.448700606822968
2340,11-09-159-00832-146229,800968,311426.0,29.448700606822968
2341,11-09-159-00832-146230,800968,311426.0,29.448700606822968
2342,11-09-159-00832-146239,800968,311426.0,29.448700606822968
2343,11-09-159-00832-146256,800968,311426.0,29.448700606822968
2344,11-09-159-00832-800968,800968,311426.0,29.448700606822968
2345,11-09-159-00832-800969,800968,311426.0,29.448700606822968
2346,11-09-160-00833-146601,800975,63676.0,13.297700017690659
2347,11-09-160-00833-146602,800975,63676.0,13.297700017690659
2350,11-09-160-00833-146751,800973,51735.0,20.647300004959106
2351,11-09-160-00833-146753,800973,51735.0,20.647300004959106
2352,11-09-160-00833-800973,800973,51735.0,20.647300004959106
2353,11-09-160-00833-800975,800975,63676.0,13.297700017690659
2354,11-09-160-00834-147023,800978,106897.0,31.164300084114075
2358,11-09-160-00834-147081,800978,106897.0,31.164300084114075
2359,11-09-160-00834-147082,800978,106897.0,31.164300084114075
2360,11-09-160-00834-147089,800978,106897.0,31.164300084114075
2361,11-09-160-00834-147090,800978,106897.0,31.164300084114075
2362,11-09-160-00834-147091,800978,106897.0,31.164300084114075
2363,11-09-160-00834-147092,800978,106897.0,31.164300084114075
2364,11-09-160-00834-147105,800978,106897.0,31.164300084114075
2365,11-09-160-00834-147106,800978,106897.0,31.164300084114075
2366,11-09-160-00834-147107,800978,106897.0,31.164300084114075
2367,11-09-160-00834-147114,800978,106897.0,31.164300084114075
2369,11-09-160-00834-800978,800978,106897.0,31.164300084114075
2373,11-09-161-00838-147483,800981,267616.0,38.259899973869324
2374,11-09-161-00838-147564,800981,267616.0,38.259899973869324
2375,11-09-161-00838-147572,800981,267616.0,38.259899973869324
2376,11-09-161-00838-147573,800981,267616.0,38.259899973869324
2377,11-09-161-00838-147574,800981,267616.0,38.259899973869324
2378,11-09-161-00838-147585,800981,267616.0,38.259899973869324
2380,11-09-161-00838-800981,800981,267616.0,38.259899973869324
2382,11-09-162-00841-148342,800991,68261.0,73.63880103826523
2383,11-09-162-00841-148343,800991,68261.0,73.63880103826523
2384,11-09-162-00841-148345,800991,68261.0,73.63880103826523
2385,11-09-162-00842-148566,800991,68261.0,73.63880103826523
2386,11-09-162-00842-148576,800991,68261.0,73.63880103826523
2387,11-09-162-00842-148577,800991,68261.0,73.63880103826523
2388,11-09-162-00842-148579,800991,68261.0,73.63880103826523
2389,11-09-162-00842-148580,800991,68261.0,73.63880103826523
2390,11-09-162-00842-148592,800991,68261.0,73.63880103826523
2391,11-09-162-00842-148593,800991,68261.0,73.63880103826523
2392,11-09-162-00842-148594,800991,68261.0,73.63880103826523
2393,11-09-162-00842-148602,800991,68261.0,73.63880103826523
2394,11-09-162-00842-148603,800991,68261.0,73.63880103826523
2397,11-09-162-00842-148793,800992,88048.0,10.556999921798706
2398,11-09-162-00842-148852,800991,68261.0,73.63880103826523
2399,11-09-162-00842-800991,800991,68261.0,73.63880103826523
2400,11-09-162-00842-800992,800992,88048.0,10.556999921798706
2429,11-09-164-00849-150314,801005,3097237.0,381.41149085760117
2430,11-09-164-00849-150315,801005,3097237.0,381.41149085760117
2431,11-09-164-00849-150316,801005,3097237.0,381.41149085760117
2432,11-09-164-00849-150317,801005,3097237.0,381.41149085760117
2433,11-09-164-00849-150318,801005,3097237.0,381.41149085760117
2434,11-09-164-00849-150322,801005,3097237.0,381.41149085760117
2435,11-09-164-00849-150325,801005,3097237.0,381.41149085760117
2436,11-09-164-00849-150326,801005,3097237.0,381.41149085760117
2437,11-09-164-00849-150327,801005,3097237.0,381.41149085760117
2438,11-09-164-00849-150328,801005,3097237.0,381.41149085760117
2439,11-09-164-00849-150329,801005,3097237.0,381.41149085760117
2440,11-09-164-00849-150330,801005,3097237.0,381.41149085760117
2441,11-09-164-00849-150333,801005,3097237.0,381.41149085760117
2442,11-09-164-00849-150334,801005,3097237.0,381.41149085760117
2443,11-09-164-00849-150335,801005,3097237.0,381.41149085760117
2444,11-09-164-00849-150338,801005,3097237.0,381.41149085760117
2445,11-09-164-00849-150339,801005,3097237.0,381.41149085760117
2446,11-09-164-00849-150340,801005,3097237.0,381.41149085760117
2447,11-09-164-00849-150343,801005,3097237.0,381.41149085760117
2448,11-09-164-00849-150347,801005,3097237.0,381.41149085760117
2449,11-09-164-00849-150348,801005,3097237.0,381.41149085760117
2450,11-09-164-00849-150349,801005,3097237.0,381.41149085760117
2451,11-09-164-00849-150350,801005,3097237.0,381.41149085760117
2454,11-09-164-00849-150382,801005,3097237.0,381.41149085760117
2455,11-09-164-00849-150383,801005,3097237.0,381.41149085760117
2456,11-09-164-00849-150387,801005,3097237.0,381.41149085760117
2457,11-09-164-00849-150396,801005,3097237.0,381.41149085760117
2458,11-09-164-00849-150397,801005,3097237.0,381.41149085760117
2459,11-09-164-00849-150571,801005,3097237.0,381.41149085760117
2460,11-09-164-00849-150572,801005,3097237.0,381.41149085760117
2461,11-09-164-00849-150573,801005,3097237.0,381.41149085760117
2462,11-09-164-00849-801005,801005,3097237.0,381.41149085760117
2463,11-09-164-00849-801006,801005,3097237.0,381.41149085760117
2466,11-09-165-00852-801011,801011,56909.0,6.340000152587891
2467,11-09-165-00853-801012,801012,51670.0,9.729999542236328
2468,11-09-165-00854-801014,801014,190575.0,23.200000762939453
2469,11-09-165-00855-801016,801016,53412.0,2.950000047683716
2471,11-09-166-00859-801025,801025,61449.0,5.53000020980835
2473,11-09-166-00860-152772,801030,552536.0,193.00280141830444
2474,11-09-166-00860-152853,801030,552536.0,193.00280141830444
2475,11-09-166-00860-801030,801030,552536.0,193.00280141830444
2476,11-09-166-00860-801031,801030,552536.0,193.00280141830444
2477,11-09-166-00860-801032,801030,552536.0,193.00280141830444
2478,11-09-167-00862-801035,801035,133305.0,17.350000381469727
2482,11-09-168-00865-801042,801042,65056.0,8.119999885559082
2484,11-09-169-00870-154731,801048,95308.0,27.77530002593994
2485,11-09-169-00870-801048,801048,95308.0,27.77530002593994
2486,11-09-170-00871-154950,801051,168449.0,37.4237003326416
2487,11-09-170-00871-154951,801051,168449.0,37.4237003326416
2488,11-09-170-00871-801051,801051,168449.0,37.4237003326416
2489,11-09-171-00875-801059,801059,57402.0,7.769999980926514
2491,11-09-172-00878-156631,801064,199288.0,65.25319981575012
2492,11-09-172-00878-156644,801064,199288.0,65.25319981575012
2493,11-09-172-00878-156645,801064,199288.0,65.25319981575012
2494,11-09-172-00878-156648,801064,199288.0,65.25319981575012
2495,11-09-172-00878-801064,801064,199288.0,65.25319981575012
2500,11-09-173-00882-158761,801071,100754.0,25.24430024623871
2501,11-09-173-00882-158807,801071,100754.0,25.24430024623871
2502,11-09-173-00882-158808,801071,100754.0,25.24430024623871
2503,11-09-173-00882-158812,801071,100754.0,25.24430024623871
2504,11-09-173-00882-159000,801071,100754.0,25.24430024623871
2505,11-09-173-00882-801071,801071,100754.0,25.24430024623871
2514,11-09-175-00888-160869,801086,1415514.0,190.43250712007284
2520,11-09-175-00888-161132,801086,1415514.0,190.43250712007284
2521,11-09-175-00888-161134,801086,1415514.0,190.43250712007284
2526,11-09-175-00889-161628,801086,1415514.0,190.43250712007284
2527,11-09-175-00889-161629,801086,1415514.0,190.43250712007284
2528,11-09-175-00889-161632,801086,1415514.0,190.43250712007284
2529,11-09-175-00889-161633,801086,1415514.0,190.43250712007284
2530,11-09-175-00889-161634,801086,1415514.0,190.43250712007284
2531,11-09-175-00889-161635,801086,1415514.0,190.43250712007284
2532,11-09-175-00889-161636,801086,1415514.0,190.43250712007284
2533,11-09-175-00889-161638,801086,1415514.0,190.43250712007284
2534,11-09-175-00889-161639,801086,1415514.0,190.43250712007284
2535,11-09-175-00889-161640,801086,1415514.0,190.43250712007284
2537,11-09-175-00889-161736,801086,1415514.0,190.43250712007284
2538,11-09-175-00889-801084,801086,1415514.0,190.43250712007284
2540,11-09-175-00890-161782,801086,1415514.0,190.43250712007284
2541,11-09-175-00890-161785,801086,1415514.0,190.43250712007284
2542,11-09-175-00890-161788,801086,1415514.0,190.43250712007284
2543,11-09-175-00890-161791,801086,1415514.0,190.43250712007284
2544,11-09-175-00890-161792,801086,1415514.0,190.43250712007284
2545,11-09-175-00890-161793,801086,1415514.0,190.43250712007284
2546,11-09-175-00890-161794,801086,1415514.0,190.43250712007284
2547,11-09-175-00890-161795,801086,1415514.0,190.43250712007284
2548,11-09-175-00890-161796,801086,1415514.0,190.43250712007284
2549,11-09-175-00890-161798,801086,1415514.0,190.43250712007284
2550,11-09-175-00890-161799,801086,1415514.0,190.43250712007284
2551,11-09-175-00890-161800,801086,1415514.0,190.43250712007284
2552,11-09-175-00890-161801,801086,1415514.0,190.43250712007284
2553,11-09-175-00890-161802,801086,1415514.0,190.43250712007284
2554,11-09-175-00890-161803,801086,1415514.0,190.43250712007284
2555,11-09-175-00890-161837,801086,1415514.0,190.43250712007284
2556,11-09-175-00890-801086,801086,1415514.0,190.43250712007284
2557,11-09-175-00890-801087,801086,1415514.0,190.43250712007284
2565,11-09-175-00892-162184,801086,1415514.0,190.43250712007284
2566,11-09-175-00892-162186,801086,1415514.0,190.43250712007284
2567,11-09-175-00892-162187,801086,1415514.0,190.43250712007284
2568,11-09-175-00892-162188,801086,1415514.0,190.43250712007284
2569,11-09-175-00892-162189,801086,1415514.0,190.43250712007284
2570,11-09-175-00892-162191,801086,1415514.0,190.43250712007284
2571,11-09-175-00892-162192,801086,1415514.0,190.43250712007284
2572,11-09-175-00892-162193,801086,1415514.0,190.43250712007284
2573,11-09-175-00892-162194,801086,1415514.0,190.43250712007284
2574,11-09-175-00892-162195,801086,1415514.0,190.43250712007284
2575,11-09-175-00892-162197,801086,1415514.0,190.43250712007284
2576,11-09-175-00892-162199,801086,1415514.0,190.43250712007284
2577,11-09-175-00892-162210,801086,1415514.0,190.43250712007284
2578,11-09-175-00892-162211,801086,1415514.0,190.43250712007284
2579,11-09-175-00892-162212,801086,1415514.0,190.43250712007284
2580,11-09-175-00892-162213,801086,1415514.0,190.43250712007284
2581,11-09-175-00892-162214,801086,1415514.0,190.43250712007284
2582,11-09-175-00892-162215,801086,1415514.0,190.43250712007284
2583,11-09-175-00892-162216,801086,1415514.0,190.43250712007284
2584,11-09-175-00892-162218,801086,1415514.0,190.43250712007284
2585,11-09-175-00892-162219,801086,1415514.0,190.43250712007284
2586,11-09-175-00892-162224,801086,1415514.0,190.43250712007284
2587,11-09-175-00892-162225,801086,1415514.0,190.43250712007284
2588,11-09-175-00892-162227,801086,1415514.0,190.43250712007284
2589,11-09-175-00892-162232,801086,1415514.0,190.43250712007284
2590,11-09-175-00892-162233,801086,1415514.0,190.43250712007284
2591,11-09-175-00892-162236,801086,1415514.0,190.43250712007284
2592,11-09-175-00892-162237,801086,1415514.0,190.43250712007284
2595,11-09-175-00892-162263,801086,1415514.0,190.43250712007284
2596,11-09-175-00892-162264,801086,1415514.0,190.43250712007284
2597,11-09-175-00892-162268,801086,1415514.0,190.43250712007284
2598,11-09-175-00892-162270,801086,1415514.0,190.43250712007284
2599,11-09-175-00892-162271,801086,1415514.0,190.43250712007284
2600,11-09-175-00892-162272,801086,1415514.0,190.43250712007284
2601,11-09-175-00892-162273,801086,1415514.0,190.43250712007284
2602,11-09-175-00892-162370,801086,1415514.0,190.43250712007284
2603,11-09-175-00892-162513,801086,1415514.0,190.43250712007284
2604,11-09-175-00892-162514,801086,1415514.0,190.43250712007284
2605,11-09-175-00892-162515,801086,1415514.0,190.43250712007284
2606,11-09-175-00892-162516,801086,1415514.0,190.43250712007284
2607,11-09-175-00892-162518,801086,1415514.0,190.43250712007284
2620,11-09-176-00898-164578,800951,3330559.0,634.0676562935114
2621,11-09-176-00898-164580,800951,3330559.0,634.0676562935114
2622,11-09-176-00898-164586,800951,3330559.0,634.0676562935114
2623,11-09-176-00898-164587,800951,3330559.0,634.0676562935114
2624,11-09-176-00898-164588,800951,3330559.0,634.0676562935114
2625,11-09-176-00898-164589,800951,3330559.0,634.0676562935114
2626,11-09-176-00898-164591,800951,3330559.0,634.0676562935114
2627,11-09-176-00898-164599,800951,3330559.0,634.0676562935114
2629,11-09-176-00898-164608,800951,3330559.0,634.0676562935114
2630,11-09-176-00898-164609,800951,3330559.0,634.0676562935114
2631,11-09-176-00898-164610,800951,3330559.0,634.0676562935114
2632,11-09-176-00898-164629,800951,3330559.0,634.0676562935114
2633,11-09-176-00898-164630,800951,3330559.0,634.0676562935114
2634,11-09-176-00898-164631,800951,3330559.0,634.0676562935114
2635,11-09-176-00898-164632,800951,3330559.0,634.0676562935114
2636,11-09-176-00898-164843,800951,3330559.0,634.0676562935114
2637,11-09-176-00898-164844,800951,3330559.0,634.0676562935114
2638,11-09-176-00898-164845,800951,3330559.0,634.0676562935114
2639,11-09-176-00898-801096,800951,3330559.0,634.0676562935114
2640,11-09-176-00898-801097,800951,3330559.0,634.0676562935114
2643,11-09-177-00904-166274,801108,283609.0,66.8584007024765
2644,11-09-177-00904-166280,801108,283609.0,66.8584007024765
2645,11-09-177-00904-166281,801108,283609.0,66.8584007024765
2646,11-09-177-00905-166338,801108,283609.0,66.8584007024765
2647,11-09-177-00905-166353,801108,283609.0,66.8584007024765
2648,11-09-177-00905-166357,801108,283609.0,66.8584007024765
2649,11-09-177-00905-166361,801108,283609.0,66.8584007024765
2650,11-09-177-00905-166366,801108,283609.0,66.8584007024765
2651,11-09-177-00905-166367,801108,283609.0,66.8584007024765
2652,11-09-177-00905-166375,801108,283609.0,66.8584007024765
2653,11-09-177-00905-166581,801108,283609.0,66.8584007024765
2654,11-09-177-00905-166582,801108,283609.0,66.8584007024765
2655,11-09-177-00905-166583,801108,283609.0,66.8584007024765
2656,11-09-177-00905-801107,801108,283609.0,66.8584007024765
2657,11-09-177-00905-801108,801108,283609.0,66.8584007024765
2658,11-09-177-00905-801109,801108,283609.0,66.8584007024765
2670,11-09-178-00907-801113,801113,95516.0,10.460000038146973
2677,11-09-178-00910-801116,801116,111447.0,72.47000122070312
2690,11-09-179-00915-169757,801119,120857.0,18.530999898910522
2691,11-09-179-00915-169922,801119,120857.0,18.530999898910522
2692,11-09-179-00915-169925,801119,120857.0,18.530999898910522
2693,11-09-179-00915-169926,801119,120857.0,18.530999898910522
2694,11-09-179-00915-169940,801119,120857.0,18.530999898910522
2695,11-09-179-00915-169941,801119,120857.0,18.530999898910522
2696,11-09-179-00915-169942,801119,120857.0,18.530999898910522
2697,11-09-179-00915-169959,801119,120857.0,18.530999898910522
2698,11-09-179-00915-801119,801119,120857.0,18.530999898910522
2701,11-09-180-00921-171906,801125,194006.0,29.65429997444153
2702,11-09-180-00921-171944,801125,194006.0,29.65429997444153
2703,11-09-180-00921-171945,801125,194006.0,29.65429997444153
2704,11-09-180-00921-171947,801125,194006.0,29.65429997444153
2705,11-09-180-00921-801125,801125,194006.0,29.65429997444153
2709,11-09-182-00925-173296,801129,93030.0,44.08259868621826
2710,11-09-182-00925-173304,801129,93030.0,44.08259868621826
2711,11-09-182-00925-801129,801129,93030.0,44.08259868621826
2716,11-09-183-00928-174484,801134,144504.0,39.41080066561699
2717,11-09-183-00928-174490,801134,144504.0,39.41080066561699
2718,11-09-183-00928-174491,801134,144504.0,39.41080066561699
2719,11-09-183-00928-174557,801134,144504.0,39.41080066561699
2720,11-09-183-00928-174558,801134,144504.0,39.41080066561699
2721,11-09-183-00928-174559,801134,144504.0,39.41080066561699
2722,11-09-183-00928-174561,801134,144504.0,39.41080066561699
2723,11-09-183-00928-174570,801134,144504.0,39.41080066561699
2724,11-09-183-00928-174571,801134,144504.0,39.41080066561699
2725,11-09-183-00928-174749,801134,144504.0,39.41080066561699
2726,11-09-183-00928-801134,801134,144504.0,39.41080066561699
2744,11-09-185-00939-180507,801147,137535.0,25.98959943652153
2745,11-09-185-00939-180537,801147,137535.0,25.98959943652153
2746,11-09-185-00939-180635,801147,137535.0,25.98959943652153
2747,11-09-185-00939-180636,801147,137535.0,25.98959943652153
2748,11-09-185-00939-180637,801147,137535.0,25.98959943652153
2749,11-09-185-00939-180639,801147,137535.0,25.98959943652153
2750,11-09-185-00939-180641,801147,137535.0,25.98959943652153
2751,11-09-185-00939-180642,801147,137535.0,25.98959943652153
2752,11-09-185-00939-180648,801147,137535.0,25.98959943652153
2753,11-09-185-00939-180758,801147,137535.0,25.98959943652153
2754,11-09-185-00939-180760,801147,137535.0,25.98959943652153
2755,11-09-185-00939-801147,801147,137535.0,25.98959943652153
2760,11-09-186-00942-182812,801149,59783.0,16.585599809885025
2761,11-09-186-00942-182813,801149,59783.0,16.585599809885025
2762,11-09-186-00942-182814,801149,59783.0,16.585599809885025
2763,11-09-186-00942-182821,801149,59783.0,16.585599809885025
2764,11-09-186-00942-182822,801149,59783.0,16.585599809885025
2765,11-09-186-00942-182823,801149,59783.0,16.585599809885025
2766,11-09-186-00942-182824,801149,59783.0,16.585599809885025
2767,11-09-186-00942-182834,801149,59783.0,16.585599809885025
2769,11-09-186-00942-801149,801149,59783.0,16.585599809885025
2777,11-09-188-00949-185226,801160,803196.0,206.85830660164356
2778,11-09-188-00949-185240,801160,803196.0,206.85830660164356
2779,11-09-188-00949-185242,801160,803196.0,206.85830660164356
2784,11-09-188-00949-185323,801160,803196.0,206.85830660164356
2785,11-09-188-00949-185343,801160,803196.0,206.85830660164356
2786,11-09-188-00949-185344,801160,803196.0,206.85830660164356
2787,11-09-188-00949-185345,801160,803196.0,206.85830660164356
2788,11-09-188-00949-185350,801160,803196.0,206.85830660164356
2789,11-09-188-00949-185354,801160,803196.0,206.85830660164356
2790,11-09-188-00949-185357,801160,803196.0,206.85830660164356
2791,11-09-188-00949-185360,801160,803196.0,206.85830660164356
2792,11-09-188-00949-801159,801160,803196.0,206.85830660164356
2793,11-09-188-00950-185502,801160,803196.0,206.85830660164356
2794,11-09-188-00950-185527,801160,803196.0,206.85830660164356
2795,11-09-188-00950-185528,801160,803196.0,206.85830660164356
2796,11-09-188-00950-185539,801160,803196.0,206.85830660164356
2797,11-09-188-00950-185541,801160,803196.0,206.85830660164356
2798,11-09-188-00950-185550,801160,803196.0,206.85830660164356
2800,11-09-188-00950-185734,801160,803196.0,206.85830660164356
2801,11-09-188-00950-185735,801160,803196.0,206.85830660164356
2802,11-09-188-00950-185739,801160,803196.0,206.85830660164356
2803,11-09-188-00950-185815,801160,803196.0,206.85830660164356
2804,11-09-188-00950-185817,801160,803196.0,206.85830660164356
2805,11-09-188-00950-185818,801160,803196.0,206.85830660164356
2806,11-09-188-00950-185819,801160,803196.0,206.85830660164356
2807,11-09-188-00950-185820,801160,803196.0,206.85830660164356
2808,11-09-188-00950-185821,801160,803196.0,206.85830660164356
2809,11-09-188-00950-185828,801160,803196.0,206.85830660164356
2810,11-09-188-00950-185829,801160,803196.0,206.85830660164356
2811,11-09-188-00950-185830,801160,803196.0,206.85830660164356
2812,11-09-188-00950-185831,801160,803196.0,206.85830660164356
2813,11-09-188-00950-185832,801160,803196.0,206.85830660164356
2814,11-09-188-00950-185833,801160,803196.0,206.85830660164356
2815,11-09-188-00950-185848,801160,803196.0,206.85830660164356
2816,11-09-188-00950-185901,801160,803196.0,206.85830660164356
2817,11-09-188-00950-185902,801160,803196.0,206.85830660164356
2818,11-09-188-00950-185905,801160,803196.0,206.85830660164356
2819,11-09-188-00950-801160,801160,803196.0,206.85830660164356
2838,11-09-189-00955-188565,801167,57799.0,11.131699904799461
2839,11-09-189-00955-188566,801167,57799.0,11.131699904799461
2840,11-09-189-00955-188620,801167,57799.0,11.131699904799461
2841,11-09-189-00955-188621,801167,57799.0,11.131699904799461
2842,11-09-189-00955-188622,801167,57799.0,11.131699904799461
2843,11-09-189-00955-188623,801167,57799.0,11.131699904799461
2844,11-09-189-00955-188624,801167,57799.0,11.131699904799461
2845,11-09-189-00955-801167,801167,57799.0,11.131699904799461
2860,11-09-190-00959-189973,801175,146703.0,23.41360056400299
2861,11-09-190-00959-190343,801175,146703.0,23.41360056400299
2862,11-09-190-00959-190344,801175,146703.0,23.41360056400299
2863,11-09-190-00959-190368,801175,146703.0,23.41360056400299
2864,11-09-190-00959-190391,801175,146703.0,23.41360056400299
2865,11-09-190-00959-801175,801175,146703.0,23.41360056400299
2869,11-09-191-00966-193448,801189,169024.0,34.37495592236519
2870,11-09-191-00966-193454,801189,169024.0,34.37495592236519
2871,11-09-191-00966-193455,801189,169024.0,34.37495592236519
2872,11-09-191-00966-193456,801189,169024.0,34.37495592236519
2873,11-09-191-00966-193458,801189,169024.0,34.37495592236519
2874,11-09-191-00966-193574,801189,169024.0,34.37495592236519
2875,11-09-191-00966-193575,801189,169024.0,34.37495592236519
2876,11-09-191-00966-193599,801189,169024.0,34.37495592236519
2877,11-09-191-00966-193602,801189,169024.0,34.37495592236519
2878,11-09-191-00966-193603,801189,169024.0,34.37495592236519
2879,11-09-191-00966-193604,801189,169024.0,34.37495592236519
2880,11-09-191-00966-193605,801189,169024.0,34.37495592236519
2881,11-09-191-00966-193606,801189,169024.0,34.37495592236519
2882,11-09-191-00966-193607,801189,169024.0,34.37495592236519
2883,11-09-191-00966-193608,801189,169024.0,34.37495592236519
2884,11-09-191-00966-193610,801189,169024.0,34.37495592236519
2885,11-09-191-00966-193611,801189,169024.0,34.37495592236519
2886,11-09-191-00966-193615,801189,169024.0,34.37495592236519
2887,11-09-191-00966-193617,801189,169024.0,34.37495592236519
2888,11-09-191-00966-193618,801189,169024.0,34.37495592236519
2889,11-09-191-00966-193632,801189,169024.0,34.37495592236519
2890,11-09-191-00966-193633,801189,169024.0,34.37495592236519
2891,11-09-191-00966-193634,801189,169024.0,34.37495592236519
2892,11-09-191-00966-193660,801189,169024.0,34.37495592236519
2893,11-09-191-00966-193661,801189,169024.0,34.37495592236519
2894,11-09-191-00966-193667,801189,169024.0,34.37495592236519
2895,11-09-191-00966-193668,801189,169024.0,34.37495592236519
2896,11-09-191-00966-193680,801189,169024.0,34.37495592236519
2897,11-09-191-00966-193681,801189,169024.0,34.37495592236519
2898,11-09-191-00966-193682,801189,169024.0,34.37495592236519
2899,11-09-191-00966-193685,801189,169024.0,34.37495592236519
2900,11-09-191-00966-193686,801189,169024.0,34.37495592236519
2901,11-09-191-00966-193687,801189,169024.0,34.37495592236519
2902,11-09-191-00966-193688,801189,169024.0,34.37495592236519
2903,11-09-191-00966-193758,801188,75592.0,9.996299982070923
2906,11-09-191-00966-194082,801189,169024.0,34.37495592236519
2907,11-09-191-00966-194088,801189,169024.0,34.37495592236519
2908,11-09-191-00966-801188,801188,75592.0,9.996299982070923
2909,11-09-191-00966-801189,801189,169024.0,34.37495592236519
2927,11-09-192-00973-196888,801200,295763.0,44.28750002384186
2929,11-09-192-00973-801199,801200,295763.0,44.28750002384186
2930,11-09-192-00973-801200,801200,295763.0,44.28750002384186
2938,11-09-193-00978-199050,801206,140176.0,21.95890001952648
2939,11-09-193-00978-199051,801206,140176.0,21.95890001952648
2940,11-09-193-00978-199052,801206,140176.0,21.95890001952648
2941,11-09-193-00978-199122,801206,140176.0,21.95890001952648
2942,11-09-193-00978-199123,801206,140176.0,21.95890001952648
2943,11-09-193-00978-199124,801206,140176.0,21.95890001952648
2944,11-09-193-00978-199236,801206,140176.0,21.95890001952648
2945,11-09-193-00978-199237,801206,140176.0,21.95890001952648
2946,11-09-193-00978-199238,801206,140176.0,21.95890001952648
2947,11-09-193-00978-199392,801206,140176.0,21.95890001952648
2948,11-09-193-00978-801206,801206,140176.0,21.95890001952648
2952,11-09-194-00984-201904,801215,213505.0,39.24746071919799
2953,11-09-194-00984-201905,801215,213505.0,39.24746071919799
2954,11-09-194-00984-201906,801215,213505.0,39.24746071919799
2955,11-09-194-00984-201907,801215,213505.0,39.24746071919799
2956,11-09-194-00984-201926,801215,213505.0,39.24746071919799
2957,11-09-194-00984-201927,801215,213505.0,39.24746071919799
2958,11-09-194-00984-201928,801215,213505.0,39.24746071919799
2959,11-09-194-00984-201929,801215,213505.0,39.24746071919799
2960,11-09-194-00984-201930,801215,213505.0,39.24746071919799
2961,11-09-194-00984-201931,801215,213505.0,39.24746071919799
2962,11-09-194-00984-201936,801215,213505.0,39.24746071919799
2963,11-09-194-00984-201937,801215,213505.0,39.24746071919799
2964,11-09-194-00984-201939,801215,213505.0,39.24746071919799
2965,11-09-194-00984-201940,801215,213505.0,39.24746071919799
2966,11-09-194-00984-201942,801215,213505.0,39.24746071919799
2967,11-09-194-00984-201944,801215,213505.0,39.24746071919799
2968,11-09-194-00984-201945,801215,213505.0,39.24746071919799
2969,11-09-194-00984-201946,801215,213505.0,39.24746071919799
2970,11-09-194-00984-201948,801215,213505.0,39.24746071919799
2971,11-09-194-00984-201951,801215,213505.0,39.24746071919799
2972,11-09-194-00984-201952,801215,213505.0,39.24746071919799
2973,11-09-194-00984-202085,801215,213505.0,39.24746071919799
2974,11-09-194-00984-202086,801215,213505.0,39.24746071919799
2975,11-09-194-00984-202093,801215,213505.0,39.24746071919799
2976,11-09-194-00984-202094,801215,213505.0,39.24746071919799
2977,11-09-194-00984-202095,801215,213505.0,39.24746071919799
2978,11-09-194-00984-202097,801215,213505.0,39.24746071919799
2979,11-09-194-00984-202098,801215,213505.0,39.24746071919799
2980,11-09-194-00984-202099,801215,213505.0,39.24746071919799
2981,11-09-194-00984-202100,801215,213505.0,39.24746071919799
2982,11-09-194-00984-202102,801215,213505.0,39.24746071919799
2983,11-09-194-00984-202103,801215,213505.0,39.24746071919799
2984,11-09-194-00984-202104,801215,213505.0,39.24746071919799
2985,11-09-194-00984-202105,801215,213505.0,39.24746071919799
2986,11-09-194-00984-202107,801215,213505.0,39.24746071919799
2987,11-09-194-00984-202108,801215,213505.0,39.24746071919799
2988,11-09-194-00984-202110,801215,213505.0,39.24746071919799
2989,11-09-194-00984-202111,801215,213505.0,39.24746071919799
2990,11-09-194-00984-202118,801215,213505.0,39.24746071919799
2993,11-09-194-00984-202212,801215,213505.0,39.24746071919799
2994,11-09-194-00984-202216,801215,213505.0,39.24746071919799
2995,11-09-194-00984-801215,801215,213505.0,39.24746071919799
3019,11-09-195-00989-205046,801222,127920.0,20.462411768734455
3020,11-09-195-00989-205048,801222,127920.0,20.462411768734455
3022,11-09-195-00989-205068,801222,127920.0,20.462411768734455
3023,11-09-195-00989-205079,801222,127920.0,20.462411768734455
3024,11-09-195-00989-205081,801222,127920.0,20.462411768734455
3025,11-09-195-00989-205082,801222,127920.0,20.462411768734455
3026,11-09-195-00989-205084,801222,127920.0,20.462411768734455
3027,11-09-195-00989-801222,801222,127920.0,20.462411768734455
3036,11-09-196-00992-207192,801235,1996683.0,303.704974912107
3037,11-09-196-00992-207193,801235,1996683.0,303.704974912107
3038,11-09-196-00992-207204,801235,1996683.0,303.704974912107
3039,11-09-196-00992-207205,801235,1996683.0,303.704974912107
3040,11-09-196-00993-207295,801235,1996683.0,303.704974912107
3041,11-09-196-00993-207296,801235,1996683.0,303.704974912107
3042,11-09-196-00993-207297,801235,1996683.0,303.704974912107
3043,11-09-196-00993-207298,801235,1996683.0,303.704974912107
3044,11-09-196-00993-207300,801235,1996683.0,303.704974912107
3045,11-09-196-00993-207308,801235,1996683.0,303.704974912107
3046,11-09-196-00993-207311,801235,1996683.0,303.704974912107
3047,11-09-196-00993-207312,801235,1996683.0,303.704974912107
3048,11-09-196-00993-207314,801235,1996683.0,303.704974912107
3049,11-09-196-00993-207334,801235,1996683.0,303.704974912107
3050,11-09-196-00993-207337,801235,1996683.0,303.704974912107
3051,11-09-196-00993-207338,801235,1996683.0,303.704974912107
3052,11-09-196-00993-207340,801235,1996683.0,303.704974912107
3053,11-09-196-00993-207354,801235,1996683.0,303.704974912107
3054,11-09-196-00993-207361,801235,1996683.0,303.704974912107
3055,11-09-196-00993-207362,801235,1996683.0,303.704974912107
3056,11-09-196-00993-207364,801235,1996683.0,303.704974912107
3057,11-09-196-00993-207365,801235,1996683.0,303.704974912107
3058,11-09-196-00993-207368,801235,1996683.0,303.704974912107
3059,11-09-196-00993-207369,801235,1996683.0,303.704974912107
3060,11-09-196-00993-207371,801235,1996683.0,303.704974912107
3061,11-09-196-00993-207389,801235,1996683.0,303.704974912107
3062,11-09-196-00993-207390,801235,1996683.0,303.704974912107
3063,11-09-196-00993-207391,801235,1996683.0,303.704974912107
3064,11-09-196-00993-207392,801235,1996683.0,303.704974912107
3073,11-09-196-00993-207807,801235,1996683.0,303.704974912107
3074,11-09-196-00993-207808,801235,1996683.0,303.704974912107
3075,11-09-196-00993-207809,801235,1996683.0,303.704974912107
3076,11-09-196-00993-207810,801235,1996683.0,303.704974912107
3077,11-09-196-00993-801227,801235,1996683.0,303.704974912107
3078,11-09-196-00993-801228,801235,1996683.0,303.704974912107
3079,11-09-197-00995-208489,801235,1996683.0,303.704974912107
3080,11-09-197-00995-208490,801235,1996683.0,303.704974912107
3082,11-09-197-00995-208711,801235,1996683.0,303.704974912107
3083,11-09-197-00995-208723,801235,1996683.0,303.704974912107
3084,11-09-197-00995-208724,801235,1996683.0,303.704974912107
3085,11-09-197-00995-208725,801235,1996683.0,303.704974912107
3086,11-09-197-00995-208726,801235,1996683.0,303.704974912107
3087,11-09-197-00995-208727,801235,1996683.0,303.704974912107
3088,11-09-197-00995-208728,801235,1996683.0,303.704974912107
3089,11-09-197-00995-208732,801235,1996683.0,303.704974912107
3090,11-09-197-00995-208762,801235,1996683.0,303.704974912107
3091,11-09-197-00995-208803,801235,1996683.0,303.704974912107
3092,11-09-197-00995-208804,801235,1996683.0,303.704974912107
3093,11-09-197-00995-208808,801235,1996683.0,303.704974912107
3094,11-09-197-00995-208809,801235,1996683.0,303.704974912107
3095,11-09-197-00995-208824,801235,1996683.0,303.704974912107
3096,11-09-197-00995-208826,801235,1996683.0,303.704974912107
3097,11-09-197-00995-208829,801235,1996683.0,303.704974912107
3098,11-09-197-00995-208830,801235,1996683.0,303.704974912107
3099,11-09-197-00995-208831,801235,1996683.0,303.704974912107
3100,11-09-197-00995-208832,801235,1996683.0,303.704974912107
3101,11-09-197-00995-208833,801235,1996683.0,303.704974912107
3102,11-09-197-00995-208834,801235,1996683.0,303.704974912107
3103,11-09-197-00995-208835,801235,1996683.0,303.704974912107
3104,11-09-197-00995-208836,801235,1996683.0,303.704974912107
3105,11-09-197-00995-208837,801235,1996683.0,303.704974912107
3106,11-09-197-00995-208838,801235,1996683.0,303.704974912107
3107,11-09-197-00995-208840,801235,1996683.0,303.704974912107
3108,11-09-197-00995-208843,801235,1996683.0,303.704974912107
3109,11-09-197-00995-208849,801235,1996683.0,303.704974912107
3110,11-09-197-00995-208850,801235,1996683.0,303.704974912107
3111,11-09-197-00995-208851,801235,1996683.0,303.704974912107
3112,11-09-197-00995-208855,801235,1996683.0,303.704974912107
3113,11-09-197-00995-208861,801235,1996683.0,303.704974912107
3114,11-09-197-00995-208863,801235,1996683.0,303.704974912107
3124,11-09-197-00996-209352,801235,1996683.0,303.704974912107
3125,11-09-197-00996-209454,801235,1996683.0,303.704974912107
3126,11-09-197-00996-209455,801235,1996683.0,303.704974912107
3127,11-09-197-00996-209456,801235,1996683.0,303.704974912107
3128,11-09-197-00996-209461,801235,1996683.0,303.704974912107
3129,11-09-197-00996-209462,801235,1996683.0,303.704974912107
3130,11-09-197-00996-209463,801235,1996683.0,303.704974912107
3131,11-09-197-00996-209464,801235,1996683.0,303.704974912107
3132,11-09-197-00996-209465,801235,1996683.0,303.704974912107
3133,11-09-197-00996-209466,801235,1996683.0,303.704974912107
3134,11-09-197-00996-209467,801235,1996683.0,303.704974912107
3135,11-09-197-00996-209468,801235,1996683.0,303.704974912107
3136,11-09-197-00996-209494,801235,1996683.0,303.704974912107
3137,11-09-197-00996-209499,801235,1996683.0,303.704974912107
3138,11-09-197-00996-209500,801235,1996683.0,303.704974912107
3139,11-09-197-00996-209502,801235,1996683.0,303.704974912107
3140,11-09-197-00996-209508,801235,1996683.0,303.704974912107
3141,11-09-197-00996-209509,801235,1996683.0,303.704974912107
3142,11-09-197-00996-209510,801235,1996683.0,303.704974912107
3143,11-09-197-00996-209511,801235,1996683.0,303.704974912107
3144,11-09-197-00996-209512,801235,1996683.0,303.704974912107
3145,11-09-197-00996-209513,801235,1996683.0,303.704974912107
3146,11-09-197-00996-209514,801235,1996683.0,303.704974912107
3147,11-09-197-00996-209516,801235,1996683.0,303.704974912107
3148,11-09-197-00996-209518,801235,1996683.0,303.704974912107
3149,11-09-197-00996-209519,801235,1996683.0,303.704974912107
3150,11-09-197-00996-209521,801235,1996683.0,303.704974912107
3151,11-09-197-00996-209541,801235,1996683.0,303.704974912107
3152,11-09-197-00996-209542,801235,1996683.0,303.704974912107
3153,11-09-197-00996-209543,801235,1996683.0,303.704974912107
3154,11-09-197-00996-209544,801235,1996683.0,303.704974912107
3155,11-09-197-00996-209545,801235,1996683.0,303.704974912107
3156,11-09-197-00996-209546,801235,1996683.0,303.704974912107
3157,11-09-197-00996-209547,801235,1996683.0,303.704974912107
3158,11-09-197-00996-209548,801235,1996683.0,303.704974912107
3159,11-09-197-00996-209558,801235,1996683.0,303.704974912107
3160,11-09-197-00996-209559,801235,1996683.0,303.704974912107
3161,11-09-197-00996-209560,801235,1996683.0,303.704974912107
3162,11-09-197-00996-209561,801235,1996683.0,303.704974912107
3163,11-09-197-00996-209562,801235,1996683.0,303.704974912107
3164,11-09-197-00996-209563,801235,1996683.0,303.704974912107
3165,11-09-197-00996-209564,801235,1996683.0,303.704974912107
3166,11-09-197-00996-209565,801235,1996683.0,303.704974912107
3167,11-09-197-00996-209566,801235,1996683.0,303.704974912107
3168,11-09-197-00996-209567,801235,1996683.0,303.704974912107
3169,11-09-197-00996-209568,801235,1996683.0,303.704974912107
3170,11-09-197-00996-209569,801235,1996683.0,303.704974912107
3171,11-09-197-00996-209570,801235,1996683.0,303.704974912107
3172,11-09-197-00996-209571,801235,1996683.0,303.704974912107
3173,11-09-197-00996-209572,801235,1996683.0,303.704974912107
3174,11-09-197-00996-209573,801235,1996683.0,303.704974912107
3175,11-09-197-00996-209574,801235,1996683.0,303.704974912107
3176,11-09-197-00996-209575,801235,1996683.0,303.704974912107
3177,11-09-197-00996-209576,801235,1996683.0,303.704974912107
3178,11-09-197-00996-209577,801235,1996683.0,303.704974912107
3179,11-09-197-00996-209578,801235,1996683.0,303.704974912107
3180,11-09-197-00996-209579,801235,1996683.0,303.704974912107
3181,11-09-197-00996-209580,801235,1996683.0,303.704974912107
3182,11-09-197-00996-209581,801235,1996683.0,303.704974912107
3183,11-09-197-00996-209583,801235,1996683.0,303.704974912107
3184,11-09-197-00996-209585,801235,1996683.0,303.704974912107
3185,11-09-197-00996-209586,801235,1996683.0,303.704974912107
3186,11-09-197-00996-209618,801235,1996683.0,303.704974912107
3187,11-09-197-00996-209619,801235,1996683.0,303.704974912107
3188,11-09-197-00996-209620,801235,1996683.0,303.704974912107
3189,11-09-197-00996-209662,801235,1996683.0,303.704974912107
3190,11-09-197-00996-209664,801235,1996683.0,303.704974912107
3191,11-09-197-00996-209666,801235,1996683.0,303.704974912107
3192,11-09-197-00996-209667,801235,1996683.0,303.704974912107
3193,11-09-197-00996-209668,801235,1996683.0,303.704974912107
3194,11-09-197-00996-209673,801235,1996683.0,303.704974912107
3195,11-09-197-00996-209674,801235,1996683.0,303.704974912107
3196,11-09-197-00996-209677,801235,1996683.0,303.704974912107
3197,11-09-197-00996-209679,801235,1996683.0,303.704974912107
3198,11-09-197-00996-209680,801235,1996683.0,303.704974912107
3199,11-09-197-00996-209681,801235,1996683.0,303.704974912107
3200,11-09-197-00996-209682,801235,1996683.0,303.704974912107
3201,11-09-197-00996-209683,801235,1996683.0,303.704974912107
3202,11-09-197-00996-209685,801235,1996683.0,303.704974912107
3203,11-09-197-00996-209692,801235,1996683.0,303.704974912107
3204,11-09-197-00996-209693,801235,1996683.0,303.704974912107
3205,11-09-197-00996-209694,801235,1996683.0,303.704974912107
3206,11-09-197-00996-209696,801235,1996683.0,303.704974912107
3207,11-09-197-00996-209698,801235,1996683.0,303.704974912107
3208,11-09-197-00996-209701,801235,1996683.0,303.704974912107
3209,11-09-197-00996-209702,801235,1996683.0,303.704974912107
3210,11-09-197-00996-209703,801235,1996683.0,303.704974912107
3211,11-09-197-00996-209704,801235,1996683.0,303.704974912107
3212,11-09-197-00996-209705,801235,1996683.0,303.704974912107
3213,11-09-197-00996-209706,801235,1996683.0,303.704974912107
3214,11-09-197-00996-209707,801235,1996683.0,303.704974912107
3215,11-09-197-00996-209728,801235,1996683.0,303.704974912107
3218,11-09-197-00996-209737,801235,1996683.0,303.704974912107
3219,11-09-197-00996-209738,801235,1996683.0,303.704974912107
3220,11-09-197-00996-209739,801235,1996683.0,303.704974912107
3221,11-09-197-00996-209740,801235,1996683.0,303.704974912107
3222,11-09-197-00996-209741,801235,1996683.0,303.704974912107
3223,11-09-197-00996-209742,801235,1996683.0,303.704974912107
3224,11-09-197-00996-209743,801235,1996683.0,303.704974912107
3225,11-09-197-00996-209744,801235,1996683.0,303.704974912107
3226,11-09-197-00996-209745,801235,1996683.0,303.704974912107
3227,11-09-197-00996-209746,801235,1996683.0,303.704974912107
3228,11-09-197-00996-209747,801235,1996683.0,303.704974912107
3229,11-09-197-00996-209748,801235,1996683.0,303.704974912107
3230,11-09-197-00996-209749,801235,1996683.0,303.704974912107
3231,11-09-197-00996-209750,801235,1996683.0,303.704974912107
3232,11-09-197-00996-209753,801235,1996683.0,303.704974912107
3233,11-09-197-00996-209754,801235,1996683.0,303.704974912107
3234,11-09-197-00996-209756,801235,1996683.0,303.704974912107
3235,11-09-197-00996-209757,801235,1996683.0,303.704974912107
3236,11-09-197-00996-209758,801235,1996683.0,303.704974912107
3237,11-09-197-00996-209759,801235,1996683.0,303.704974912107
3238,11-09-197-00996-801233,801235,1996683.0,303.704974912107
3239,11-09-197-00996-801234,801235,1996683.0,303.704974912107
3240,11-09-197-00996-801235,801235,1996683.0,303.704974912107
3241,11-09-197-00996-801236,801235,1996683.0,303.704974912107
3242,11-09-198-00997-209993,801239,141986.0,35.5909391194582
3243,11-09-198-00997-209994,801239,141986.0,35.5909391194582
3244,11-09-198-00997-209995,801239,141986.0,35.5909391194582
3245,11-09-198-00997-209996,801239,141986.0,35.5909391194582
3246,11-09-198-00997-210000,801239,141986.0,35.5909391194582
3247,11-09-198-00997-210011,801239,141986.0,35.5909391194582
3248,11-09-198-00997-210014,801239,141986.0,35.5909391194582
3249,11-09-198-00997-210016,801239,141986.0,35.5909391194582
3250,11-09-198-00997-210023,801239,141986.0,35.5909391194582
3251,11-09-198-00997-210024,801239,141986.0,35.5909391194582
3252,11-09-198-00997-210025,801239,141986.0,35.5909391194582
3253,11-09-198-00997-210031,801239,141986.0,35.5909391194582
3254,11-09-198-00997-210032,801239,141986.0,35.5909391194582
3255,11-09-198-00997-210033,801239,141986.0,35.5909391194582
3256,11-09-198-00997-210034,801239,141986.0,35.5909391194582
3257,11-09-198-00997-210035,801239,141986.0,35.5909391194582
3258,11-09-198-00997-210037,801239,141986.0,35.5909391194582
3259,11-09-198-00997-210038,801239,141986.0,35.5909391194582
3260,11-09-198-00997-210045,801239,141986.0,35.5909391194582
3261,11-09-198-00997-210054,801239,141986.0,35.5909391194582
3262,11-09-198-00997-210055,801239,141986.0,35.5909391194582
3263,11-09-198-00997-210056,801239,141986.0,35.5909391194582
3264,11-09-198-00997-801238,801239,141986.0,35.5909391194582
3265,11-09-198-00997-801239,801239,141986.0,35.5909391194582
3307,11-09-199-01000-211196,801244,239717.0,43.05169868469238
3308,11-09-199-01000-211303,801244,239717.0,43.05169868469238
3310,11-09-199-01000-801244,801244,239717.0,43.05169868469238
3315,11-09-199-01003-212643,801235,1996683.0,303.704974912107
3317,11-09-199-01003-212653,801235,1996683.0,303.704974912107
3323,11-09-200-01006-214094,802426,314828.0,342.49161729216576
3324,11-09-200-01006-214096,802426,314828.0,342.49161729216576
3325,11-09-200-01006-214097,802426,314828.0,342.49161729216576
3326,11-09-200-01006-214098,802426,314828.0,342.49161729216576
3327,11-09-200-01006-214103,802426,314828.0,342.49161729216576
3328,11-09-200-01006-214104,802426,314828.0,342.49161729216576
3329,11-09-200-01006-214105,802426,314828.0,342.49161729216576
3330,11-09-200-01006-214109,802426,314828.0,342.49161729216576
3331,11-09-200-01006-214110,802426,314828.0,342.49161729216576
3332,11-09-200-01006-214111,802426,314828.0,342.49161729216576
3333,11-09-200-01006-214112,802426,314828.0,342.49161729216576
3335,11-09-200-01006-214381,802426,314828.0,342.49161729216576
3336,11-09-200-01006-214382,802426,314828.0,342.49161729216576
3337,11-09-200-01006-214383,802426,314828.0,342.49161729216576
3338,11-09-200-01006-214384,802426,314828.0,342.49161729216576
3339,11-09-200-01006-214385,802426,314828.0,342.49161729216576
3343,11-09-201-01008-214936,801262,132739.0,19.070299744606018
3344,11-09-201-01008-215120,801262,132739.0,19.070299744606018
3345,11-09-201-01008-801262,801262,132739.0,19.070299744606018
3346,11-09-202-01010-215439,801269,106274.0,12.996099948883057
3347,11-09-202-01010-215449,801269,106274.0,12.996099948883057
3348,11-09-202-01010-215450,801269,106274.0,12.996099948883057
3349,11-09-202-01010-801269,801269,106274.0,12.996099948883057
3351,11-10-203-01019-801279,801279,112634.0,46.83000183105469
3352,11-10-203-01028-217358,801281,169335.0,15.641000241041183
3353,11-10-203-01028-217372,801281,169335.0,15.641000241041183
3354,11-10-203-01028-217373,801281,169335.0,15.641000241041183
3355,11-10-203-01028-801281,801281,169335.0,15.641000241041183
3356,11-10-203-01029-217390,801281,169335.0,15.641000241041183
3357,11-10-203-01029-217429,801281,169335.0,15.641000241041183
3358,11-10-203-01030-217431,801281,169335.0,15.641000241041183
3359,11-10-204-01031-217480,801282,59957.0,8.300000190734863
3360,11-10-204-01031-801282,801282,59957.0,8.300000190734863
3361,11-10-204-01035-217689,801285,137159.0,18.204999193549156
3362,11-10-204-01035-217690,801285,137159.0,18.204999193549156
3363,11-10-204-01035-217691,801285,137159.0,18.204999193549156
3364,11-10-204-01035-217693,801285,137159.0,18.204999193549156
3365,11-10-204-01041-801285,801285,137159.0,18.204999193549156
3367,11-10-206-01070-219364,801295,150693.0,19.240000009536743
3368,11-10-206-01074-219580,801295,150693.0,19.240000009536743
3369,11-10-206-01074-219585,801295,150693.0,19.240000009536743
3370,11-10-206-01074-801295,801295,150693.0,19.240000009536743
3371,11-10-206-01074-801296,801295,150693.0,19.240000009536743
3373,11-10-207-01093-220439,801299,79966.0,2.8889999836683273
3374,11-10-207-01093-220440,801299,79966.0,2.8889999836683273
3375,11-10-207-01093-801299,801299,79966.0,2.8889999836683273
3376,11-10-208-01109-801304,801304,65437.0,22.3700008392334
3377,11-10-209-01113-801306,801306,50475.0,4.980000019073486
3378,11-10-209-01116-801307,801307,79021.0,30.969999313354492
3379,11-10-210-01127-222952,801310,107055.0,31.010000824928284
3380,11-10-210-01127-801310,801310,107055.0,31.010000824928284
3381,11-10-211-01134-801312,801312,282248.0,92.29000091552734
3382,11-10-212-01151-801314,801314,301599.0,104.72000098228455
3383,11-10-213-01161-801316,801316,54472.0,25.84000015258789
3384,11-10-214-01172-226329,801318,168910.0,29.95479917526245
3385,11-10-214-01174-226428,801318,168910.0,29.95479917526245
3386,11-10-214-01174-801318,801318,168910.0,29.95479917526245
3387,11-10-215-01184-227028,801319,351406.0,35.60743813589215
3388,11-10-215-01184-227030,801319,351406.0,35.60743813589215
3389,11-10-215-01184-227031,801319,351406.0,35.60743813589215
3390,11-10-215-01184-227032,801319,351406.0,35.60743813589215
3391,11-10-215-01184-227039,801319,351406.0,35.60743813589215
3392,11-10-215-01184-227042,801319,351406.0,35.60743813589215
3393,11-10-215-01184-227112,801319,351406.0,35.60743813589215
3394,11-10-215-01184-801319,801319,351406.0,35.60743813589215
3395,11-10-215-01188-801320,801320,101259.0,73.60000038146973
3396,11-10-215-01189-227332,801319,351406.0,35.60743813589215
3397,11-10-215-01189-227333,801319,351406.0,35.60743813589215
3398,11-10-215-01189-227334,801319,351406.0,35.60743813589215
3399,11-10-215-01189-227336,801319,351406.0,35.60743813589215
3400,11-10-215-01189-227354,801319,351406.0,35.60743813589215
3401,11-10-215-01189-227358,801319,351406.0,35.60743813589215
3402,11-10-215-01189-227363,801319,351406.0,35.60743813589215
3403,11-10-215-01189-227378,801319,351406.0,35.60743813589215
3404,11-10-215-01189-227379,801319,351406.0,35.60743813589215
3405,11-10-215-01189-227380,801319,351406.0,35.60743813589215
3406,11-10-215-01189-227381,801319,351406.0,35.60743813589215
3407,11-10-215-01189-227382,801319,351406.0,35.60743813589215
3408,11-10-215-01189-227394,801319,351406.0,35.60743813589215
3409,11-10-215-01189-227464,801319,351406.0,35.60743813589215
3411,11-10-216-01203-228578,801324,498517.0,57.88981609046459
3412,11-10-216-01203-228579,801324,498517.0,57.88981609046459
3415,11-10-216-01204-228671,801324,498517.0,57.88981609046459
3416,11-10-216-01204-228672,801324,498517.0,57.88981609046459
3418,11-10-216-01204-228693,801324,498517.0,57.88981609046459
3420,11-10-216-01212-229349,801324,498517.0,57.88981609046459
3421,11-10-216-01212-229350,801324,498517.0,57.88981609046459
3422,11-10-216-01212-229351,801324,498517.0,57.88981609046459
3423,11-10-216-01212-229352,801324,498517.0,57.88981609046459
3424,11-10-216-01212-229353,801324,498517.0,57.88981609046459
3425,11-10-216-01212-229354,801324,498517.0,57.88981609046459
3426,11-10-216-01212-229360,801324,498517.0,57.88981609046459
3427,11-10-216-01212-229362,801324,498517.0,57.88981609046459
3428,11-10-216-01212-229363,801324,498517.0,57.88981609046459
3429,11-10-216-01212-229364,801324,498517.0,57.88981609046459
3430,11-10-216-01212-229366,801324,498517.0,57.88981609046459
3431,11-10-216-01212-229367,801324,498517.0,57.88981609046459
3432,11-10-216-01212-229368,801324,498517.0,57.88981609046459
3433,11-10-216-01212-229374,801324,498517.0,57.88981609046459
3434,11-10-216-01212-229406,801324,498517.0,57.88981609046459
3435,11-10-216-01212-229407,801324,498517.0,57.88981609046459
3436,11-10-216-01212-229415,801324,498517.0,57.88981609046459
3437,11-10-216-01212-229416,801324,498517.0,57.88981609046459
3438,11-10-216-01212-229417,801324,498517.0,57.88981609046459
3439,11-10-216-01212-229418,801324,498517.0,57.88981609046459
3440,11-10-216-01212-229419,801324,498517.0,57.88981609046459
3441,11-10-216-01212-229420,801324,498517.0,57.88981609046459
3442,11-10-216-01212-229421,801324,498517.0,57.88981609046459
3443,11-10-216-01212-229425,801324,498517.0,57.88981609046459
3444,11-10-216-01212-229455,801324,498517.0,57.88981609046459
3445,11-10-216-01212-229456,801324,498517.0,57.88981609046459
3446,11-10-216-01212-229457,801324,498517.0,57.88981609046459
3447,11-10-216-01212-229458,801324,498517.0,57.88981609046459
3448,11-10-216-01212-801324,801324,498517.0,57.88981609046459
3449,11-10-216-01213-229574,801324,498517.0,57.88981609046459
3451,11-10-217-01224-801327,801327,67339.0,11.109999656677246
3452,11-10-218-01230-801329,801329,135066.0,13.050000190734863
3453,11-10-219-01257-233584,801333,203221.0,18.451999068260193
3454,11-10-219-01258-801333,801333,203221.0,18.451999068260193
3455,11-10-219-01267-234574,801373,2292972.0,241.6460023522377
3456,11-10-219-01267-801336,801338,228584.0,41.93309060484171
3460,11-10-220-01278-235663,801338,228584.0,41.93309060484171
3461,11-10-220-01278-235670,801338,228584.0,41.93309060484171
3462,11-10-220-01278-235671,801338,228584.0,41.93309060484171
3463,11-10-220-01278-235678,801338,228584.0,41.93309060484171
3464,11-10-220-01278-235679,801338,228584.0,41.93309060484171
3465,11-10-220-01278-235693,801338,228584.0,41.93309060484171
3466,11-10-220-01278-235695,801338,228584.0,41.93309060484171
3467,11-10-220-01278-235696,801338,228584.0,41.93309060484171
3468,11-10-220-01278-235697,801338,228584.0,41.93309060484171
3469,11-10-220-01278-235699,801338,228584.0,41.93309060484171
3470,11-10-220-01278-235703,801338,228584.0,41.93309060484171
3471,11-10-220-01278-235704,801338,228584.0,41.93309060484171
3472,11-10-220-01278-235705,801338,228584.0,41.93309060484171
3473,11-10-220-01278-235721,801338,228584.0,41.93309060484171
3474,11-10-220-01278-235728,801338,228584.0,41.93309060484171
3475,11-10-220-01278-235730,801338,228584.0,41.93309060484171
3476,11-10-220-01278-235731,801338,228584.0,41.93309060484171
3477,11-10-220-01278-801338,801338,228584.0,41.93309060484171
3478,11-10-220-01279-235776,801373,2292972.0,241.6460023522377
3479,11-10-221-01285-236311,801340,120341.0,17.62917297706008
3480,11-10-221-01285-236312,801340,120341.0,17.62917297706008
3481,11-10-221-01285-236314,801340,120341.0,17.62917297706008
3482,11-10-221-01285-236327,801340,120341.0,17.62917297706008
3483,11-10-221-01285-236373,801340,120341.0,17.62917297706008
3485,11-10-221-01288-236563,801340,120341.0,17.62917297706008
3486,11-10-221-01288-236564,801340,120341.0,17.62917297706008
3487,11-10-221-01288-236565,801340,120341.0,17.62917297706008
3488,11-10-221-01288-236581,801340,120341.0,17.62917297706008
3489,11-10-221-01288-236582,801340,120341.0,17.62917297706008
3490,11-10-221-01288-236583,801340,120341.0,17.62917297706008
3491,11-10-221-01288-236603,801340,120341.0,17.62917297706008
3492,11-10-221-01288-236604,801340,120341.0,17.62917297706008
3493,11-10-221-01288-801340,801340,120341.0,17.62917297706008
3496,11-10-222-01311-237933,801346,598605.0,202.24664924433455
3497,11-10-222-01311-237934,801346,598605.0,202.24664924433455
3498,11-10-222-01311-801343,801346,598605.0,202.24664924433455
3499,11-10-222-01311-801344,801346,598605.0,202.24664924433455
3500,11-10-222-01312-237982,801346,598605.0,202.24664924433455
3501,11-10-222-01312-237991,801346,598605.0,202.24664924433455
3502,11-10-222-01312-237995,801346,598605.0,202.24664924433455
3503,11-10-222-01312-238011,801346,598605.0,202.24664924433455
3504,11-10-222-01312-238015,801346,598605.0,202.24664924433455
3505,11-10-222-01312-238017,801346,598605.0,202.24664924433455
3506,11-10-222-01312-238019,801346,598605.0,202.24664924433455
3507,11-10-222-01312-238022,801346,598605.0,202.24664924433455
3508,11-10-222-01312-238024,801346,598605.0,202.24664924433455
3509,11-10-222-01312-238025,801346,598605.0,202.24664924433455
3510,11-10-222-01312-238026,801346,598605.0,202.24664924433455
3511,11-10-222-01312-238027,801346,598605.0,202.24664924433455
3512,11-10-222-01312-238028,801346,598605.0,202.24664924433455
3513,11-10-222-01312-238029,801346,598605.0,202.24664924433455
3514,11-10-222-01312-238032,801346,598605.0,202.24664924433455
3515,11-10-222-01312-238035,801346,598605.0,202.24664924433455
3516,11-10-222-01312-238036,801346,598605.0,202.24664924433455
3517,11-10-222-01312-238037,801346,598605.0,202.24664924433455
3518,11-10-222-01312-238039,801346,598605.0,202.24664924433455
3519,11-10-222-01312-238040,801346,598605.0,202.24664924433455
3520,11-10-222-01312-238041,801346,598605.0,202.24664924433455
3521,11-10-222-01312-238042,801346,598605.0,202.24664924433455
3522,11-10-222-01312-238044,801346,598605.0,202.24664924433455
3523,11-10-222-01312-238045,801346,598605.0,202.24664924433455
3524,11-10-222-01312-238046,801346,598605.0,202.24664924433455
3525,11-10-222-01312-238047,801346,598605.0,202.24664924433455
3526,11-10-222-01312-238048,801346,598605.0,202.24664924433455
3527,11-10-222-01312-801345,801346,598605.0,202.24664924433455
3528,11-10-222-01314-238145,801346,598605.0,202.24664924433455
3529,11-10-222-01314-801346,801346,598605.0,202.24664924433455
3530,11-10-222-01320-238425,801346,598605.0,202.24664924433455
3531,11-10-222-01320-238426,801346,598605.0,202.24664924433455
3532,11-10-222-01320-238430,801346,598605.0,202.24664924433455
3533,11-10-223-01323-238626,801349,67363.0,5.920000076293945
3534,11-10-223-01323-801349,801349,67363.0,5.920000076293945
3535,11-10-224-01336-239237,801352,64623.0,20.680000223219395
3536,11-10-224-01336-239238,801352,64623.0,20.680000223219395
3537,11-10-224-01336-239239,801352,64623.0,20.680000223219395
3538,11-10-224-01336-239240,801352,64623.0,20.680000223219395
3539,11-10-224-01336-239249,801352,64623.0,20.680000223219395
3540,11-10-224-01336-239251,801352,64623.0,20.680000223219395
3541,11-10-224-01336-239252,801352,64623.0,20.680000223219395
3542,11-10-224-01336-239253,801352,64623.0,20.680000223219395
3543,11-10-224-01336-239255,801352,64623.0,20.680000223219395
3544,11-10-224-01336-239257,801352,64623.0,20.680000223219395
3545,11-10-224-01336-239273,801352,64623.0,20.680000223219395
3546,11-10-224-01336-239323,801352,64623.0,20.680000223219395
3547,11-10-224-01336-239324,801352,64623.0,20.680000223219395
3548,11-10-224-01336-801352,801352,64623.0,20.680000223219395
3549,11-10-224-01338-239342,801354,509863.0,54.3477998143062
3550,11-10-224-01338-239343,801354,509863.0,54.3477998143062
3551,11-10-224-01338-239344,801354,509863.0,54.3477998143062
3552,11-10-224-01338-239346,801354,509863.0,54.3477998143062
3553,11-10-224-01338-239390,801354,509863.0,54.3477998143062
3554,11-10-224-01338-239395,801354,509863.0,54.3477998143062
3555,11-10-224-01338-239401,801354,509863.0,54.3477998143062
3556,11-10-224-01338-239402,801354,509863.0,54.3477998143062
3557,11-10-224-01338-239410,801354,509863.0,54.3477998143062
3558,11-10-224-01338-239411,801354,509863.0,54.3477998143062
3559,11-10-224-01338-239412,801354,509863.0,54.3477998143062
3560,11-10-224-01338-239413,801354,509863.0,54.3477998143062
3561,11-10-224-01338-239415,801354,509863.0,54.3477998143062
3562,11-10-224-01338-239416,801354,509863.0,54.3477998143062
3563,11-10-224-01338-239417,801354,509863.0,54.3477998143062
3564,11-10-224-01338-239418,801354,509863.0,54.3477998143062
3565,11-10-224-01339-239503,801354,509863.0,54.3477998143062
3566,11-10-224-01339-239504,801354,509863.0,54.3477998143062
3567,11-10-224-01339-239576,801354,509863.0,54.3477998143062
3568,11-10-224-01340-239577,801353,57358.0,12.749999970197678
3569,11-10-224-01340-801353,801353,57358.0,12.749999970197678
3570,11-10-224-01342-239925,801354,509863.0,54.3477998143062
3571,11-10-224-01342-239926,801354,509863.0,54.3477998143062
3572,11-10-224-01342-239927,801354,509863.0,54.3477998143062
3573,11-10-224-01343-240017,801354,509863.0,54.3477998143062
3574,11-10-224-01343-240024,801354,509863.0,54.3477998143062
3575,11-10-224-01343-240028,801354,509863.0,54.3477998143062
3576,11-10-224-01343-240037,801354,509863.0,54.3477998143062
3577,11-10-224-01343-240039,801354,509863.0,54.3477998143062
3578,11-10-224-01343-240042,801354,509863.0,54.3477998143062
3579,11-10-224-01343-240043,801354,509863.0,54.3477998143062
3580,11-10-224-01343-240044,801354,509863.0,54.3477998143062
3581,11-10-224-01343-240046,801354,509863.0,54.3477998143062
3582,11-10-224-01343-240047,801354,509863.0,54.3477998143062
3583,11-10-224-01343-240048,801354,509863.0,54.3477998143062
3584,11-10-224-01343-240049,801354,509863.0,54.3477998143062
3585,11-10-224-01343-240050,801354,509863.0,54.3477998143062
3586,11-10-224-01343-240054,801354,509863.0,54.3477998143062
3587,11-10-224-01343-240055,801354,509863.0,54.3477998143062
3588,11-10-224-01343-240056,801354,509863.0,54.3477998143062
3589,11-10-224-01343-240063,801354,509863.0,54.3477998143062
3590,11-10-224-01343-240083,801354,509863.0,54.3477998143062
3591,11-10-224-01343-240085,801354,509863.0,54.3477998143062
3592,11-10-224-01343-240145,801354,509863.0,54.3477998143062
3593,11-10-224-01343-240146,801354,509863.0,54.3477998143062
3594,11-10-224-01343-240182,801354,509863.0,54.3477998143062
3595,11-10-224-01343-240184,801354,509863.0,54.3477998143062
3596,11-10-224-01343-801354,801354,509863.0,54.3477998143062
3597,11-10-226-01356-242557,801357,356076.0,37.793830699287355
3598,11-10-226-01356-242558,801357,356076.0,37.793830699287355
3599,11-10-226-01356-242560,801357,356076.0,37.793830699287355
3600,11-10-226-01356-242568,801357,356076.0,37.793830699287355
3601,11-10-226-01356-242569,801357,356076.0,37.793830699287355
3602,11-10-226-01356-242570,801357,356076.0,37.793830699287355
3603,11-10-226-01356-242572,801357,356076.0,37.793830699287355
3604,11-10-226-01356-242574,801357,356076.0,37.793830699287355
3605,11-10-226-01356-242581,801357,356076.0,37.793830699287355
3606,11-10-226-01356-242584,801357,356076.0,37.793830699287355
3607,11-10-226-01356-242585,801357,356076.0,37.793830699287355
3608,11-10-226-01356-242586,801357,356076.0,37.793830699287355
3609,11-10-226-01356-242587,801357,356076.0,37.793830699287355
3610,11-10-226-01356-242588,801357,356076.0,37.793830699287355
3611,11-10-226-01356-242590,801357,356076.0,37.793830699287355
3612,11-10-226-01356-242592,801357,356076.0,37.793830699287355
3613,11-10-226-01356-242594,801357,356076.0,37.793830699287355
3614,11-10-226-01356-242595,801357,356076.0,37.793830699287355
3615,11-10-226-01356-242596,801357,356076.0,37.793830699287355
3616,11-10-226-01356-801357,801357,356076.0,37.793830699287355
3617,11-10-226-01358-242663,801357,356076.0,37.793830699287355
3618,11-10-226-01358-242664,801357,356076.0,37.793830699287355
3619,11-10-226-01358-242665,801357,356076.0,37.793830699287355
3620,11-10-226-01358-242668,801357,356076.0,37.793830699287355
3621,11-10-226-01358-242672,801357,356076.0,37.793830699287355
3622,11-10-226-01358-242674,801357,356076.0,37.793830699287355
3623,11-10-226-01358-242677,801357,356076.0,37.793830699287355
3624,11-10-226-01358-242685,801357,356076.0,37.793830699287355
3625,11-10-226-01358-242689,801357,356076.0,37.793830699287355
3626,11-10-226-01358-242691,801357,356076.0,37.793830699287355
3627,11-10-226-01358-242694,801357,356076.0,37.793830699287355
3628,11-10-226-01358-242695,801357,356076.0,37.793830699287355
3629,11-10-226-01358-801358,801357,356076.0,37.793830699287355
3630,11-10-227-01368-243613,801361,108313.0,25.210000902414322
3631,11-10-227-01368-801361,801361,108313.0,25.210000902414322
3632,11-10-228-01374-243954,801363,66566.0,29.984399616718292
3633,11-10-228-01374-243955,801363,66566.0,29.984399616718292
3634,11-10-228-01374-801363,801363,66566.0,29.984399616718292
3636,11-10-229-01386-244564,801364,317135.0,31.339999973773956
3637,11-10-229-01386-244565,801364,317135.0,31.339999973773956
3638,11-10-229-01386-244566,801364,317135.0,31.339999973773956
3639,11-10-229-01386-244567,801364,317135.0,31.339999973773956
3640,11-10-229-01386-244569,801364,317135.0,31.339999973773956
3641,11-10-229-01386-244582,801364,317135.0,31.339999973773956
3642,11-10-229-01386-244586,801364,317135.0,31.339999973773956
3643,11-10-229-01386-244623,801364,317135.0,31.339999973773956
3644,11-10-229-01386-801364,801364,317135.0,31.339999973773956
3645,11-10-229-01390-801365,801365,69879.0,43.51999908685684
3653,11-10-230-01399-245238,801373,2292972.0,241.6460023522377
3654,11-10-230-01399-245239,801373,2292972.0,241.6460023522377
3655,11-10-230-01399-245241,801373,2292972.0,241.6460023522377
3656,11-10-230-01399-245242,801373,2292972.0,241.6460023522377
3657,11-10-230-01399-245243,801373,2292972.0,241.6460023522377
3658,11-10-230-01399-245244,801373,2292972.0,241.6460023522377
3659,11-10-230-01399-245245,801373,2292972.0,241.6460023522377
3660,11-10-230-01399-245246,801373,2292972.0,241.6460023522377
3661,11-10-230-01399-245247,801373,2292972.0,241.6460023522377
3662,11-10-230-01399-245248,801373,2292972.0,241.6460023522377
3663,11-10-230-01399-245249,801373,2292972.0,241.6460023522377
3664,11-10-230-01399-245250,801373,2292972.0,241.6460023522377
3665,11-10-230-01399-245251,801373,2292972.0,241.6460023522377
3666,11-10-230-01399-245254,801373,2292972.0,241.6460023522377
3667,11-10-230-01399-245258,801373,2292972.0,241.6460023522377
3668,11-10-230-01399-245259,801373,2292972.0,241.6460023522377
3669,11-10-230-01399-245260,801373,2292972.0,241.6460023522377
3670,11-10-230-01399-245262,801373,2292972.0,241.6460023522377
3671,11-10-230-01399-801370,801373,2292972.0,241.6460023522377
3672,11-10-230-01399-801371,801373,2292972.0,241.6460023522377
3673,11-10-230-01399-801372,801373,2292972.0,241.6460023522377
3674,11-10-230-01400-245264,801373,2292972.0,241.6460023522377
3675,11-10-230-01400-245285,801373,2292972.0,241.6460023522377
3676,11-10-230-01400-245286,801373,2292972.0,241.6460023522377
3677,11-10-230-01400-245289,801373,2292972.0,241.6460023522377
3678,11-10-230-01400-245293,801373,2292972.0,241.6460023522377
3679,11-10-230-01400-245294,801373,2292972.0,241.6460023522377
3680,11-10-230-01400-245295,801373,2292972.0,241.6460023522377
3681,11-10-230-01400-801373,801373,2292972.0,241.6460023522377
3682,11-10-230-01401-245302,801373,2292972.0,241.6460023522377
3683,11-10-230-01401-245303,801373,2292972.0,241.6460023522377
3684,11-10-230-01401-245306,801373,2292972.0,241.6460023522377
3685,11-10-230-01401-245307,801373,2292972.0,241.6460023522377
3686,11-10-230-01401-245308,801373,2292972.0,241.6460023522377
3687,11-10-230-01401-245309,801373,2292972.0,241.6460023522377
3688,11-10-230-01401-245310,801373,2292972.0,241.6460023522377
3689,11-10-230-01401-245311,801373,2292972.0,241.6460023522377
3690,11-10-230-01401-245312,801373,2292972.0,241.6460023522377
3691,11-10-230-01401-245313,801373,2292972.0,241.6460023522377
3692,11-10-230-01401-245314,801373,2292972.0,241.6460023522377
3693,11-10-230-01401-245316,801373,2292972.0,241.6460023522377
3694,11-10-230-01401-245319,801373,2292972.0,241.6460023522377
3695,11-10-230-01401-245323,801373,2292972.0,241.6460023522377
3697,11-10-230-01402-245336,801373,2292972.0,241.6460023522377
3698,11-10-230-01402-245337,801373,2292972.0,241.6460023522377
3699,11-10-230-01402-245342,801373,2292972.0,241.6460023522377
3700,11-10-230-01402-245392,801373,2292972.0,241.6460023522377
3701,11-10-230-01402-245393,801373,2292972.0,241.6460023522377
3702,11-10-230-01402-245394,801373,2292972.0,241.6460023522377
3703,11-10-230-01402-245395,801373,2292972.0,241.6460023522377
3704,11-10-230-01402-245396,801373,2292972.0,241.6460023522377
3705,11-10-230-01402-245397,801373,2292972.0,241.6460023522377
3706,11-10-230-01402-801374,801373,2292972.0,241.6460023522377
3711,11-10-230-01408-801378,801378,59803.0,9.430000305175781
3713,11-10-230-01411-246135,801373,2292972.0,241.6460023522377
3714,11-10-230-01411-246138,801373,2292972.0,241.6460023522377
3715,11-10-230-01411-246140,801373,2292972.0,241.6460023522377
3716,11-10-230-01411-246146,801379,59344.0,11.130000174045563
3717,11-10-230-01411-246148,801379,59344.0,11.130000174045563
3718,11-10-230-01411-246150,801379,59344.0,11.130000174045563
3719,11-10-230-01411-801379,801379,59344.0,11.130000174045563
3720,11-10-230-01417-246403,801382,85907.0,14.109999984502792
3721,11-10-230-01417-246405,801382,85907.0,14.109999984502792
3722,11-10-230-01417-246406,801382,85907.0,14.109999984502792
3723,11-10-230-01417-801382,801382,85907.0,14.109999984502792
3724,11-10-230-01418-246485,801382,85907.0,14.109999984502792
3725,11-10-230-01418-246487,801382,85907.0,14.109999984502792
3726,11-10-230-01418-246488,801382,85907.0,14.109999984502792
3727,11-10-230-01418-246489,801382,85907.0,14.109999984502792
3728,11-10-230-01420-246562,801383,67681.0,18.320000290870667
3729,11-10-230-01420-246564,801383,67681.0,18.320000290870667
3730,11-10-230-01420-801383,801383,67681.0,18.320000290870667
3731,11-10-231-01422-246745,801385,268595.0,35.74999940395355
3732,11-10-231-01422-801385,801385,268595.0,35.74999940395355
3734,11-10-231-01426-247038,801385,268595.0,35.74999940395355
3735,11-10-231-01426-247075,801385,268595.0,35.74999940395355
3739,11-10-232-01440-248118,801390,53728.0,15.879999935626984
3740,11-10-232-01440-801390,801390,53728.0,15.879999935626984
3741,11-10-232-01441-248235,801391,111938.0,7.939499884843826
3742,11-10-232-01441-248241,801391,111938.0,7.939499884843826
3743,11-10-232-01441-248242,801391,111938.0,7.939499884843826
3744,11-10-232-01441-801391,801391,111938.0,7.939499884843826
3754,11-10-233-01453-250049,801392,50873.0,7.789999902248383
3755,11-10-233-01453-801392,801392,50873.0,7.789999902248383
3757,11-10-234-01471-252340,801397,152296.0,12.172999560832977
3758,11-10-234-01471-252341,801397,152296.0,12.172999560832977
3759,11-10-234-01471-252346,801397,152296.0,12.172999560832977
3760,11-10-234-01471-801397,801397,152296.0,12.172999560832977
3761,11-10-234-01473-252554,801398,145291.0,27.849999874830246
3762,11-10-234-01473-252566,801398,145291.0,27.849999874830246
3763,11-10-234-01473-252579,801398,145291.0,27.849999874830246
3764,11-10-234-01473-801398,801398,145291.0,27.849999874830246
3765,11-10-235-01476-801399,801399,52364.0,13.960000038146973
3767,11-10-235-01481-253469,801401,104516.0,23.579999923706055
3768,11-10-235-01481-801401,801401,104516.0,23.579999923706055
3779,11-10-235-01485-254318,801401,104516.0,23.579999923706055
3780,11-10-236-01494-255277,801404,566111.0,96.1799985319376
3781,11-10-236-01494-255297,801404,566111.0,96.1799985319376
3782,11-10-236-01494-255298,801404,566111.0,96.1799985319376
3783,11-10-236-01494-255299,801404,566111.0,96.1799985319376
3784,11-10-236-01494-255300,801404,566111.0,96.1799985319376
3785,11-10-236-01494-255301,801404,566111.0,96.1799985319376
3786,11-10-236-01494-255302,801404,566111.0,96.1799985319376
3787,11-10-236-01494-255303,801404,566111.0,96.1799985319376
3788,11-10-236-01494-255304,801404,566111.0,96.1799985319376
3789,11-10-236-01494-255305,801404,566111.0,96.1799985319376
3790,11-10-236-01495-255384,801404,566111.0,96.1799985319376
3791,11-10-236-01495-255385,801404,566111.0,96.1799985319376
3792,11-10-236-01495-255386,801404,566111.0,96.1799985319376
3793,11-10-236-01495-255396,801404,566111.0,96.1799985319376
3794,11-10-236-01495-801404,801404,566111.0,96.1799985319376
3797,11-10-236-01505-256504,801404,566111.0,96.1799985319376
3798,11-10-236-01505-256506,801404,566111.0,96.1799985319376
3799,11-10-236-01505-256507,801404,566111.0,96.1799985319376
3800,11-10-236-01505-256510,801404,566111.0,96.1799985319376
3801,11-10-236-01505-256512,801404,566111.0,96.1799985319376
3802,11-10-236-01505-256571,801404,566111.0,96.1799985319376
3804,11-10-236-01505-801406,801404,566111.0,96.1799985319376
3806,11-10-237-01512-257507,801407,112731.0,10.46999979019165
3807,11-10-237-01512-257508,801407,112731.0,10.46999979019165
3808,11-10-237-01512-801407,801407,112731.0,10.46999979019165
3811,11-10-238-01527-801411,801411,87357.0,26.450000762939453
3812,11-10-239-01536-260198,801413,104582.0,21.0999995470047
3813,11-10-239-01536-801413,801413,104582.0,21.0999995470047
3814,11-10-240-01542-801415,801415,53044.0,26.230000257492065
3815,11-11-244-01553-801421,801421,100286.0,19.200000762939453
3817,11-12-248-01596-801428,801428,59490.0,13.402473449707031
3822,11-13-265-01796-267656,801457,191304.0,43.80496656894684
3823,11-13-265-01796-267657,801457,191304.0,43.80496656894684
3824,11-13-265-01796-267658,801457,191304.0,43.80496656894684
3825,11-13-265-01796-267659,801457,191304.0,43.80496656894684
3826,11-13-265-01796-267660,801457,191304.0,43.80496656894684
3827,11-13-265-01796-267661,801457,191304.0,43.80496656894684
3828,11-13-265-01796-267662,801457,191304.0,43.80496656894684
3829,11-13-265-01796-267663,801457,191304.0,43.80496656894684
3830,11-13-265-01796-267667,801457,191304.0,43.80496656894684
3831,11-13-265-01796-801457,801457,191304.0,43.80496656894684
3832,11-13-265-01797-267673,801457,191304.0,43.80496656894684
3833,11-13-265-01797-267677,801457,191304.0,43.80496656894684
3834,11-13-265-01797-267681,801457,191304.0,43.80496656894684
3835,11-13-265-01797-267684,801457,191304.0,43.80496656894684
3836,11-13-265-01797-267686,801457,191304.0,43.80496656894684
3837,11-13-265-01797-267722,801457,191304.0,43.80496656894684
3838,11-13-265-01797-267723,801457,191304.0,43.80496656894684
3839,11-13-270-01849-268271,801466,99316.0,3.1659046411514282
3840,11-13-270-01849-801466,801466,99316.0,3.1659046411514282
3841,11-14-277-01881-801487,801487,338187.0,68.03289930522442
3843,11-14-278-01885-270279,801487,338187.0,68.03289930522442
3844,11-14-278-01885-270280,801487,338187.0,68.03289930522442
3845,11-14-278-01885-270281,801487,338187.0,68.03289930522442
3846,11-14-278-01885-270282,801487,338187.0,68.03289930522442
3847,11-14-278-01885-270283,801487,338187.0,68.03289930522442
3848,11-14-278-01885-270284,801487,338187.0,68.03289930522442
3849,11-14-278-01885-270285,801487,338187.0,68.03289930522442
3850,11-14-278-01885-270286,801487,338187.0,68.03289930522442
3851,11-14-278-01885-270293,801487,338187.0,68.03289930522442
3852,11-14-278-01885-270312,801487,338187.0,68.03289930522442
3853,11-14-278-01885-270316,801487,338187.0,68.03289930522442
3854,11-14-278-01885-270317,801487,338187.0,68.03289930522442
3855,11-14-278-01885-270318,801487,338187.0,68.03289930522442
3856,11-14-278-01885-270319,801487,338187.0,68.03289930522442
3857,11-14-278-01885-270320,801487,338187.0,68.03289930522442
3858,11-15-283-01901-801506,801506,293416.0,176.0
3859,11-15-286-01914-801516,801516,57011.0,44.0
3860,11-16-289-99999-801523,801523,442023.0,106.7979012131691
3861,11-17-293-01965-801536,801536,74858.0,18.31999969482422
3862,11-17-298-01989-278353,801544,252407.0,22.149999499320984
3863,11-17-298-01989-278354,801544,252407.0,22.149999499320984
3864,11-17-298-01989-278355,801544,252407.0,22.149999499320984
3865,11-17-298-01989-801543,801544,252407.0,22.149999499320984
3866,11-17-298-01989-801544,801544,252407.0,22.149999499320984
3871,11-18-301-02008-801549,801549,63388.0,4.230000019073486
3872,11-18-302-02014-801554,801554,53430.0,12.760000228881836
3873,11-18-305-02035-284707,801563,123417.0,13.614499807357788
3874,11-18-305-02035-801563,801563,123417.0,13.614499807357788
3876,11-18-306-02043-801572,801572,83451.0,19.639999628067017
3877,11-18-307-02052-801577,801577,59814.0,13.739999771118164
3884,11-18-309-02060-290305,801583,235080.0,133.03370030224323
3885,11-18-309-02060-290316,801583,235080.0,133.03370030224323
3886,11-18-309-02060-290317,801583,235080.0,133.03370030224323
3887,11-18-309-02060-290318,801583,235080.0,133.03370030224323
3888,11-18-309-02060-801582,801583,235080.0,133.03370030224323
3890,11-18-309-02061-290496,801583,235080.0,133.03370030224323
3893,11-18-309-02061-290599,801583,235080.0,133.03370030224323
3894,11-18-309-02061-290607,801583,235080.0,133.03370030224323
3895,11-18-309-02061-290608,801583,235080.0,133.03370030224323
3896,11-18-309-02061-290609,801583,235080.0,133.03370030224323
3897,11-18-309-02061-290610,801583,235080.0,133.03370030224323
3898,11-18-309-02061-290611,801583,235080.0,133.03370030224323
3899,11-18-309-02061-290613,801583,235080.0,133.03370030224323
3900,11-18-309-02061-290614,801583,235080.0,133.03370030224323
3901,11-18-309-02061-290615,801583,235080.0,133.03370030224323
3902,11-18-309-02061-290616,801583,235080.0,133.03370030224323
3903,11-18-309-02061-290617,801583,235080.0,133.03370030224323
3904,11-18-309-02061-290624,801583,235080.0,133.03370030224323
3905,11-18-309-02061-290630,801583,235080.0,133.03370030224323
3906,11-18-309-02061-290631,801583,235080.0,133.03370030224323
3907,11-18-309-02061-290650,801583,235080.0,133.03370030224323
3911,11-18-309-02061-290670,801583,235080.0,133.03370030224323
3912,11-18-309-02061-290675,801583,235080.0,133.03370030224323
3915,11-18-309-02061-290741,801583,235080.0,133.03370030224323
3916,11-18-309-02061-801583,801583,235080.0,133.03370030224323
3928,11-18-310-02064-801586,801586,151412.0,27.193591117858887
3932,11-18-310-02066-291513,801583,235080.0,133.03370030224323
3933,11-18-310-02066-291516,801583,235080.0,133.03370030224323
3934,11-18-310-02066-291517,801583,235080.0,133.03370030224323
3935,11-18-310-02066-291518,801583,235080.0,133.03370030224323
3936,11-18-310-02066-291519,801583,235080.0,133.03370030224323
3937,11-18-310-02066-291522,801583,235080.0,133.03370030224323
3940,11-18-310-02066-291565,801583,235080.0,133.03370030224323
3941,11-18-310-02066-291577,801583,235080.0,133.03370030224323
3942,11-18-310-02066-291578,801583,235080.0,133.03370030224323
3943,11-18-310-02066-291579,801583,235080.0,133.03370030224323
3944,11-18-310-02066-291580,801583,235080.0,133.03370030224323
3945,11-18-310-02066-291583,801583,235080.0,133.03370030224323
3946,11-18-310-02066-291584,801583,235080.0,133.03370030224323
3947,11-18-310-02066-291586,801583,235080.0,133.03370030224323
3948,11-18-310-02066-291589,801583,235080.0,133.03370030224323
3952,11-18-310-02066-291671,801583,235080.0,133.03370030224323
3953,11-18-310-02066-291672,801583,235080.0,133.03370030224323
3954,11-18-310-02066-291673,801583,235080.0,133.03370030224323
3955,11-18-310-02066-291674,801583,235080.0,133.03370030224323
3956,11-18-310-02066-291675,801583,235080.0,133.03370030224323
3957,11-18-310-02066-291678,801583,235080.0,133.03370030224323
3958,11-18-310-02066-291679,801583,235080.0,133.03370030224323
3959,11-18-310-02066-291680,801583,235080.0,133.03370030224323
3960,11-18-310-02066-291681,801583,235080.0,133.03370030224323
3961,11-18-310-02066-291703,801583,235080.0,133.03370030224323
3962,11-18-310-02066-291704,801583,235080.0,133.03370030224323
3976,11-18-310-02069-292263,801583,235080.0,133.03370030224323
3977,11-18-310-02069-292264,801583,235080.0,133.03370030224323
3978,11-18-310-02069-292316,801583,235080.0,133.03370030224323
3979,11-18-310-02069-292317,801583,235080.0,133.03370030224323
3991,11-18-311-02071-292692,801589,52396.0,11.413699805736542
3992,11-18-311-02071-801589,801589,52396.0,11.413699805736542
4007,11-18-312-02077-293601,801595,147102.0,74.5555368065834
4008,11-18-312-02077-293631,801595,147102.0,74.5555368065834
4009,11-18-312-02077-293633,801595,147102.0,74.5555368065834
4010,11-18-312-02078-801595,801595,147102.0,74.5555368065834
4046,11-18-314-02089-801606,801606,61797.0,16.479999542236328
4047,11-18-316-02097-299238,801614,222798.0,33.120501101017
4048,11-18-316-02097-299241,801614,222798.0,33.120501101017
4050,11-18-316-02097-299287,801614,222798.0,33.120501101017
4051,11-18-316-02097-299386,801614,222798.0,33.120501101017
4052,11-18-316-02097-299389,801614,222798.0,33.120501101017
4053,11-18-316-02097-801614,801614,222798.0,33.120501101017
4054,11-18-317-02101-801616,801616,56854.0,6.090000152587891
4055,11-18-319-02110-301244,801620,85826.0,31.214800119400024
4056,11-18-319-02110-801620,801620,85826.0,31.214800119400024
4057,11-18-319-02114-301769,801620,85826.0,31.214800119400024
4058,11-18-320-02110-302043,801620,85826.0,31.214800119400024
4059,11-18-320-02110-302044,801620,85826.0,31.214800119400024
4060,11-18-320-02114-301989,801620,85826.0,31.214800119400024
4061,11-18-320-02114-301990,801620,85826.0,31.214800119400024
4062,11-18-320-02114-301991,801620,85826.0,31.214800119400024
4063,11-18-321-02126-303380,801627,1004690.0,226.39462080597878
4064,11-18-321-02126-303382,801627,1004690.0,226.39462080597878
4065,11-18-321-02126-303385,801627,1004690.0,226.39462080597878
4066,11-18-321-02126-303387,801627,1004690.0,226.39462080597878
4067,11-18-321-02126-303388,801627,1004690.0,226.39462080597878
4068,11-18-321-02126-303389,801627,1004690.0,226.39462080597878
4069,11-18-321-02126-303394,801627,1004690.0,226.39462080597878
4070,11-18-321-02126-303395,801627,1004690.0,226.39462080597878
4071,11-18-322-02126-303426,801627,1004690.0,226.39462080597878
4072,11-18-322-02126-303427,801627,1004690.0,226.39462080597878
4073,11-18-322-02126-801626,801627,1004690.0,226.39462080597878
4077,11-18-322-02129-303430,801627,1004690.0,226.39462080597878
4078,11-18-322-02129-303431,801627,1004690.0,226.39462080597878
4079,11-18-322-02129-303432,801627,1004690.0,226.39462080597878
4080,11-18-322-02129-303434,801627,1004690.0,226.39462080597878
4081,11-18-322-02129-801627,801627,1004690.0,226.39462080597878
4083,11-18-322-02131-303615,801627,1004690.0,226.39462080597878
4084,11-18-322-02131-303616,801627,1004690.0,226.39462080597878
4085,11-18-322-02131-303617,801627,1004690.0,226.39462080597878
4088,11-19-327-02162-306536,801638,830572.0,156.94514429569244
4089,11-19-327-02162-306549,801638,830572.0,156.94514429569244
4090,11-19-327-02162-306550,801638,830572.0,156.94514429569244
4091,11-19-327-02162-306551,801638,830572.0,156.94514429569244
4092,11-19-327-02162-306552,801638,830572.0,156.94514429569244
4093,11-19-327-02162-306553,801638,830572.0,156.94514429569244
4094,11-19-327-02162-306554,801638,830572.0,156.94514429569244
4095,11-19-327-02162-306555,801638,830572.0,156.94514429569244
4096,11-19-327-02162-306556,801638,830572.0,156.94514429569244
4097,11-19-327-02162-306557,801638,830572.0,156.94514429569244
4098,11-19-327-02162-306558,801638,830572.0,156.94514429569244
4099,11-19-327-02162-306561,801638,830572.0,156.94514429569244
4100,11-19-327-02162-306564,801638,830572.0,156.94514429569244
4101,11-19-327-02162-306565,801638,830572.0,156.94514429569244
4102,11-19-327-02162-306566,801638,830572.0,156.94514429569244
4103,11-19-327-02162-306567,801638,830572.0,156.94514429569244
4104,11-19-327-02163-306661,801638,830572.0,156.94514429569244
4105,11-19-327-02163-306662,801638,830572.0,156.94514429569244
4106,11-19-327-02164-306742,801638,830572.0,156.94514429569244
4107,11-19-327-02164-306744,801638,830572.0,156.94514429569244
4108,11-19-327-99999-801634,801634,118805.0,7.429999828338623
4109,11-19-327-99999-801638,801638,830572.0,156.94514429569244
4110,11-19-328-02166-306882,801638,830572.0,156.94514429569244
4111,11-19-328-02166-306883,801638,830572.0,156.94514429569244
4112,11-19-328-02178-307623,801640,169002.0,70.99999904632568
4114,11-19-328-99999-801640,801640,169002.0,70.99999904632568
4115,11-19-328-99999-801642,801642,65232.0,9.779999732971191
4118,11-19-329-99999-801646,801646,77935.0,8.300000190734863
4119,11-19-330-02196-309682,801651,199828.0,15.725300133228302
4120,11-19-330-02196-309723,801651,199828.0,15.725300133228302
4121,11-19-330-02196-309724,801651,199828.0,15.725300133228302
4122,11-19-330-02196-309725,801651,199828.0,15.725300133228302
4123,11-19-330-02196-309798,801651,199828.0,15.725300133228302
4124,11-19-330-99999-801649,801649,54340.0,11.069999694824219
4125,11-19-330-99999-801651,801651,199828.0,15.725300133228302
4126,11-19-330-99999-801652,801652,53530.0,11.699999809265137
4127,11-19-331-02204-311165,801654,162774.0,13.784200191497803
4128,11-19-331-02204-311192,801654,162774.0,13.784200191497803
4134,11-19-331-99999-801653,801653,56217.0,10.289999961853027
4135,11-19-331-99999-801654,801654,162774.0,13.784200191497803
4137,11-19-332-02217-313309,801656,320980.0,34.09590032696724
4138,11-19-332-02217-313311,801656,320980.0,34.09590032696724
4139,11-19-332-02217-313313,801656,320980.0,34.09590032696724
4140,11-19-332-02217-313314,801656,320980.0,34.09590032696724
4141,11-19-332-02217-313315,801656,320980.0,34.09590032696724
4142,11-19-332-02217-313316,801656,320980.0,34.09590032696724
4143,11-19-332-02217-313318,801656,320980.0,34.09590032696724
4144,11-19-332-02217-313332,801656,320980.0,34.09590032696724
4145,11-19-332-02217-313333,801656,320980.0,34.09590032696724
4146,11-19-332-02218-313411,801656,320980.0,34.09590032696724
4147,11-19-332-99999-801655,801656,320980.0,34.09590032696724
4148,11-19-332-99999-801656,801656,320980.0,34.09590032696724
4156,11-19-333-02224-313871,801657,108646.0,11.019999980926514
4165,11-19-333-02237-314892,801659,56388.0,11.36547988653183
4166,11-19-333-02237-314893,801659,56388.0,11.36547988653183
4168,11-19-333-02241-315388,801662,214543.0,36.464999973773956
4169,11-19-333-02241-315446,801662,214543.0,36.464999973773956
4170,11-19-333-02241-315448,801662,214543.0,36.464999973773956
4171,11-19-333-99999-801657,801657,108646.0,11.019999980926514
4172,11-19-333-99999-801658,801658,88165.0,8.199999809265137
4173,11-19-333-99999-801659,801659,56388.0,11.36547988653183
4174,11-19-333-99999-801661,801661,55632.0,12.970000267028809
4175,11-19-333-99999-801662,801662,214543.0,36.464999973773956
4178,11-19-334-02259-317012,801666,76418.0,13.206300139427185
4179,11-19-334-02259-317042,801666,76418.0,13.206300139427185
4183,11-19-334-02260-317182,801666,76418.0,13.206300139427185
4184,11-19-334-02264-317788,801669,86468.0,21.565800309181213
4185,11-19-334-02264-317820,801669,86468.0,21.565800309181213
4189,11-19-334-99999-801665,801665,57833.0,6.25
4190,11-19-334-99999-801666,801666,76418.0,13.206300139427185
4191,11-19-334-99999-801669,801669,86468.0,21.565800309181213
4193,11-19-335-02268-318490,801674,1989261.0,596.1514973044395
4194,11-19-335-02268-318491,801674,1989261.0,596.1514973044395
4197,11-19-335-02269-318591,801674,1989261.0,596.1514973044395
4198,11-19-335-02270-318618,801674,1989261.0,596.1514973044395
4199,11-19-335-02270-318619,801674,1989261.0,596.1514973044395
4200,11-19-335-02270-318620,801674,1989261.0,596.1514973044395
4201,11-19-335-02270-318621,801674,1989261.0,596.1514973044395
4202,11-19-335-02270-318622,801674,1989261.0,596.1514973044395
4204,11-19-335-02270-318636,801674,1989261.0,596.1514973044395
4205,11-19-335-02270-318637,801674,1989261.0,596.1514973044395
4206,11-19-335-02271-318663,801674,1989261.0,596.1514973044395
4207,11-19-335-02272-318673,801674,1989261.0,596.1514973044395
4208,11-19-335-02272-318674,801674,1989261.0,596.1514973044395
4209,11-19-335-02272-318675,801674,1989261.0,596.1514973044395
4210,11-19-335-02272-318678,801674,1989261.0,596.1514973044395
4211,11-19-335-02272-318679,801674,1989261.0,596.1514973044395
4212,11-19-335-02272-318680,801674,1989261.0,596.1514973044395
4213,11-19-335-02272-318689,801674,1989261.0,596.1514973044395
4214,11-19-335-02272-318691,801674,1989261.0,596.1514973044395
4215,11-19-335-02272-318692,801674,1989261.0,596.1514973044395
4216,11-19-335-02272-318693,801674,1989261.0,596.1514973044395
4222,11-19-335-02274-318770,801674,1989261.0,596.1514973044395
4223,11-19-335-02274-318771,801674,1989261.0,596.1514973044395
4224,11-19-335-02275-318832,801674,1989261.0,596.1514973044395
4225,11-19-335-02275-318846,801674,1989261.0,596.1514973044395
4226,11-19-335-02275-318860,801674,1989261.0,596.1514973044395
4227,11-19-335-02275-318861,801674,1989261.0,596.1514973044395
4228,11-19-335-02275-318862,801674,1989261.0,596.1514973044395
4235,11-19-335-02289-320052,801678,357246.0,48.85059916973114
4236,11-19-335-02289-320078,801678,357246.0,48.85059916973114
4237,11-19-335-02289-320101,801678,357246.0,48.85059916973114
4238,11-19-335-02289-320102,801678,357246.0,48.85059916973114
4239,11-19-335-02290-320109,801678,357246.0,48.85059916973114
4240,11-19-335-02290-320110,801678,357246.0,48.85059916973114
4241,11-19-335-02290-320111,801678,357246.0,48.85059916973114
4242,11-19-335-02290-320112,801678,357246.0,48.85059916973114
4243,11-19-335-02290-320113,801678,357246.0,48.85059916973114
4244,11-19-335-02290-320114,801678,357246.0,48.85059916973114
4245,11-19-335-02293-320492,801679,59754.0,6.195832848548889
4246,11-19-335-02293-320493,801679,59754.0,6.195832848548889
4247,11-19-335-99999-801670,801674,1989261.0,596.1514973044395
4248,11-19-335-99999-801671,801674,1989261.0,596.1514973044395
4249,11-19-335-99999-801672,801674,1989261.0,596.1514973044395
4250,11-19-335-99999-801673,801674,1989261.0,596.1514973044395
4251,11-19-335-99999-801674,801674,1989261.0,596.1514973044395
4252,11-19-335-99999-801675,801675,81615.0,8.430000305175781
4253,11-19-335-99999-801678,801678,357246.0,48.85059916973114
4254,11-19-335-99999-801679,801679,59754.0,6.195832848548889
4255,11-19-336-02308-321730,801682,166702.0,35.62790012359619
4256,11-19-336-02311-321983,321983,55653.0,15.020000457763672
4257,11-19-336-02312-322048,801686,147804.0,23.96591806411743
4258,11-19-336-02313-322166,801686,147804.0,23.96591806411743
4259,11-19-336-02314-322302,801742,14852600.0,1356.703900784254
4260,11-19-336-02314-322303,801742,14852600.0,1356.703900784254
4261,11-19-336-02314-322304,801742,14852600.0,1356.703900784254
4262,11-19-336-02314-322305,801742,14852600.0,1356.703900784254
4263,11-19-336-02314-322307,801742,14852600.0,1356.703900784254
4264,11-19-336-02314-322309,801742,14852600.0,1356.703900784254
4265,11-19-336-02314-322312,801742,14852600.0,1356.703900784254
4266,11-19-336-02314-322313,801742,14852600.0,1356.703900784254
4267,11-19-336-02314-322326,801742,14852600.0,1356.703900784254
4268,11-19-336-02315-322332,801742,14852600.0,1356.703900784254
4269,11-19-336-02315-322333,801742,14852600.0,1356.703900784254
4270,11-19-336-02315-322334,801742,14852600.0,1356.703900784254
4271,11-19-336-02315-322335,801742,14852600.0,1356.703900784254
4272,11-19-336-02315-322410,801742,14852600.0,1356.703900784254
4273,11-19-336-99999-801681,801681,125543.0,11.65999984741211
4274,11-19-336-99999-801682,801682,166702.0,35.62790012359619
4275,11-19-336-99999-801683,801683,151777.0,25.8799991607666
4276,11-19-336-99999-801686,801686,147804.0,23.96591806411743
4277,11-19-336-99999-801687,801686,147804.0,23.96591806411743
4278,11-19-336-99999-801688,801688,95203.0,15.539999961853027
4279,11-19-336-99999-801689,801742,14852600.0,1356.703900784254
4280,11-19-336-99999-801690,801742,14852600.0,1356.703900784254
4282,11-19-337-02323-323067,801742,14852600.0,1356.703900784254
4283,11-19-337-02323-323068,801742,14852600.0,1356.703900784254
4284,11-19-337-02323-323069,801742,14852600.0,1356.703900784254
4285,11-19-337-02323-323071,801742,14852600.0,1356.703900784254
4286,11-19-337-02323-323073,801742,14852600.0,1356.703900784254
4287,11-19-337-02323-323074,801742,14852600.0,1356.703900784254
4288,11-19-337-02323-323075,801742,14852600.0,1356.703900784254
4289,11-19-337-02323-323078,801742,14852600.0,1356.703900784254
4290,11-19-337-02323-323083,801742,14852600.0,1356.703900784254
4291,11-19-337-02323-323105,801742,14852600.0,1356.703900784254
4292,11-19-337-02323-323107,801742,14852600.0,1356.703900784254
4293,11-19-337-02323-323108,801742,14852600.0,1356.703900784254
4294,11-19-337-02323-323111,801742,14852600.0,1356.703900784254
4295,11-19-337-02323-323112,801742,14852600.0,1356.703900784254
4296,11-19-337-02323-323113,801742,14852600.0,1356.703900784254
4297,11-19-337-02323-323114,801742,14852600.0,1356.703900784254
4298,11-19-337-02323-323115,801742,14852600.0,1356.703900784254
4299,11-19-337-02324-323118,801742,14852600.0,1356.703900784254
4300,11-19-337-02324-323119,801742,14852600.0,1356.703900784254
4301,11-19-337-02324-323123,801742,14852600.0,1356.703900784254
4302,11-19-337-02324-323124,801742,14852600.0,1356.703900784254
4303,11-19-337-02324-323125,801742,14852600.0,1356.703900784254
4304,11-19-337-02324-323126,801742,14852600.0,1356.703900784254
4305,11-19-337-02324-323129,801742,14852600.0,1356.703900784254
4306,11-19-337-02324-323130,801742,14852600.0,1356.703900784254
4307,11-19-337-02324-323131,801742,14852600.0,1356.703900784254
4308,11-19-337-02324-323132,801742,14852600.0,1356.703900784254
4309,11-19-337-02324-323133,801742,14852600.0,1356.703900784254
4310,11-19-337-02324-323134,801742,14852600.0,1356.703900784254
4311,11-19-337-02324-323135,801742,14852600.0,1356.703900784254
4312,11-19-337-02324-323137,801742,14852600.0,1356.703900784254
4313,11-19-337-02324-323138,801742,14852600.0,1356.703900784254
4314,11-19-337-02324-323139,801742,14852600.0,1356.703900784254
4315,11-19-337-02324-323141,801742,14852600.0,1356.703900784254
4316,11-19-337-02324-323142,801742,14852600.0,1356.703900784254
4317,11-19-337-02324-323143,801742,14852600.0,1356.703900784254
4318,11-19-337-02324-323144,801742,14852600.0,1356.703900784254
4319,11-19-337-02324-323145,801742,14852600.0,1356.703900784254
4320,11-19-337-02325-323158,801742,14852600.0,1356.703900784254
4321,11-19-337-02325-323167,801742,14852600.0,1356.703900784254
4323,11-19-337-02325-323226,801742,14852600.0,1356.703900784254
4324,11-19-337-02326-323228,801742,14852600.0,1356.703900784254
4325,11-19-337-02326-323230,801742,14852600.0,1356.703900784254
4326,11-19-337-02326-323303,801742,14852600.0,1356.703900784254
4327,11-19-337-02326-323304,801742,14852600.0,1356.703900784254
4328,11-19-337-02326-323305,801742,14852600.0,1356.703900784254
4329,11-19-337-02332-323735,801742,14852600.0,1356.703900784254
4330,11-19-337-02332-323736,801742,14852600.0,1356.703900784254
4331,11-19-337-02332-323737,801742,14852600.0,1356.703900784254
4332,11-19-337-02332-323738,801742,14852600.0,1356.703900784254
4333,11-19-337-02332-323739,801742,14852600.0,1356.703900784254
4334,11-19-337-02332-323740,801742,14852600.0,1356.703900784254
4335,11-19-337-02332-323741,801742,14852600.0,1356.703900784254
4336,11-19-337-02332-323742,801742,14852600.0,1356.703900784254
4337,11-19-337-02332-323743,801742,14852600.0,1356.703900784254
4338,11-19-337-02332-323744,801742,14852600.0,1356.703900784254
4339,11-19-337-02332-323745,801742,14852600.0,1356.703900784254
4340,11-19-337-02332-323746,801742,14852600.0,1356.703900784254
4341,11-19-337-02332-323747,801742,14852600.0,1356.703900784254
4342,11-19-337-02332-323748,801742,14852600.0,1356.703900784254
4343,11-19-337-02332-323751,801742,14852600.0,1356.703900784254
4344,11-19-337-02332-323754,801742,14852600.0,1356.703900784254
4345,11-19-337-02332-323763,801742,14852600.0,1356.703900784254
4346,11-19-337-02332-323764,801742,14852600.0,1356.703900784254
4347,11-19-337-02332-323765,801742,14852600.0,1356.703900784254
4348,11-19-337-02332-323766,801742,14852600.0,1356.703900784254
4349,11-19-337-02332-323767,801742,14852600.0,1356.703900784254
4350,11-19-337-02332-323768,801742,14852600.0,1356.703900784254
4351,11-19-337-02332-323769,801742,14852600.0,1356.703900784254
4352,11-19-337-02332-323771,801742,14852600.0,1356.703900784254
4353,11-19-337-02332-323772,801742,14852600.0,1356.703900784254
4354,11-19-337-02332-323773,801742,14852600.0,1356.703900784254
4355,11-19-337-99999-801691,801691,108864.0,14.270000457763672
4356,11-19-337-99999-801692,801742,14852600.0,1356.703900784254
4357,11-19-337-99999-801693,801742,14852600.0,1356.703900784254
4358,11-19-337-99999-801694,801742,14852600.0,1356.703900784254
4359,11-19-337-99999-801695,801742,14852600.0,1356.703900784254
4360,11-19-337-99999-801697,801697,268813.0,42.29999923706055
4361,11-19-337-99999-801698,801697,268813.0,42.29999923706055
4362,11-19-337-99999-801699,801742,14852600.0,1356.703900784254
4363,11-19-337-99999-801700,801742,14852600.0,1356.703900784254
4364,11-19-337-99999-801701,801742,14852600.0,1356.703900784254
4365,11-19-337-99999-801702,801742,14852600.0,1356.703900784254
4366,11-19-337-99999-801703,801742,14852600.0,1356.703900784254
4367,11-19-337-99999-801704,801742,14852600.0,1356.703900784254
4368,11-19-337-99999-801705,801742,14852600.0,1356.703900784254
4369,11-19-337-99999-801706,801706,52493.0,22.43000030517578
4370,11-19-337-99999-801707,801742,14852600.0,1356.703900784254
4371,11-19-337-99999-801708,801742,14852600.0,1356.703900784254
4372,11-19-337-99999-801709,801742,14852600.0,1356.703900784254
4373,11-19-337-99999-801710,801742,14852600.0,1356.703900784254
4374,11-19-337-99999-801711,801742,14852600.0,1356.703900784254
4375,11-19-337-99999-801712,801742,14852600.0,1356.703900784254
4376,11-19-337-99999-801713,801742,14852600.0,1356.703900784254
4377,11-19-337-99999-801714,801742,14852600.0,1356.703900784254
4378,11-19-337-99999-801715,801742,14852600.0,1356.703900784254
4379,11-19-337-99999-801716,801742,14852600.0,1356.703900784254
4380,11-19-337-99999-801718,801718,125254.0,22.049999237060547
4381,11-19-338-02346-325061,801742,14852600.0,1356.703900784254
4382,11-19-338-02346-325062,801742,14852600.0,1356.703900784254
4383,11-19-338-02346-325063,801742,14852600.0,1356.703900784254
4384,11-19-338-02346-325064,801742,14852600.0,1356.703900784254
4385,11-19-338-02346-325065,801742,14852600.0,1356.703900784254
4386,11-19-338-02346-325066,801742,14852600.0,1356.703900784254
4387,11-19-338-02346-325072,801742,14852600.0,1356.703900784254
4388,11-19-338-02346-325073,801742,14852600.0,1356.703900784254
4389,11-19-338-02346-325074,801742,14852600.0,1356.703900784254
4390,11-19-338-02346-325076,801742,14852600.0,1356.703900784254
4391,11-19-338-02346-325078,801742,14852600.0,1356.703900784254
4392,11-19-338-02346-325080,801742,14852600.0,1356.703900784254
4393,11-19-338-02346-325082,801742,14852600.0,1356.703900784254
4394,11-19-338-02346-325083,801742,14852600.0,1356.703900784254
4395,11-19-338-02346-325097,801742,14852600.0,1356.703900784254
4396,11-19-338-02346-325098,801742,14852600.0,1356.703900784254
4397,11-19-338-02346-325099,801742,14852600.0,1356.703900784254
4398,11-19-338-02346-325100,801742,14852600.0,1356.703900784254
4399,11-19-338-02346-325101,801742,14852600.0,1356.703900784254
4400,11-19-338-02346-325103,801742,14852600.0,1356.703900784254
4401,11-19-338-02346-325104,801742,14852600.0,1356.703900784254
4402,11-19-338-02350-325561,801742,14852600.0,1356.703900784254
4403,11-19-338-02350-325566,801742,14852600.0,1356.703900784254
4404,11-19-338-02350-325567,801742,14852600.0,1356.703900784254
4405,11-19-338-02350-325568,801742,14852600.0,1356.703900784254
4406,11-19-338-02350-325570,801742,14852600.0,1356.703900784254
4407,11-19-338-02350-325571,801742,14852600.0,1356.703900784254
4408,11-19-338-02350-325572,801742,14852600.0,1356.703900784254
4409,11-19-338-02350-325573,801742,14852600.0,1356.703900784254
4410,11-19-338-02350-325574,801742,14852600.0,1356.703900784254
4411,11-19-338-02350-325575,801742,14852600.0,1356.703900784254
4412,11-19-338-02350-325576,801742,14852600.0,1356.703900784254
4413,11-19-338-02350-325577,801742,14852600.0,1356.703900784254
4414,11-19-338-02350-325579,801742,14852600.0,1356.703900784254
4415,11-19-338-02350-325580,801742,14852600.0,1356.703900784254
4416,11-19-338-02350-325581,801742,14852600.0,1356.703900784254
4417,11-19-338-02350-325582,801742,14852600.0,1356.703900784254
4418,11-19-338-02350-325583,801742,14852600.0,1356.703900784254
4419,11-19-338-02350-325584,801742,14852600.0,1356.703900784254
4420,11-19-338-02352-325655,801742,14852600.0,1356.703900784254
4421,11-19-338-02352-325660,801742,14852600.0,1356.703900784254
4422,11-19-338-02352-325668,801742,14852600.0,1356.703900784254
4423,11-19-338-02352-325669,801742,14852600.0,1356.703900784254
4424,11-19-338-99999-801720,801742,14852600.0,1356.703900784254
4425,11-19-338-99999-801721,801742,14852600.0,1356.703900784254
4426,11-19-338-99999-801722,801742,14852600.0,1356.703900784254
4428,11-19-338-99999-801724,801724,66175.0,34.75
4429,11-19-338-99999-801725,801742,14852600.0,1356.703900784254
4430,11-19-338-99999-801726,801742,14852600.0,1356.703900784254
4431,11-19-338-99999-801727,801742,14852600.0,1356.703900784254
4432,11-19-338-99999-801728,801742,14852600.0,1356.703900784254
4433,11-19-338-99999-801729,801742,14852600.0,1356.703900784254
4434,11-19-338-99999-801730,801742,14852600.0,1356.703900784254
4435,11-19-338-99999-801731,801742,14852600.0,1356.703900784254
4436,11-19-338-99999-801732,801742,14852600.0,1356.703900784254
4441,11-19-339-02361-327004,801733,148985.0,21.23335988819599
4442,11-19-339-02362-327066,801733,148985.0,21.23335988819599
4443,11-19-339-02362-327070,801733,148985.0,21.23335988819599
4444,11-19-339-02362-327074,801733,148985.0,21.23335988819599
4446,11-19-339-99999-801733,801733,148985.0,21.23335988819599
4447,11-19-339-99999-801735,801735,67783.0,22.018999099731445
4460,11-19-340-99999-801738,801738,121067.0,14.0
4461,11-19-341-02402-332791,801742,14852600.0,1356.703900784254
4462,11-19-341-02402-332792,801742,14852600.0,1356.703900784254
4463,11-19-341-02402-332793,801742,14852600.0,1356.703900784254
4464,11-19-341-02402-332794,801742,14852600.0,1356.703900784254
4465,11-19-341-02402-332807,801742,14852600.0,1356.703900784254
4466,11-19-341-02402-332808,801742,14852600.0,1356.703900784254
4467,11-19-341-02402-332816,801742,14852600.0,1356.703900784254
4468,11-19-341-02402-332818,801742,14852600.0,1356.703900784254
4469,11-19-341-02402-332819,801742,14852600.0,1356.703900784254
4470,11-19-341-02402-332820,801742,14852600.0,1356.703900784254
4471,11-19-341-02402-332821,801742,14852600.0,1356.703900784254
4472,11-19-341-02402-332822,801742,14852600.0,1356.703900784254
4473,11-19-341-02402-332823,801742,14852600.0,1356.703900784254
4474,11-19-341-02402-332824,801742,14852600.0,1356.703900784254
4475,11-19-341-02402-332829,801742,14852600.0,1356.703900784254
4476,11-19-341-02402-332830,801742,14852600.0,1356.703900784254
4477,11-19-341-02402-332831,801742,14852600.0,1356.703900784254
4478,11-19-341-02403-332832,801742,14852600.0,1356.703900784254
4479,11-19-341-02403-332834,801742,14852600.0,1356.703900784254
4480,11-19-341-02403-332835,801742,14852600.0,1356.703900784254
4481,11-19-341-02403-332836,801742,14852600.0,1356.703900784254
4482,11-19-341-02403-332837,801742,14852600.0,1356.703900784254
4483,11-19-341-02403-332838,801742,14852600.0,1356.703900784254
4484,11-19-341-02403-332839,801742,14852600.0,1356.703900784254
4485,11-19-341-02403-332840,801742,14852600.0,1356.703900784254
4486,11-19-341-02404-332841,801742,14852600.0,1356.703900784254
4487,11-19-341-02404-332842,801742,14852600.0,1356.703900784254
4488,11-19-341-02404-332843,801742,14852600.0,1356.703900784254
4489,11-19-341-02404-332844,801742,14852600.0,1356.703900784254
4490,11-19-341-02404-332850,801742,14852600.0,1356.703900784254
4491,11-19-341-02404-332851,801742,14852600.0,1356.703900784254
4492,11-19-341-02404-332852,801742,14852600.0,1356.703900784254
4493,11-19-341-02404-332853,801742,14852600.0,1356.703900784254
4494,11-19-341-02404-332854,801742,14852600.0,1356.703900784254
4495,11-19-341-02404-332855,801742,14852600.0,1356.703900784254
4496,11-19-341-02404-332856,801742,14852600.0,1356.703900784254
4497,11-19-341-02404-332857,801742,14852600.0,1356.703900784254
4498,11-19-341-02404-332858,801742,14852600.0,1356.703900784254
4499,11-19-341-02404-332859,801742,14852600.0,1356.703900784254
4500,11-19-341-02404-332860,801742,14852600.0,1356.703900784254
4501,11-19-341-02404-332861,801742,14852600.0,1356.703900784254
4502,11-19-341-02404-332862,801742,14852600.0,1356.703900784254
4503,11-19-341-02404-332863,801742,14852600.0,1356.703900784254
4504,11-19-341-02404-332864,801742,14852600.0,1356.703900784254
4505,11-19-341-02404-332866,801742,14852600.0,1356.703900784254
4506,11-19-341-02404-332867,801742,14852600.0,1356.703900784254
4507,11-19-341-02404-332868,801742,14852600.0,1356.703900784254
4508,11-19-341-02404-332869,801742,14852600.0,1356.703900784254
4509,11-19-341-02405-332887,801742,14852600.0,1356.703900784254
4510,11-19-341-02405-332888,801742,14852600.0,1356.703900784254
4511,11-19-341-02405-332889,801742,14852600.0,1356.703900784254
4512,11-19-341-02405-332904,801742,14852600.0,1356.703900784254
4513,11-19-341-02406-332918,801742,14852600.0,1356.703900784254
4514,11-19-341-02406-332919,801742,14852600.0,1356.703900784254
4515,11-19-341-02406-332920,801742,14852600.0,1356.703900784254
4516,11-19-341-02406-332922,801742,14852600.0,1356.703900784254
4517,11-19-341-02406-332932,801742,14852600.0,1356.703900784254
4518,11-19-341-02406-332939,801742,14852600.0,1356.703900784254
4519,11-19-341-02406-332947,801742,14852600.0,1356.703900784254
4520,11-19-341-02407-332948,801742,14852600.0,1356.703900784254
4521,11-19-341-02407-332949,801742,14852600.0,1356.703900784254
4522,11-19-341-02407-332954,801742,14852600.0,1356.703900784254
4523,11-19-341-02407-332955,801742,14852600.0,1356.703900784254
4524,11-19-341-02407-332989,801742,14852600.0,1356.703900784254
4525,11-19-341-02407-332990,801742,14852600.0,1356.703900784254
4526,11-19-341-02407-332991,801742,14852600.0,1356.703900784254
4527,11-19-341-02407-332992,801742,14852600.0,1356.703900784254
4528,11-19-341-02407-333014,801742,14852600.0,1356.703900784254
4529,11-19-341-02407-333015,801742,14852600.0,1356.703900784254
4534,11-19-341-99999-801739,801742,14852600.0,1356.703900784254
4535,11-19-341-99999-801740,801742,14852600.0,1356.703900784254
4536,11-19-341-99999-801741,801742,14852600.0,1356.703900784254
4537,11-19-342-99999-801742,801742,14852600.0,1356.703900784254
4538,11-19-343-02412-333271,801742,14852600.0,1356.703900784254
4539,11-19-343-02412-333275,801742,14852600.0,1356.703900784254
4540,11-19-343-02412-333277,801742,14852600.0,1356.703900784254
4541,11-19-343-02412-333279,801742,14852600.0,1356.703900784254
4542,11-19-343-02412-333280,801742,14852600.0,1356.703900784254
4543,11-19-343-02412-333281,801742,14852600.0,1356.703900784254
4544,11-19-343-02412-333282,801742,14852600.0,1356.703900784254
4545,11-19-343-02412-333283,801742,14852600.0,1356.703900784254
4546,11-19-343-02412-333284,801742,14852600.0,1356.703900784254
4547,11-19-343-02412-333285,801742,14852600.0,1356.703900784254
4548,11-19-343-02412-333286,801742,14852600.0,1356.703900784254
4549,11-19-343-02412-333287,801742,14852600.0,1356.703900784254
4550,11-19-343-02412-333288,801742,14852600.0,1356.703900784254
4551,11-19-343-02412-333289,801742,14852600.0,1356.703900784254
4552,11-19-343-02412-333290,801742,14852600.0,1356.703900784254
4553,11-19-343-02412-333291,801742,14852600.0,1356.703900784254
4554,11-19-343-02412-333292,801742,14852600.0,1356.703900784254
4555,11-19-343-02412-333293,801742,14852600.0,1356.703900784254
4556,11-19-343-02412-333300,801742,14852600.0,1356.703900784254
4557,11-19-343-02412-333301,801742,14852600.0,1356.703900784254
4558,11-19-343-02412-333302,801742,14852600.0,1356.703900784254
4559,11-19-343-02413-333304,801742,14852600.0,1356.703900784254
4560,11-19-343-02413-333320,801742,14852600.0,1356.703900784254
4561,11-19-343-02413-333321,801742,14852600.0,1356.703900784254
4562,11-19-343-02415-333390,801742,14852600.0,1356.703900784254
4563,11-19-343-02415-333392,801742,14852600.0,1356.703900784254
4564,11-19-343-02415-333475,801742,14852600.0,1356.703900784254
4565,11-19-343-02415-333476,801742,14852600.0,1356.703900784254
4566,11-19-343-02417-333543,801742,14852600.0,1356.703900784254
4567,11-19-343-02417-333544,801742,14852600.0,1356.703900784254
4568,11-19-343-02417-333545,801742,14852600.0,1356.703900784254
4569,11-19-343-02417-333546,801742,14852600.0,1356.703900784254
4570,11-19-343-02417-333547,801742,14852600.0,1356.703900784254
4571,11-19-343-02417-333548,801742,14852600.0,1356.703900784254
4572,11-19-343-02417-333550,801742,14852600.0,1356.703900784254
4573,11-19-343-02417-333563,801742,14852600.0,1356.703900784254
4574,11-19-343-02417-333564,801742,14852600.0,1356.703900784254
4575,11-19-343-02417-333570,801742,14852600.0,1356.703900784254
4576,11-19-343-02417-333571,801742,14852600.0,1356.703900784254
4577,11-19-343-02417-333572,801742,14852600.0,1356.703900784254
4578,11-19-343-02417-333610,801742,14852600.0,1356.703900784254
4580,11-19-343-02419-333700,801742,14852600.0,1356.703900784254
4581,11-19-343-02419-333701,801742,14852600.0,1356.703900784254
4582,11-19-343-02419-333702,801742,14852600.0,1356.703900784254
4583,11-19-343-02419-333704,801742,14852600.0,1356.703900784254
4584,11-19-343-02419-333705,801742,14852600.0,1356.703900784254
4585,11-19-343-02419-333706,801742,14852600.0,1356.703900784254
4586,11-19-343-02419-333707,801742,14852600.0,1356.703900784254
4587,11-19-343-02419-333708,801742,14852600.0,1356.703900784254
4588,11-19-343-02422-333893,801742,14852600.0,1356.703900784254
4589,11-19-343-02422-333904,801742,14852600.0,1356.703900784254
4590,11-19-343-02422-333905,801742,14852600.0,1356.703900784254
4591,11-19-343-02422-333906,801742,14852600.0,1356.703900784254
4592,11-19-343-02422-333913,801742,14852600.0,1356.703900784254
4593,11-19-343-02422-333918,801742,14852600.0,1356.703900784254
4594,11-19-343-02422-334009,801742,14852600.0,1356.703900784254
4595,11-19-343-02422-334010,801742,14852600.0,1356.703900784254
4596,11-19-343-02422-334011,801742,14852600.0,1356.703900784254
4597,11-19-343-02422-334012,801742,14852600.0,1356.703900784254
4598,11-19-343-02422-334017,801742,14852600.0,1356.703900784254
4599,11-19-343-02422-334018,801742,14852600.0,1356.703900784254
4600,11-19-343-99999-801743,801742,14852600.0,1356.703900784254
4601,11-19-343-99999-801744,801742,14852600.0,1356.703900784254
4602,11-19-343-99999-801746,801742,14852600.0,1356.703900784254
4603,11-19-343-99999-801747,801742,14852600.0,1356.703900784254
4605,11-19-344-02453-339359,801755,180452.0,21.751000560820103
4606,11-19-344-02453-339361,801755,180452.0,21.751000560820103
4607,11-19-344-02453-339366,801755,180452.0,21.751000560820103
4608,11-19-344-02453-339375,801755,180452.0,21.751000560820103
4609,11-19-344-02453-339376,801755,180452.0,21.751000560820103
4610,11-19-344-02453-339377,801755,180452.0,21.751000560820103
4612,11-19-344-02460-341503,801757,341393.0,159.20040011405945
4613,11-19-344-02460-341524,801757,341393.0,159.20040011405945
4614,11-19-344-02460-341526,801757,341393.0,159.20040011405945
4615,11-19-344-02460-341534,801757,341393.0,159.20040011405945
4616,11-19-344-02460-341535,801757,341393.0,159.20040011405945
4617,11-19-344-02460-341536,801757,341393.0,159.20040011405945
4618,11-19-344-02460-341537,801757,341393.0,159.20040011405945
4619,11-19-344-02460-341545,801757,341393.0,159.20040011405945
4620,11-19-344-02460-341546,801757,341393.0,159.20040011405945
4621,11-19-344-02460-341547,801757,341393.0,159.20040011405945
4622,11-19-344-02460-341548,801757,341393.0,159.20040011405945
4623,11-19-344-02460-341549,801757,341393.0,159.20040011405945
4624,11-19-344-02460-341550,801757,341393.0,159.20040011405945
4625,11-19-344-02460-341551,801757,341393.0,159.20040011405945
4626,11-19-344-02460-341552,801757,341393.0,159.20040011405945
4627,11-19-344-02460-341553,801757,341393.0,159.20040011405945
4628,11-19-344-02460-341554,801757,341393.0,159.20040011405945
4629,11-19-344-02460-341555,801757,341393.0,159.20040011405945
4630,11-19-344-02460-341556,801757,341393.0,159.20040011405945
4631,11-19-344-02460-341557,801757,341393.0,159.20040011405945
4632,11-19-344-02460-341558,801757,341393.0,159.20040011405945
4633,11-19-344-02460-341561,801757,341393.0,159.20040011405945
4634,11-19-344-02460-341562,801757,341393.0,159.20040011405945
4635,11-19-344-02460-341563,801757,341393.0,159.20040011405945
4636,11-19-344-02460-341565,801757,341393.0,159.20040011405945
4637,11-19-344-02460-341566,801757,341393.0,159.20040011405945
4638,11-19-344-02460-341614,801757,341393.0,159.20040011405945
4639,11-19-344-02460-341615,801757,341393.0,159.20040011405945
4640,11-19-344-02460-341622,801757,341393.0,159.20040011405945
4641,11-19-344-02460-341624,801757,341393.0,159.20040011405945
4642,11-19-344-02460-341627,801757,341393.0,159.20040011405945
4643,11-19-344-02460-341628,801757,341393.0,159.20040011405945
4644,11-19-344-02460-341629,801757,341393.0,159.20040011405945
4645,11-19-344-02460-341634,801757,341393.0,159.20040011405945
4646,11-19-344-02460-341635,801757,341393.0,159.20040011405945
4647,11-19-344-02460-341636,801757,341393.0,159.20040011405945
4648,11-19-344-02460-341637,801757,341393.0,159.20040011405945
4649,11-19-344-02460-341706,801757,341393.0,159.20040011405945
4650,11-19-344-02460-341707,801757,341393.0,159.20040011405945
4654,11-19-344-02461-341774,801757,341393.0,159.20040011405945
4658,11-19-344-99999-801754,801754,54591.0,10.399999618530273
4659,11-19-344-99999-801755,801755,180452.0,21.751000560820103
4660,11-19-344-99999-801756,801756,61712.0,21.399999618530273
4661,11-19-344-99999-801757,801757,341393.0,159.20040011405945
4662,11-19-345-02471-344433,344458,54030.0,16.292200088500977
4663,11-19-345-02471-344434,344458,54030.0,16.292200088500977
4664,11-19-345-02471-344458,344458,54030.0,16.292200088500977
4665,11-19-345-02471-344459,344458,54030.0,16.292200088500977
4666,11-19-345-02471-344461,344458,54030.0,16.292200088500977
4667,11-19-345-02473-344649,344458,54030.0,16.292200088500977
4668,11-19-345-02482-345716,801760,209805.0,115.1562015414238
4669,11-19-345-02482-345730,801760,209805.0,115.1562015414238
4670,11-19-345-02483-345747,801760,209805.0,115.1562015414238
4671,11-19-345-02488-346168,801762,97310.0,18.268799975514412
4672,11-19-345-02488-346169,801762,97310.0,18.268799975514412
4673,11-19-345-02488-346170,801762,97310.0,18.268799975514412
4674,11-19-345-02488-346221,801762,97310.0,18.268799975514412
4675,11-19-345-02488-346222,801762,97310.0,18.268799975514412
4676,11-19-345-02488-346225,801762,97310.0,18.268799975514412
4677,11-19-345-02488-346226,801762,97310.0,18.268799975514412
4678,11-19-345-02488-346227,801762,97310.0,18.268799975514412
4679,11-19-345-02488-346228,801762,97310.0,18.268799975514412
4687,11-19-345-99999-801758,801758,57932.0,19.940000534057617
4688,11-19-345-99999-801759,801759,65306.0,17.860000610351562
4689,11-19-345-99999-801760,801760,209805.0,115.1562015414238
4690,11-19-345-99999-801762,801762,97310.0,18.268799975514412
4694,11-20-348-02527-801767,801767,92858.0,59.19999921321869
4695,11-20-348-02529-349870,801767,92858.0,59.19999921321869
4696,11-20-348-02529-349891,801767,92858.0,59.19999921321869
4697,11-20-348-02530-350055,801767,92858.0,59.19999921321869
4698,11-20-349-02539-352018,801768,188098.0,41.4114997535944
4699,11-20-349-02539-352019,801768,188098.0,41.4114997535944
4700,11-20-349-02539-352054,801768,188098.0,41.4114997535944
4701,11-20-349-02539-352055,801768,188098.0,41.4114997535944
4702,11-20-349-02539-352057,801768,188098.0,41.4114997535944
4703,11-20-349-02539-352058,801768,188098.0,41.4114997535944
4704,11-20-349-02539-352059,801768,188098.0,41.4114997535944
4705,11-20-349-02539-352060,801768,188098.0,41.4114997535944
4706,11-20-349-02539-352155,801768,188098.0,41.4114997535944
4707,11-20-349-02539-352185,801768,188098.0,41.4114997535944
4708,11-20-349-02539-352186,801768,188098.0,41.4114997535944
4709,11-20-349-02539-352215,801768,188098.0,41.4114997535944
4710,11-20-349-02539-352216,801768,188098.0,41.4114997535944
4711,11-20-349-02539-352218,801768,188098.0,41.4114997535944
4712,11-20-349-02539-352219,801768,188098.0,41.4114997535944
4713,11-20-349-02539-352220,801768,188098.0,41.4114997535944
4714,11-20-349-02539-352222,801768,188098.0,41.4114997535944
4715,11-20-349-02539-352223,801768,188098.0,41.4114997535944
4716,11-20-349-02539-352224,801768,188098.0,41.4114997535944
4717,11-20-349-02539-352225,801768,188098.0,41.4114997535944
4718,11-20-349-02539-352226,801768,188098.0,41.4114997535944
4719,11-20-349-02539-352227,801768,188098.0,41.4114997535944
4720,11-20-349-02539-352229,801768,188098.0,41.4114997535944
4721,11-20-349-02539-352230,801768,188098.0,41.4114997535944
4722,11-20-349-02539-352231,801768,188098.0,41.4114997535944
4723,11-20-349-02539-352239,801768,188098.0,41.4114997535944
4724,11-20-349-02539-352242,801768,188098.0,41.4114997535944
4725,11-20-349-02539-352243,801768,188098.0,41.4114997535944
4726,11-20-349-02539-352244,801768,188098.0,41.4114997535944
4727,11-20-349-02539-801768,801768,188098.0,41.4114997535944
4729,11-20-350-02545-353052,801769,204452.0,121.17709812521935
4730,11-20-350-02545-353235,801769,204452.0,121.17709812521935
4731,11-20-350-02545-353236,801769,204452.0,121.17709812521935
4732,11-20-350-02545-801769,801769,204452.0,121.17709812521935
4733,11-20-350-02546-353411,801769,204452.0,121.17709812521935
4734,11-20-350-02546-353425,801769,204452.0,121.17709812521935
4736,11-20-350-02550-354580,801770,56434.0,12.248999938368797
4737,11-20-350-02550-801770,801770,56434.0,12.248999938368797
4765,11-20-351-02561-357339,801771,52353.0,9.830000162124634
4766,11-20-351-02561-801771,801771,52353.0,9.830000162124634
4768,11-20-352-02564-801772,801772,88214.0,4.25
4771,11-20-354-02582-361419,801775,1298721.0,84.96062257885933
4772,11-20-354-02582-361420,801775,1298721.0,84.96062257885933
4773,11-20-354-02582-361421,801775,1298721.0,84.96062257885933
4774,11-20-354-02582-361422,801775,1298721.0,84.96062257885933
4775,11-20-354-02582-361432,801775,1298721.0,84.96062257885933
4776,11-20-354-02582-361433,801775,1298721.0,84.96062257885933
4777,11-20-354-02582-361436,801775,1298721.0,84.96062257885933
4778,11-20-354-02582-361443,801775,1298721.0,84.96062257885933
4779,11-20-354-02582-361446,801775,1298721.0,84.96062257885933
4781,11-20-354-02582-361503,801775,1298721.0,84.96062257885933
4782,11-20-354-02582-361504,801775,1298721.0,84.96062257885933
4783,11-20-354-02582-361506,801775,1298721.0,84.96062257885933
4784,11-20-354-02582-361513,801775,1298721.0,84.96062257885933
4785,11-20-354-02582-361519,801775,1298721.0,84.96062257885933
4786,11-20-354-02582-361521,801775,1298721.0,84.96062257885933
4787,11-20-354-02582-361522,801775,1298721.0,84.96062257885933
4788,11-20-354-02582-361523,801775,1298721.0,84.96062257885933
4789,11-20-354-02582-361529,801775,1298721.0,84.96062257885933
4790,11-20-354-02582-361537,801775,1298721.0,84.96062257885933
4791,11-20-354-02582-361551,801775,1298721.0,84.96062257885933
4792,11-20-354-02582-361599,801775,1298721.0,84.96062257885933
4793,11-20-354-02582-361601,801775,1298721.0,84.96062257885933
4794,11-20-354-02582-361602,801775,1298721.0,84.96062257885933
4796,11-20-354-02582-361606,801775,1298721.0,84.96062257885933
4797,11-20-354-02582-361608,801775,1298721.0,84.96062257885933
4798,11-20-354-02583-361706,801775,1298721.0,84.96062257885933
4799,11-20-354-02583-361707,801775,1298721.0,84.96062257885933
4800,11-20-354-02583-361734,801775,1298721.0,84.96062257885933
4801,11-20-354-02583-361736,801775,1298721.0,84.96062257885933
4802,11-20-354-02583-361737,801775,1298721.0,84.96062257885933
4803,11-20-354-02583-361738,801775,1298721.0,84.96062257885933
4804,11-20-354-02583-361739,801775,1298721.0,84.96062257885933
4805,11-20-354-02583-361740,801775,1298721.0,84.96062257885933
4806,11-20-354-02583-361741,801775,1298721.0,84.96062257885933
4807,11-20-354-02583-361742,801775,1298721.0,84.96062257885933
4808,11-20-354-02583-361745,801775,1298721.0,84.96062257885933
4809,11-20-354-02583-361777,801775,1298721.0,84.96062257885933
4810,11-20-354-02583-361778,801775,1298721.0,84.96062257885933
4811,11-20-354-02583-361779,801775,1298721.0,84.96062257885933
4812,11-20-354-02583-361780,801775,1298721.0,84.96062257885933
4813,11-20-354-02583-361786,801775,1298721.0,84.96062257885933
4815,11-20-354-02583-361835,801775,1298721.0,84.96062257885933
4816,11-20-354-02583-361836,801775,1298721.0,84.96062257885933
4817,11-20-354-02584-361840,801775,1298721.0,84.96062257885933
4818,11-20-354-02584-361841,801775,1298721.0,84.96062257885933
4819,11-20-354-02584-361853,801775,1298721.0,84.96062257885933
4820,11-20-354-02584-361856,801775,1298721.0,84.96062257885933
4821,11-20-354-02584-361865,801775,1298721.0,84.96062257885933
4822,11-20-354-02584-361866,801775,1298721.0,84.96062257885933
4823,11-20-354-02584-361867,801775,1298721.0,84.96062257885933
4824,11-20-354-02584-801775,801775,1298721.0,84.96062257885933
4825,11-20-354-02586-361933,801775,1298721.0,84.96062257885933
4830,11-20-354-02587-362162,801674,1989261.0,596.1514973044395
4831,11-20-354-02587-362170,801674,1989261.0,596.1514973044395
4832,11-20-354-02587-362173,801674,1989261.0,596.1514973044395
4835,11-20-354-02587-362189,801674,1989261.0,596.1514973044395
4836,11-20-354-02587-362190,801674,1989261.0,596.1514973044395
4837,11-20-354-02587-362191,801674,1989261.0,596.1514973044395
4838,11-20-354-02587-801776,801674,1989261.0,596.1514973044395
4839,11-20-355-02589-362279,362723,590579.0,198.83780339360237
4840,11-20-355-02589-362288,362723,590579.0,198.83780339360237
4841,11-20-355-02590-362296,801777,230586.0,123.78000164031982
4842,11-20-355-02590-362299,801777,230586.0,123.78000164031982
4843,11-20-355-02590-801777,801777,230586.0,123.78000164031982
4844,11-20-355-02591-362417,801777,230586.0,123.78000164031982
4845,11-20-355-02591-362421,801777,230586.0,123.78000164031982
4846,11-20-355-02595-362597,362723,590579.0,198.83780339360237
4847,11-20-355-02595-362602,362723,590579.0,198.83780339360237
4848,11-20-355-02595-362604,362723,590579.0,198.83780339360237
4849,11-20-355-02595-362605,362723,590579.0,198.83780339360237
4851,11-20-355-02595-362723,362723,590579.0,198.83780339360237
4852,11-20-355-02595-801778,362723,590579.0,198.83780339360237
4854,11-20-356-02601-801779,801779,57411.0,35.20000076293945
4855,11-20-357-02605-363316,801781,1443194.0,234.82490020990372
4857,11-20-357-02606-363391,801781,1443194.0,234.82490020990372
4858,11-20-357-02606-363392,801781,1443194.0,234.82490020990372
4859,11-20-357-02606-363393,801781,1443194.0,234.82490020990372
4860,11-20-357-02606-363394,801781,1443194.0,234.82490020990372
4861,11-20-357-02606-363395,801781,1443194.0,234.82490020990372
4863,11-20-357-02606-363417,801781,1443194.0,234.82490020990372
4864,11-20-357-02606-363419,801781,1443194.0,234.82490020990372
4865,11-20-357-02606-363453,801781,1443194.0,234.82490020990372
4866,11-20-357-02606-363454,801781,1443194.0,234.82490020990372
4867,11-20-357-02606-363455,801781,1443194.0,234.82490020990372
4868,11-20-357-02606-363456,801781,1443194.0,234.82490020990372
4869,11-20-357-02606-363457,801781,1443194.0,234.82490020990372
4870,11-20-357-02606-363458,801781,1443194.0,234.82490020990372
4871,11-20-357-02606-363459,801781,1443194.0,234.82490020990372
4872,11-20-357-02606-801780,801781,1443194.0,234.82490020990372
4873,11-20-357-02606-801781,801781,1443194.0,234.82490020990372
4874,11-20-357-02606-801782,801781,1443194.0,234.82490020990372
4876,11-20-358-02633-366659,801786,92948.0,11.098999977111816
4877,11-20-358-02633-801786,801786,92948.0,11.098999977111816
4881,11-20-360-02653-368488,801788,184383.0,38.168500393629074
4882,11-20-360-02653-368490,801788,184383.0,38.168500393629074
4883,11-20-360-02653-368492,801788,184383.0,38.168500393629074
4884,11-20-360-02653-368495,801788,184383.0,38.168500393629074
4885,11-20-360-02653-368496,801788,184383.0,38.168500393629074
4886,11-20-360-02653-368499,801788,184383.0,38.168500393629074
4887,11-20-360-02653-368580,801788,184383.0,38.168500393629074
4888,11-20-360-02653-801788,801788,184383.0,38.168500393629074
4889,11-20-360-02655-368702,801788,184383.0,38.168500393629074
4890,11-20-360-02655-368708,801788,184383.0,38.168500393629074
4891,11-20-360-02655-368710,801788,184383.0,38.168500393629074
4897,11-20-360-02657-368870,369010,139318.0,22.650699853897095
4898,11-20-360-02659-368939,369010,139318.0,22.650699853897095
4899,11-20-361-02660-368959,369010,139318.0,22.650699853897095
4900,11-20-361-02660-368976,369010,139318.0,22.650699853897095
4901,11-20-361-02660-369009,369010,139318.0,22.650699853897095
4902,11-20-361-02660-369010,369010,139318.0,22.650699853897095
4903,11-20-361-02660-369013,369010,139318.0,22.650699853897095
4910,11-20-361-02661-369100,801789,95335.0,39.84800148010254
4911,11-20-361-02662-801789,801789,95335.0,39.84800148010254
4912,11-20-362-02673-371551,801791,69839.0,12.30419985204935
4913,11-20-362-02673-371557,801791,69839.0,12.30419985204935
4914,11-20-362-02673-371558,801791,69839.0,12.30419985204935
4915,11-20-362-02673-371563,801791,69839.0,12.30419985204935
4916,11-20-362-02673-371564,801791,69839.0,12.30419985204935
4917,11-20-362-02673-371565,801791,69839.0,12.30419985204935
4918,11-20-362-02673-371566,801791,69839.0,12.30419985204935
4919,11-20-362-02673-801791,801791,69839.0,12.30419985204935
4920,11-20-364-02684-373526,801794,1150242.0,226.59799540042877
4921,11-20-364-02684-373534,801794,1150242.0,226.59799540042877
4922,11-20-364-02684-373537,801794,1150242.0,226.59799540042877
4923,11-20-364-02684-373538,801794,1150242.0,226.59799540042877
4924,11-20-364-02684-373539,801794,1150242.0,226.59799540042877
4925,11-20-364-02684-373552,801794,1150242.0,226.59799540042877
4926,11-20-364-02684-373557,801794,1150242.0,226.59799540042877
4927,11-20-364-02684-373559,801794,1150242.0,226.59799540042877
4928,11-20-364-02684-373560,801794,1150242.0,226.59799540042877
4929,11-20-364-02684-373565,801794,1150242.0,226.59799540042877
4930,11-20-364-02684-801794,801794,1150242.0,226.59799540042877
4933,11-20-364-02690-373962,801794,1150242.0,226.59799540042877
4934,11-20-364-02690-373967,801794,1150242.0,226.59799540042877
4935,11-20-364-02690-374011,801794,1150242.0,226.59799540042877
4936,11-20-364-02690-374013,801794,1150242.0,226.59799540042877
4937,11-20-364-02690-374058,801794,1150242.0,226.59799540042877
4938,11-20-364-02692-374132,801794,1150242.0,226.59799540042877
4939,11-20-364-02692-374133,801794,1150242.0,226.59799540042877
4940,11-20-364-02692-374136,801794,1150242.0,226.59799540042877
4942,11-20-366-02712-801797,801797,51264.0,7.889999866485596
4943,11-20-368-02731-801799,801799,56531.0,13.869999885559082
4948,11-20-368-02739-378106,801800,70533.0,9.819999814033508
4949,11-20-368-02739-801800,801800,70533.0,9.819999814033508
4950,11-20-369-02748-378865,801781,1443194.0,234.82490020990372
4951,11-20-369-02748-378867,801781,1443194.0,234.82490020990372
4952,11-20-369-02752-379103,801781,1443194.0,234.82490020990372
4953,11-20-369-02752-379117,801781,1443194.0,234.82490020990372
4954,11-20-369-02752-379118,801781,1443194.0,234.82490020990372
4955,11-20-369-02752-379129,801781,1443194.0,234.82490020990372
4956,11-20-369-02752-379130,801781,1443194.0,234.82490020990372
4957,11-20-369-02752-379132,801781,1443194.0,234.82490020990372
4958,11-20-369-02752-379133,801781,1443194.0,234.82490020990372
4959,11-20-369-02752-379134,801781,1443194.0,234.82490020990372
4960,11-20-369-02752-379135,801781,1443194.0,234.82490020990372
4961,11-20-369-02752-379137,801781,1443194.0,234.82490020990372
4962,11-20-369-02752-379138,801781,1443194.0,234.82490020990372
4963,11-20-369-02752-379141,801781,1443194.0,234.82490020990372
4965,11-20-369-02752-379167,801781,1443194.0,234.82490020990372
4966,11-20-369-02752-379168,801781,1443194.0,234.82490020990372
4967,11-20-369-02752-379169,801781,1443194.0,234.82490020990372
4968,11-20-369-02752-379170,801781,1443194.0,234.82490020990372
4969,11-20-369-02752-379247,801781,1443194.0,234.82490020990372
4970,11-20-369-02752-379251,801781,1443194.0,234.82490020990372
4972,11-20-369-02752-379288,801781,1443194.0,234.82490020990372
4973,11-20-369-02752-801801,801781,1443194.0,234.82490020990372
4980,11-21-370-02765-380601,801805,84911.0,28.679999351501465
4981,11-21-370-02765-801805,801805,84911.0,28.679999351501465
4982,11-21-370-02766-380622,801805,84911.0,28.679999351501465
4983,11-21-370-02766-380623,801805,84911.0,28.679999351501465
4984,11-21-371-02771-381019,801807,125824.0,116.50000369548798
4985,11-21-371-02771-381020,801807,125824.0,116.50000369548798
4986,11-21-371-02771-381021,801807,125824.0,116.50000369548798
4987,11-21-371-02771-381022,801807,125824.0,116.50000369548798
4988,11-21-371-02771-381023,801807,125824.0,116.50000369548798
4991,11-21-371-02772-381042,801807,125824.0,116.50000369548798
4992,11-21-371-02772-801806,801807,125824.0,116.50000369548798
4993,11-21-371-02773-381043,801807,125824.0,116.50000369548798
4994,11-21-371-02773-381049,801807,125824.0,116.50000369548798
4996,11-21-371-02774-801807,801807,125824.0,116.50000369548798
4997,11-21-371-02776-381115,801808,124778.0,177.98000168800354
4998,11-21-371-02776-381117,801807,125824.0,116.50000369548798
4999,11-21-371-02776-801808,801808,124778.0,177.98000168800354
5000,11-21-371-02777-381125,801808,124778.0,177.98000168800354
5001,11-21-371-02777-381126,801808,124778.0,177.98000168800354
5002,11-21-371-02777-381127,801808,124778.0,177.98000168800354
5003,11-21-371-02777-381128,801808,124778.0,177.98000168800354
5004,11-21-371-02777-381129,801808,124778.0,177.98000168800354
5005,11-21-371-02777-381130,801808,124778.0,177.98000168800354
5006,11-21-371-02777-381141,801808,124778.0,177.98000168800354
5007,11-21-371-02777-381142,801808,124778.0,177.98000168800354
5008,11-21-371-02777-381143,801808,124778.0,177.98000168800354
5009,11-21-371-02777-381144,801808,124778.0,177.98000168800354
5010,11-21-371-02777-381145,801808,124778.0,177.98000168800354
5011,11-21-372-02784-381677,801808,124778.0,177.98000168800354
5012,11-21-372-02784-381680,801808,124778.0,177.98000168800354
5013,11-21-372-02784-381681,801808,124778.0,177.98000168800354
5014,11-21-372-02784-381682,801808,124778.0,177.98000168800354
5015,11-21-372-02784-381686,801808,124778.0,177.98000168800354
5016,11-21-372-02787-381766,801813,236388.0,87.75000011920929
5017,11-21-372-02787-801810,801813,236388.0,87.75000011920929
5018,11-21-372-02789-381811,801813,236388.0,87.75000011920929
5019,11-21-372-02790-381813,801813,236388.0,87.75000011920929
5020,11-21-372-02790-381814,801813,236388.0,87.75000011920929
5021,11-21-372-02790-381815,801813,236388.0,87.75000011920929
5022,11-21-372-02790-381816,801813,236388.0,87.75000011920929
5023,11-21-372-02790-381818,801813,236388.0,87.75000011920929
5024,11-21-372-02791-381835,801813,236388.0,87.75000011920929
5025,11-21-372-02799-801813,801813,236388.0,87.75000011920929
5038,11-21-374-02814-801816,801816,53759.0,32.989999771118164
5039,11-21-374-02814-801817,801816,53759.0,32.989999771118164
5040,11-21-374-02816-384372,801819,545240.0,145.60999846458435
5041,11-21-374-02819-384550,801819,545240.0,145.60999846458435
5042,11-21-374-02819-384553,801819,545240.0,145.60999846458435
5043,11-21-374-02819-384554,801819,545240.0,145.60999846458435
5044,11-21-374-02819-384555,801819,545240.0,145.60999846458435
5045,11-21-374-02820-384571,801819,545240.0,145.60999846458435
5057,11-21-374-02832-801819,801819,545240.0,145.60999846458435
5058,11-21-374-02833-801820,801819,545240.0,145.60999846458435
5059,11-21-375-02834-385261,801821,71317.0,47.5699987411499
5060,11-21-375-02834-385262,801821,71317.0,47.5699987411499
5061,11-21-375-02834-801821,801821,71317.0,47.5699987411499
5062,11-21-375-02835-385267,801821,71317.0,47.5699987411499
5072,11-21-375-02837-385319,801822,65137.0,7065.343830347061
5073,11-21-375-02837-385325,801822,65137.0,7065.343830347061
5074,11-21-375-02837-385328,801822,65137.0,7065.343830347061
5075,11-21-375-02837-801822,801822,65137.0,7065.343830347061
5076,11-21-375-02838-385334,801822,65137.0,7065.343830347061
5077,11-21-375-02838-385335,801822,65137.0,7065.343830347061
5078,11-21-375-02838-385336,801822,65137.0,7065.343830347061
5080,11-21-375-02838-385354,801822,65137.0,7065.343830347061
5081,11-21-375-02838-385392,801822,65137.0,7065.343830347061
5083,11-21-375-02845-386161,801823,61215.0,27.9399995803833
5084,11-21-375-02845-801823,801823,61215.0,27.9399995803833
5086,11-21-376-02888-801828,801828,116849.0,29.649999618530273
5087,11-21-377-02897-392759,801833,157372.0,31.489999637007713
5088,11-21-377-02897-392760,801833,157372.0,31.489999637007713
5089,11-21-377-02897-392761,801833,157372.0,31.489999637007713
5090,11-21-377-02897-392762,801833,157372.0,31.489999637007713
5091,11-21-377-02897-392770,801833,157372.0,31.489999637007713
5092,11-21-377-02897-392772,801833,157372.0,31.489999637007713
5093,11-21-377-02897-392775,801833,157372.0,31.489999637007713
5095,11-21-377-02899-392909,801833,157372.0,31.489999637007713
5098,11-21-377-02901-392948,801833,157372.0,31.489999637007713
5099,11-21-377-02901-392949,801833,157372.0,31.489999637007713
5104,11-21-377-02909-801833,801833,157372.0,31.489999637007713
5107,11-21-378-02914-394788,801835,123629.0,35.49999934434891
5108,11-21-378-02914-394821,801835,123629.0,35.49999934434891
5109,11-21-378-02914-801835,801835,123629.0,35.49999934434891
5112,11-21-380-02934-397139,801839,85151.0,47.01999953389168
5113,11-21-380-02934-801839,801839,85151.0,47.01999953389168
5114,11-21-380-02935-397158,801839,85151.0,47.01999953389168
5115,11-21-380-02935-397169,801839,85151.0,47.01999953389168
5116,11-21-380-02935-397170,801839,85151.0,47.01999953389168
5117,11-21-380-02937-397290,801839,85151.0,47.01999953389168
5118,11-21-380-02937-397292,801839,85151.0,47.01999953389168
5119,11-21-380-02937-397295,801839,85151.0,47.01999953389168
5120,11-21-380-02937-397309,801839,85151.0,47.01999953389168
5121,11-21-380-02937-397310,801839,85151.0,47.01999953389168
5122,11-21-381-02951-399129,801859,1581756.0,360.4447446167469
5123,11-21-381-02951-399135,801859,1581756.0,360.4447446167469
5124,11-21-381-02951-399136,801859,1581756.0,360.4447446167469
5125,11-21-381-02951-399140,801859,1581756.0,360.4447446167469
5126,11-21-381-02951-399143,801859,1581756.0,360.4447446167469
5127,11-21-381-02951-399144,801859,1581756.0,360.4447446167469
5128,11-21-381-02951-399147,801859,1581756.0,360.4447446167469
5130,11-21-381-02954-399299,801859,1581756.0,360.4447446167469
5131,11-21-381-02954-801843,801859,1581756.0,360.4447446167469
5132,11-21-381-02968-801844,801859,1581756.0,360.4447446167469
5134,11-21-382-02972-400559,801845,86501.0,132.46999901533127
5135,11-21-382-02972-400561,801845,86501.0,132.46999901533127
5136,11-21-382-02972-400562,801845,86501.0,132.46999901533127
5137,11-21-382-02972-400563,801845,86501.0,132.46999901533127
5138,11-21-382-02972-400564,801845,86501.0,132.46999901533127
5139,11-21-382-02972-400565,801845,86501.0,132.46999901533127
5140,11-21-382-02972-400566,801845,86501.0,132.46999901533127
5141,11-21-382-02972-400567,801845,86501.0,132.46999901533127
5142,11-21-382-02972-400569,801845,86501.0,132.46999901533127
5143,11-21-382-02972-400570,801845,86501.0,132.46999901533127
5144,11-21-382-02972-400571,801845,86501.0,132.46999901533127
5145,11-21-382-02972-400572,801845,86501.0,132.46999901533127
5146,11-21-382-02973-400584,801845,86501.0,132.46999901533127
5147,11-21-382-02973-400585,801845,86501.0,132.46999901533127
5148,11-21-382-02973-400587,801845,86501.0,132.46999901533127
5149,11-21-382-02973-400588,801845,86501.0,132.46999901533127
5150,11-21-382-02973-400589,801845,86501.0,132.46999901533127
5151,11-21-382-02974-400612,801845,86501.0,132.46999901533127
5152,11-21-382-02974-801845,801845,86501.0,132.46999901533127
5180,11-21-383-02999-801849,801849,67414.0,30.559999465942383
5197,11-21-384-03006-403946,801850,95836.0,72.88999903202057
5198,11-21-384-03006-404007,801850,95836.0,72.88999903202057
5199,11-21-384-03006-404009,801850,95836.0,72.88999903202057
5200,11-21-384-03006-404010,801850,95836.0,72.88999903202057
5201,11-21-384-03006-404011,801850,95836.0,72.88999903202057
5202,11-21-384-03006-404015,801850,95836.0,72.88999903202057
5203,11-21-384-03006-404017,801850,95836.0,72.88999903202057
5208,11-21-384-03006-801850,801850,95836.0,72.88999903202057
5210,11-21-384-03007-404080,801850,95836.0,72.88999903202057
5211,11-21-384-03007-404081,801850,95836.0,72.88999903202057
5212,11-21-384-03007-404083,801850,95836.0,72.88999903202057
5213,11-21-384-03007-404089,801850,95836.0,72.88999903202057
5214,11-21-384-03007-404090,801850,95836.0,72.88999903202057
5215,11-21-384-03008-404097,801850,95836.0,72.88999903202057
5216,11-21-384-03008-404098,801850,95836.0,72.88999903202057
5217,11-21-384-03008-404099,801850,95836.0,72.88999903202057
5218,11-21-384-03008-404101,801850,95836.0,72.88999903202057
5219,11-21-384-03008-404102,801850,95836.0,72.88999903202057
5220,11-21-384-03008-404103,801850,95836.0,72.88999903202057
5221,11-21-384-03008-404104,801850,95836.0,72.88999903202057
5222,11-21-384-03008-404106,801850,95836.0,72.88999903202057
5242,11-21-386-03036-801855,801856,114454.0,49.52999925613403
5243,11-21-386-03038-407476,801859,1581756.0,360.4447446167469
5244,11-21-386-03038-407477,801859,1581756.0,360.4447446167469
5245,11-21-386-03042-407531,801859,1581756.0,360.4447446167469
5246,11-21-386-03045-407711,801859,1581756.0,360.4447446167469
5247,11-21-386-03045-407713,801859,1581756.0,360.4447446167469
5248,11-21-386-03045-407715,801859,1581756.0,360.4447446167469
5249,11-21-386-03046-407737,801859,1581756.0,360.4447446167469
5250,11-21-386-03046-407740,801859,1581756.0,360.4447446167469
5251,11-21-386-03046-407741,801859,1581756.0,360.4447446167469
5252,11-21-386-03046-407742,801859,1581756.0,360.4447446167469
5253,11-21-386-03047-407763,801859,1581756.0,360.4447446167469
5254,11-21-386-03047-407764,801859,1581756.0,360.4447446167469
5255,11-21-386-03047-407766,801859,1581756.0,360.4447446167469
5256,11-21-386-03048-407768,801859,1581756.0,360.4447446167469
5257,11-21-386-03048-407771,801859,1581756.0,360.4447446167469
5258,11-21-386-03048-407772,801859,1581756.0,360.4447446167469
5259,11-21-386-03048-407773,801859,1581756.0,360.4447446167469
5260,11-21-386-03048-407774,801859,1581756.0,360.4447446167469
5261,11-21-386-03048-407776,801859,1581756.0,360.4447446167469
5262,11-21-386-03049-407790,801859,1581756.0,360.4447446167469
5263,11-21-386-03049-407794,801859,1581756.0,360.4447446167469
5264,11-21-386-03049-407815,801856,114454.0,49.52999925613403
5265,11-21-386-03049-407826,801856,114454.0,49.52999925613403
5266,11-21-386-03049-801856,801856,114454.0,49.52999925613403
5267,11-21-386-03055-801859,801859,1581756.0,360.4447446167469
5268,11-21-387-03070-801863,801863,200564.0,16.799999237060547
5269,11-21-388-03093-412594,801881,382922.0,109.61000335216522
5270,11-21-388-03093-412597,801881,382922.0,109.61000335216522
5271,11-21-388-03093-412599,801881,382922.0,109.61000335216522
5272,11-21-388-03094-412614,801881,382922.0,109.61000335216522
5273,11-21-388-03094-412618,801881,382922.0,109.61000335216522
5274,11-21-388-03095-412645,801881,382922.0,109.61000335216522
5275,11-21-388-03095-412646,801881,382922.0,109.61000335216522
5276,11-21-388-03099-801881,801881,382922.0,109.61000335216522
5279,11-21-393-03142-420177,801890,101279.0,42.94999957084656
5280,11-21-393-03142-420199,801890,101279.0,42.94999957084656
5281,11-21-393-03142-801890,801890,101279.0,42.94999957084656
5293,11-21-395-03164-423428,801897,70381.0,18.53999960422516
5294,11-21-395-03164-423430,801897,70381.0,18.53999960422516
5295,11-21-395-03164-801897,801897,70381.0,18.53999960422516
5298,11-21-396-03181-801899,801899,71208.0,18.700000762939453
5299,11-21-398-03209-429051,801906,86877.0,26.081626892089844
5300,11-21-398-03209-801906,801906,86877.0,26.081626892089844
5301,11-21-398-03216-801907,801907,50394.0,34.40999984741211
5304,11-22-400-03235-801916,801916,85317.0,67.51044082641602
5305,11-22-401-03247-432960,801927,128531.0,51.08049821853638
5306,11-22-401-03247-432961,801927,128531.0,51.08049821853638
5307,11-22-401-03247-432968,801927,128531.0,51.08049821853638
5308,11-22-401-03247-432970,801927,128531.0,51.08049821853638
5309,11-22-401-03247-801927,801927,128531.0,51.08049821853638
5321,11-22-403-03267-434857,801939,192052.0,72.97219955921173
5322,11-22-403-03267-434859,801939,192052.0,72.97219955921173
5323,11-22-403-03267-434860,801939,192052.0,72.97219955921173
5324,11-22-403-03267-434861,801939,192052.0,72.97219955921173
5325,11-22-403-03267-434862,801939,192052.0,72.97219955921173
5326,11-22-403-03267-434863,801939,192052.0,72.97219955921173
5328,11-22-403-03267-434911,801939,192052.0,72.97219955921173
5329,11-22-403-03267-434916,801939,192052.0,72.97219955921173
5330,11-22-403-03267-434921,801939,192052.0,72.97219955921173
5331,11-22-403-03267-434922,801939,192052.0,72.97219955921173
5332,11-22-403-03267-434923,801939,192052.0,72.97219955921173
5333,11-22-403-03267-434925,801939,192052.0,72.97219955921173
5334,11-22-403-03267-434926,801939,192052.0,72.97219955921173
5335,11-22-403-03267-434927,801939,192052.0,72.97219955921173
5336,11-22-403-03267-801938,801939,192052.0,72.97219955921173
5337,11-22-403-03267-801939,801939,192052.0,72.97219955921173
5346,11-22-404-03272-801947,801949,397259.0,245.0214138031006
5347,11-22-404-03275-801949,801949,397259.0,245.0214138031006
5348,11-22-406-03295-438768,801975,449353.0,72.3792268037796
5349,11-22-406-03295-438769,801975,449353.0,72.3792268037796
5350,11-22-406-03295-438770,801975,449353.0,72.3792268037796
5351,11-22-406-03295-801975,801975,449353.0,72.3792268037796
5352,11-22-406-03295-801977,801975,449353.0,72.3792268037796
5354,11-22-408-03305-801991,801991,163114.0,76.05000305175781
5355,11-22-409-03317-442569,802034,2242965.0,632.1318143606186
5356,11-22-409-03317-442570,802034,2242965.0,632.1318143606186
5358,11-22-409-03317-442589,802034,2242965.0,632.1318143606186
5359,11-22-409-03317-802006,802034,2242965.0,632.1318143606186
5360,11-22-409-03317-802008,802034,2242965.0,632.1318143606186
5361,11-22-409-03317-802009,802034,2242965.0,632.1318143606186
5362,11-22-409-03318-802007,802034,2242965.0,632.1318143606186
5365,11-22-410-03325-802021,802021,57537.0,13.789999961853027
5373,11-22-410-03330-444544,802034,2242965.0,632.1318143606186
5374,11-22-410-03330-444545,802034,2242965.0,632.1318143606186
5376,11-22-410-03331-444636,802034,2242965.0,632.1318143606186
5377,11-22-410-03332-444717,802034,2242965.0,632.1318143606186
5378,11-22-410-03332-444724,802034,2242965.0,632.1318143606186
5379,11-22-410-03332-444738,802034,2242965.0,632.1318143606186
5380,11-22-410-03332-444739,802034,2242965.0,632.1318143606186
5381,11-22-410-03332-444741,802034,2242965.0,632.1318143606186
5382,11-22-410-03332-444742,802034,2242965.0,632.1318143606186
5383,11-22-410-03332-444743,802034,2242965.0,632.1318143606186
5384,11-22-410-03332-444745,802034,2242965.0,632.1318143606186
5385,11-22-410-03332-444749,802034,2242965.0,632.1318143606186
5386,11-22-410-03332-444752,802034,2242965.0,632.1318143606186
5387,11-22-410-03332-444755,802034,2242965.0,632.1318143606186
5388,11-22-410-03332-444757,802034,2242965.0,632.1318143606186
5389,11-22-410-03332-444759,802034,2242965.0,632.1318143606186
5390,11-22-410-03332-444760,802034,2242965.0,632.1318143606186
5391,11-22-410-03332-444764,802034,2242965.0,632.1318143606186
5392,11-22-410-03332-444767,802034,2242965.0,632.1318143606186
5393,11-22-410-03332-444768,802034,2242965.0,632.1318143606186
5394,11-22-410-03332-444776,802034,2242965.0,632.1318143606186
5395,11-22-410-03332-444782,802034,2242965.0,632.1318143606186
5396,11-22-410-03332-802033,802034,2242965.0,632.1318143606186
5397,11-22-410-03332-802034,802034,2242965.0,632.1318143606186
5398,11-22-410-03332-802035,802034,2242965.0,632.1318143606186
5400,11-22-411-03341-802045,802045,55769.0,18.20919966697693
5402,11-22-412-03346-802052,802052,101677.0,34.939998626708984
5410,11-22-414-03360-802064,802064,131386.0,60.63070201873779
5414,11-23-418-03382-802079,802079,71951.0,6.289999961853027
5416,11-23-419-03387-452260,802083,247100.0,28.91100025177002
5417,11-23-419-03387-452264,802083,247100.0,28.91100025177002
5418,11-23-419-03387-452273,802083,247100.0,28.91100025177002
5419,11-23-419-03387-802083,802083,247100.0,28.91100025177002
5421,11-23-420-03392-452962,802090,203211.0,20.54690021276474
5422,11-23-420-03392-452967,802090,203211.0,20.54690021276474
5423,11-23-420-03392-802090,802090,203211.0,20.54690021276474
5429,11-23-420-03395-802094,802094,58939.0,14.90999984741211
5430,11-23-421-03399-453822,802100,1117388.0,226.37509191036224
5431,11-23-421-03399-453823,802100,1117388.0,226.37509191036224
5432,11-23-421-03399-453847,802100,1117388.0,226.37509191036224
5433,11-23-421-03399-453872,802100,1117388.0,226.37509191036224
5434,11-23-421-03399-453875,802100,1117388.0,226.37509191036224
5435,11-23-421-03399-453889,802100,1117388.0,226.37509191036224
5436,11-23-421-03399-453891,802100,1117388.0,226.37509191036224
5437,11-23-421-03399-453895,802100,1117388.0,226.37509191036224
5438,11-23-421-03399-453896,802100,1117388.0,226.37509191036224
5439,11-23-421-03399-453897,802100,1117388.0,226.37509191036224
5440,11-23-421-03399-802100,802100,1117388.0,226.37509191036224
5441,11-23-421-03399-802101,802100,1117388.0,226.37509191036224
5442,11-23-421-03400-454189,802104,75145.0,5.819999933242798
5443,11-23-421-03400-802104,802104,75145.0,5.819999933242798
5444,11-23-422-03405-802109,802109,100284.0,6.639999866485596
5445,11-23-423-03408-802112,802112,179977.0,81.11000061035156
5447,11-23-424-03416-456536,801030,552536.0,193.00280141830444
5448,11-23-424-03416-456539,801030,552536.0,193.00280141830444
5449,11-23-424-03416-456541,801030,552536.0,193.00280141830444
5450,11-23-424-03416-456543,801030,552536.0,193.00280141830444
5451,11-23-424-03423-802130,802130,79106.0,6.21999979019165
5452,11-23-425-03429-457927,802139,152223.0,69.30380058288574
5453,11-23-425-03429-457937,802139,152223.0,69.30380058288574
5454,11-23-425-03429-802139,802139,152223.0,69.30380058288574
5455,11-23-426-03436-802148,802148,59091.0,10.0
5463,11-23-427-03443-459749,802153,69564.0,14.160000085830688
5464,11-23-427-03443-802153,802153,69564.0,14.160000085830688
5465,11-23-427-03444-802154,802154,51108.0,11.029999732971191
5467,11-23-427-03449-802159,802159,281602.0,38.36999821662903
5468,11-23-428-03458-462301,802167,147789.0,36.40299952030182
5469,11-23-428-03458-802167,802167,147789.0,36.40299952030182
5470,11-23-429-03461-463070,802170,296227.0,98.1205021739006
5471,11-23-429-03461-463072,802170,296227.0,98.1205021739006
5472,11-23-429-03461-463075,802170,296227.0,98.1205021739006
5473,11-23-429-03461-463077,802170,296227.0,98.1205021739006
5474,11-23-429-03461-463078,802170,296227.0,98.1205021739006
5475,11-23-429-03461-463132,802170,296227.0,98.1205021739006
5476,11-23-429-03461-463136,802170,296227.0,98.1205021739006
5477,11-23-429-03461-463139,802170,296227.0,98.1205021739006
5478,11-23-429-03461-802170,802170,296227.0,98.1205021739006
5480,11-23-429-03465-463914,802170,296227.0,98.1205021739006
5481,11-23-429-03465-463915,802170,296227.0,98.1205021739006
5496,11-23-430-03479-467233,802189,240870.0,108.86070004105568
5497,11-23-430-03479-467235,802189,240870.0,108.86070004105568
5498,11-23-430-03479-467237,802189,240870.0,108.86070004105568
5499,11-23-430-03479-467241,802189,240870.0,108.86070004105568
5500,11-23-430-03479-802189,802189,240870.0,108.86070004105568
5502,11-23-432-03489-802200,802200,128561.0,22.040000915527344
5503,11-23-433-03496-469533,802211,143309.0,44.02920043468475
5504,11-23-433-03496-469544,802211,143309.0,44.02920043468475
5505,11-23-433-03496-469546,802211,143309.0,44.02920043468475
5506,11-23-433-03496-802211,802211,143309.0,44.02920043468475
5507,11-23-434-03501-802216,802216,81254.0,37.60419988632202
5508,11-23-434-03507-470918,802222,275176.0,49.206798791885376
5509,11-23-434-03507-470921,802222,275176.0,49.206798791885376
5510,11-23-434-03507-470963,802222,275176.0,49.206798791885376
5511,11-23-434-03507-471043,802222,275176.0,49.206798791885376
5512,11-23-434-03507-802222,802222,275176.0,49.206798791885376
5513,11-23-435-03509-802225,802225,100039.0,23.829999923706055
5514,11-23-435-03513-471871,802230,517987.0,100.2605003118515
5515,11-23-435-03513-471882,802230,517987.0,100.2605003118515
5516,11-23-435-03513-471883,802230,517987.0,100.2605003118515
5517,11-23-435-03513-471884,802230,517987.0,100.2605003118515
5518,11-23-435-03513-802230,802230,517987.0,100.2605003118515
5519,11-23-436-03519-802239,802239,69263.0,17.190000534057617
5520,11-23-436-03522-473047,802241,51923.0,11.365999937057495
5521,11-23-436-03522-802241,802241,51923.0,11.365999937057495
5522,11-23-437-03526-802248,802248,289550.0,100.22000122070312
5524,11-23-438-03534-474993,802273,2482894.0,539.4533884525299
5525,11-23-438-03534-474997,802273,2482894.0,539.4533884525299
5526,11-23-438-03534-474998,802273,2482894.0,539.4533884525299
5527,11-23-438-03534-802260,802260,93917.0,36.0
5528,11-23-438-03534-802261,802273,2482894.0,539.4533884525299
5530,11-23-439-03540-476024,802273,2482894.0,539.4533884525299
5531,11-23-439-03541-476110,802273,2482894.0,539.4533884525299
5532,11-23-439-03541-476111,802273,2482894.0,539.4533884525299
5533,11-23-439-03542-476167,802273,2482894.0,539.4533884525299
5534,11-23-439-03542-476168,802273,2482894.0,539.4533884525299
5535,11-23-439-03542-476169,802273,2482894.0,539.4533884525299
5536,11-23-439-03542-476170,802273,2482894.0,539.4533884525299
5537,11-23-439-03542-476171,802273,2482894.0,539.4533884525299
5538,11-23-439-03542-476205,802273,2482894.0,539.4533884525299
5539,11-23-439-03542-476206,802273,2482894.0,539.4533884525299
5540,11-23-439-03542-476207,802273,2482894.0,539.4533884525299
5541,11-23-439-03542-476208,802273,2482894.0,539.4533884525299
5544,11-23-439-03542-476238,802273,2482894.0,539.4533884525299
5545,11-23-439-03543-476239,802273,2482894.0,539.4533884525299
5546,11-23-439-03543-476253,802273,2482894.0,539.4533884525299
5547,11-23-439-03543-476254,802273,2482894.0,539.4533884525299
5548,11-23-439-03543-476255,802273,2482894.0,539.4533884525299
5549,11-23-439-03543-476256,802273,2482894.0,539.4533884525299
5550,11-23-439-03543-476257,802273,2482894.0,539.4533884525299
5551,11-23-439-03543-476259,802273,2482894.0,539.4533884525299
5552,11-23-439-03543-476260,802273,2482894.0,539.4533884525299
5553,11-23-439-03543-476261,802273,2482894.0,539.4533884525299
5554,11-23-439-03543-476262,802273,2482894.0,539.4533884525299
5555,11-23-439-03543-476263,802273,2482894.0,539.4533884525299
5556,11-23-439-03543-476264,802273,2482894.0,539.4533884525299
5557,11-23-439-03543-476265,802273,2482894.0,539.4533884525299
5558,11-23-439-03543-476266,802273,2482894.0,539.4533884525299
5559,11-23-439-03543-476267,802273,2482894.0,539.4533884525299
5560,11-23-439-03543-476268,802273,2482894.0,539.4533884525299
5561,11-23-439-03543-476269,802273,2482894.0,539.4533884525299
5562,11-23-439-03543-476284,802273,2482894.0,539.4533884525299
5563,11-23-439-03543-476289,802273,2482894.0,539.4533884525299
5564,11-23-439-03543-476291,802273,2482894.0,539.4533884525299
5565,11-23-439-03543-476298,802273,2482894.0,539.4533884525299
5566,11-23-439-03543-476299,802273,2482894.0,539.4533884525299
5567,11-23-439-03543-476300,802273,2482894.0,539.4533884525299
5568,11-23-439-03543-476301,802273,2482894.0,539.4533884525299
5569,11-23-439-03543-476302,802273,2482894.0,539.4533884525299
5570,11-23-439-03543-476371,802273,2482894.0,539.4533884525299
5571,11-23-439-03543-476372,802273,2482894.0,539.4533884525299
5572,11-23-439-03543-476373,802273,2482894.0,539.4533884525299
5573,11-23-439-03543-476374,802273,2482894.0,539.4533884525299
5574,11-23-439-03543-802273,802273,2482894.0,539.4533884525299
5575,11-23-439-03543-802274,802273,2482894.0,539.4533884525299
5576,11-23-439-03544-476381,802273,2482894.0,539.4533884525299
5577,11-23-439-03544-476383,802273,2482894.0,539.4533884525299
5578,11-23-439-03544-476384,802273,2482894.0,539.4533884525299
5579,11-23-439-03544-476389,802273,2482894.0,539.4533884525299
5580,11-23-439-03544-476390,802273,2482894.0,539.4533884525299
5581,11-23-439-03544-476392,802273,2482894.0,539.4533884525299
5582,11-23-439-03544-476393,802273,2482894.0,539.4533884525299
5583,11-23-439-03544-476491,802275,112250.0,39.78750038146973
5584,11-23-439-03544-476492,802275,112250.0,39.78750038146973
5585,11-23-439-03544-476493,802275,112250.0,39.78750038146973
5586,11-23-439-03544-476554,802275,112250.0,39.78750038146973
5587,11-23-439-03544-802275,802275,112250.0,39.78750038146973
5589,11-23-440-03550-802284,802284,133368.0,32.66999959945679
5590,11-23-441-03554-802285,802285,55504.0,27.0
5591,11-23-441-03561-802291,802291,56485.0,25.0
5592,11-23-443-03571-802306,802306,52460.0,9.989999771118164
5593,11-23-443-03573-802308,802308,84044.0,27.459999561309814
5594,11-23-443-03579-802310,802310,155951.0,5.829999923706055
5595,11-23-444-03581-482364,802312,2000308.0,424.213603913784
5596,11-23-444-03581-482365,802312,2000308.0,424.213603913784
5597,11-23-444-03581-482372,802312,2000308.0,424.213603913784
5598,11-23-444-03581-482428,802312,2000308.0,424.213603913784
5599,11-23-444-03581-482458,802312,2000308.0,424.213603913784
5600,11-23-444-03581-482461,802312,2000308.0,424.213603913784
5601,11-23-444-03581-482510,802312,2000308.0,424.213603913784
5602,11-23-444-03581-482533,802312,2000308.0,424.213603913784
5603,11-23-444-03581-482546,802312,2000308.0,424.213603913784
5604,11-23-444-03581-482549,802312,2000308.0,424.213603913784
5605,11-23-444-03581-482550,802312,2000308.0,424.213603913784
5606,11-23-444-03581-482551,802312,2000308.0,424.213603913784
5607,11-23-444-03581-482554,802312,2000308.0,424.213603913784
5608,11-23-444-03581-482555,802312,2000308.0,424.213603913784
5609,11-23-444-03581-482556,802312,2000308.0,424.213603913784
5610,11-23-444-03581-482559,802312,2000308.0,424.213603913784
5611,11-23-444-03581-802312,802312,2000308.0,424.213603913784
5612,11-23-444-03581-802313,802312,2000308.0,424.213603913784
5613,11-23-445-03582-802314,802314,110943.0,19.095399856567383
5614,11-23-445-03584-802315,802315,53318.0,17.57099974155426
5615,11-23-446-03593-484269,802312,2000308.0,424.213603913784
5616,11-23-446-03593-484274,802312,2000308.0,424.213603913784
5617,11-23-446-03593-484275,802312,2000308.0,424.213603913784
5618,11-23-446-03593-484276,802312,2000308.0,424.213603913784
5619,11-23-446-03593-484357,802312,2000308.0,424.213603913784
5620,11-23-446-03593-484481,802312,2000308.0,424.213603913784
5621,11-23-446-03593-802327,802312,2000308.0,424.213603913784
5622,11-23-447-03600-802335,802335,103330.0,17.100000381469727
5623,11-23-447-03602-802338,802338,86141.0,35.41999816894531
5625,11-23-448-03608-802342,802342,74268.0,9.720000267028809
5626,11-23-449-03613-487303,802345,108421.0,31.288399696350098
5627,11-23-449-03613-487349,802345,108421.0,31.288399696350098
5628,11-23-449-03613-802345,802345,108421.0,31.288399696350098
5629,11-23-449-03614-802346,802346,117988.0,24.270000457763672
5631,11-23-450-03620-802351,802351,221883.0,68.56999969482422
5637,11-23-451-03631-489830,802361,1266449.0,146.11048954725266
5638,11-23-451-03631-490022,802361,1266449.0,146.11048954725266
5639,11-23-451-03631-490023,802361,1266449.0,146.11048954725266
5640,11-23-451-03631-802360,802361,1266449.0,146.11048954725266
5641,11-23-451-03631-802361,802361,1266449.0,146.11048954725266
5642,11-23-451-03632-490174,802361,1266449.0,146.11048954725266
5643,11-23-451-03632-490227,802361,1266449.0,146.11048954725266
5644,11-23-451-03632-490228,802361,1266449.0,146.11048954725266
5645,11-23-451-03632-490232,802361,1266449.0,146.11048954725266
5646,11-23-451-03632-490235,802361,1266449.0,146.11048954725266
5647,11-23-451-03632-490240,802361,1266449.0,146.11048954725266
5648,11-23-451-03632-490246,802361,1266449.0,146.11048954725266
5649,11-23-451-03632-490247,802361,1266449.0,146.11048954725266
5650,11-23-451-03632-490248,802361,1266449.0,146.11048954725266
5651,11-23-451-03632-490249,802361,1266449.0,146.11048954725266
5654,11-23-452-03636-491258,802367,69920.0,19.734800219535828
5655,11-23-452-03636-802367,802367,69920.0,19.734800219535828
5656,11-23-454-03643-802373,802373,55133.0,10.829999923706055
5657,11-23-455-03654-495003,802386,190041.0,47.19999837875366
5658,11-23-455-03654-802386,802386,190041.0,47.19999837875366
5659,11-23-456-03664-496845,802393,104235.0,17.43749976158142
5660,11-23-456-03664-802393,802393,104235.0,17.43749976158142
5661,11-23-457-03672-802397,802397,84261.0,18.190000534057617
5662,11-23-458-03677-498855,802401,189061.0,59.9300000667572
5663,11-23-458-03677-498856,802401,189061.0,59.9300000667572
5664,11-23-458-03677-498857,802401,189061.0,59.9300000667572
5665,11-23-458-03677-802401,802401,189061.0,59.9300000667572
5666,11-23-458-03679-499205,802402,62446.0,74.65000092983246
5667,11-23-458-03679-802402,802402,62446.0,74.65000092983246
5668,11-23-459-03686-802408,802408,81828.0,4.429999828338623
5669,11-23-460-03691-501293,802413,89916.0,36.121400594711304
5670,11-23-460-03691-501294,802413,89916.0,36.121400594711304
5671,11-23-460-03691-802413,802413,89916.0,36.121400594711304
5672,11-23-462-03699-802424,802424,54331.0,12.3100004196167
5676,11-23-463-03705-802426,802426,314828.0,342.49161729216576
5680,11-23-466-03716-802435,802435,200738.0,35.77000045776367
5682,11-23-467-03719-802439,802439,210886.0,12.670000076293945
5683,11-24-468-03725-506725,802447,441635.0,253.32489848136902
5684,11-24-468-03725-506726,802447,441635.0,253.32489848136902
5685,11-24-468-03725-506727,802447,441635.0,253.32489848136902
5686,11-24-468-03725-506728,802447,441635.0,253.32489848136902
5687,11-24-468-03725-506745,802447,441635.0,253.32489848136902
5688,11-24-468-03725-802444,802447,441635.0,253.32489848136902
5689,11-24-468-03726-506921,802445,188236.0,79.39000129699707
5690,11-24-468-03726-802445,802445,188236.0,79.39000129699707
5691,11-24-468-03729-802446,802446,51376.0,14.890000343322754
5700,11-24-468-03731-507350,802447,441635.0,253.32489848136902
5701,11-24-468-03731-507351,802447,441635.0,253.32489848136902
5702,11-24-468-03731-507352,802447,441635.0,253.32489848136902
5703,11-24-468-03731-507354,802447,441635.0,253.32489848136902
5704,11-24-468-03731-507356,802447,441635.0,253.32489848136902
5705,11-24-468-03731-507357,802447,441635.0,253.32489848136902
5706,11-24-468-03731-507358,802447,441635.0,253.32489848136902
5707,11-24-468-03731-802447,802447,441635.0,253.32489848136902
5708,11-24-469-03739-508187,802450,142694.0,41.068999886512756
5709,11-24-469-03739-802450,802450,142694.0,41.068999886512756
5710,11-24-469-03740-508319,802451,112359.0,21.610899448394775
5711,11-24-469-03740-802451,802451,112359.0,21.610899448394775
5712,11-24-470-03746-802455,802455,61867.0,22.079999923706055
5713,11-24-470-03747-802456,802456,144215.0,31.336900234222412
5714,11-24-471-03753-802460,802460,57108.0,25.0
5715,11-24-471-03754-802461,802461,86737.0,24.039999961853027
5716,11-24-471-03757-509461,802464,226477.0,79.19740033149719
5717,11-24-471-03757-509462,802464,226477.0,79.19740033149719
5718,11-24-471-03757-509478,802464,226477.0,79.19740033149719
5719,11-24-471-03757-509492,802464,226477.0,79.19740033149719
5720,11-24-471-03757-509493,802464,226477.0,79.19740033149719
5721,11-24-471-03757-509496,802464,226477.0,79.19740033149719
5722,11-24-471-03757-509497,802464,226477.0,79.19740033149719
5725,11-24-471-03757-802464,802464,226477.0,79.19740033149719
5729,11-24-471-03759-509661,802484,6487819.0,1204.1065927743912
5730,11-24-471-03759-509662,802484,6487819.0,1204.1065927743912
5731,11-24-471-03759-509663,802484,6487819.0,1204.1065927743912
5732,11-24-471-03759-802465,802484,6487819.0,1204.1065927743912
5733,11-24-472-03766-510503,802469,102046.0,27.661499500274658
5734,11-24-472-03766-510527,802469,102046.0,27.661499500274658
5735,11-24-472-03766-510536,802469,102046.0,27.661499500274658
5736,11-24-472-03766-802469,802469,102046.0,27.661499500274658
5737,11-24-472-03769-510787,802472,70886.0,27.398700714111328
5738,11-24-472-03769-510797,802472,70886.0,27.398700714111328
5739,11-24-472-03769-802472,802472,70886.0,27.398700714111328
5740,11-24-473-03773-511149,802484,6487819.0,1204.1065927743912
5741,11-24-473-03773-511161,802484,6487819.0,1204.1065927743912
5742,11-24-473-03773-511163,802484,6487819.0,1204.1065927743912
5743,11-24-473-03773-511168,802484,6487819.0,1204.1065927743912
5744,11-24-473-03773-511170,802484,6487819.0,1204.1065927743912
5745,11-24-473-03773-511171,802484,6487819.0,1204.1065927743912
5746,11-24-473-03773-511179,802484,6487819.0,1204.1065927743912
5747,11-24-473-03773-511180,802484,6487819.0,1204.1065927743912
5748,11-24-473-03773-511182,802484,6487819.0,1204.1065927743912
5749,11-24-473-03773-511183,802484,6487819.0,1204.1065927743912
5750,11-24-473-03773-802474,802484,6487819.0,1204.1065927743912
5751,11-24-473-03773-802475,802484,6487819.0,1204.1065927743912
5752,11-24-473-03773-802476,802484,6487819.0,1204.1065927743912
5753,11-24-473-03775-511259,802484,6487819.0,1204.1065927743912
5754,11-24-473-03775-511267,802484,6487819.0,1204.1065927743912
5755,11-24-473-03775-511268,802484,6487819.0,1204.1065927743912
5756,11-24-473-03775-511269,802484,6487819.0,1204.1065927743912
5757,11-24-473-03775-511273,802484,6487819.0,1204.1065927743912
5758,11-24-473-03775-511274,802484,6487819.0,1204.1065927743912
5759,11-24-473-03775-511275,802484,6487819.0,1204.1065927743912
5760,11-24-473-03775-511276,802484,6487819.0,1204.1065927743912
5761,11-24-473-03775-511277,802484,6487819.0,1204.1065927743912
5762,11-24-473-03775-511282,802484,6487819.0,1204.1065927743912
5763,11-24-473-03775-511283,802484,6487819.0,1204.1065927743912
5764,11-24-473-03775-511285,802484,6487819.0,1204.1065927743912
5765,11-24-473-03775-511286,802484,6487819.0,1204.1065927743912
5766,11-24-473-03775-511287,802484,6487819.0,1204.1065927743912
5767,11-24-473-03775-511288,802484,6487819.0,1204.1065927743912
5768,11-24-473-03775-511289,802484,6487819.0,1204.1065927743912
5769,11-24-473-03775-802479,802484,6487819.0,1204.1065927743912
5771,11-24-474-03779-802481,802481,55821.0,13.670000076293945
5777,11-24-474-03780-802482,802484,6487819.0,1204.1065927743912
5778,11-24-474-03781-802483,802484,6487819.0,1204.1065927743912
5779,11-24-474-03781-802484,802484,6487819.0,1204.1065927743912
5780,11-24-474-03782-511629,802484,6487819.0,1204.1065927743912
5781,11-24-474-03782-511630,802484,6487819.0,1204.1065927743912
5782,11-24-474-03782-511631,802484,6487819.0,1204.1065927743912
5783,11-24-474-03782-511648,802484,6487819.0,1204.1065927743912
5784,11-24-474-03782-511652,802484,6487819.0,1204.1065927743912
5785,11-24-474-03782-511663,802484,6487819.0,1204.1065927743912
5786,11-24-474-03782-511664,802484,6487819.0,1204.1065927743912
5787,11-24-474-03782-511666,802484,6487819.0,1204.1065927743912
5788,11-24-474-03782-511685,802484,6487819.0,1204.1065927743912
5789,11-24-474-03782-511686,802484,6487819.0,1204.1065927743912
5791,11-24-474-03783-802486,802486,80945.0,20.850000381469727
5793,11-24-475-03789-802491,802491,75133.0,14.3100004196167
5794,11-24-475-03792-802493,802493,253606.0,58.60000038146973
5795,11-24-475-03792-802494,802493,253606.0,58.60000038146973
5796,11-24-476-03799-512677,802499,279459.0,153.39040279388428
5797,11-24-476-03799-512678,802499,279459.0,153.39040279388428
5798,11-24-476-03799-512689,802499,279459.0,153.39040279388428
5799,11-24-476-03799-512694,802499,279459.0,153.39040279388428
5800,11-24-476-03799-512705,802499,279459.0,153.39040279388428
5801,11-24-476-03799-512713,802499,279459.0,153.39040279388428
5802,11-24-476-03799-802499,802499,279459.0,153.39040279388428
5806,11-24-476-03803-512946,802501,1430419.0,245.57249689102173
5807,11-24-476-03803-512947,802501,1430419.0,245.57249689102173
5808,11-24-476-03803-512961,802501,1430419.0,245.57249689102173
5809,11-24-476-03803-513004,802501,1430419.0,245.57249689102173
5810,11-24-476-03803-513006,802501,1430419.0,245.57249689102173
5811,11-24-476-03803-802501,802501,1430419.0,245.57249689102173
5812,11-24-476-03804-513025,802501,1430419.0,245.57249689102173
5813,11-24-476-03804-513034,802501,1430419.0,245.57249689102173
5814,11-24-476-03805-513090,802501,1430419.0,245.57249689102173
5815,11-24-476-03805-513091,802501,1430419.0,245.57249689102173
5816,11-24-476-03807-802504,802504,112197.0,74.4800033569336
5817,11-24-476-03809-802506,802506,58775.0,50.56999969482422
5818,11-24-476-03810-802507,802507,84545.0,79.45999908447266
5819,11-24-476-03811-802508,802508,118302.0,36.0
5820,11-24-477-03812-802509,802509,62052.0,36.459999084472656
5822,11-24-477-03813-513499,802513,70784.0,188.22550415992737
5823,11-24-477-03813-513500,802513,70784.0,188.22550415992737
5824,11-24-477-03813-513502,802513,70784.0,188.22550415992737
5826,11-24-477-03814-513578,802516,609938.0,61.403199672698975
5827,11-24-477-03814-513599,802513,70784.0,188.22550415992737
5828,11-24-477-03814-513600,802513,70784.0,188.22550415992737
5829,11-24-477-03814-513601,802513,70784.0,188.22550415992737
5830,11-24-477-03814-513602,802513,70784.0,188.22550415992737
5831,11-24-477-03814-513622,802516,609938.0,61.403199672698975
5832,11-24-477-03814-513672,802513,70784.0,188.22550415992737
5833,11-24-477-03814-802513,802513,70784.0,188.22550415992737
5834,11-24-477-03814-802516,802516,609938.0,61.403199672698975
5835,11-24-477-03818-513868,802513,70784.0,188.22550415992737
5836,11-24-477-03818-513870,802513,70784.0,188.22550415992737
5837,11-24-477-03818-513871,802513,70784.0,188.22550415992737
5838,11-24-477-03818-513872,802513,70784.0,188.22550415992737
5839,11-24-477-03818-513873,802513,70784.0,188.22550415992737
5840,11-24-477-03818-513874,802513,70784.0,188.22550415992737
5841,11-24-477-03818-513877,802513,70784.0,188.22550415992737
5842,11-24-477-03818-513880,802513,70784.0,188.22550415992737
5843,11-24-478-03822-802522,802522,170138.0,40.54710125923157
5844,11-24-479-03827-802529,802529,319462.0,57.15999984741211
5845,11-24-479-03831-802531,802531,76193.0,41.869998931884766
5846,11-24-479-03832-802532,802532,69779.0,77.08999633789062
5847,11-24-479-03835-515051,802535,195775.0,61.340500712394714
5848,11-24-479-03835-515053,802535,195775.0,61.340500712394714
5849,11-24-479-03835-802535,802535,195775.0,61.340500712394714
5850,11-24-479-03838-802538,802538,58528.0,37.40999984741211
5851,11-24-480-03843-802542,802542,117967.0,64.98999786376953
5852,11-24-480-03846-802545,802545,78354.0,8.0
5855,11-24-481-03850-802548,802548,130327.0,10.359999656677246
5856,11-24-481-03854-802551,802551,614824.0,67.40179872512817
5857,11-24-481-03856-802552,802552,54547.0,32.380001068115234
5858,11-24-481-03858-802554,802554,64497.0,12.949999809265137
5859,11-24-481-03860-802557,802557,98519.0,7.070000171661377
5860,11-24-482-03864-516914,802562,263170.0,66.41250038146973
5862,11-24-482-03864-802562,802562,263170.0,66.41250038146973
5863,11-24-482-03864-802563,802562,263170.0,66.41250038146973
5864,11-24-482-03864-802565,802562,263170.0,66.41250038146973
5865,11-24-482-03865-802566,802566,55330.0,9.1899995803833
5866,11-24-482-03866-802567,802567,99164.0,80.7699966430664
5867,11-24-482-03867-802568,802568,63377.0,24.889999389648438
5872,11-24-483-03876-517625,802576,249906.0,56.59140110015869
5873,11-24-483-03876-517626,802576,249906.0,56.59140110015869
5874,11-24-483-03876-517629,802576,249906.0,56.59140110015869
5875,11-24-483-03876-802576,802576,249906.0,56.59140110015869
5876,11-24-484-03885-518648,802585,152751.0,28.199999809265137
5877,11-24-484-03885-802585,802585,152751.0,28.199999809265137
5879,11-24-484-03888-518813,802588,83155.0,73.62200081348419
5880,11-24-484-03888-518814,802588,83155.0,73.62200081348419
5882,11-24-484-03888-518825,802588,83155.0,73.62200081348419
5883,11-24-484-03888-518841,802588,83155.0,73.62200081348419
5884,11-24-484-03888-518843,802588,83155.0,73.62200081348419
5885,11-24-484-03888-518859,802588,83155.0,73.62200081348419
5886,11-24-484-03888-802588,802588,83155.0,73.62200081348419
5887,11-24-485-03893-519406,802590,125423.0,27.502500534057617
5888,11-24-485-03893-802590,802590,125423.0,27.502500534057617
5889,11-24-486-03897-519813,802596,1890664.0,434.35719138383865
5890,11-24-486-03897-519815,802596,1890664.0,434.35719138383865
5891,11-24-486-03897-519816,802596,1890664.0,434.35719138383865
5892,11-24-486-03897-519817,802596,1890664.0,434.35719138383865
5893,11-24-486-03897-519819,802596,1890664.0,434.35719138383865
5894,11-24-486-03898-519829,802596,1890664.0,434.35719138383865
5895,11-24-486-03898-519831,802596,1890664.0,434.35719138383865
5896,11-24-486-03898-519832,802596,1890664.0,434.35719138383865
5897,11-24-486-03898-519833,802596,1890664.0,434.35719138383865
5898,11-24-486-03898-519834,802596,1890664.0,434.35719138383865
5899,11-24-486-03898-519836,802596,1890664.0,434.35719138383865
5900,11-24-486-03898-519841,802596,1890664.0,434.35719138383865
5901,11-24-486-03898-519842,802596,1890664.0,434.35719138383865
5902,11-24-486-03898-519848,802596,1890664.0,434.35719138383865
5903,11-24-486-03898-519849,802596,1890664.0,434.35719138383865
5904,11-24-486-03898-519850,802596,1890664.0,434.35719138383865
5905,11-24-486-03898-519852,802596,1890664.0,434.35719138383865
5906,11-24-486-03898-519853,802596,1890664.0,434.35719138383865
5907,11-24-486-03898-519854,802596,1890664.0,434.35719138383865
5908,11-24-486-03898-519858,802596,1890664.0,434.35719138383865
5909,11-24-486-03898-519860,802596,1890664.0,434.35719138383865
5910,11-24-486-03898-519872,802596,1890664.0,434.35719138383865
5912,11-24-486-03898-519906,802596,1890664.0,434.35719138383865
5913,11-24-486-03898-519907,802596,1890664.0,434.35719138383865
5914,11-24-486-03898-519908,802596,1890664.0,434.35719138383865
5915,11-24-486-03898-519909,802596,1890664.0,434.35719138383865
5916,11-24-486-03898-519910,802596,1890664.0,434.35719138383865
5917,11-24-486-03898-519912,802596,1890664.0,434.35719138383865
5918,11-24-486-03898-802593,802596,1890664.0,434.35719138383865
5919,11-24-486-03898-802594,802596,1890664.0,434.35719138383865
5920,11-24-486-03898-802595,802596,1890664.0,434.35719138383865
5921,11-24-486-03898-802596,802596,1890664.0,434.35719138383865
5923,11-24-486-03899-519959,802596,1890664.0,434.35719138383865
5924,11-24-486-03899-519981,802596,1890664.0,434.35719138383865
5927,11-24-486-03905-802600,802600,51240.0,23.81999969482422
5952,11-24-488-03916-522142,802607,490574.0,169.53629779815674
5953,11-24-488-03916-522147,802607,490574.0,169.53629779815674
5954,11-24-488-03916-522156,802607,490574.0,169.53629779815674
5956,11-24-488-03916-522160,802607,490574.0,169.53629779815674
5957,11-24-488-03916-522161,802607,490574.0,169.53629779815674
5958,11-24-488-03916-522162,802607,490574.0,169.53629779815674
5959,11-24-488-03916-522163,802607,490574.0,169.53629779815674
5960,11-24-488-03916-802606,802607,490574.0,169.53629779815674
5961,11-24-488-03916-802607,802607,490574.0,169.53629779815674
5967,11-24-488-03918-522338,802607,490574.0,169.53629779815674
5968,11-24-488-03918-522352,802607,490574.0,169.53629779815674
5969,11-24-488-03918-522356,802607,490574.0,169.53629779815674
5970,11-24-488-03918-522366,802607,490574.0,169.53629779815674
5971,11-24-488-03918-522367,802607,490574.0,169.53629779815674
5972,11-24-488-03918-522368,802607,490574.0,169.53629779815674
5973,11-24-488-03918-522373,802607,490574.0,169.53629779815674
5974,11-24-488-03918-522379,802607,490574.0,169.53629779815674
5975,11-24-488-03918-522386,802607,490574.0,169.53629779815674
5976,11-24-488-03918-522387,802607,490574.0,169.53629779815674
5977,11-24-488-03918-522388,802607,490574.0,169.53629779815674
5978,11-24-488-03918-522389,802607,490574.0,169.53629779815674
5979,11-24-488-03918-522390,802607,490574.0,169.53629779815674
5980,11-24-488-03918-802608,802607,490574.0,169.53629779815674
5981,11-24-488-03918-802609,802607,490574.0,169.53629779815674
5985,11-24-490-03922-522870,802614,288489.0,39.29000040888786
5986,11-24-490-03922-522871,802614,288489.0,39.29000040888786
5987,11-24-490-03922-522884,802614,288489.0,39.29000040888786
5988,11-24-490-03922-522911,802614,288489.0,39.29000040888786
5989,11-24-490-03922-802614,802614,288489.0,39.29000040888786
5990,11-24-490-03923-802615,802614,288489.0,39.29000040888786
5991,11-24-490-03924-523043,802617,67327.0,22.049999952316284
5992,11-24-490-03924-802617,802617,67327.0,22.049999952316284
5993,11-24-491-03927-523281,802618,175804.0,41.68110108375549
5994,11-24-491-03927-523315,802618,175804.0,41.68110108375549
5995,11-24-491-03927-802618,802618,175804.0,41.68110108375549
5996,11-24-491-03929-523432,802618,175804.0,41.68110108375549
5998,11-24-491-03929-523467,802622,478608.0,133.16710010170937
5999,11-24-491-03929-523468,802622,478608.0,133.16710010170937
6000,11-24-491-03929-523469,802622,478608.0,133.16710010170937
6001,11-24-491-03929-523470,802622,478608.0,133.16710010170937
6002,11-24-491-03929-523483,802622,478608.0,133.16710010170937
6003,11-24-491-03929-523488,802622,478608.0,133.16710010170937
6004,11-24-491-03929-523502,802622,478608.0,133.16710010170937
6005,11-24-491-03929-523504,802622,478608.0,133.16710010170937
6006,11-24-491-03929-523505,802622,478608.0,133.16710010170937
6007,11-24-491-03929-523506,802622,478608.0,133.16710010170937
6008,11-24-491-03929-802622,802622,478608.0,133.16710010170937
6009,11-24-491-03929-802623,802622,478608.0,133.16710010170937
6011,11-24-491-03931-523662,802639,171904.0,71.69310021400452
6016,11-24-492-03933-523791,802607,490574.0,169.53629779815674
6025,11-24-492-03936-524113,802629,4769887.0,596.437556385994
6026,11-24-492-03936-524114,802629,4769887.0,596.437556385994
6027,11-24-492-03936-524117,802629,4769887.0,596.437556385994
6028,11-24-492-03936-524118,802629,4769887.0,596.437556385994
6029,11-24-492-03936-524119,802629,4769887.0,596.437556385994
6030,11-24-492-03936-524130,802629,4769887.0,596.437556385994
6031,11-24-492-03936-524131,802629,4769887.0,596.437556385994
6032,11-24-492-03936-524143,802629,4769887.0,596.437556385994
6033,11-24-492-03937-802629,802629,4769887.0,596.437556385994
6034,11-24-492-03938-524166,802629,4769887.0,596.437556385994
6035,11-24-492-03938-524167,802629,4769887.0,596.437556385994
6036,11-24-492-03938-524172,802629,4769887.0,596.437556385994
6037,11-24-492-03938-524174,802629,4769887.0,596.437556385994
6038,11-24-492-03938-524175,802629,4769887.0,596.437556385994
6039,11-24-492-03938-524176,802629,4769887.0,596.437556385994
6040,11-24-492-03938-524177,802629,4769887.0,596.437556385994
6041,11-24-492-03938-524178,802629,4769887.0,596.437556385994
6042,11-24-492-03938-524179,802629,4769887.0,596.437556385994
6043,11-24-492-03938-524180,802629,4769887.0,596.437556385994
6044,11-24-492-03938-524181,802629,4769887.0,596.437556385994
6045,11-24-492-03938-524182,802629,4769887.0,596.437556385994
6046,11-24-492-03938-524189,802629,4769887.0,596.437556385994
6047,11-24-492-03938-524191,802629,4769887.0,596.437556385994
6048,11-24-492-03938-524194,802629,4769887.0,596.437556385994
6049,11-24-492-03938-524195,802629,4769887.0,596.437556385994
6050,11-24-492-03938-524196,802629,4769887.0,596.437556385994
6051,11-24-492-03938-524198,802629,4769887.0,596.437556385994
6052,11-24-492-03938-524204,802629,4769887.0,596.437556385994
6053,11-24-492-03938-524205,802629,4769887.0,596.437556385994
6054,11-24-492-03938-524206,802629,4769887.0,596.437556385994
6055,11-24-492-03938-524207,802629,4769887.0,596.437556385994
6056,11-24-492-03938-524208,802629,4769887.0,596.437556385994
6057,11-24-492-03938-802630,802629,4769887.0,596.437556385994
6058,11-24-492-03938-802632,802629,4769887.0,596.437556385994
6059,11-24-492-03939-524215,802629,4769887.0,596.437556385994
6060,11-24-492-03939-524216,802629,4769887.0,596.437556385994
6061,11-24-492-03939-524217,802629,4769887.0,596.437556385994
6062,11-24-492-03939-524218,802629,4769887.0,596.437556385994
6063,11-24-492-03939-524222,802629,4769887.0,596.437556385994
6064,11-24-492-03939-524223,802629,4769887.0,596.437556385994
6068,11-24-492-03939-524260,802629,4769887.0,596.437556385994
6069,11-24-492-03939-524261,802629,4769887.0,596.437556385994
6070,11-24-492-03939-524262,802629,4769887.0,596.437556385994
6071,11-24-492-03940-802634,802634,60821.0,6.46999979019165
6074,11-25-495-03948-524911,802622,478608.0,133.16710010170937
6075,11-25-495-03948-524913,802622,478608.0,133.16710010170937
6076,11-25-495-03948-524914,802622,478608.0,133.16710010170937
6077,11-25-495-03948-524915,802622,478608.0,133.16710010170937
6078,11-25-495-03948-524916,802622,478608.0,133.16710010170937
6079,11-25-495-03948-524917,802622,478608.0,133.16710010170937
6080,11-25-495-03948-524918,802622,478608.0,133.16710010170937
6081,11-25-495-03948-524923,802622,478608.0,133.16710010170937
6082,11-25-495-03948-524926,802622,478608.0,133.16710010170937
6083,11-25-495-03948-524927,802622,478608.0,133.16710010170937
6084,11-25-495-03948-524928,802622,478608.0,133.16710010170937
6085,11-25-495-03948-524929,802622,478608.0,133.16710010170937
6086,11-25-495-03948-524930,802622,478608.0,133.16710010170937
6087,11-25-495-03948-524931,802622,478608.0,133.16710010170937
6088,11-25-495-03948-802638,802622,478608.0,133.16710010170937
6089,11-26-496-03949-524932,802622,478608.0,133.16710010170937
6090,11-26-496-03949-524933,802622,478608.0,133.16710010170937
6091,11-26-496-03949-524944,802639,171904.0,71.69310021400452
6092,11-26-496-03949-524946,802639,171904.0,71.69310021400452
6093,11-26-496-03949-524949,802639,171904.0,71.69310021400452
6094,11-26-496-03949-524950,802639,171904.0,71.69310021400452
6095,11-26-496-03949-524997,802622,478608.0,133.16710010170937
6096,11-26-496-03949-524998,802639,171904.0,71.69310021400452
6097,11-26-496-03949-524999,802639,171904.0,71.69310021400452
6098,11-26-496-03949-525000,802639,171904.0,71.69310021400452
6099,11-26-496-03949-525001,802639,171904.0,71.69310021400452
6100,11-26-496-03949-802639,802639,171904.0,71.69310021400452
6101,11-27-497-03953-802641,802641,61376.0,2.0399999618530273
6102,11-27-497-03954-802642,802642,111037.0,31.40999984741211
6103,11-27-498-03956-802644,802644,76905.0,6.0
6104,11-27-498-03959-526559,802646,417396.0,68.44999837875366
6105,11-27-498-03959-526630,802646,417396.0,68.44999837875366
6106,11-27-498-03959-526631,802646,417396.0,68.44999837875366
6107,11-27-498-03959-802646,802646,417396.0,68.44999837875366
6108,11-27-499-03960-802647,802647,72783.0,6.619999885559082
6109,11-27-499-03965-527119,802652,218665.0,40.269999980926514
6110,11-27-499-03965-527120,802652,218665.0,40.269999980926514
6111,11-27-499-03965-527148,802652,218665.0,40.269999980926514
6112,11-27-499-03965-527149,802652,218665.0,40.269999980926514
6113,11-27-499-03965-802652,802652,218665.0,40.269999980926514
6114,11-27-499-03966-802653,802653,460228.0,68.23999786376953
6115,11-27-499-03969-802656,802656,95994.0,15.619999885559082
6116,11-27-499-03972-802659,802659,97551.0,18.59000015258789
6117,11-27-499-03973-802660,802660,59609.0,5.039999961853027
6118,11-27-500-03977-802663,802663,59672.0,5.829999923706055
6119,11-27-500-03979-802665,802665,67740.0,5.119999885559082
6120,11-27-500-03981-802666,802666,94191.0,13.359999656677246
6121,11-27-500-03983-802668,802668,57889.0,7.900000095367432
6122,11-27-500-03984-802669,802669,67431.0,10.890000343322754
6123,11-27-501-03989-802674,802674,92637.0,14.34000015258789
6124,11-27-501-03991-530007,802676,517402.0,79.8188009262085
6125,11-27-501-03991-530127,802676,517402.0,79.8188009262085
6126,11-27-501-03991-530128,802676,517402.0,79.8188009262085
6127,11-27-501-03991-530129,802676,517402.0,79.8188009262085
6128,11-27-501-03991-530136,802676,517402.0,79.8188009262085
6129,11-27-501-03991-530137,802676,517402.0,79.8188009262085
6130,11-27-501-03991-530142,802676,517402.0,79.8188009262085
6131,11-27-501-03991-530164,802676,517402.0,79.8188009262085
6132,11-27-501-03991-530165,802676,517402.0,79.8188009262085
6133,11-27-501-03991-530166,802676,517402.0,79.8188009262085
6134,11-27-501-03991-530167,802676,517402.0,79.8188009262085
6135,11-27-501-03991-530168,802676,517402.0,79.8188009262085
6136,11-27-501-03991-530169,802676,517402.0,79.8188009262085
6137,11-27-501-03991-802676,802676,517402.0,79.8188009262085
6139,11-27-502-03997-802680,802680,67907.0,13.550000190734863
6140,11-27-502-03999-802681,802681,78387.0,47.79999923706055
6141,11-27-503-04003-802684,802684,56380.0,3.3399999141693115
6142,11-27-503-04004-531887,802685,127296.0,21.691600799560547
6143,11-27-503-04004-802685,802685,127296.0,21.691600799560547
6144,11-27-503-04009-802690,802690,647057.0,121.6500015258789
6148,11-27-504-04018-533941,802696,207895.0,70.41240030527115
6149,11-27-504-04019-534082,802696,207895.0,70.41240030527115
6150,11-27-504-04019-534085,802696,207895.0,70.41240030527115
6151,11-27-504-04019-534098,802696,207895.0,70.41240030527115
6152,11-27-504-04019-534099,802696,207895.0,70.41240030527115
6153,11-27-504-04019-534100,802696,207895.0,70.41240030527115
6154,11-27-504-04019-534137,802696,207895.0,70.41240030527115
6155,11-27-504-04019-534191,802696,207895.0,70.41240030527115
6156,11-27-504-04019-534192,802696,207895.0,70.41240030527115
6157,11-27-504-04019-534194,802696,207895.0,70.41240030527115
6158,11-27-504-04019-534195,802696,207895.0,70.41240030527115
6159,11-27-504-04019-534196,802696,207895.0,70.41240030527115
6160,11-27-504-04019-802696,802696,207895.0,70.41240030527115
6161,11-27-504-04021-534454,802699,104539.0,21.586100578308105
6162,11-27-504-04021-802699,802699,104539.0,21.586100578308105
6163,11-27-505-04026-535335,802710,2931042.0,446.9350984096527
6164,11-27-505-04026-535336,802710,2931042.0,446.9350984096527
6165,11-27-505-04027-535451,802710,2931042.0,446.9350984096527
6166,11-27-505-04027-535452,802710,2931042.0,446.9350984096527
6167,11-27-505-04027-535453,802710,2931042.0,446.9350984096527
6171,11-27-505-04030-535743,802710,2931042.0,446.9350984096527
6172,11-27-505-04030-535750,802710,2931042.0,446.9350984096527
6173,11-27-505-04030-535751,802710,2931042.0,446.9350984096527
6174,11-27-505-04030-535752,802710,2931042.0,446.9350984096527
6175,11-27-505-04030-535766,802710,2931042.0,446.9350984096527
6176,11-27-505-04030-535767,802710,2931042.0,446.9350984096527
6177,11-27-505-04030-535783,802710,2931042.0,446.9350984096527
6178,11-27-505-04030-535784,802710,2931042.0,446.9350984096527
6179,11-27-505-04030-535809,802710,2931042.0,446.9350984096527
6180,11-27-505-04030-535810,802710,2931042.0,446.9350984096527
6181,11-27-505-04030-802708,802710,2931042.0,446.9350984096527
6182,11-27-505-04030-802709,802710,2931042.0,446.9350984096527
6183,11-27-505-04031-535850,802710,2931042.0,446.9350984096527
6184,11-27-505-04031-535860,802710,2931042.0,446.9350984096527
6185,11-27-505-04031-535861,802710,2931042.0,446.9350984096527
6186,11-27-505-04031-535862,802710,2931042.0,446.9350984096527
6187,11-27-505-04031-535863,802710,2931042.0,446.9350984096527
6188,11-27-505-04031-535864,802710,2931042.0,446.9350984096527
6189,11-27-505-04031-535866,802710,2931042.0,446.9350984096527
6190,11-27-505-04031-535867,802710,2931042.0,446.9350984096527
6191,11-27-505-04031-535868,802710,2931042.0,446.9350984096527
6192,11-27-505-04031-535869,802710,2931042.0,446.9350984096527
6193,11-27-505-04031-535877,802710,2931042.0,446.9350984096527
6194,11-27-505-04031-535879,802710,2931042.0,446.9350984096527
6195,11-27-505-04031-535880,802710,2931042.0,446.9350984096527
6196,11-27-505-04031-535881,802710,2931042.0,446.9350984096527
6197,11-27-505-04031-535882,802710,2931042.0,446.9350984096527
6198,11-27-505-04031-535883,802710,2931042.0,446.9350984096527
6199,11-27-505-04031-535884,802710,2931042.0,446.9350984096527
6200,11-27-505-04031-535965,802710,2931042.0,446.9350984096527
6201,11-27-505-04031-535966,802710,2931042.0,446.9350984096527
6202,11-27-505-04031-535967,802710,2931042.0,446.9350984096527
6204,11-27-505-04031-535970,802710,2931042.0,446.9350984096527
6205,11-27-505-04031-535971,802710,2931042.0,446.9350984096527
6206,11-27-505-04031-535972,802710,2931042.0,446.9350984096527
6207,11-27-505-04032-802710,802710,2931042.0,446.9350984096527
6208,11-27-505-04033-536053,802710,2931042.0,446.9350984096527
6209,11-27-505-04033-536054,802710,2931042.0,446.9350984096527
6221,11-27-505-04033-536123,802710,2931042.0,446.9350984096527
6222,11-27-505-04033-536124,802710,2931042.0,446.9350984096527
6223,11-27-505-04033-536125,802710,2931042.0,446.9350984096527
6224,11-27-505-04034-536196,802711,59673.0,10.97629976272583
6225,11-27-505-04034-802711,802711,59673.0,10.97629976272583
6226,11-27-506-04039-802713,802713,91845.0,16.84000015258789
6229,11-27-507-04046-802716,802716,132813.0,18.110000610351562
6230,11-27-508-04057-802718,802718,54152.0,29.290000915527344
6232,11-27-509-04070-802721,802721,60565.0,36.0099983215332
6233,11-27-509-04071-541281,802722,361992.0,76.77889835834503
6234,11-27-509-04071-541282,802722,361992.0,76.77889835834503
6235,11-27-509-04071-541283,802722,361992.0,76.77889835834503
6237,11-27-509-04071-541334,802722,361992.0,76.77889835834503
6238,11-27-509-04071-541335,802722,361992.0,76.77889835834503
6239,11-27-509-04071-541336,802722,361992.0,76.77889835834503
6242,11-27-509-04071-802722,802722,361992.0,76.77889835834503
6243,11-27-509-04074-802724,802724,89452.0,16.510000228881836
6245,11-27-510-04082-542502,802727,206637.0,29.649999618530273
6246,11-27-510-04082-542504,802727,206637.0,29.649999618530273
6247,11-27-510-04082-542505,802727,206637.0,29.649999618530273
6248,11-27-510-04082-802727,802727,206637.0,29.649999618530273
6249,11-27-510-04085-542919,802730,82995.0,9.509999871253967
6250,11-27-510-04085-802730,802730,82995.0,9.509999871253967
6251,11-27-510-04094-802734,802734,58840.0,9.010000228881836
6252,11-27-511-04100-544738,802737,584447.0,67.99329996109009
6253,11-27-511-04100-544752,802737,584447.0,67.99329996109009
6254,11-27-511-04100-544753,802737,584447.0,67.99329996109009
6255,11-27-511-04100-544754,802737,584447.0,67.99329996109009
6256,11-27-511-04100-802737,802737,584447.0,67.99329996109009
6257,11-27-511-04110-802747,802747,54493.0,7.409999847412109
6258,11-27-512-04112-545958,802748,86694.0,35.640801191329956
6259,11-27-512-04112-802748,802748,86694.0,35.640801191329956
6260,11-27-512-04115-802750,802750,68846.0,11.9399995803833
6261,11-27-513-04118-802753,802753,307170.0,57.599998474121094
6262,11-27-514-04127-547526,802760,286103.0,88.76999950408936
6263,11-27-514-04127-802760,802760,286103.0,88.76999950408936
6264,11-27-515-04135-802764,802764,58230.0,35.83000183105469
6270,11-27-515-04137-548868,802765,1354796.0,225.19500017166138
6271,11-27-515-04137-548869,802765,1354796.0,225.19500017166138
6272,11-27-515-04137-548870,802765,1354796.0,225.19500017166138
6273,11-27-515-04137-548871,802765,1354796.0,225.19500017166138
6274,11-27-515-04137-548872,802765,1354796.0,225.19500017166138
6275,11-27-515-04137-548933,802765,1354796.0,225.19500017166138
6276,11-27-515-04137-548935,802765,1354796.0,225.19500017166138
6277,11-27-515-04137-802765,802765,1354796.0,225.19500017166138
6278,11-27-515-04137-802766,802765,1354796.0,225.19500017166138
6279,11-27-515-04140-549236,802765,1354796.0,225.19500017166138
6280,11-27-515-04140-549237,802765,1354796.0,225.19500017166138
6281,11-27-515-04140-549240,802765,1354796.0,225.19500017166138
6282,11-27-515-04140-549241,802765,1354796.0,225.19500017166138
6283,11-27-515-04140-549242,802765,1354796.0,225.19500017166138
6284,11-27-515-04140-549243,802765,1354796.0,225.19500017166138
6285,11-27-515-04140-549401,802765,1354796.0,225.19500017166138
6286,11-27-516-04146-550299,802772,587457.0,49.839999198913574
6287,11-27-516-04146-550300,802772,587457.0,49.839999198913574
6288,11-27-516-04146-550301,802772,587457.0,49.839999198913574
6289,11-27-516-04146-550302,802772,587457.0,49.839999198913574
6290,11-27-516-04146-802772,802772,587457.0,49.839999198913574
6291,11-27-516-04147-550318,802774,82866.0,36.07300043106079
6292,11-27-516-04147-802774,802774,82866.0,36.07300043106079
6293,11-27-516-04152-551020,802776,1545860.0,318.48000383377075
6294,11-27-516-04152-802776,802776,1545860.0,318.48000383377075
6295,11-27-516-04152-802777,802776,1545860.0,318.48000383377075
6296,11-27-516-04154-551153,802780,70954.0,58.56010055541992
6297,11-27-516-04154-802780,802780,70954.0,58.56010055541992
6298,11-27-516-04155-551404,551404,51297.0,41.369998931884766
6300,11-27-517-04158-802782,802782,50287.0,18.200000762939453
6303,11-27-517-04163-552190,552390,98243.0,34.80730026960373
6305,11-27-517-04163-552204,552390,98243.0,34.80730026960373
6306,11-27-517-04163-552244,552390,98243.0,34.80730026960373
6307,11-27-517-04163-552386,552390,98243.0,34.80730026960373
6308,11-27-517-04163-552388,552390,98243.0,34.80730026960373
6309,11-27-517-04163-552389,552390,98243.0,34.80730026960373
6310,11-27-517-04163-552390,552390,98243.0,34.80730026960373
6311,11-27-517-04163-552391,552390,98243.0,34.80730026960373
6312,11-27-517-04163-552396,552390,98243.0,34.80730026960373
6313,11-27-517-04163-802784,802784,68930.0,64.0
6314,11-27-517-04164-552407,802794,21606211.0,2049.088895626366
6315,11-27-517-04164-552429,802794,21606211.0,2049.088895626366
6316,11-27-517-04164-552438,802794,21606211.0,2049.088895626366
6317,11-27-517-04164-552439,802794,21606211.0,2049.088895626366
6318,11-27-517-04164-552447,802794,21606211.0,2049.088895626366
6319,11-27-517-04164-802785,802794,21606211.0,2049.088895626366
6320,11-27-517-04165-802786,802794,21606211.0,2049.088895626366
6321,11-27-517-04165-802787,802794,21606211.0,2049.088895626366
6322,11-27-517-04165-802788,802794,21606211.0,2049.088895626366
6323,11-27-517-04166-552488,802794,21606211.0,2049.088895626366
6324,11-27-517-04166-552489,802794,21606211.0,2049.088895626366
6325,11-27-517-04166-552604,802794,21606211.0,2049.088895626366
6326,11-27-517-04166-552605,802794,21606211.0,2049.088895626366
6327,11-27-517-04166-552606,802794,21606211.0,2049.088895626366
6328,11-27-517-04166-552607,802794,21606211.0,2049.088895626366
6329,11-27-517-04166-552609,802794,21606211.0,2049.088895626366
6330,11-27-517-04166-552610,802794,21606211.0,2049.088895626366
6331,11-27-517-04166-552613,802794,21606211.0,2049.088895626366
6332,11-27-517-04166-552618,802794,21606211.0,2049.088895626366
6333,11-27-517-04166-552619,802794,21606211.0,2049.088895626366
6334,11-27-517-04166-552621,802794,21606211.0,2049.088895626366
6335,11-27-517-04166-552624,802794,21606211.0,2049.088895626366
6336,11-27-517-04166-552625,802794,21606211.0,2049.088895626366
6337,11-27-517-04166-552626,802794,21606211.0,2049.088895626366
6338,11-27-517-04166-552629,802794,21606211.0,2049.088895626366
6339,11-27-517-04166-552634,802794,21606211.0,2049.088895626366
6340,11-27-517-04166-552636,802794,21606211.0,2049.088895626366
6341,11-27-517-04166-552638,802794,21606211.0,2049.088895626366
6342,11-27-517-04166-552640,802794,21606211.0,2049.088895626366
6343,11-27-517-04166-552642,802794,21606211.0,2049.088895626366
6344,11-27-517-04166-552643,802794,21606211.0,2049.088895626366
6345,11-27-517-04166-552645,802794,21606211.0,2049.088895626366
6346,11-27-517-04166-552646,802794,21606211.0,2049.088895626366
6347,11-27-517-04166-552647,802794,21606211.0,2049.088895626366
6348,11-27-517-04166-552648,802794,21606211.0,2049.088895626366
6349,11-27-517-04166-552650,802794,21606211.0,2049.088895626366
6350,11-27-517-04166-552651,802794,21606211.0,2049.088895626366
6351,11-27-517-04166-552652,802794,21606211.0,2049.088895626366
6352,11-27-517-04166-552653,802794,21606211.0,2049.088895626366
6353,11-27-517-04166-552654,802794,21606211.0,2049.088895626366
6354,11-27-517-04166-552655,802794,21606211.0,2049.088895626366
6355,11-27-517-04166-552656,802794,21606211.0,2049.088895626366
6356,11-27-517-04166-552657,802794,21606211.0,2049.088895626366
6357,11-27-517-04166-552658,802794,21606211.0,2049.088895626366
6358,11-27-517-04166-552659,802794,21606211.0,2049.088895626366
6359,11-27-517-04166-552660,802794,21606211.0,2049.088895626366
6360,11-27-517-04166-552661,802794,21606211.0,2049.088895626366
6361,11-27-517-04166-552662,802794,21606211.0,2049.088895626366
6362,11-27-517-04166-552663,802794,21606211.0,2049.088895626366
6363,11-27-517-04166-552664,802794,21606211.0,2049.088895626366
6364,11-27-517-04166-552665,802794,21606211.0,2049.088895626366
6365,11-27-517-04166-552666,802794,21606211.0,2049.088895626366
6366,11-27-517-04166-552667,802794,21606211.0,2049.088895626366
6367,11-27-517-04166-552668,802794,21606211.0,2049.088895626366
6368,11-27-517-04166-552669,802794,21606211.0,2049.088895626366
6369,11-27-517-04166-552670,802794,21606211.0,2049.088895626366
6370,11-27-517-04166-552671,802794,21606211.0,2049.088895626366
6371,11-27-517-04166-552672,802794,21606211.0,2049.088895626366
6372,11-27-517-04166-552675,802794,21606211.0,2049.088895626366
6373,11-27-517-04166-552679,802794,21606211.0,2049.088895626366
6374,11-27-517-04166-552681,802794,21606211.0,2049.088895626366
6375,11-27-517-04166-552682,802794,21606211.0,2049.088895626366
6376,11-27-517-04166-552684,802794,21606211.0,2049.088895626366
6377,11-27-517-04166-552685,802794,21606211.0,2049.088895626366
6378,11-27-517-04166-552686,802794,21606211.0,2049.088895626366
6379,11-27-517-04166-552687,802794,21606211.0,2049.088895626366
6380,11-27-517-04166-802789,802794,21606211.0,2049.088895626366
6384,11-27-517-04168-552971,802794,21606211.0,2049.088895626366
6385,11-27-517-04168-552972,802794,21606211.0,2049.088895626366
6386,11-27-517-04168-552974,802794,21606211.0,2049.088895626366
6387,11-27-517-04168-552978,802794,21606211.0,2049.088895626366
6388,11-27-517-04168-552985,802794,21606211.0,2049.088895626366
6389,11-27-517-04168-553000,802794,21606211.0,2049.088895626366
6390,11-27-517-04168-553001,802794,21606211.0,2049.088895626366
6391,11-27-517-04168-553002,802794,21606211.0,2049.088895626366
6392,11-27-517-04168-553003,802794,21606211.0,2049.088895626366
6393,11-27-517-04168-553005,802794,21606211.0,2049.088895626366
6394,11-27-517-04168-553006,802794,21606211.0,2049.088895626366
6395,11-27-517-04168-802790,802794,21606211.0,2049.088895626366
6396,11-27-517-04169-802791,802794,21606211.0,2049.088895626366
6397,11-27-517-04170-553007,802794,21606211.0,2049.088895626366
6398,11-27-517-04170-553016,802794,21606211.0,2049.088895626366
6399,11-27-517-04170-553017,802794,21606211.0,2049.088895626366
6400,11-27-517-04170-553029,802794,21606211.0,2049.088895626366
6401,11-27-517-04170-553034,802794,21606211.0,2049.088895626366
6402,11-27-517-04170-553040,802794,21606211.0,2049.088895626366
6403,11-27-517-04170-802792,802794,21606211.0,2049.088895626366
6404,11-27-517-04170-802793,802794,21606211.0,2049.088895626366
6405,11-27-518-99999-802794,802794,21606211.0,2049.088895626366
6406,11-27-520-04172-553292,802794,21606211.0,2049.088895626366
6407,11-27-520-04172-553293,802794,21606211.0,2049.088895626366
6408,11-27-520-04172-553294,802794,21606211.0,2049.088895626366
6409,11-27-520-04172-553295,802794,21606211.0,2049.088895626366
6410,11-27-520-04172-553296,802794,21606211.0,2049.088895626366
6411,11-27-520-04172-553297,802794,21606211.0,2049.088895626366
6412,11-27-520-04172-553300,802794,21606211.0,2049.088895626366
6413,11-27-520-04172-553301,802794,21606211.0,2049.088895626366
6414,11-27-520-04172-553303,802794,21606211.0,2049.088895626366
6415,11-27-520-04172-553304,802794,21606211.0,2049.088895626366
6416,11-27-520-04172-553305,802794,21606211.0,2049.088895626366
6417,11-27-520-04172-553306,802794,21606211.0,2049.088895626366
6418,11-27-520-04172-553307,802794,21606211.0,2049.088895626366
6419,11-27-520-04172-553308,802794,21606211.0,2049.088895626366
6420,11-27-520-04172-553309,802794,21606211.0,2049.088895626366
6421,11-27-520-04172-553310,802794,21606211.0,2049.088895626366
6422,11-27-520-04172-553314,802794,21606211.0,2049.088895626366
6423,11-27-520-04172-553315,802794,21606211.0,2049.088895626366
6424,11-27-520-04172-553316,802794,21606211.0,2049.088895626366
6425,11-27-520-04172-553320,802794,21606211.0,2049.088895626366
6426,11-27-520-04172-553321,802794,21606211.0,2049.088895626366
6429,11-27-520-04172-553350,802794,21606211.0,2049.088895626366
6430,11-27-520-04172-553351,802794,21606211.0,2049.088895626366
6431,11-27-520-04172-553352,802794,21606211.0,2049.088895626366
6432,11-27-520-04172-553353,802794,21606211.0,2049.088895626366
6433,11-27-520-04172-802795,802794,21606211.0,2049.088895626366
6434,11-27-520-04173-553354,802794,21606211.0,2049.088895626366
6435,11-27-520-04173-553355,802794,21606211.0,2049.088895626366
6436,11-27-520-04173-553358,802794,21606211.0,2049.088895626366
6437,11-27-520-04173-553359,802794,21606211.0,2049.088895626366
6438,11-27-520-04173-553360,802794,21606211.0,2049.088895626366
6439,11-27-520-04173-553361,802794,21606211.0,2049.088895626366
6440,11-27-520-04173-553362,802794,21606211.0,2049.088895626366
6441,11-27-520-04173-553363,802794,21606211.0,2049.088895626366
6442,11-27-520-04173-553364,802794,21606211.0,2049.088895626366
6443,11-27-520-04173-553365,802794,21606211.0,2049.088895626366
6444,11-27-520-04173-553366,802794,21606211.0,2049.088895626366
6445,11-27-520-04173-553367,802794,21606211.0,2049.088895626366
6446,11-27-520-04173-553368,802794,21606211.0,2049.088895626366
6447,11-27-520-04173-553377,802794,21606211.0,2049.088895626366
6448,11-27-520-04173-553378,802794,21606211.0,2049.088895626366
6449,11-27-520-04173-553379,802794,21606211.0,2049.088895626366
6450,11-27-520-04173-553387,802794,21606211.0,2049.088895626366
6451,11-27-520-04173-553405,802794,21606211.0,2049.088895626366
6452,11-27-520-04173-553414,802794,21606211.0,2049.088895626366
6453,11-27-520-04173-553415,802794,21606211.0,2049.088895626366
6454,11-27-520-04173-553416,802794,21606211.0,2049.088895626366
6455,11-27-520-04173-553417,802794,21606211.0,2049.088895626366
6456,11-27-520-04173-553418,802794,21606211.0,2049.088895626366
6457,11-27-520-04173-553424,802794,21606211.0,2049.088895626366
6458,11-27-520-04173-553425,802794,21606211.0,2049.088895626366
6459,11-27-520-04173-553434,802794,21606211.0,2049.088895626366
6460,11-27-520-04173-553437,802794,21606211.0,2049.088895626366
6461,11-27-520-04173-553438,802794,21606211.0,2049.088895626366
6462,11-27-520-04173-553439,802794,21606211.0,2049.088895626366
6463,11-27-520-04173-553440,802794,21606211.0,2049.088895626366
6464,11-27-520-04173-553441,802794,21606211.0,2049.088895626366
6465,11-27-520-04173-553442,802794,21606211.0,2049.088895626366
6466,11-27-520-04173-553443,802794,21606211.0,2049.088895626366
6467,11-27-520-04173-553444,802794,21606211.0,2049.088895626366
6468,11-27-520-04173-553445,802794,21606211.0,2049.088895626366
6469,11-27-520-04173-553446,802794,21606211.0,2049.088895626366
6470,11-27-520-04173-553447,802794,21606211.0,2049.088895626366
6471,11-27-520-04173-553448,802794,21606211.0,2049.088895626366
6472,11-27-520-04173-553451,802794,21606211.0,2049.088895626366
6473,11-27-520-04173-553452,802794,21606211.0,2049.088895626366
6474,11-27-520-04173-553453,802794,21606211.0,2049.088895626366
6475,11-27-520-04173-553460,802794,21606211.0,2049.088895626366
6476,11-27-520-04173-553461,802794,21606211.0,2049.088895626366
6477,11-27-520-04173-553462,802794,21606211.0,2049.088895626366
6478,11-27-520-04173-553463,802794,21606211.0,2049.088895626366
6479,11-27-520-04173-553464,802794,21606211.0,2049.088895626366
6480,11-27-520-04173-553465,802794,21606211.0,2049.088895626366
6481,11-27-520-04173-553466,802794,21606211.0,2049.088895626366
6482,11-27-520-04173-553467,802794,21606211.0,2049.088895626366
6484,11-27-520-04173-553476,802794,21606211.0,2049.088895626366
6485,11-27-520-04173-553477,802794,21606211.0,2049.088895626366
6489,11-27-520-04173-553512,802794,21606211.0,2049.088895626366
6490,11-27-520-04173-553513,802794,21606211.0,2049.088895626366
6491,11-27-520-04173-553514,802794,21606211.0,2049.088895626366
6492,11-27-520-04173-553515,802794,21606211.0,2049.088895626366
6493,11-27-520-04173-553516,802794,21606211.0,2049.088895626366
6494,11-27-520-04173-553517,802794,21606211.0,2049.088895626366
6495,11-27-520-04173-553518,802794,21606211.0,2049.088895626366
6496,11-27-520-04173-802796,802794,21606211.0,2049.088895626366
6503,11-27-520-04175-553764,802799,161411.0,103.02150011062622
6504,11-27-520-04175-553765,802799,161411.0,103.02150011062622
6505,11-27-520-04175-553766,802799,161411.0,103.02150011062622
6506,11-27-520-04175-553767,802799,161411.0,103.02150011062622
6507,11-27-520-04175-553775,802799,161411.0,103.02150011062622
6508,11-27-520-04175-553776,802799,161411.0,103.02150011062622
6509,11-27-520-04175-553777,802799,161411.0,103.02150011062622
6510,11-27-520-04175-553778,802799,161411.0,103.02150011062622
6511,11-27-520-04175-553779,802799,161411.0,103.02150011062622
6512,11-27-520-04175-553781,802799,161411.0,103.02150011062622
6513,11-27-520-04175-553790,802799,161411.0,103.02150011062622
6514,11-27-520-04175-553793,802799,161411.0,103.02150011062622
6515,11-27-520-04175-553794,802799,161411.0,103.02150011062622
6516,11-27-520-04175-553795,802799,161411.0,103.02150011062622
6520,11-27-520-04175-802799,802799,161411.0,103.02150011062622
6551,11-27-521-04189-555673,802814,5608334.0,1134.026093006134
6552,11-27-521-04189-555674,802814,5608334.0,1134.026093006134
6554,11-27-521-04190-555751,802814,5608334.0,1134.026093006134
6556,11-27-521-04190-555822,802814,5608334.0,1134.026093006134
6557,11-27-521-04190-555823,802814,5608334.0,1134.026093006134
6558,11-27-521-04190-555824,802814,5608334.0,1134.026093006134
6559,11-27-521-04190-555825,802814,5608334.0,1134.026093006134
6560,11-27-521-04190-555826,802814,5608334.0,1134.026093006134
6561,11-27-521-04190-555827,802814,5608334.0,1134.026093006134
6562,11-27-521-04190-555828,802814,5608334.0,1134.026093006134
6563,11-27-521-04190-555831,802814,5608334.0,1134.026093006134
6564,11-27-521-04190-555832,802814,5608334.0,1134.026093006134
6565,11-27-521-04190-555833,802814,5608334.0,1134.026093006134
6566,11-27-521-04190-555838,802814,5608334.0,1134.026093006134
6567,11-27-521-04190-555839,802814,5608334.0,1134.026093006134
6568,11-27-521-04190-555848,802814,5608334.0,1134.026093006134
6569,11-27-521-04190-555849,802814,5608334.0,1134.026093006134
6570,11-27-521-04190-555850,802814,5608334.0,1134.026093006134
6571,11-27-521-04190-555859,802814,5608334.0,1134.026093006134
6572,11-27-521-04190-555860,802814,5608334.0,1134.026093006134
6574,11-27-521-04190-555862,802814,5608334.0,1134.026093006134
6575,11-27-521-04190-555863,802814,5608334.0,1134.026093006134
6576,11-27-521-04190-555864,802814,5608334.0,1134.026093006134
6577,11-27-521-04190-555865,802814,5608334.0,1134.026093006134
6578,11-27-521-04190-802808,802814,5608334.0,1134.026093006134
6579,11-27-521-04191-555878,802814,5608334.0,1134.026093006134
6580,11-27-521-04191-555879,802814,5608334.0,1134.026093006134
6581,11-27-521-04191-555880,802814,5608334.0,1134.026093006134
6582,11-27-521-04191-555883,802814,5608334.0,1134.026093006134
6583,11-27-521-04191-555892,802814,5608334.0,1134.026093006134
6585,11-27-521-04191-556028,802814,5608334.0,1134.026093006134
6586,11-27-521-04191-556029,802814,5608334.0,1134.026093006134
6587,11-27-521-04191-556030,802814,5608334.0,1134.026093006134
6588,11-27-521-04191-556032,802814,5608334.0,1134.026093006134
6589,11-27-521-04191-556034,802814,5608334.0,1134.026093006134
6590,11-27-521-04191-556035,802814,5608334.0,1134.026093006134
6591,11-27-521-04191-556036,802814,5608334.0,1134.026093006134
6592,11-27-521-04191-556053,802814,5608334.0,1134.026093006134
6593,11-27-521-04191-556055,802799,161411.0,103.02150011062622
6594,11-27-521-04191-802809,802814,5608334.0,1134.026093006134
6595,11-27-521-04191-802810,802799,161411.0,103.02150011062622
6596,11-27-521-04192-556096,802814,5608334.0,1134.026093006134
6597,11-27-521-04192-556097,802814,5608334.0,1134.026093006134
6598,11-27-521-04192-556114,802814,5608334.0,1134.026093006134
6599,11-27-521-04192-556115,802814,5608334.0,1134.026093006134
6600,11-27-521-04192-556116,802814,5608334.0,1134.026093006134
6601,11-27-521-04192-556117,802814,5608334.0,1134.026093006134
6602,11-27-521-04192-556118,802814,5608334.0,1134.026093006134
6603,11-27-521-04192-556119,802814,5608334.0,1134.026093006134
6604,11-27-521-04192-556124,802814,5608334.0,1134.026093006134
6605,11-27-521-04192-556125,802814,5608334.0,1134.026093006134
6606,11-27-521-04192-556131,802814,5608334.0,1134.026093006134
6607,11-27-521-04192-556201,802814,5608334.0,1134.026093006134
6608,11-27-521-04192-556202,802814,5608334.0,1134.026093006134
6609,11-27-521-04193-556204,802814,5608334.0,1134.026093006134
6610,11-27-521-04193-556209,802814,5608334.0,1134.026093006134
6611,11-27-521-04193-556213,802814,5608334.0,1134.026093006134
6612,11-27-521-04193-556222,802814,5608334.0,1134.026093006134
6613,11-27-521-04193-556224,802814,5608334.0,1134.026093006134
6614,11-27-521-04193-556225,802814,5608334.0,1134.026093006134
6615,11-27-521-04193-556291,802814,5608334.0,1134.026093006134
6616,11-27-521-04193-556292,802814,5608334.0,1134.026093006134
6617,11-27-521-04193-556293,802814,5608334.0,1134.026093006134
6618,11-27-521-04193-556295,802814,5608334.0,1134.026093006134
6619,11-27-521-04193-556296,802814,5608334.0,1134.026093006134
6620,11-27-521-04193-556297,802814,5608334.0,1134.026093006134
6621,11-27-521-04193-556301,802814,5608334.0,1134.026093006134
6622,11-27-521-04193-556314,802814,5608334.0,1134.026093006134
6624,11-27-521-04193-556326,802814,5608334.0,1134.026093006134
6625,11-27-521-04193-556327,802814,5608334.0,1134.026093006134
6626,11-27-521-04193-556328,802814,5608334.0,1134.026093006134
6627,11-27-521-04193-802811,802814,5608334.0,1134.026093006134
6628,11-27-521-04193-802812,802814,5608334.0,1134.026093006134
6629,11-27-521-04194-802813,802814,5608334.0,1134.026093006134
6630,11-27-521-04194-802814,802814,5608334.0,1134.026093006134
6631,11-27-521-04194-802815,802814,5608334.0,1134.026093006134
6634,11-27-521-04199-556968,802820,83187.0,26.203099727630615
6635,11-27-521-04199-556970,802820,83187.0,26.203099727630615
6636,11-27-521-04199-556983,802820,83187.0,26.203099727630615
6637,11-27-521-04199-802820,802820,83187.0,26.203099727630615
6639,11-27-522-04202-557394,802822,70192.0,20.684399604797363
6640,11-27-522-04202-802822,802822,70192.0,20.684399604797363
6641,11-27-522-04203-802823,802823,65273.0,10.529999732971191
6643,11-27-522-04205-802826,802826,89282.0,9.020000457763672
6644,11-27-522-04209-558166,802828,421297.0,114.65000104904175
6645,11-27-522-04209-558168,802828,421297.0,114.65000104904175
6646,11-27-522-04209-558169,802828,421297.0,114.65000104904175
6647,11-27-522-04209-802828,802828,421297.0,114.65000104904175
6648,11-27-522-04209-802829,802828,421297.0,114.65000104904175
6651,11-27-523-04221-559688,802835,203240.0,59.429999351501465
6652,11-27-523-04221-802835,802835,203240.0,59.429999351501465
6653,11-27-523-04224-802838,802838,90975.0,7.809999942779541
6654,11-27-523-04225-802839,802839,73975.0,10.180000305175781
6655,11-27-524-04226-802840,802840,382940.0,21.0
6656,11-27-524-04235-802844,802844,103550.0,5.800000190734863
6657,11-27-525-04240-802848,802848,111825.0,94.06999969482422
6658,11-27-526-04246-802855,802855,118722.0,36.2599983215332
6660,11-27-526-04247-802856,802856,951558.0,178.57000732421875
6662,11-27-526-04249-802857,802857,98923.0,17.280000686645508
6665,11-27-527-04258-802866,802866,52118.0,14.609999656677246
6666,11-27-527-04262-563788,802869,198166.0,36.422299683094025
6667,11-27-527-04262-563789,802869,198166.0,36.422299683094025
6668,11-27-527-04262-563790,802869,198166.0,36.422299683094025
6669,11-27-527-04262-563791,802869,198166.0,36.422299683094025
6670,11-27-527-04262-563956,802869,198166.0,36.422299683094025
6671,11-27-527-04262-563957,802869,198166.0,36.422299683094025
6672,11-27-527-04262-563958,802869,198166.0,36.422299683094025
6673,11-27-527-04262-802869,802869,198166.0,36.422299683094025
6674,11-27-527-04265-802870,802870,53879.0,2.5399999618530273
6675,11-27-528-04269-802874,802874,55139.0,14.789999961853027
6680,11-27-528-04271-565594,802875,82453.0,13.901299715042114
6681,11-27-528-04271-565595,802875,82453.0,13.901299715042114
6682,11-27-528-04271-565672,802875,82453.0,13.901299715042114
6683,11-27-528-04271-802875,802875,82453.0,13.901299715042114
6685,11-27-530-04285-802884,802884,287353.0,29.889999389648438
6686,11-27-530-04287-567498,802887,593075.0,76.20999923348427
6687,11-27-530-04287-567499,802887,593075.0,76.20999923348427
6688,11-27-530-04287-802887,802887,593075.0,76.20999923348427
6689,11-27-531-04296-802891,802891,67391.0,40.41999816894531
6690,11-27-531-04302-568712,802895,521868.0,123.0400002002716
6691,11-27-531-04302-568759,802895,521868.0,123.0400002002716
6692,11-27-531-04302-802895,802895,521868.0,123.0400002002716
6693,11-28-532-04306-569017,802896,139383.0,20.69999933242798
6694,11-28-532-04306-802896,802896,139383.0,20.69999933242798
6695,11-28-532-04318-802897,802897,57583.0,12.869999885559082
6696,11-28-532-04344-802899,802899,94944.0,22.580000162124634
6697,11-28-532-04350-802900,802907,518905.0,378.8027299642563
6698,11-28-532-04352-570569,802907,518905.0,378.8027299642563
6699,11-28-532-04352-802901,802907,518905.0,378.8027299642563
6700,11-28-532-04354-570612,802907,518905.0,378.8027299642563
6701,11-28-532-04354-802902,802907,518905.0,378.8027299642563
6702,11-28-533-04360-802903,802903,64023.0,32.83000183105469
6703,11-28-533-04368-570929,802904,336593.0,52.53000020980835
6704,11-28-533-04368-570930,802904,336593.0,52.53000020980835
6705,11-28-533-04368-570935,802904,336593.0,52.53000020980835
6706,11-28-533-04368-570936,802904,336593.0,52.53000020980835
6707,11-28-533-04368-802904,802904,336593.0,52.53000020980835
6708,11-28-533-04370-802905,802905,112149.0,131.84000253677368
6709,11-28-533-04390-802906,802906,84235.0,19.929999828338623
6710,11-28-534-04399-802907,802907,518905.0,378.8027299642563
6711,11-28-534-04400-571763,802907,518905.0,378.8027299642563
6712,11-28-534-04400-571774,802907,518905.0,378.8027299642563
6713,11-28-534-04400-571775,802907,518905.0,378.8027299642563
6714,11-28-534-04400-571779,802907,518905.0,378.8027299642563
6715,11-28-534-04406-571943,802907,518905.0,378.8027299642563
6716,11-28-534-04414-802908,802908,115143.0,70.29999828338623
6717,11-28-534-04416-802909,802909,66504.0,22.790000915527344
6718,11-28-534-04417-802910,802910,50902.0,48.040000915527344
6719,11-28-534-04428-572326,802911,304418.0,74.20000672340393
6720,11-28-534-04428-802911,802911,304418.0,74.20000672340393
6721,11-28-534-04435-802912,802912,84336.0,40.43000054359436
6722,11-28-535-04459-802914,802914,107444.0,40.58000087738037
6723,11-28-535-04474-802915,802915,72705.0,66.68999862670898
6729,11-28-535-04492-573881,802918,8036629.0,2546.2720135748386
6730,11-28-535-04492-573883,802918,8036629.0,2546.2720135748386
6731,11-28-535-04492-573884,802918,8036629.0,2546.2720135748386
6732,11-28-535-04492-573892,802918,8036629.0,2546.2720135748386
6733,11-28-535-04492-573894,802918,8036629.0,2546.2720135748386
6734,11-28-535-04492-802917,802918,8036629.0,2546.2720135748386
6735,11-28-535-04493-573905,802918,8036629.0,2546.2720135748386
6736,11-28-535-04493-573918,802918,8036629.0,2546.2720135748386
6737,11-28-535-04493-573919,802918,8036629.0,2546.2720135748386
6738,11-28-535-04493-573920,802918,8036629.0,2546.2720135748386
6739,11-28-535-04493-573921,802918,8036629.0,2546.2720135748386
6740,11-28-535-04493-573922,802918,8036629.0,2546.2720135748386
6741,11-28-535-04493-573923,802918,8036629.0,2546.2720135748386
6742,11-28-535-04493-573924,802918,8036629.0,2546.2720135748386
6743,11-28-535-04494-573925,802918,8036629.0,2546.2720135748386
6744,11-28-535-04494-573930,802918,8036629.0,2546.2720135748386
6745,11-28-535-04494-573931,802918,8036629.0,2546.2720135748386
6746,11-28-535-04494-573932,802918,8036629.0,2546.2720135748386
6747,11-28-535-04494-573936,802918,8036629.0,2546.2720135748386
6748,11-28-535-04494-573939,802918,8036629.0,2546.2720135748386
6749,11-28-535-04494-573940,802918,8036629.0,2546.2720135748386
6750,11-28-535-04494-573941,802918,8036629.0,2546.2720135748386
6751,11-28-535-04494-573943,802918,8036629.0,2546.2720135748386
6752,11-28-535-04494-573944,802918,8036629.0,2546.2720135748386
6753,11-28-535-04494-573945,802918,8036629.0,2546.2720135748386
6754,11-28-535-04494-573946,802918,8036629.0,2546.2720135748386
6755,11-28-535-04494-573947,802918,8036629.0,2546.2720135748386
6756,11-28-535-04494-573948,802918,8036629.0,2546.2720135748386
6757,11-28-535-04495-573950,802918,8036629.0,2546.2720135748386
6758,11-28-535-04495-573953,802918,8036629.0,2546.2720135748386
6759,11-28-535-04495-573954,802918,8036629.0,2546.2720135748386
6760,11-28-535-04495-573955,802918,8036629.0,2546.2720135748386
6761,11-28-535-04495-573956,802918,8036629.0,2546.2720135748386
6762,11-28-535-04495-802918,802918,8036629.0,2546.2720135748386
6763,11-28-536-04499-802919,802918,8036629.0,2546.2720135748386
6764,11-28-536-04501-573968,802918,8036629.0,2546.2720135748386
6765,11-28-536-04508-802918,802918,8036629.0,2546.2720135748386
6766,11-28-537-04515-574064,802918,8036629.0,2546.2720135748386
6767,11-28-537-04517-802918,802918,8036629.0,2546.2720135748386
6768,11-28-537-04518-574069,802918,8036629.0,2546.2720135748386
6769,11-28-537-04518-574070,802918,8036629.0,2546.2720135748386
6770,11-28-537-04518-574071,802918,8036629.0,2546.2720135748386
6771,11-28-537-04518-574072,802918,8036629.0,2546.2720135748386
6772,11-28-537-04519-574094,802918,8036629.0,2546.2720135748386
6773,11-28-537-04519-574098,802918,8036629.0,2546.2720135748386
6774,11-28-537-04519-574099,802918,8036629.0,2546.2720135748386
6775,11-28-537-04519-574101,802918,8036629.0,2546.2720135748386
6776,11-28-537-04519-574102,802918,8036629.0,2546.2720135748386
6777,11-28-537-04519-574103,802918,8036629.0,2546.2720135748386
6778,11-28-537-04519-574104,802918,8036629.0,2546.2720135748386
6779,11-28-537-04519-574107,802918,8036629.0,2546.2720135748386
6780,11-28-537-04519-574108,802918,8036629.0,2546.2720135748386
6782,11-28-537-04520-574123,802918,8036629.0,2546.2720135748386
6783,11-28-537-04520-574124,802918,8036629.0,2546.2720135748386
6784,11-28-537-04520-574125,802918,8036629.0,2546.2720135748386
6785,11-28-537-04520-574126,802918,8036629.0,2546.2720135748386
6786,11-28-537-04520-574127,802918,8036629.0,2546.2720135748386
6787,11-28-537-04520-574137,802918,8036629.0,2546.2720135748386
6788,11-28-537-04522-574144,802918,8036629.0,2546.2720135748386
6789,11-28-537-04522-574145,802918,8036629.0,2546.2720135748386
6790,11-28-537-04522-574146,802918,8036629.0,2546.2720135748386
6791,11-28-537-04522-574147,802918,8036629.0,2546.2720135748386
6792,11-28-537-04522-574148,802918,8036629.0,2546.2720135748386
6793,11-28-537-04522-574150,802918,8036629.0,2546.2720135748386
6794,11-28-537-04523-574153,802918,8036629.0,2546.2720135748386
6795,11-28-537-04523-574154,802918,8036629.0,2546.2720135748386
6796,11-28-537-04523-574155,802918,8036629.0,2546.2720135748386
6797,11-28-537-04523-574156,802918,8036629.0,2546.2720135748386
6798,11-28-537-04523-574157,802918,8036629.0,2546.2720135748386
6799,11-28-537-04523-574160,802918,8036629.0,2546.2720135748386
6800,11-28-537-04523-574161,802918,8036629.0,2546.2720135748386
6801,11-28-537-04523-574163,802918,8036629.0,2546.2720135748386
6802,11-28-537-04523-574170,802918,8036629.0,2546.2720135748386
6803,11-28-537-04523-574171,802918,8036629.0,2546.2720135748386
6804,11-28-537-04523-574172,802918,8036629.0,2546.2720135748386
6805,11-28-537-04523-574173,802918,8036629.0,2546.2720135748386
6806,11-28-537-04525-574178,802918,8036629.0,2546.2720135748386
6807,11-28-537-04525-574196,802918,8036629.0,2546.2720135748386
6808,11-28-537-04525-574202,802918,8036629.0,2546.2720135748386
6809,11-28-537-04526-574213,802918,8036629.0,2546.2720135748386
6810,11-28-537-04526-574214,802918,8036629.0,2546.2720135748386
6811,11-28-537-04526-574215,802918,8036629.0,2546.2720135748386
6812,11-28-537-04527-574227,802918,8036629.0,2546.2720135748386
6813,11-28-537-04527-574228,802918,8036629.0,2546.2720135748386
6814,11-28-537-04527-574229,802918,8036629.0,2546.2720135748386
6815,11-28-537-04527-574233,802918,8036629.0,2546.2720135748386
6816,11-28-537-04527-574234,802918,8036629.0,2546.2720135748386
6817,11-28-537-04527-574235,802918,8036629.0,2546.2720135748386
6818,11-28-537-04527-574238,802918,8036629.0,2546.2720135748386
6819,11-28-537-04527-574239,802918,8036629.0,2546.2720135748386
6820,11-28-537-04527-574242,802918,8036629.0,2546.2720135748386
6821,11-28-537-04527-574243,802918,8036629.0,2546.2720135748386
6822,11-28-537-04527-574244,802918,8036629.0,2546.2720135748386
6823,11-28-537-04528-574257,802918,8036629.0,2546.2720135748386
6824,11-28-537-04530-802920,802920,53143.0,46.70000076293945
6825,11-28-537-04534-574468,802921,65569.0,7.890000104904175
6826,11-28-537-04534-802921,802921,65569.0,7.890000104904175
6828,11-28-537-04543-574737,802918,8036629.0,2546.2720135748386
6829,11-28-537-04543-574738,802918,8036629.0,2546.2720135748386
6830,11-28-537-04543-574739,802918,8036629.0,2546.2720135748386
6832,11-28-537-04543-574750,802918,8036629.0,2546.2720135748386
6833,11-28-537-04543-574751,802918,8036629.0,2546.2720135748386
6834,11-28-537-04543-574752,802918,8036629.0,2546.2720135748386
6835,11-28-537-04543-574755,802918,8036629.0,2546.2720135748386
6836,11-28-537-04543-574756,802918,8036629.0,2546.2720135748386
6837,11-28-537-04543-574760,802918,8036629.0,2546.2720135748386
6838,11-28-537-04544-574785,802918,8036629.0,2546.2720135748386
6839,11-28-537-04544-574787,802918,8036629.0,2546.2720135748386
6840,11-28-537-04544-574788,802918,8036629.0,2546.2720135748386
6841,11-28-537-04544-574789,802918,8036629.0,2546.2720135748386
6842,11-28-537-04544-574790,802918,8036629.0,2546.2720135748386
6843,11-28-537-04546-574827,802918,8036629.0,2546.2720135748386
6844,11-28-537-04546-574828,802918,8036629.0,2546.2720135748386
6845,11-28-538-04559-575181,575211,52653.0,31.25
6846,11-28-538-04559-575211,575211,52653.0,31.25
6852,11-28-538-04568-575391,802922,205451.0,97.61999845504761
6853,11-28-538-04568-575403,802922,205451.0,97.61999845504761
6854,11-28-538-04568-802922,802922,205451.0,97.61999845504761
6856,11-28-538-04595-802924,802924,60949.0,27.399999618530273
6857,11-28-538-04603-802925,802925,68018.0,39.869999408721924
6858,11-28-539-04628-802926,802926,63467.0,45.27999973297119
6861,11-28-539-04638-802927,802927,121053.0,63.49000072479248
6862,11-28-539-04646-802928,802928,154326.0,123.54000091552734
6864,11-28-539-04664-802929,802929,110834.0,32.78999996185303
6865,11-28-539-04668-577573,577573,64234.0,31.899999618530273
6866,11-28-540-04695-802930,802930,730649.0,287.50626492500305
6867,11-28-540-04699-802931,802931,52394.0,7.5
6869,11-28-541-04730-579086,579086,72236.0,31.100000381469727
6870,11-28-541-04736-579352,579086,72236.0,31.100000381469727
6871,11-28-541-04737-802933,802934,185554.0,167.1899995803833
6872,11-28-541-04738-802934,802934,185554.0,167.1899995803833
6873,11-28-541-04757-579685,802937,253271.0,58.06308841705322
6874,11-28-541-04757-802937,802937,253271.0,58.06308841705322
6875,11-28-542-04775-802938,802938,57507.0,32.75
6876,11-28-542-04802-802942,802942,148180.0,44.19000005722046
6879,11-28-543-04812-802943,802943,53844.0,11.239999771118164
6880,11-28-543-04816-802944,802944,58619.0,33.4200005531311
6881,11-28-543-04836-802946,802946,238002.0,49.760000705718994
6882,11-28-544-04862-802947,802947,1703320.0,945.3389854431152
6884,11-28-544-04865-802948,802948,60219.0,34.0
6885,11-28-544-04867-802947,802947,1703320.0,945.3389854431152
6886,11-28-544-04868-802947,802947,1703320.0,945.3389854431152
6887,11-28-544-04869-802947,802947,1703320.0,945.3389854431152
6888,11-28-544-04870-586153,802947,1703320.0,945.3389854431152
6889,11-28-544-04871-802949,802949,86519.0,23.280000686645508
6901,11-28-545-04890-802950,802950,66615.0,15.849999904632568
6902,11-28-545-04906-802952,802952,416890.0,92.69322514533997
6903,11-28-545-04910-802953,802953,59833.0,25.420000076293945
6904,11-28-545-04911-802954,802954,57570.0,27.609999179840088
6905,11-28-545-04913-587502,802955,500937.0,130.41853249073029
6906,11-28-545-04913-587503,802955,500937.0,130.41853249073029
6907,11-28-545-04914-802955,802955,500937.0,130.41853249073029
6908,11-28-545-04941-802958,802958,62739.0,24.269999504089355
6909,11-28-546-04961-802961,802961,110184.0,32.14999866485596
6910,11-28-546-04966-802962,802962,260808.0,53.96999967098236
6911,11-28-546-04972-802963,802963,86416.0,27.8700008392334
6913,11-28-546-04984-802964,802964,163916.0,36.489999175071716
6914,11-28-546-04987-802965,802965,65352.0,29.919999599456787
6915,11-28-546-04988-802966,802966,81199.0,19.489999771118164
6916,11-28-547-04991-802967,802967,53530.0,23.5
6917,11-28-547-05003-802968,802968,58590.0,8.6899995803833
6919,11-28-547-05010-802969,802969,1459469.0,365.9970152378082
6922,11-28-547-05021-802970,802970,133970.0,45.649999380111694
6923,11-28-547-05024-589508,802969,1459469.0,365.9970152378082
6924,11-28-547-05024-589509,802969,1459469.0,365.9970152378082
6925,11-28-547-05034-802972,802972,173674.0,70.07000017166138
6927,11-28-548-05040-802973,802973,57679.0,23.739999771118164
6928,11-28-548-05047-802974,802974,63103.0,31.489999771118164
6929,11-28-548-05054-802975,802969,1459469.0,365.9970152378082
6930,11-28-548-05055-802976,802969,1459469.0,365.9970152378082
6931,11-28-548-05058-802977,802977,56721.0,21.8799991607666
6932,11-28-548-05062-802978,802978,66724.0,49.78999900817871
6933,11-28-548-05067-802979,802979,133465.0,23.740000247955322
6934,11-28-548-05070-802980,802980,108563.0,47.869998931884766
6935,11-28-548-05074-802981,802981,746454.0,158.45999956130981
6936,11-28-548-05075-590253,802981,746454.0,158.45999956130981
6937,11-28-548-05078-802982,802982,171903.0,28.079999446868896
6938,11-28-548-05084-802983,802983,59913.0,26.139999389648438
6939,11-28-548-05093-802984,802984,97299.0,86.93000030517578
6940,11-28-548-05096-802985,802985,53009.0,21.480000495910645
6941,11-28-549-05115-802986,802986,72573.0,52.040000915527344
6942,11-28-549-05123-802987,802987,181213.0,103.79131984710693
6944,11-28-549-05139-802988,802988,236490.0,120.49782276153564
6945,11-28-549-05148-802989,802989,57246.0,33.060001373291016
6946,11-28-550-05158-802990,802990,102546.0,108.23000144958496
6947,11-28-550-05177-802991,802991,568764.0,122.83999681472778
6948,11-28-550-05178-592112,802991,568764.0,122.83999681472778
6950,11-28-550-05184-802992,802992,96437.0,102.33770799636841
6951,11-28-550-05187-802993,802993,52811.0,28.029999494552612
6952,11-28-551-05214-802995,802995,163970.0,18.780000686645508
6953,11-28-551-05219-802997,802997,66389.0,74.92999839782715
6954,11-28-551-05230-802998,802998,318916.0,182.75
6955,11-28-551-05239-802999,802999,92425.0,51.79999923706055
6956,11-28-551-05246-803000,803000,57227.0,19.789999961853027
6958,11-28-552-05254-803001,803001,95149.0,14.5
6959,11-28-552-05259-593921,803002,496827.0,234.0856056213379
6960,11-28-552-05259-803002,803002,496827.0,234.0856056213379
6962,11-28-552-05271-803003,803003,184625.0,106.4000015258789
6963,11-28-552-05284-803004,803004,228555.0,105.52999877929688
6964,11-28-552-05289-803005,803005,70243.0,52.900001525878906
6965,11-28-553-05305-803006,803006,61749.0,49.72999954223633
6966,11-28-553-05309-803007,803007,128142.0,77.72999954223633
6967,11-28-553-05313-594819,803008,122903.0,64.78999924659729
6968,11-28-553-05313-594820,803008,122903.0,64.78999924659729
6969,11-28-553-05313-594821,803008,122903.0,64.78999924659729
6970,11-28-553-05313-803008,803008,122903.0,64.78999924659729
6971,11-28-553-05330-595096,803009,329191.0,95.96061265468597
6972,11-28-553-05330-595097,803009,329191.0,95.96061265468597
6973,11-28-553-05330-803009,803009,329191.0,95.96061265468597
6974,11-28-553-05336-803010,803010,132918.0,85.20999908447266
6975,11-28-553-05343-803011,803011,98096.0,68.2299976348877
6977,11-28-553-05364-803012,803012,156909.0,57.64999961853027
6978,11-28-554-05375-595729,803014,430530.0,56.30479174852371
6983,11-28-554-05378-803013,803013,82368.0,21.619999885559082
6985,11-28-554-05383-596008,803014,430530.0,56.30479174852371
6987,11-28-554-05383-596011,803014,430530.0,56.30479174852371
6988,11-28-554-05383-596012,803014,430530.0,56.30479174852371
6989,11-28-554-05383-596013,803014,430530.0,56.30479174852371
6990,11-28-554-05383-803014,803014,430530.0,56.30479174852371
6991,11-28-554-05392-803015,803015,187117.0,77.09000015258789
6997,11-28-554-05406-803016,803016,64440.0,35.99000072479248
6998,11-28-554-05407-803017,803017,60039.0,65.38000059127808
6999,11-28-554-05415-803018,803018,60077.0,62.3799991607666
7000,11-28-554-05421-803019,803019,165903.0,53.640000343322754
7001,11-28-554-05422-803020,803020,64488.0,41.677810072898865
7003,11-29-555-05433-803021,803021,62865.0,20.209999084472656
7004,11-29-555-05434-803024,803024,61838.0,124.49979877471924
7005,11-29-555-05436-597457,803030,82896.0,27.269699096679688
7006,11-29-555-05436-803030,803030,82896.0,27.269699096679688
7007,11-29-555-05438-597690,803033,612359.0,182.96450114250183
7008,11-29-555-05438-597751,803033,612359.0,182.96450114250183
7009,11-29-555-05438-597793,803033,612359.0,182.96450114250183
7010,11-29-555-05438-597794,803033,612359.0,182.96450114250183
7011,11-29-555-05438-597795,803033,612359.0,182.96450114250183
7012,11-29-555-05438-803033,803033,612359.0,182.96450114250183
7013,11-29-555-05438-803034,803033,612359.0,182.96450114250183
7018,11-29-556-05443-598438,803041,78709.0,18.735600471496582
7019,11-29-556-05443-803041,803041,78709.0,18.735600471496582
7020,11-29-556-05443-803042,803042,77004.0,13.140000343322754
7022,11-29-556-05445-803044,803044,52199.0,4.789999961853027
7023,11-29-556-05447-598803,803048,116283.0,58.057601511478424
7024,11-29-556-05447-598862,803048,116283.0,58.057601511478424
7025,11-29-556-05447-803048,803048,116283.0,58.057601511478424
7027,11-29-556-05448-803050,803050,60242.0,11.770000457763672
7028,11-29-557-05449-599084,803051,327535.0,105.96170330047607
7029,11-29-557-05449-803051,803051,327535.0,105.96170330047607
7034,11-29-558-05454-803057,803057,69717.0,17.209999084472656
7035,11-29-558-05457-600170,803060,218241.0,60.4005001783371
7036,11-29-558-05457-600172,803060,218241.0,60.4005001783371
7037,11-29-558-05457-600178,803060,218241.0,60.4005001783371
7038,11-29-558-05457-803060,803060,218241.0,60.4005001783371
7041,11-29-559-05461-803067,803067,234073.0,43.849998474121094
7043,11-29-559-05463-803069,803069,75837.0,30.579999923706055
7044,11-29-560-05466-803072,803072,114642.0,9.210000038146973
7048,11-29-560-05467-803073,803073,70698.0,10.729999542236328
7049,11-29-561-05470-803078,803078,172612.0,54.56999969482422
7052,11-29-562-05473-602233,803083,950165.0,168.47284054756165
7053,11-29-562-05475-602385,803083,950165.0,168.47284054756165
7054,11-29-562-05475-602404,803083,950165.0,168.47284054756165
7055,11-29-562-05475-602405,803083,950165.0,168.47284054756165
7056,11-29-562-99999-803083,803083,950165.0,168.47284054756165
7057,11-29-563-05478-803090,803090,77139.0,36.95000076293945
7058,11-29-563-05483-803094,803094,62882.0,11.989999771118164
7059,11-29-563-99999-803089,803089,52069.0,7.808539867401123
7061,11-29-564-05492-803104,803104,67102.0,26.190000534057617
7063,11-29-564-05495-604582,803124,103828.0,64.01000034809113
7064,11-29-564-05495-604583,803124,103828.0,64.01000034809113
7065,11-29-564-05495-803107,803107,106406.0,42.31999969482422
7066,11-29-565-05498-803109,803109,206167.0,49.70000076293945
7067,11-29-565-05499-803112,803112,52492.0,31.139999389648438
7068,11-29-565-05500-803114,803114,410445.0,79.44999694824219
7073,11-29-566-05504-803119,803119,55194.0,30.709999084472656
7074,11-29-566-05505-605581,803120,161027.0,41.51040053367615
7075,11-29-566-05505-605582,803120,161027.0,41.51040053367615
7076,11-29-566-05505-605583,803120,161027.0,41.51040053367615
7077,11-29-566-05505-803120,803120,161027.0,41.51040053367615
7080,11-29-566-05508-803123,803123,56416.0,20.219999313354492
7081,11-29-567-05509-803124,803124,103828.0,64.01000034809113
7083,11-29-567-05512-803127,803127,434971.0,77.12000274658203
7086,11-29-568-05515-803131,803131,54550.0,17.40999984741211
7087,11-29-568-05520-608439,803137,326056.0,86.17569881677628
7088,11-29-568-05520-608441,803137,326056.0,86.17569881677628
7089,11-29-568-05520-608442,803137,326056.0,86.17569881677628
7090,11-29-568-05520-803137,803137,326056.0,86.17569881677628
7091,11-29-568-05521-608582,803138,151872.0,67.50369971990585
7092,11-29-568-05521-803138,803138,151872.0,67.50369971990585
7093,11-29-569-05523-803141,803141,144960.0,75.91999816894531
7097,11-29-570-05530-609737,803149,120023.0,34.76450157165527
7098,11-29-570-05530-803149,803149,120023.0,34.76450157165527
7101,11-29-571-05533-803153,803153,57554.0,12.979999542236328
7107,11-29-571-05537-611292,803157,325587.0,92.16399663686752
7108,11-29-571-05537-611293,803157,325587.0,92.16399663686752
7115,11-29-571-05537-611383,803157,325587.0,92.16399663686752
7116,11-29-571-05537-611384,803157,325587.0,92.16399663686752
7117,11-29-571-05537-611385,803157,325587.0,92.16399663686752
7118,11-29-571-05537-611434,803157,325587.0,92.16399663686752
7119,11-29-571-05537-611435,803157,325587.0,92.16399663686752
7120,11-29-571-05537-611436,803157,325587.0,92.16399663686752
7121,11-29-571-05537-611440,803157,325587.0,92.16399663686752
7122,11-29-571-05537-611461,803157,325587.0,92.16399663686752
7123,11-29-571-05537-611462,803157,325587.0,92.16399663686752
7124,11-29-571-05537-611463,803157,325587.0,92.16399663686752
7125,11-29-571-05537-611466,803157,325587.0,92.16399663686752
7126,11-29-571-05537-611467,803157,325587.0,92.16399663686752
7127,11-29-571-05537-803157,803157,325587.0,92.16399663686752
7129,11-29-571-05539-803159,803159,59543.0,10.270000457763672
7133,11-29-572-05542-612754,803162,9872784.0,2518.985194452107
7134,11-29-572-05542-612755,803162,9872784.0,2518.985194452107
7135,11-29-572-05542-612761,803162,9872784.0,2518.985194452107
7136,11-29-572-05542-612763,803162,9872784.0,2518.985194452107
7137,11-29-572-05542-612764,803162,9872784.0,2518.985194452107
7138,11-29-572-05542-612765,803162,9872784.0,2518.985194452107
7139,11-29-572-05542-612768,803162,9872784.0,2518.985194452107
7140,11-29-572-05542-612772,803162,9872784.0,2518.985194452107
7141,11-29-572-05542-612773,803162,9872784.0,2518.985194452107
7142,11-29-572-05542-612774,803162,9872784.0,2518.985194452107
7143,11-29-572-05542-612775,803162,9872784.0,2518.985194452107
7144,11-29-572-05542-612776,803162,9872784.0,2518.985194452107
7145,11-29-572-05542-612777,803162,9872784.0,2518.985194452107
7146,11-29-572-05542-612778,803162,9872784.0,2518.985194452107
7147,11-29-572-05542-612779,803162,9872784.0,2518.985194452107
7148,11-29-572-05542-612780,803162,9872784.0,2518.985194452107
7149,11-29-572-05542-612789,803162,9872784.0,2518.985194452107
7150,11-29-572-05542-612791,803162,9872784.0,2518.985194452107
7151,11-29-572-05542-612792,803162,9872784.0,2518.985194452107
7152,11-29-572-05542-612793,803162,9872784.0,2518.985194452107
7153,11-29-572-05542-612804,803162,9872784.0,2518.985194452107
7154,11-29-572-05542-612805,803162,9872784.0,2518.985194452107
7155,11-29-572-05542-612806,803162,9872784.0,2518.985194452107
7156,11-29-572-05542-612807,803162,9872784.0,2518.985194452107
7157,11-29-572-05542-612808,803162,9872784.0,2518.985194452107
7158,11-29-572-05542-612813,803162,9872784.0,2518.985194452107
7159,11-29-572-05542-612814,803162,9872784.0,2518.985194452107
7160,11-29-572-05542-612815,803162,9872784.0,2518.985194452107
7161,11-29-572-05542-612816,803162,9872784.0,2518.985194452107
7162,11-29-572-05542-612817,803162,9872784.0,2518.985194452107
7163,11-29-572-05542-612818,803162,9872784.0,2518.985194452107
7164,11-29-572-05542-612819,803162,9872784.0,2518.985194452107
7165,11-29-572-05542-612820,803162,9872784.0,2518.985194452107
7166,11-29-572-05542-612823,803162,9872784.0,2518.985194452107
7167,11-29-572-05542-612824,803162,9872784.0,2518.985194452107
7168,11-29-572-05542-612825,803162,9872784.0,2518.985194452107
7169,11-29-572-05542-612847,803162,9872784.0,2518.985194452107
7170,11-29-572-05542-612860,803162,9872784.0,2518.985194452107
7171,11-29-572-05542-612879,803162,9872784.0,2518.985194452107
7172,11-29-572-05542-612880,803162,9872784.0,2518.985194452107
7173,11-29-572-05542-612881,803162,9872784.0,2518.985194452107
7174,11-29-572-05542-612882,803162,9872784.0,2518.985194452107
7175,11-29-572-05542-612883,803162,9872784.0,2518.985194452107
7176,11-29-572-05542-612888,803162,9872784.0,2518.985194452107
7177,11-29-572-05542-612889,803162,9872784.0,2518.985194452107
7178,11-29-572-05542-612893,803162,9872784.0,2518.985194452107
7179,11-29-572-05542-612894,803162,9872784.0,2518.985194452107
7180,11-29-572-05542-612895,803162,9872784.0,2518.985194452107
7181,11-29-572-05542-612897,803162,9872784.0,2518.985194452107
7182,11-29-572-05542-612898,803162,9872784.0,2518.985194452107
7183,11-29-572-05542-612899,803162,9872784.0,2518.985194452107
7184,11-29-572-05542-612900,803162,9872784.0,2518.985194452107
7185,11-29-572-05542-612901,803162,9872784.0,2518.985194452107
7186,11-29-572-05542-612902,803162,9872784.0,2518.985194452107
7187,11-29-572-05542-612903,803162,9872784.0,2518.985194452107
7188,11-29-572-05542-612904,803162,9872784.0,2518.985194452107
7189,11-29-572-05542-612905,803162,9872784.0,2518.985194452107
7190,11-29-572-05542-612907,803162,9872784.0,2518.985194452107
7191,11-29-572-05542-612908,803162,9872784.0,2518.985194452107
7192,11-29-572-05542-612910,803162,9872784.0,2518.985194452107
7193,11-29-572-05542-612911,803162,9872784.0,2518.985194452107
7194,11-29-572-05542-612912,803162,9872784.0,2518.985194452107
7195,11-29-572-05542-612913,803162,9872784.0,2518.985194452107
7196,11-29-572-05542-612914,803162,9872784.0,2518.985194452107
7197,11-29-572-05542-612915,803162,9872784.0,2518.985194452107
7198,11-29-572-05542-612916,803162,9872784.0,2518.985194452107
7199,11-29-572-05542-612917,803162,9872784.0,2518.985194452107
7200,11-29-572-05542-612919,803162,9872784.0,2518.985194452107
7201,11-29-572-05542-612920,803162,9872784.0,2518.985194452107
7202,11-29-572-05542-612922,803162,9872784.0,2518.985194452107
7203,11-29-572-05542-612923,803162,9872784.0,2518.985194452107
7204,11-29-572-05542-612924,803162,9872784.0,2518.985194452107
7205,11-29-572-05542-612925,803162,9872784.0,2518.985194452107
7206,11-29-572-05542-612926,803162,9872784.0,2518.985194452107
7207,11-29-572-05542-612929,803162,9872784.0,2518.985194452107
7208,11-29-572-05542-612932,803162,9872784.0,2518.985194452107
7209,11-29-572-05542-612934,803162,9872784.0,2518.985194452107
7210,11-29-572-05542-612936,803162,9872784.0,2518.985194452107
7211,11-29-572-05542-612937,803162,9872784.0,2518.985194452107
7212,11-29-572-05542-612939,803162,9872784.0,2518.985194452107
7213,11-29-572-05542-612940,803162,9872784.0,2518.985194452107
7214,11-29-572-05542-612943,803162,9872784.0,2518.985194452107
7215,11-29-572-05542-612944,803162,9872784.0,2518.985194452107
7216,11-29-572-05542-612945,803162,9872784.0,2518.985194452107
7217,11-29-572-05542-612946,803162,9872784.0,2518.985194452107
7218,11-29-572-05542-612947,803162,9872784.0,2518.985194452107
7219,11-29-572-05542-612948,803162,9872784.0,2518.985194452107
7220,11-29-572-05542-612949,803162,9872784.0,2518.985194452107
7221,11-29-572-05542-612952,803162,9872784.0,2518.985194452107
7222,11-29-572-05543-612965,803162,9872784.0,2518.985194452107
7223,11-29-572-05543-612966,803162,9872784.0,2518.985194452107
7224,11-29-572-05543-612980,803162,9872784.0,2518.985194452107
7225,11-29-572-05543-613010,803162,9872784.0,2518.985194452107
7226,11-29-572-05543-613011,803162,9872784.0,2518.985194452107
7227,11-29-572-05543-613017,803162,9872784.0,2518.985194452107
7228,11-29-572-05543-613018,803162,9872784.0,2518.985194452107
7229,11-29-572-05543-613019,803162,9872784.0,2518.985194452107
7230,11-29-572-05543-613020,803162,9872784.0,2518.985194452107
7231,11-29-572-05543-613021,803162,9872784.0,2518.985194452107
7232,11-29-572-05543-613022,803162,9872784.0,2518.985194452107
7233,11-29-572-05543-613023,803162,9872784.0,2518.985194452107
7234,11-29-572-05543-613024,803162,9872784.0,2518.985194452107
7235,11-29-572-05543-613025,803162,9872784.0,2518.985194452107
7236,11-29-572-05543-613035,803162,9872784.0,2518.985194452107
7237,11-29-572-05543-613036,803162,9872784.0,2518.985194452107
7238,11-29-572-05543-613039,803162,9872784.0,2518.985194452107
7239,11-29-572-05543-613041,803162,9872784.0,2518.985194452107
7240,11-29-572-05543-613042,803162,9872784.0,2518.985194452107
7241,11-29-572-05543-613043,803162,9872784.0,2518.985194452107
7242,11-29-572-05543-613057,803162,9872784.0,2518.985194452107
7243,11-29-572-05543-613059,803162,9872784.0,2518.985194452107
7244,11-29-572-05543-613060,803162,9872784.0,2518.985194452107
7245,11-29-572-05544-613065,803162,9872784.0,2518.985194452107
7246,11-29-572-05544-613066,803162,9872784.0,2518.985194452107
7247,11-29-572-05544-613071,803162,9872784.0,2518.985194452107
7248,11-29-572-05544-613072,803162,9872784.0,2518.985194452107
7249,11-29-572-05544-613073,803162,9872784.0,2518.985194452107
7250,11-29-572-05544-613074,803162,9872784.0,2518.985194452107
7251,11-29-572-05544-613076,803162,9872784.0,2518.985194452107
7252,11-29-572-05544-613077,803162,9872784.0,2518.985194452107
7253,11-29-572-05544-613079,803162,9872784.0,2518.985194452107
7254,11-29-572-05544-613080,803162,9872784.0,2518.985194452107
7255,11-29-572-05544-613081,803162,9872784.0,2518.985194452107
7256,11-29-572-05544-613082,803162,9872784.0,2518.985194452107
7257,11-29-572-05544-613083,803162,9872784.0,2518.985194452107
7258,11-29-572-05544-613084,803162,9872784.0,2518.985194452107
7259,11-29-572-05544-613085,803162,9872784.0,2518.985194452107
7260,11-29-572-05544-613093,803162,9872784.0,2518.985194452107
7261,11-29-572-05544-613094,803162,9872784.0,2518.985194452107
7262,11-29-572-05544-613095,803162,9872784.0,2518.985194452107
7263,11-29-572-05544-613096,803162,9872784.0,2518.985194452107
7264,11-29-572-05544-613097,803162,9872784.0,2518.985194452107
7265,11-29-572-05544-613098,803162,9872784.0,2518.985194452107
7266,11-29-572-05544-613099,803162,9872784.0,2518.985194452107
7267,11-29-572-05544-613100,803162,9872784.0,2518.985194452107
7268,11-29-572-05544-613101,803162,9872784.0,2518.985194452107
7269,11-29-572-05544-613102,803162,9872784.0,2518.985194452107
7270,11-29-572-05544-613103,803162,9872784.0,2518.985194452107
7271,11-29-572-05544-613104,803162,9872784.0,2518.985194452107
7272,11-29-572-05544-613105,803162,9872784.0,2518.985194452107
7273,11-29-572-05544-613106,803162,9872784.0,2518.985194452107
7274,11-29-572-05544-613107,803162,9872784.0,2518.985194452107
7275,11-29-572-05544-613108,803162,9872784.0,2518.985194452107
7276,11-29-572-05544-613109,803162,9872784.0,2518.985194452107
7277,11-29-572-05544-613110,803162,9872784.0,2518.985194452107
7278,11-29-572-05544-613111,803162,9872784.0,2518.985194452107
7279,11-29-572-05544-613112,803162,9872784.0,2518.985194452107
7280,11-29-572-05544-613113,803162,9872784.0,2518.985194452107
7281,11-29-572-05544-613114,803162,9872784.0,2518.985194452107
7282,11-29-572-05544-613115,803162,9872784.0,2518.985194452107
7283,11-29-572-05544-613117,803162,9872784.0,2518.985194452107
7284,11-29-572-05544-613118,803162,9872784.0,2518.985194452107
7285,11-29-572-05544-613119,803162,9872784.0,2518.985194452107
7286,11-29-572-05544-613120,803162,9872784.0,2518.985194452107
7287,11-29-572-05544-613121,803162,9872784.0,2518.985194452107
7288,11-29-572-05544-613122,803162,9872784.0,2518.985194452107
7289,11-29-572-05544-613123,803162,9872784.0,2518.985194452107
7290,11-29-572-05545-613128,803162,9872784.0,2518.985194452107
7291,11-29-572-05545-613133,803162,9872784.0,2518.985194452107
7292,11-29-572-05545-613134,803162,9872784.0,2518.985194452107
7293,11-29-572-05545-613135,803162,9872784.0,2518.985194452107
7294,11-29-572-05545-613136,803162,9872784.0,2518.985194452107
7295,11-29-572-05545-613137,803162,9872784.0,2518.985194452107
7296,11-29-572-05545-613138,803162,9872784.0,2518.985194452107
7297,11-29-572-05545-613141,803162,9872784.0,2518.985194452107
7298,11-29-572-05545-613142,803162,9872784.0,2518.985194452107
7299,11-29-572-05545-613143,803162,9872784.0,2518.985194452107
7300,11-29-572-05545-613144,803162,9872784.0,2518.985194452107
7301,11-29-572-05545-613146,803162,9872784.0,2518.985194452107
7302,11-29-572-05545-613148,803162,9872784.0,2518.985194452107
7303,11-29-572-05545-613149,803162,9872784.0,2518.985194452107
7304,11-29-572-05545-613157,803162,9872784.0,2518.985194452107
7305,11-29-572-05545-613158,803162,9872784.0,2518.985194452107
7306,11-29-572-05545-613159,803162,9872784.0,2518.985194452107
7307,11-29-572-05545-613160,803162,9872784.0,2518.985194452107
7308,11-29-572-05545-613161,803162,9872784.0,2518.985194452107
7309,11-29-572-05545-613162,803162,9872784.0,2518.985194452107
7310,11-29-572-05545-613163,803162,9872784.0,2518.985194452107
7311,11-29-572-05545-613164,803162,9872784.0,2518.985194452107
7312,11-29-572-05545-613165,803162,9872784.0,2518.985194452107
7313,11-29-572-05545-613166,803162,9872784.0,2518.985194452107
7314,11-29-572-05545-613167,803162,9872784.0,2518.985194452107
7315,11-29-572-05545-613168,803162,9872784.0,2518.985194452107
7316,11-29-572-05545-613169,803162,9872784.0,2518.985194452107
7317,11-29-572-05545-613174,803162,9872784.0,2518.985194452107
7318,11-29-572-05545-613175,803162,9872784.0,2518.985194452107
7319,11-29-572-05545-613177,803162,9872784.0,2518.985194452107
7320,11-29-572-05545-613178,803162,9872784.0,2518.985194452107
7321,11-29-572-05545-613180,803162,9872784.0,2518.985194452107
7322,11-29-572-05545-613181,803162,9872784.0,2518.985194452107
7323,11-29-572-05545-613182,803162,9872784.0,2518.985194452107
7324,11-29-572-05545-613183,803162,9872784.0,2518.985194452107
7325,11-29-572-05545-613184,803162,9872784.0,2518.985194452107
7326,11-29-572-05545-613185,803162,9872784.0,2518.985194452107
7327,11-29-572-05545-613187,803162,9872784.0,2518.985194452107
7328,11-29-572-05545-613188,803162,9872784.0,2518.985194452107
7329,11-29-572-05545-613189,803162,9872784.0,2518.985194452107
7330,11-29-572-05545-613190,803162,9872784.0,2518.985194452107
7331,11-29-572-05545-613191,803162,9872784.0,2518.985194452107
7332,11-29-572-05545-613192,803162,9872784.0,2518.985194452107
7333,11-29-572-05545-613193,803162,9872784.0,2518.985194452107
7334,11-29-572-05545-613194,803162,9872784.0,2518.985194452107
7335,11-29-572-05545-613195,803162,9872784.0,2518.985194452107
7336,11-29-572-05545-613196,803162,9872784.0,2518.985194452107
7337,11-29-572-05545-613197,803162,9872784.0,2518.985194452107
7338,11-29-572-05545-613198,803162,9872784.0,2518.985194452107
7339,11-29-572-05545-613199,803162,9872784.0,2518.985194452107
7340,11-29-572-05545-613200,803162,9872784.0,2518.985194452107
7341,11-29-572-05545-613201,803162,9872784.0,2518.985194452107
7342,11-29-572-05545-613206,803162,9872784.0,2518.985194452107
7343,11-29-572-05545-613207,803162,9872784.0,2518.985194452107
7344,11-29-572-05545-613208,803162,9872784.0,2518.985194452107
7345,11-29-572-05545-613209,803162,9872784.0,2518.985194452107
7346,11-29-572-05545-613210,803162,9872784.0,2518.985194452107
7347,11-29-572-05545-613211,803162,9872784.0,2518.985194452107
7348,11-29-572-05545-613212,803162,9872784.0,2518.985194452107
7349,11-29-572-05545-613213,803162,9872784.0,2518.985194452107
7350,11-29-572-05545-613214,803162,9872784.0,2518.985194452107
7351,11-29-572-05545-613215,803162,9872784.0,2518.985194452107
7352,11-29-572-05545-613216,803162,9872784.0,2518.985194452107
7353,11-29-572-05545-613217,803162,9872784.0,2518.985194452107
7354,11-29-572-05545-613218,803162,9872784.0,2518.985194452107
7355,11-29-572-05545-613219,803162,9872784.0,2518.985194452107
7356,11-29-572-05545-613224,803162,9872784.0,2518.985194452107
7357,11-29-572-05545-613225,803162,9872784.0,2518.985194452107
7358,11-29-572-05545-613227,803162,9872784.0,2518.985194452107
7359,11-29-572-05545-613228,803162,9872784.0,2518.985194452107
7360,11-29-572-05545-613231,803162,9872784.0,2518.985194452107
7361,11-29-572-05545-613232,803162,9872784.0,2518.985194452107
7362,11-29-572-05545-613233,803162,9872784.0,2518.985194452107
7363,11-29-572-05545-613234,803162,9872784.0,2518.985194452107
7364,11-29-572-05545-613235,803162,9872784.0,2518.985194452107
7365,11-29-572-05545-613236,803162,9872784.0,2518.985194452107
7366,11-29-572-05545-613237,803162,9872784.0,2518.985194452107
7367,11-29-572-05545-613246,803162,9872784.0,2518.985194452107
7368,11-29-572-05545-613248,803162,9872784.0,2518.985194452107
7369,11-29-572-05545-613249,803162,9872784.0,2518.985194452107
7370,11-29-572-05545-613250,803162,9872784.0,2518.985194452107
7371,11-29-572-05545-613254,803162,9872784.0,2518.985194452107
7372,11-29-572-05545-613255,803162,9872784.0,2518.985194452107
7373,11-29-572-05545-613256,803162,9872784.0,2518.985194452107
7374,11-29-572-05545-613257,803162,9872784.0,2518.985194452107
7375,11-29-572-05545-613258,803162,9872784.0,2518.985194452107
7376,11-29-572-05545-613259,803162,9872784.0,2518.985194452107
7377,11-29-572-05545-613260,803162,9872784.0,2518.985194452107
7378,11-29-572-05545-613261,803162,9872784.0,2518.985194452107
7379,11-29-572-05545-613262,803162,9872784.0,2518.985194452107
7380,11-29-572-05545-613263,803162,9872784.0,2518.985194452107
7381,11-29-572-05545-613264,803162,9872784.0,2518.985194452107
7382,11-29-572-05545-613265,803162,9872784.0,2518.985194452107
7383,11-29-572-05545-613266,803162,9872784.0,2518.985194452107
7384,11-29-572-05545-613267,803162,9872784.0,2518.985194452107
7385,11-29-572-05545-613268,803162,9872784.0,2518.985194452107
7386,11-29-572-05545-613269,803162,9872784.0,2518.985194452107
7387,11-29-572-05545-613272,803162,9872784.0,2518.985194452107
7388,11-29-572-05545-613273,803162,9872784.0,2518.985194452107
7389,11-29-572-05545-613274,803162,9872784.0,2518.985194452107
7390,11-29-572-05545-613275,803162,9872784.0,2518.985194452107
7391,11-29-572-05545-613285,803162,9872784.0,2518.985194452107
7392,11-29-572-05545-613287,803162,9872784.0,2518.985194452107
7393,11-29-572-05545-613290,803162,9872784.0,2518.985194452107
7394,11-29-572-05545-613291,803162,9872784.0,2518.985194452107
7395,11-29-572-05545-613292,803162,9872784.0,2518.985194452107
7396,11-29-572-05545-613293,803162,9872784.0,2518.985194452107
7397,11-29-572-05545-613296,803162,9872784.0,2518.985194452107
7398,11-29-572-05545-613297,803162,9872784.0,2518.985194452107
7399,11-29-572-05545-613309,803162,9872784.0,2518.985194452107
7400,11-29-572-05545-613310,803162,9872784.0,2518.985194452107
7401,11-29-572-05545-613311,803162,9872784.0,2518.985194452107
7402,11-29-572-05545-613315,803162,9872784.0,2518.985194452107
7403,11-29-572-05545-613316,803162,9872784.0,2518.985194452107
7404,11-29-572-05545-613317,803162,9872784.0,2518.985194452107
7405,11-29-572-05545-613318,803162,9872784.0,2518.985194452107
7406,11-29-572-05545-613319,803162,9872784.0,2518.985194452107
7407,11-29-572-05545-613321,803162,9872784.0,2518.985194452107
7408,11-29-572-05545-613324,803162,9872784.0,2518.985194452107
7409,11-29-572-05545-613325,803162,9872784.0,2518.985194452107
7410,11-29-572-05545-613326,803162,9872784.0,2518.985194452107
7411,11-29-572-05545-613327,803162,9872784.0,2518.985194452107
7412,11-29-572-05545-613343,803162,9872784.0,2518.985194452107
7413,11-29-572-05545-613344,803162,9872784.0,2518.985194452107
7414,11-29-572-05545-613345,803162,9872784.0,2518.985194452107
7415,11-29-572-05545-613346,803162,9872784.0,2518.985194452107
7416,11-29-572-05545-613354,803162,9872784.0,2518.985194452107
7417,11-29-572-05545-613355,803162,9872784.0,2518.985194452107
7418,11-29-572-05545-613356,803162,9872784.0,2518.985194452107
7419,11-29-572-05545-613357,803162,9872784.0,2518.985194452107
7420,11-29-572-05545-613358,803162,9872784.0,2518.985194452107
7421,11-29-572-05545-613359,803162,9872784.0,2518.985194452107
7422,11-29-572-05545-613360,803162,9872784.0,2518.985194452107
7423,11-29-572-05545-803163,803162,9872784.0,2518.985194452107
7424,11-29-572-99999-803162,803162,9872784.0,2518.985194452107
7427,11-29-573-05549-614279,803194,1025820.0,179.92299687862396
7428,11-29-573-05549-614285,803194,1025820.0,179.92299687862396
7430,11-29-573-05550-614475,803168,142141.0,22.90649926662445
7431,11-29-573-05550-614478,803168,142141.0,22.90649926662445
7432,11-29-573-05550-803168,803168,142141.0,22.90649926662445
7439,11-29-574-05555-615694,803173,55092.0,17.58270040154457
7440,11-29-574-05555-803173,803173,55092.0,17.58270040154457
7442,11-29-574-05556-616026,803174,187156.0,56.232799887657166
7443,11-29-574-05556-616027,803174,187156.0,56.232799887657166
7444,11-29-574-05556-616028,803174,187156.0,56.232799887657166
7445,11-29-574-05556-616034,803174,187156.0,56.232799887657166
7446,11-29-574-05556-616036,803174,187156.0,56.232799887657166
7447,11-29-574-05556-616048,803174,187156.0,56.232799887657166
7448,11-29-574-05556-616053,803174,187156.0,56.232799887657166
7449,11-29-574-05556-616054,803174,187156.0,56.232799887657166
7450,11-29-574-05556-616057,803174,187156.0,56.232799887657166
7451,11-29-574-05556-616058,803174,187156.0,56.232799887657166
7452,11-29-574-05556-616161,803174,187156.0,56.232799887657166
7453,11-29-574-05556-616227,803174,187156.0,56.232799887657166
7454,11-29-574-05556-616228,803174,187156.0,56.232799887657166
7455,11-29-574-05556-803174,803174,187156.0,56.232799887657166
7460,11-29-575-05561-617478,803181,584592.0,201.0819034576416
7461,11-29-575-05561-617479,803181,584592.0,201.0819034576416
7462,11-29-575-05561-617500,803181,584592.0,201.0819034576416
7463,11-29-575-05561-617501,803181,584592.0,201.0819034576416
7464,11-29-575-05561-617502,803181,584592.0,201.0819034576416
7465,11-29-575-05561-803181,803181,584592.0,201.0819034576416
7466,11-29-575-05561-803182,803181,584592.0,201.0819034576416
7467,11-29-575-05564-803185,803185,53061.0,35.08000183105469
7468,11-29-577-05570-618345,803192,51063.0,12.99180018901825
7469,11-29-577-05570-803192,803192,51063.0,12.99180018901825
7472,11-29-577-05572-618707,803194,1025820.0,179.92299687862396
7473,11-29-577-05572-618722,803194,1025820.0,179.92299687862396
7474,11-29-577-05572-618723,803194,1025820.0,179.92299687862396
7475,11-29-577-05572-618727,803194,1025820.0,179.92299687862396
7476,11-29-577-05572-618729,803194,1025820.0,179.92299687862396
7477,11-29-577-05572-618731,803194,1025820.0,179.92299687862396
7478,11-29-577-05572-618733,803194,1025820.0,179.92299687862396
7479,11-29-577-05572-618734,803194,1025820.0,179.92299687862396
7480,11-29-577-05572-618826,803194,1025820.0,179.92299687862396
7481,11-29-577-05572-618828,803194,1025820.0,179.92299687862396
7482,11-29-577-05572-618830,803194,1025820.0,179.92299687862396
7483,11-29-577-05572-803194,803194,1025820.0,179.92299687862396
7484,11-29-577-05574-619191,803197,63423.0,24.67517101764679
7485,11-29-577-05574-619192,803197,63423.0,24.67517101764679
7486,11-29-577-05574-619193,803197,63423.0,24.67517101764679
7488,11-29-577-05574-619241,803197,63423.0,24.67517101764679
7489,11-29-577-05574-803197,803197,63423.0,24.67517101764679
7492,11-29-578-05577-803201,803201,69875.0,18.760000228881836
7493,11-29-578-05579-803203,803203,57149.0,27.559999465942383
7494,11-29-579-05582-620258,803207,552636.0,98.14350318908691
7495,11-29-579-05582-620265,803207,552636.0,98.14350318908691
7496,11-29-579-05582-620267,803207,552636.0,98.14350318908691
7497,11-29-579-05582-803207,803207,552636.0,98.14350318908691
7501,11-29-580-05587-803215,803215,51398.0,13.319999694824219
7502,11-29-580-05588-803217,803217,53366.0,39.650001525878906
7503,11-29-580-05589-803219,803219,74294.0,14.949999809265137
7509,11-29-581-05591-622003,803221,145178.0,26.574899196624756
7510,11-29-581-05591-622007,803221,145178.0,26.574899196624756
7511,11-29-581-05591-622011,803221,145178.0,26.574899196624756
7512,11-29-581-05591-622012,803221,145178.0,26.574899196624756
7513,11-29-581-05591-622021,803221,145178.0,26.574899196624756
7514,11-29-581-05591-803221,803221,145178.0,26.574899196624756
7527,11-29-581-05593-803224,803224,162777.0,61.19940006732941
7528,11-29-581-05594-803225,803225,57276.0,18.459999084472656
7531,11-29-582-05596-623563,803227,67233.0,15.007499694824219
7533,11-29-582-05596-623640,803227,67233.0,15.007499694824219
7534,11-29-582-05596-803227,803227,67233.0,15.007499694824219
7536,11-29-582-05599-624192,803230,53576.0,9.057299852371216
7537,11-29-582-05599-624208,803230,53576.0,9.057299852371216
7538,11-29-582-05599-803230,803230,53576.0,9.057299852371216
7539,11-29-582-05600-624646,803231,79807.0,19.927799701690674
7540,11-29-582-05600-624647,803231,79807.0,19.927799701690674
7541,11-29-582-05600-624648,803231,79807.0,19.927799701690674
7542,11-29-582-05600-803231,803231,79807.0,19.927799701690674
7557,11-29-583-05601-624847,803162,9872784.0,2518.985194452107
7558,11-29-583-05601-624851,803162,9872784.0,2518.985194452107
7559,11-29-583-05601-624855,803162,9872784.0,2518.985194452107
7560,11-29-583-05601-624856,803162,9872784.0,2518.985194452107
7561,11-29-583-05601-624857,803162,9872784.0,2518.985194452107
7562,11-29-583-05601-624870,803162,9872784.0,2518.985194452107
7563,11-29-583-05601-624873,803162,9872784.0,2518.985194452107
7564,11-29-583-05601-624877,803162,9872784.0,2518.985194452107
7565,11-29-583-05601-624878,803162,9872784.0,2518.985194452107
7566,11-29-583-05601-624879,803162,9872784.0,2518.985194452107
7567,11-29-583-05601-624881,803162,9872784.0,2518.985194452107
7568,11-29-583-05601-624882,803162,9872784.0,2518.985194452107
7569,11-29-583-05601-624886,803162,9872784.0,2518.985194452107
7570,11-29-583-05601-624887,803162,9872784.0,2518.985194452107
7571,11-29-583-05601-624888,803162,9872784.0,2518.985194452107
7572,11-29-583-05601-624889,803162,9872784.0,2518.985194452107
7573,11-29-583-05601-624890,803162,9872784.0,2518.985194452107
7574,11-29-583-05601-624891,803162,9872784.0,2518.985194452107
7575,11-29-583-05601-624892,803162,9872784.0,2518.985194452107
7576,11-29-583-05601-624903,803162,9872784.0,2518.985194452107
7577,11-29-583-05601-624905,803162,9872784.0,2518.985194452107
7578,11-29-583-05601-624914,803162,9872784.0,2518.985194452107
7579,11-29-583-05601-624915,803162,9872784.0,2518.985194452107
7580,11-29-583-05601-624916,803162,9872784.0,2518.985194452107
7581,11-29-583-05601-624917,803162,9872784.0,2518.985194452107
7582,11-29-583-05601-624920,803162,9872784.0,2518.985194452107
7583,11-29-583-05601-624949,803162,9872784.0,2518.985194452107
7584,11-29-583-05601-803232,803162,9872784.0,2518.985194452107
7585,11-29-583-05602-625091,803233,113274.0,37.07889932394028
7586,11-29-583-05602-625092,803233,113274.0,37.07889932394028
7587,11-29-583-05602-625093,803233,113274.0,37.07889932394028
7588,11-29-583-05602-625097,803233,113274.0,37.07889932394028
7589,11-29-583-05602-625099,803233,113274.0,37.07889932394028
7590,11-29-583-05602-625100,803233,113274.0,37.07889932394028
7591,11-29-583-05602-625101,803233,113274.0,37.07889932394028
7592,11-29-583-05602-625135,803233,113274.0,37.07889932394028
7593,11-29-583-05602-625136,803233,113274.0,37.07889932394028
7594,11-29-583-05602-625137,803233,113274.0,37.07889932394028
7595,11-29-583-05602-625138,803233,113274.0,37.07889932394028
7596,11-29-583-05602-625246,803233,113274.0,37.07889932394028
7597,11-29-583-05602-803233,803233,113274.0,37.07889932394028
7598,11-29-583-05603-625300,803162,9872784.0,2518.985194452107
7599,11-29-583-05603-625301,803162,9872784.0,2518.985194452107
7601,11-29-583-05603-625374,803162,9872784.0,2518.985194452107
7602,11-29-583-05603-625375,803162,9872784.0,2518.985194452107
7603,11-29-583-05603-625376,803162,9872784.0,2518.985194452107
7604,11-29-583-05603-625377,803162,9872784.0,2518.985194452107
7605,11-29-583-05603-625378,803162,9872784.0,2518.985194452107
7606,11-29-583-05603-625390,803162,9872784.0,2518.985194452107
7607,11-29-583-05603-625391,803162,9872784.0,2518.985194452107
7608,11-29-583-05603-625392,803162,9872784.0,2518.985194452107
7609,11-29-583-05603-625393,803162,9872784.0,2518.985194452107
7610,11-29-583-05603-625394,803162,9872784.0,2518.985194452107
7611,11-29-583-05603-625395,803162,9872784.0,2518.985194452107
7612,11-29-583-05603-625396,803162,9872784.0,2518.985194452107
7613,11-29-583-05603-625397,803162,9872784.0,2518.985194452107
7614,11-29-583-05603-625398,803162,9872784.0,2518.985194452107
7615,11-29-583-05603-625399,803162,9872784.0,2518.985194452107
7616,11-29-583-05603-625400,803162,9872784.0,2518.985194452107
7617,11-29-583-05603-625401,803162,9872784.0,2518.985194452107
7618,11-29-583-05603-625402,803162,9872784.0,2518.985194452107
7619,11-29-583-05603-625403,803162,9872784.0,2518.985194452107
7620,11-29-583-05603-625404,803162,9872784.0,2518.985194452107
7621,11-29-583-05603-625406,803162,9872784.0,2518.985194452107
7622,11-29-583-05603-625407,803162,9872784.0,2518.985194452107
7623,11-29-583-05603-625408,803162,9872784.0,2518.985194452107
7624,11-29-583-05603-625409,803162,9872784.0,2518.985194452107
7625,11-29-583-05603-625421,803162,9872784.0,2518.985194452107
7626,11-29-583-05603-625422,803162,9872784.0,2518.985194452107
7627,11-29-583-05603-625424,803162,9872784.0,2518.985194452107
7628,11-29-583-05603-625434,803162,9872784.0,2518.985194452107
7629,11-29-583-05603-625435,803162,9872784.0,2518.985194452107
7630,11-29-583-05603-625438,803162,9872784.0,2518.985194452107
7631,11-29-583-05603-625440,803162,9872784.0,2518.985194452107
7632,11-29-583-05603-625441,803162,9872784.0,2518.985194452107
7633,11-29-583-05603-625445,803162,9872784.0,2518.985194452107
7634,11-29-583-05603-625446,803162,9872784.0,2518.985194452107
7635,11-29-583-05603-625447,803162,9872784.0,2518.985194452107
7636,11-29-583-05603-625449,803162,9872784.0,2518.985194452107
7637,11-29-583-05603-625453,803162,9872784.0,2518.985194452107
7638,11-29-583-05603-625454,803162,9872784.0,2518.985194452107
7639,11-29-583-05603-625456,803162,9872784.0,2518.985194452107
7640,11-29-583-05603-625458,803162,9872784.0,2518.985194452107
7641,11-29-583-05603-803235,803162,9872784.0,2518.985194452107
7642,11-29-583-05604-625489,803162,9872784.0,2518.985194452107
7643,11-29-583-05604-625490,803162,9872784.0,2518.985194452107
7645,11-29-583-05604-625666,803162,9872784.0,2518.985194452107
7646,11-29-583-05604-625667,803162,9872784.0,2518.985194452107
7647,11-29-583-05604-625668,803162,9872784.0,2518.985194452107
7648,11-29-583-05604-625669,803162,9872784.0,2518.985194452107
7649,11-29-583-05604-625670,803162,9872784.0,2518.985194452107
7650,11-29-583-05604-625672,803162,9872784.0,2518.985194452107
7652,11-29-583-05604-625684,803162,9872784.0,2518.985194452107
7653,11-29-583-05604-625687,803162,9872784.0,2518.985194452107
7654,11-29-583-05604-625692,803162,9872784.0,2518.985194452107
7655,11-29-583-05604-625693,803162,9872784.0,2518.985194452107
7656,11-29-583-05604-625694,803162,9872784.0,2518.985194452107
7657,11-29-583-05604-625695,803162,9872784.0,2518.985194452107
7658,11-29-583-05604-625696,803162,9872784.0,2518.985194452107
7659,11-29-583-05604-625700,803162,9872784.0,2518.985194452107
7660,11-29-583-05604-625708,803162,9872784.0,2518.985194452107
7661,11-29-583-05604-625712,803162,9872784.0,2518.985194452107
7662,11-29-583-05604-625713,803162,9872784.0,2518.985194452107
7663,11-29-583-05604-625714,803162,9872784.0,2518.985194452107
7664,11-29-583-05604-625715,803162,9872784.0,2518.985194452107
7665,11-29-583-05604-625719,803162,9872784.0,2518.985194452107
7666,11-29-583-05604-625720,803162,9872784.0,2518.985194452107
7667,11-29-583-05604-625721,803162,9872784.0,2518.985194452107
7668,11-29-583-05604-625722,803162,9872784.0,2518.985194452107
7669,11-29-583-05604-625723,803162,9872784.0,2518.985194452107
7670,11-29-583-05604-625731,803162,9872784.0,2518.985194452107
7671,11-29-583-05604-625734,803162,9872784.0,2518.985194452107
7672,11-29-583-05604-625735,803162,9872784.0,2518.985194452107
7673,11-29-583-05604-625736,803162,9872784.0,2518.985194452107
7674,11-29-583-05604-625737,803162,9872784.0,2518.985194452107
7675,11-29-583-05604-803236,803162,9872784.0,2518.985194452107
7678,11-29-584-05606-626083,803238,96213.0,14.552200317382812
7679,11-29-584-05606-626105,803162,9872784.0,2518.985194452107
7680,11-29-584-05606-626106,803162,9872784.0,2518.985194452107
7681,11-29-584-05606-626107,803162,9872784.0,2518.985194452107
7682,11-29-584-05606-626119,803162,9872784.0,2518.985194452107
7683,11-29-584-05606-626120,803162,9872784.0,2518.985194452107
7684,11-29-584-05606-626121,803162,9872784.0,2518.985194452107
7685,11-29-584-05606-626122,803162,9872784.0,2518.985194452107
7686,11-29-584-05606-626123,803162,9872784.0,2518.985194452107
7687,11-29-584-05606-626124,803162,9872784.0,2518.985194452107
7688,11-29-584-05606-626132,803162,9872784.0,2518.985194452107
7689,11-29-584-05606-626143,803162,9872784.0,2518.985194452107
7690,11-29-584-05606-626186,803162,9872784.0,2518.985194452107
7691,11-29-584-05606-803238,803238,96213.0,14.552200317382812
7692,11-29-584-05607-626250,803239,74942.0,11.181199967861176
7693,11-29-584-05607-626255,803239,74942.0,11.181199967861176
7694,11-29-584-05607-803239,803239,74942.0,11.181199967861176
7697,11-29-584-05608-626453,803240,56580.0,9.931299865245819
7698,11-29-584-05608-626456,803240,56580.0,9.931299865245819
7699,11-29-584-05608-803240,803240,56580.0,9.931299865245819
7700,11-30-585-05610-626673,803243,227415.0,163.4908014535904
7701,11-30-585-05610-626674,803243,227415.0,163.4908014535904
7702,11-30-585-05610-626677,803243,227415.0,163.4908014535904
7703,11-30-585-05610-626678,803243,227415.0,163.4908014535904
7704,11-30-585-05610-626689,803243,227415.0,163.4908014535904
7705,11-30-585-05610-626693,803243,227415.0,163.4908014535904
7706,11-30-585-05610-626694,803243,227415.0,163.4908014535904
7707,11-30-585-05610-626695,803243,227415.0,163.4908014535904
7708,11-30-585-05610-626697,803243,227415.0,163.4908014535904
7709,11-30-585-05610-626698,803243,227415.0,163.4908014535904
7710,11-30-585-05610-626699,803243,227415.0,163.4908014535904
7711,11-30-585-05610-626700,803243,227415.0,163.4908014535904
7712,11-30-585-05610-626701,803243,227415.0,163.4908014535904
7713,11-30-585-05610-803242,803243,227415.0,163.4908014535904
7715,11-30-585-05611-626723,803243,227415.0,163.4908014535904
7717,11-30-585-05611-626732,803243,227415.0,163.4908014535904
7718,11-30-585-05611-626733,803243,227415.0,163.4908014535904
7719,11-30-585-05611-803243,803243,227415.0,163.4908014535904
7721,11-30-586-05615-626874,803248,145750.0,88.566699385643
7722,11-30-586-05615-626879,803248,145750.0,88.566699385643
7723,11-30-586-05615-626880,803248,145750.0,88.566699385643
7724,11-30-586-05615-626885,803248,145750.0,88.566699385643
7725,11-30-586-05615-626886,803248,145750.0,88.566699385643
7726,11-30-586-05615-626887,803248,145750.0,88.566699385643
7727,11-30-586-05615-803248,803248,145750.0,88.566699385643
7728,11-30-586-05616-626888,803248,145750.0,88.566699385643
7730,11-30-586-05616-626928,803249,103000.0,18.40000033378601
7731,11-30-586-05616-803249,803249,103000.0,18.40000033378601
7732,11-32-588-05630-803255,803255,54172.0,16.690000534057617
7733,11-32-588-05631-803256,803256,140529.0,84.08000087738037
7734,11-32-589-05632-803257,803257,72111.0,54.630001068115234
7735,11-32-589-05632-803258,803258,72465.0,43.08000183105469
7736,11-32-589-05633-803259,803259,56823.0,11.029999732971191
7737,11-32-589-05634-803263,803263,92558.0,23.959999084472656
7738,11-32-591-05638-803265,803265,75295.0,21.31999969482422
7739,11-32-591-05639-803266,803266,90251.0,44.72999954223633
7740,11-32-591-05640-627436,803267,772068.0,188.33999919891357
7741,11-32-591-05640-803267,803267,772068.0,188.33999919891357
7742,11-32-592-05641-803268,803269,198488.0,111.29999923706055
7743,11-32-592-05641-803269,803269,198488.0,111.29999923706055
7744,11-32-592-05644-803271,803271,56058.0,16.549999237060547
7745,11-32-592-05645-627545,627553,168713.0,62.58999824523926
7746,11-32-592-05645-627553,627553,168713.0,62.58999824523926
7747,11-32-592-05645-627556,627553,168713.0,62.58999824523926
7748,11-32-592-05646-803272,803272,90491.0,24.81999969482422
7749,11-32-593-05647-803274,803274,53792.0,32.65999984741211
7750,11-32-593-05649-803275,803275,186813.0,42.02000093460083
7751,11-32-594-05652-803277,803277,68212.0,37.71000027656555
7752,11-32-594-05654-803280,803280,315957.0,101.41999816894531
7753,11-32-594-05655-803281,803281,60190.0,26.81999969482422
7754,11-32-595-05657-627955,803288,1242828.0,387.41000509262085
7755,11-32-595-05657-627963,803288,1242828.0,387.41000509262085
7756,11-32-595-05658-627979,803288,1242828.0,387.41000509262085
7757,11-32-595-05658-627980,803288,1242828.0,387.41000509262085
7759,11-32-595-05659-627992,803288,1242828.0,387.41000509262085
7760,11-32-595-05660-628000,803288,1242828.0,387.41000509262085
7761,11-32-595-05661-628008,803288,1242828.0,387.41000509262085
7762,11-32-595-05661-628009,803288,1242828.0,387.41000509262085
7763,11-32-595-05661-628011,803288,1242828.0,387.41000509262085
7764,11-32-595-05661-628012,803288,1242828.0,387.41000509262085
7765,11-32-595-05661-628015,803288,1242828.0,387.41000509262085
7766,11-32-595-05661-803288,803288,1242828.0,387.41000509262085
7767,11-32-595-05661-803289,803288,1242828.0,387.41000509262085
7768,11-32-595-05661-803290,803288,1242828.0,387.41000509262085
7769,11-32-596-05666-803293,803293,109428.0,116.44000047445297
7770,11-32-597-05670-803296,803296,126344.0,53.80999982357025
7771,11-32-598-05674-803299,803299,241488.0,66.14999967813492
7772,11-32-598-05676-803300,803300,149654.0,55.840001583099365
7773,11-32-599-05679-803303,803303,59527.0,34.75999975204468
7774,11-32-600-05688-803306,803306,367107.0,62.359999656677246
7775,11-32-601-05690-803311,803312,1283241.0,353.2099905014038
7776,11-32-601-05691-803312,803312,1283241.0,353.2099905014038
7777,11-32-601-05692-628543,803312,1283241.0,353.2099905014038
7778,11-32-601-05692-803313,803312,1283241.0,353.2099905014038
7786,11-33-602-05694-628717,803339,8918339.0,1175.4418970942497
7787,11-33-602-05694-628721,803339,8918339.0,1175.4418970942497
7788,11-33-602-05694-628731,803339,8918339.0,1175.4418970942497
7789,11-33-602-05694-628732,803339,8918339.0,1175.4418970942497
7790,11-33-602-05694-628735,803339,8918339.0,1175.4418970942497
7791,11-33-602-05694-628743,803339,8918339.0,1175.4418970942497
7792,11-33-602-05694-628744,803339,8918339.0,1175.4418970942497
7793,11-33-602-05694-628749,803339,8918339.0,1175.4418970942497
7794,11-33-602-05694-628750,803339,8918339.0,1175.4418970942497
7795,11-33-602-05694-628751,803339,8918339.0,1175.4418970942497
7796,11-33-602-05694-628753,803339,8918339.0,1175.4418970942497
7797,11-33-602-05694-628760,803339,8918339.0,1175.4418970942497
7798,11-33-602-05694-628761,803339,8918339.0,1175.4418970942497
7799,11-33-602-05694-628762,803339,8918339.0,1175.4418970942497
7800,11-33-602-05694-628763,803339,8918339.0,1175.4418970942497
7801,11-33-602-05694-628765,803339,8918339.0,1175.4418970942497
7802,11-33-602-05694-628766,803339,8918339.0,1175.4418970942497
7803,11-33-602-05694-628769,803339,8918339.0,1175.4418970942497
7804,11-33-602-05694-628770,803339,8918339.0,1175.4418970942497
7805,11-33-602-05694-628772,803339,8918339.0,1175.4418970942497
7806,11-33-602-05694-628773,803339,8918339.0,1175.4418970942497
7807,11-33-602-05694-803317,803339,8918339.0,1175.4418970942497
7809,11-33-602-05698-629056,803322,73302.0,22.1560001373291
7810,11-33-602-05698-629119,803322,73302.0,22.1560001373291
7811,11-33-602-05698-803322,803322,73302.0,22.1560001373291
7812,11-33-602-05699-629124,803339,8918339.0,1175.4418970942497
7813,11-33-602-05699-629131,803339,8918339.0,1175.4418970942497
7814,11-33-602-05699-629132,803339,8918339.0,1175.4418970942497
7815,11-33-602-05699-629133,803339,8918339.0,1175.4418970942497
7816,11-33-602-05699-629134,803339,8918339.0,1175.4418970942497
7817,11-33-602-05699-629136,803339,8918339.0,1175.4418970942497
7818,11-33-602-05699-629143,803339,8918339.0,1175.4418970942497
7819,11-33-602-05699-629145,803339,8918339.0,1175.4418970942497
7820,11-33-602-05699-629147,803339,8918339.0,1175.4418970942497
7821,11-33-602-05699-629152,803339,8918339.0,1175.4418970942497
7822,11-33-602-05699-629154,803339,8918339.0,1175.4418970942497
7823,11-33-602-05699-629155,803339,8918339.0,1175.4418970942497
7824,11-33-602-05699-629157,803339,8918339.0,1175.4418970942497
7825,11-33-602-05699-803323,803339,8918339.0,1175.4418970942497
7826,11-33-602-05699-803325,803339,8918339.0,1175.4418970942497
7827,11-33-602-05699-803326,803339,8918339.0,1175.4418970942497
7828,11-33-602-05699-803327,803339,8918339.0,1175.4418970942497
7829,11-33-602-05700-629163,803339,8918339.0,1175.4418970942497
7830,11-33-602-05700-629167,803339,8918339.0,1175.4418970942497
7831,11-33-602-05700-629168,803339,8918339.0,1175.4418970942497
7832,11-33-602-05700-629169,803339,8918339.0,1175.4418970942497
7833,11-33-602-05700-629170,803339,8918339.0,1175.4418970942497
7834,11-33-602-05700-629171,803339,8918339.0,1175.4418970942497
7835,11-33-602-05700-629172,803339,8918339.0,1175.4418970942497
7836,11-33-602-05700-629173,803339,8918339.0,1175.4418970942497
7837,11-33-602-05700-629174,803339,8918339.0,1175.4418970942497
7838,11-33-602-05700-629175,803339,8918339.0,1175.4418970942497
7839,11-33-602-05700-629176,803339,8918339.0,1175.4418970942497
7840,11-33-602-05700-803328,803339,8918339.0,1175.4418970942497
7841,11-33-602-05700-803329,803339,8918339.0,1175.4418970942497
7842,11-33-602-05700-803330,803339,8918339.0,1175.4418970942497
7843,11-33-602-05700-803331,803339,8918339.0,1175.4418970942497
7844,11-33-602-05701-629178,803339,8918339.0,1175.4418970942497
7845,11-33-602-05701-629179,803339,8918339.0,1175.4418970942497
7846,11-33-602-05701-629180,803339,8918339.0,1175.4418970942497
7847,11-33-602-05701-629181,803339,8918339.0,1175.4418970942497
7848,11-33-602-05701-629182,803339,8918339.0,1175.4418970942497
7849,11-33-602-05701-629183,803339,8918339.0,1175.4418970942497
7850,11-33-602-05701-629184,803339,8918339.0,1175.4418970942497
7851,11-33-602-05701-629186,803339,8918339.0,1175.4418970942497
7852,11-33-602-05701-629188,803339,8918339.0,1175.4418970942497
7853,11-33-602-05701-629190,803339,8918339.0,1175.4418970942497
7854,11-33-602-05701-629192,803339,8918339.0,1175.4418970942497
7855,11-33-602-05701-629193,803339,8918339.0,1175.4418970942497
7856,11-33-602-05701-629195,803339,8918339.0,1175.4418970942497
7857,11-33-602-05701-629196,803339,8918339.0,1175.4418970942497
7858,11-33-602-05701-629197,803339,8918339.0,1175.4418970942497
7859,11-33-602-05701-629198,803339,8918339.0,1175.4418970942497
7860,11-33-602-05701-629199,803339,8918339.0,1175.4418970942497
7861,11-33-602-05701-803332,803339,8918339.0,1175.4418970942497
7862,11-33-602-05701-803333,803339,8918339.0,1175.4418970942497
7863,11-33-602-05701-803334,803339,8918339.0,1175.4418970942497
7864,11-33-602-05701-803335,803339,8918339.0,1175.4418970942497
7865,11-33-602-05701-803336,803339,8918339.0,1175.4418970942497
7866,11-33-602-05701-803337,803339,8918339.0,1175.4418970942497
7867,11-33-602-05701-803338,803339,8918339.0,1175.4418970942497
7868,11-33-603-99999-803339,803339,8918339.0,1175.4418970942497
7869,11-33-604-05702-629201,803339,8918339.0,1175.4418970942497
7870,11-33-604-05702-629202,803339,8918339.0,1175.4418970942497
7871,11-33-604-05702-629203,803339,8918339.0,1175.4418970942497
7872,11-33-604-05702-629219,803342,58366.0,117.3002997636795
7873,11-33-604-05702-629228,803342,58366.0,117.3002997636795
7874,11-33-604-05702-629238,803342,58366.0,117.3002997636795
7875,11-33-604-05702-629245,803339,8918339.0,1175.4418970942497
7876,11-33-604-05702-629255,803342,58366.0,117.3002997636795
7877,11-33-604-05702-629256,803342,58366.0,117.3002997636795
7878,11-33-604-05702-629257,803342,58366.0,117.3002997636795
7879,11-33-604-05702-629258,803342,58366.0,117.3002997636795
7883,11-33-604-05702-629273,803342,58366.0,117.3002997636795
7884,11-33-604-05702-629274,803342,58366.0,117.3002997636795
7885,11-33-604-05702-629276,803342,58366.0,117.3002997636795
7886,11-33-604-05702-629278,803342,58366.0,117.3002997636795
7887,11-33-604-05702-629284,803339,8918339.0,1175.4418970942497
7888,11-33-604-05702-629289,803342,58366.0,117.3002997636795
7889,11-33-604-05702-629290,803342,58366.0,117.3002997636795
7890,11-33-604-05702-629292,803342,58366.0,117.3002997636795
7891,11-33-604-05702-629293,803342,58366.0,117.3002997636795
7892,11-33-604-05702-629294,803342,58366.0,117.3002997636795
7893,11-33-604-05702-629295,803342,58366.0,117.3002997636795
7895,11-33-604-05702-629305,803342,58366.0,117.3002997636795
7896,11-33-604-05702-629306,803342,58366.0,117.3002997636795
7897,11-33-604-05702-629308,803342,58366.0,117.3002997636795
7898,11-33-604-05702-629319,803342,58366.0,117.3002997636795
7899,11-33-604-05702-629320,803342,58366.0,117.3002997636795
7900,11-33-604-05702-629328,803342,58366.0,117.3002997636795
7901,11-33-604-05702-629345,803339,8918339.0,1175.4418970942497
7902,11-33-604-05702-629347,803339,8918339.0,1175.4418970942497
7903,11-33-604-05702-629348,803339,8918339.0,1175.4418970942497
7904,11-33-604-05702-629349,803339,8918339.0,1175.4418970942497
7905,11-33-604-05702-629350,803339,8918339.0,1175.4418970942497
7906,11-33-604-05702-629351,803339,8918339.0,1175.4418970942497
7907,11-33-604-05702-629352,803339,8918339.0,1175.4418970942497
7908,11-33-604-05702-629353,803339,8918339.0,1175.4418970942497
7909,11-33-604-05702-803340,803339,8918339.0,1175.4418970942497
7910,11-33-604-05702-803341,803339,8918339.0,1175.4418970942497
7911,11-33-604-05702-803342,803342,58366.0,117.3002997636795
7912,11-33-604-05702-803352,803339,8918339.0,1175.4418970942497
7913,11-33-604-05703-629363,803339,8918339.0,1175.4418970942497
7914,11-33-604-05703-629366,803339,8918339.0,1175.4418970942497
7915,11-33-604-05703-629367,803339,8918339.0,1175.4418970942497
7916,11-33-604-05703-629368,803339,8918339.0,1175.4418970942497
7917,11-33-604-05703-803343,803339,8918339.0,1175.4418970942497
7918,11-33-604-05703-803344,803339,8918339.0,1175.4418970942497
7919,11-33-604-05703-803345,803339,8918339.0,1175.4418970942497
7920,11-33-604-05703-803346,803339,8918339.0,1175.4418970942497
7921,11-33-604-05703-803347,803339,8918339.0,1175.4418970942497
7922,11-33-604-05703-803348,803339,8918339.0,1175.4418970942497
7923,11-33-604-05704-629371,803339,8918339.0,1175.4418970942497
7924,11-33-604-05704-629372,803339,8918339.0,1175.4418970942497
7925,11-33-604-05704-629373,803339,8918339.0,1175.4418970942497
7926,11-33-604-05704-803349,803339,8918339.0,1175.4418970942497
7927,11-33-604-05704-803350,803339,8918339.0,1175.4418970942497
7928,11-33-604-05704-803351,803339,8918339.0,1175.4418970942497
7929,11-33-604-05704-803353,803339,8918339.0,1175.4418970942497
7930,11-33-604-05704-803354,803339,8918339.0,1175.4418970942497
7931,11-33-604-05704-803355,803339,8918339.0,1175.4418970942497
7932,11-33-604-05704-803356,803339,8918339.0,1175.4418970942497
7933,11-33-604-05705-629375,803339,8918339.0,1175.4418970942497
7934,11-33-604-05705-629376,803339,8918339.0,1175.4418970942497
7935,11-33-604-05705-629377,803339,8918339.0,1175.4418970942497
7936,11-33-604-05705-629378,803339,8918339.0,1175.4418970942497
7937,11-33-604-05705-629379,803339,8918339.0,1175.4418970942497
7938,11-33-604-05705-629380,803339,8918339.0,1175.4418970942497
7939,11-33-604-05705-629381,803339,8918339.0,1175.4418970942497
7940,11-33-604-05705-629382,803339,8918339.0,1175.4418970942497
7941,11-33-604-05705-629383,803339,8918339.0,1175.4418970942497
7942,11-33-604-05705-629384,803339,8918339.0,1175.4418970942497
7943,11-33-604-05705-629385,803339,8918339.0,1175.4418970942497
7944,11-33-604-05705-629386,803339,8918339.0,1175.4418970942497
7945,11-33-604-05705-629387,803339,8918339.0,1175.4418970942497
7946,11-33-604-05705-629388,803339,8918339.0,1175.4418970942497
7947,11-33-604-05705-629389,803339,8918339.0,1175.4418970942497
7948,11-33-604-05705-629390,803339,8918339.0,1175.4418970942497
7949,11-33-604-05705-803357,803339,8918339.0,1175.4418970942497
7950,11-33-604-05705-803358,803339,8918339.0,1175.4418970942497
7951,11-33-604-05705-803359,803339,8918339.0,1175.4418970942497
7952,11-33-604-05705-803360,803339,8918339.0,1175.4418970942497
7953,11-33-604-05706-629393,803339,8918339.0,1175.4418970942497
7954,11-33-604-05706-629400,803339,8918339.0,1175.4418970942497
7955,11-33-604-05706-629401,803339,8918339.0,1175.4418970942497
7956,11-33-604-05706-629454,803339,8918339.0,1175.4418970942497
7957,11-33-604-05706-629566,803339,8918339.0,1175.4418970942497
7958,11-33-604-05706-629568,803339,8918339.0,1175.4418970942497
7959,11-33-604-05706-629569,803339,8918339.0,1175.4418970942497
7960,11-33-604-05706-629571,803339,8918339.0,1175.4418970942497
7961,11-33-604-05706-803361,803339,8918339.0,1175.4418970942497
7962,11-33-604-05706-803362,803339,8918339.0,1175.4418970942497
7963,11-33-604-05706-803364,803364,62579.0,6.090000152587891
7964,11-33-604-05707-629630,803365,176318.0,23.42629998922348
7965,11-33-604-05707-629740,803365,176318.0,23.42629998922348
7966,11-33-604-05707-803365,803365,176318.0,23.42629998922348
7971,11-33-605-05712-803375,803375,91558.0,4.710000038146973
7972,11-33-605-05712-803376,803376,51271.0,7.610000133514404
7973,11-33-605-05713-630452,803398,329472.0,96.415198802948
7974,11-33-605-05713-630472,803398,329472.0,96.415198802948
7975,11-33-605-05713-803378,803398,329472.0,96.415198802948
7976,11-33-605-05713-803380,803398,329472.0,96.415198802948
7978,11-33-605-05714-630512,803392,123640.0,35.65810012817383
7979,11-33-605-05714-630513,803392,123640.0,35.65810012817383
7980,11-33-605-05714-630547,803392,123640.0,35.65810012817383
7981,11-33-605-05714-630548,803392,123640.0,35.65810012817383
7982,11-33-605-05714-803385,803392,123640.0,35.65810012817383
7983,11-33-605-05715-630574,803387,82550.0,15.561400413513184
7984,11-33-605-05715-803387,803387,82550.0,15.561400413513184
7985,11-33-605-05716-803392,803392,123640.0,35.65810012817383
7986,11-33-605-05717-630800,803398,329472.0,96.415198802948
7987,11-33-605-05717-630801,803398,329472.0,96.415198802948
7988,11-33-605-05717-630906,803398,329472.0,96.415198802948
7989,11-33-605-05717-630911,803398,329472.0,96.415198802948
7990,11-33-605-05717-803396,803398,329472.0,96.415198802948
7991,11-33-605-05717-803398,803398,329472.0,96.415198802948
7992,11-33-605-05718-630968,803404,103885.0,16.712299823760986
7993,11-33-605-05718-803404,803404,103885.0,16.712299823760986
7994,11-33-605-05719-631066,803406,123751.0,20.709999322891235
7995,11-33-605-05719-803406,803406,123751.0,20.709999322891235
7996,11-33-605-05720-631159,803410,83541.0,19.696699619293213
7997,11-33-605-05720-803410,803410,83541.0,19.696699619293213
7998,11-33-606-05721-803412,803412,63671.0,11.619999885559082
8002,11-33-606-05727-632162,803422,168699.0,28.79900026321411
8003,11-33-606-05727-632163,803422,168699.0,28.79900026321411
8004,11-33-606-05727-632266,803422,168699.0,28.79900026321411
8005,11-33-606-05727-803422,803422,168699.0,28.79900026321411
8006,11-33-607-05729-803427,803427,72796.0,22.329999923706055
8007,11-33-607-05731-803431,803431,96253.0,8.359999656677246
8009,11-33-607-05734-803440,803440,52507.0,11.6899995803833
8012,11-33-608-05736-803446,803446,52813.0,14.550000190734863
8013,11-33-608-05737-803453,803463,937188.0,137.55759620666504
8014,11-33-608-05738-803456,803456,54823.0,28.219999313354492
8016,11-33-608-05740-633998,803463,937188.0,137.55759620666504
8017,11-33-608-05740-634055,803463,937188.0,137.55759620666504
8018,11-33-608-05740-634056,803463,937188.0,137.55759620666504
8019,11-33-608-05740-634060,803463,937188.0,137.55759620666504
8020,11-33-608-05740-634062,803463,937188.0,137.55759620666504
8021,11-33-608-05740-634063,803463,937188.0,137.55759620666504
8022,11-33-608-05740-634064,803463,937188.0,137.55759620666504
8023,11-33-608-05740-803462,803463,937188.0,137.55759620666504
8024,11-33-608-05740-803463,803463,937188.0,137.55759620666504
8025,11-33-608-05743-803473,803473,71620.0,32.02000093460083
8026,11-33-609-05745-634474,803542,482685.0,128.34999895095825
8027,11-33-609-05745-803482,803482,110819.0,9.269999980926514
8028,11-33-609-05745-803484,803484,95335.0,25.200000762939453
8029,11-33-609-05745-803486,803542,482685.0,128.34999895095825
8030,11-33-609-05746-803493,803493,50244.0,8.15999984741211
8031,11-33-609-05747-803497,803497,55145.0,10.239999771118164
8032,11-33-610-05750-803517,803482,110819.0,9.269999980926514
8033,11-33-610-05751-803523,803523,59523.0,7.510000228881836
8035,11-33-610-05753-803538,803542,482685.0,128.34999895095825
8036,11-33-610-05753-803539,803542,482685.0,128.34999895095825
8037,11-33-610-05753-803541,803542,482685.0,128.34999895095825
8038,11-33-610-05753-803542,803542,482685.0,128.34999895095825
8039,11-33-610-05753-803543,803542,482685.0,128.34999895095825
8040,11-33-610-05753-803544,803542,482685.0,128.34999895095825
8041,11-33-611-05756-803564,803564,88430.0,30.670000076293945
8042,11-33-612-05760-803576,803576,70467.0,6.630000114440918
8043,11-33-612-05764-635412,803589,232954.0,28.110000610351562
8044,11-33-612-05764-803589,803589,232954.0,28.110000610351562
8045,11-33-613-05769-635567,803607,212280.0,47.369300365448
8046,11-33-613-05769-635583,803607,212280.0,47.369300365448
8047,11-33-613-05769-803606,803607,212280.0,47.369300365448
8048,11-33-613-05769-803607,803607,212280.0,47.369300365448
8049,11-33-613-05769-803609,803607,212280.0,47.369300365448
8050,11-33-614-05776-635871,803631,892353.0,174.98989403247833
8051,11-33-614-05776-635872,803631,892353.0,174.98989403247833
8052,11-33-614-05776-635874,803631,892353.0,174.98989403247833
8053,11-33-614-05776-803624,803631,892353.0,174.98989403247833
8055,11-33-614-05778-635993,803631,892353.0,174.98989403247833
8056,11-33-614-05779-636014,803631,892353.0,174.98989403247833
8057,11-33-614-05779-803631,803631,892353.0,174.98989403247833
8061,11-33-617-05788-803649,803649,60323.0,18.030000686645508
8063,11-33-617-05789-636682,803650,204887.0,33.880000591278076
8064,11-33-617-05789-636684,803650,204887.0,33.880000591278076
8065,11-33-617-05789-803650,803650,204887.0,33.880000591278076
8066,11-33-617-05790-636696,636738,119014.0,174.62310552597046
8067,11-33-617-05790-636738,636738,119014.0,174.62310552597046
8069,11-33-617-05791-803657,803657,62153.0,4.820000171661377
8070,11-33-617-05793-637126,636738,119014.0,174.62310552597046
8071,11-33-617-05793-637127,636738,119014.0,174.62310552597046
8072,11-33-617-05793-637166,636738,119014.0,174.62310552597046
8073,11-33-617-05793-803663,636738,119014.0,174.62310552597046
8074,11-33-617-05793-803664,803664,73585.0,25.56999969482422
8078,11-33-618-05796-637491,803670,94860.0,20.296500205993652
8079,11-33-618-05796-637492,803670,94860.0,20.296500205993652
8080,11-33-618-05796-803670,803670,94860.0,20.296500205993652
8081,11-33-618-05799-803674,803674,105139.0,21.359699249267578
8083,11-33-619-05806-803684,803684,58301.0,10.470000267028809
8084,11-33-619-05808-803687,803687,66999.0,11.550000190734863
8085,11-33-620-05811-803697,803697,140156.0,12.579999923706055
8087,11-33-620-05814-638800,803707,250351.0,54.13230085372925
8088,11-33-620-05814-638847,803707,250351.0,54.13230085372925
8089,11-33-620-05814-803707,803707,250351.0,54.13230085372925
8090,11-33-620-05816-803711,803711,73135.0,21.829999923706055
8091,11-33-621-05821-803718,803718,117630.0,12.949999809265137
8092,11-33-622-05830-803733,803733,106714.0,13.75
8093,11-33-622-05831-803734,803734,51865.0,12.420000076293945
8095,11-33-623-05836-640628,803754,1393189.0,125.0936992764473
8096,11-33-623-05836-640636,803754,1393189.0,125.0936992764473
8097,11-33-623-05836-640651,803754,1393189.0,125.0936992764473
8098,11-33-623-05836-640708,803754,1393189.0,125.0936992764473
8099,11-33-623-05836-640711,803754,1393189.0,125.0936992764473
8100,11-33-623-05836-640713,803754,1393189.0,125.0936992764473
8101,11-33-623-05836-803742,803754,1393189.0,125.0936992764473
8102,11-33-623-05836-803744,803754,1393189.0,125.0936992764473
8103,11-33-623-05840-640938,803753,59383.0,20.865399658679962
8104,11-33-623-05840-640939,803753,59383.0,20.865399658679962
8105,11-33-623-05840-640940,803753,59383.0,20.865399658679962
8106,11-33-623-05840-803753,803753,59383.0,20.865399658679962
8107,11-33-623-05841-641016,803754,1393189.0,125.0936992764473
8108,11-33-623-05841-641066,803754,1393189.0,125.0936992764473
8109,11-33-623-05841-803754,803754,1393189.0,125.0936992764473
8110,11-33-623-05841-803755,803754,1393189.0,125.0936992764473
8111,11-33-623-05841-803756,803754,1393189.0,125.0936992764473
8112,11-33-623-05841-803757,803754,1393189.0,125.0936992764473
8113,11-33-624-05842-803760,803760,75675.0,7.230000019073486
8114,11-33-624-05844-803769,803769,94453.0,22.229999542236328
8115,11-33-624-05845-803783,803783,68090.0,6.579999923706055
8116,11-33-625-05847-803787,803787,130442.0,11.359999656677246
8117,11-33-625-05848-803794,803794,75396.0,5.71999979019165
8118,11-33-625-05849-641314,803797,143262.0,23.139999866485596
8119,11-33-625-05849-803796,803797,143262.0,23.139999866485596
8120,11-33-625-05849-803797,803797,143262.0,23.139999866485596
8121,11-33-625-05850-803798,803798,72296.0,6.639999866485596
8122,11-33-625-05853-803801,803801,87722.0,14.960000038146973
8123,11-33-626-05856-803805,803805,95579.0,13.0
8124,11-33-626-05860-803810,803810,61440.0,6.329999923706055
8125,11-33-627-05862-803814,803814,95057.0,12.579999923706055
8126,11-33-627-05866-642454,803821,330346.0,67.63569951057434
8127,11-33-627-05866-642477,803821,330346.0,67.63569951057434
8128,11-33-627-05866-642478,803821,330346.0,67.63569951057434
8129,11-33-627-05866-803821,803821,330346.0,67.63569951057434
8130,11-33-628-05870-803839,803839,66034.0,55.15999984741211
8131,11-33-628-05871-803841,803841,57277.0,12.369999885559082
8132,11-33-628-05873-803843,803843,90364.0,52.25
8133,11-33-628-05873-803846,803846,70545.0,26.1299991607666
8134,11-33-628-05876-803860,803860,473637.0,108.6500015258789
8136,11-33-629-05884-643187,803927,234732.0,29.43000054359436
8137,11-33-629-05884-803927,803927,234732.0,29.43000054359436
8139,11-33-630-05888-643586,803948,70816.0,19.325900077819824
8140,11-33-630-05888-803948,803948,70816.0,19.325900077819824
8141,11-33-631-05890-643759,803162,9872784.0,2518.985194452107
8142,11-33-631-05890-643762,803162,9872784.0,2518.985194452107
8143,11-33-631-05890-643763,803162,9872784.0,2518.985194452107
8144,11-33-631-05890-643775,803162,9872784.0,2518.985194452107
8145,11-33-631-05890-643784,803162,9872784.0,2518.985194452107
8146,11-33-631-05890-643792,803162,9872784.0,2518.985194452107
8147,11-33-631-05890-643793,803162,9872784.0,2518.985194452107
8149,11-33-631-05890-643848,803162,9872784.0,2518.985194452107
8150,11-33-631-05890-643849,803162,9872784.0,2518.985194452107
8151,11-33-631-05890-643850,803162,9872784.0,2518.985194452107
8152,11-33-631-05890-803951,803162,9872784.0,2518.985194452107
8153,11-33-631-05890-803952,803162,9872784.0,2518.985194452107
8156,11-33-631-05891-803954,803954,71323.0,11.5
8158,11-33-632-05895-803961,803961,69213.0,7.199999809265137
8159,11-33-632-05896-644374,803984,1620647.0,312.1145968437195
8160,11-33-632-05896-644401,803984,1620647.0,312.1145968437195
8161,11-33-632-05896-644404,803984,1620647.0,312.1145968437195
8162,11-33-632-05896-803965,803984,1620647.0,312.1145968437195
8163,11-33-632-05897-644436,803984,1620647.0,312.1145968437195
8164,11-33-632-05897-644442,803984,1620647.0,312.1145968437195
8165,11-33-632-05897-644443,803984,1620647.0,312.1145968437195
8166,11-33-632-05897-644445,803984,1620647.0,312.1145968437195
8167,11-33-632-05897-644446,803984,1620647.0,312.1145968437195
8168,11-33-632-05897-803976,803984,1620647.0,312.1145968437195
8169,11-33-632-05897-803977,803984,1620647.0,312.1145968437195
8170,11-33-632-05897-803978,803984,1620647.0,312.1145968437195
8171,11-33-632-05897-803979,803984,1620647.0,312.1145968437195
8172,11-33-632-05897-803980,803984,1620647.0,312.1145968437195
8173,11-33-632-05897-803981,803984,1620647.0,312.1145968437195
8174,11-33-632-05898-803984,803984,1620647.0,312.1145968437195
8175,11-33-632-05898-803989,803984,1620647.0,312.1145968437195
8176,11-33-632-05898-803990,803984,1620647.0,312.1145968437195
8177,11-33-632-05899-804002,804002,90180.0,13.869999885559082
8178,11-33-632-05900-804010,804010,70859.0,669.6400146484375
8179,11-33-633-05902-804018,804018,56007.0,7.019999980926514
8180,11-33-633-05904-644791,804026,863412.0,159.6900006532669
8181,11-33-633-05904-644792,804026,863412.0,159.6900006532669
8182,11-33-633-05904-644793,804026,863412.0,159.6900006532669
8183,11-33-633-05904-644794,804026,863412.0,159.6900006532669
8184,11-33-633-05904-644796,804026,863412.0,159.6900006532669
8185,11-33-633-05904-644798,804026,863412.0,159.6900006532669
8186,11-33-633-05904-644800,804026,863412.0,159.6900006532669
8187,11-33-633-05904-804024,804026,863412.0,159.6900006532669
8188,11-33-633-05904-804025,804026,863412.0,159.6900006532669
8189,11-33-633-05904-804026,804026,863412.0,159.6900006532669
8190,11-33-633-05906-804029,804029,61133.0,7.409999847412109
8191,11-34-634-05908-804035,804035,55626.0,30.0
8192,11-34-635-05909-804036,804037,577352.0,63.00000190734863
8193,11-34-635-05910-804037,804037,577352.0,63.00000190734863
8197,11-34-635-05911-804038,804037,577352.0,63.00000190734863
8198,11-34-637-05914-644994,803674,105139.0,21.359699249267578
8199,11-34-637-05914-804040,804040,86838.0,35.20000076293945
8200,11-35-640-05923-804041,804041,108058.0,17.90999984741211
